-29.912660598754883	(8, 12, 2)	[-0.34876656992437227, 0.41378807834909814, 0.0009764190686087915, 0.01656911115396209, -0.6368048246079911, -0.6748948858051094, -0.5711754063874284, 0.3425943569401435, 0.023676939850278078, 0.798136143782354, 0.21951764452340106, -0.11995518375035497, -0.5792867815996532, -0.20410250932753726, 0.22370375119742336, 0.6937088161320477, -0.5284548315799344, 0.1501130423713366, 0.5304528188978579, 0.3302716398883643, -0.4764966494983496, -0.962226561592963, 0.6832259193675096, -0.09119169509031244, 0.8699154017287403, 0.44907509050265193, 0.9009275591027053, 0.5948067711492093, 0.7336205032197138, 0.8577458323490768, -0.5499651562575516, 0.25777594709652796, 0.37093653050885855, 0.6448496333444322, 0.3634928854799857, -0.6965623516326742, -0.038763034366858795, 0.8813723865033571, -0.7411356616471714, 0.1758140252959235, -0.07486920403987929, 0.47205445980145866, -0.2710589716813445, -0.48909069911351555, -0.9841930810437518, -0.3764612880452203, -0.9928508797254061, 0.3416793328265457, -0.4924454098134048, 0.26634982638328975, -0.1981399053826025, -0.0750448518997382, 0.03145347150755229, -0.636455293399893, 0.5692992875535616, -0.4200959946059344, 0.24082323629478664, -0.43869449801829274, 0.36288817762076486, -0.5121801888180029, -0.63039334783214, -0.08065681367253674, -0.7571961991910512, 0.4650193339577875, 0.7250131697182081, -0.9949357220045394, 0.46705927630277366, 0.7170130251555777, 0.6669249728709348, 0.012178761530549531, 0.23605220596329235, -0.4320542907683478, -0.5784360360981828, 0.5252865357677206, -0.6726561335447045, -0.11801735587765427, -0.5273443142821157, -0.0977536136714694, -0.575369980848508, -0.7313244035720505, -0.1215658519476035, 0.9357935214270716, 0.27194843698069215, 0.8448027408111478, 0.7538889449326844, 0.5446670894925922, -0.9637807508941612, 0.8767134505190803, -0.5967879937908627, 0.7882981642194788, -0.21489152501474473, 0.320630562649024, -0.9000788773764241, 0.5999748066410058, -0.6213435903690161, -0.1674743074103231, 0.967106789688599, 0.7316991132966406, -0.8298653998627232, -0.9985409282962976, 0.9480283798338649, 0.46739357317637276, -0.836952247388117, 0.22999257583613586, -0.7179832244569246, -0.09166580480694231, 0.3961094345125955, 0.4811706016053905, 0.68310912205147, 0.3300107765321405, 0.3537727282542913, 0.4227464890092163, -0.20999819234386607, -0.6829422756592158, -0.8979301859291293, 0.27113222189550945, 0.21779580037801494, 0.9481054533455047, -0.3730314368583789, -0.5252304768670024]
-37.42180252075195	(8, 12, 2)	[0.510649143460655, -0.9297084361435808, 0.976571918458248, -0.6545871057411126, -0.917695483988987, 0.7827682520519572, 0.1077037004467476, 0.33359901164653416, -0.7138479127127029, -0.09416236606467532, -0.2974095113665791, -0.16889790603469512, 0.7365879225321859, 0.38858200027991185, 0.46035773892536525, -0.8360271212587633, 0.7362119159354283, -0.9700074738433917, -0.9288087508852909, -0.8392631287630334, -0.3318686208087218, -0.9515819857965915, 0.8509779055765436, 0.3486582922678525, 0.1245750439456963, -0.3128234325460897, 0.2542964882067411, 0.6636251886421516, -0.8893781482344374, -0.9920431836079393, -0.40635505484864676, 0.32210994487157585, -0.9571395958954843, 0.4442894525075405, -0.77550215273125, 0.8175060685859594, 0.5327442579874975, 0.20663326398647497, -0.24708967776204238, 0.8707940341088465, -0.6051885087463786, -0.7802160762522787, 0.3002601710359094, -0.5969158768981515, -0.24212583419147404, 0.8593453573205276, 0.7375231000583846, -0.8155744126380979, -0.032157347200944875, 0.9133695562318502, -0.8477758377348088, -0.598844856853858, -0.6880118151859367, 0.4814484858348158, 0.9795596997756, 0.8029240447996402, 0.2820626740132943, 0.11200398885624674, 0.023846579463198125, -0.612125813524067, 0.7369232129089123, -0.220772782894759, 0.3743959630696294, 0.8753710529397791, -0.23950206151229203, 0.6407515907071473, -0.3485791617186942, -0.18421729180406898, -0.37835051799892816, -0.75851949722919, -0.7005400973202005, -0.6712839283518688, 0.8050689443224799, -0.5302069956303568, 0.19334315414173253, 0.6674385911603691, -0.5881936946364419, -0.15709239282917897, -0.7266119544504981, 0.422327747827395, -0.8015575474610666, 0.20001543534225297, 0.17031198785623913, -0.8194606731684737, -0.250066545624261, 0.22036857292793588, -0.7048388194778659, 0.7414953265770095, -0.5779632292621053, -0.2055034571572678, -0.8026190195314811, 0.44879405117450455, 0.5672060496815459, 0.9137611443950919, -0.4102679215412659, 0.22196760753193212, 0.5737702941652929, 0.46960865879901115, 0.1963057880547534, -0.8500095313607288, -0.2875000933273977, -0.41220419813785303, 0.7815251572955384, 0.797067274373324, 0.006940838776594793, -0.4065521201185758, -0.31986490384236754, 0.128863470029706, -0.10194346526242981, 0.051545270499611995, 0.055888702302225646, 0.20912911791946298, 0.8960412491876366, -0.22520633011184676, 0.031370402466614156, -0.6135050194333254, 0.41280862725028755, -0.6753184141974495, -0.1378655727257423, 0.3219152951339359]
481.61865234375	(8, 12, 2)	[0.510649143460655, -0.9297084361435808, 0.976571918458248, -0.6545871057411126, -0.917695483988987, 0.7827682520519572, 0.1077037004467476, 0.33359901164653416, -0.7138479127127029, -0.09416236606467532, -0.2974095113665791, -0.16889790603469512, 0.7365879225321859, 0.38858200027991185, 0.46035773892536525, -0.8360271212587633, 0.7362119159354283, -0.9700074738433917, -0.9288087508852909, -0.8392631287630334, -0.3318686208087218, -0.9515819857965915, 0.8509779055765436, 0.3486582922678525, 0.1245750439456963, -0.3128234325460897, 0.2542964882067411, 0.6636251886421516, -0.8893781482344374, -0.9920431836079393, -0.40635505484864676, 0.32210994487157585, -0.9571395958954843, 0.4442894525075405, -0.77550215273125, 0.8175060685859594, 0.5327442579874975, 0.20663326398647497, -0.24708967776204238, 0.8707940341088465, -0.6051885087463786, -0.7802160762522787, 0.3002601710359094, -0.5969158768981515, -0.24212583419147404, 0.8593453573205276, 0.7375231000583846, -0.8155744126380979, -0.032157347200944875, 0.9133695562318502, -0.8477758377348088, -0.598844856853858, -0.6880118151859367, 0.4814484858348158, 0.9795596997756, 0.8029240447996402, 0.2820626740132943, 0.11200398885624674, 0.023846579463198125, -0.612125813524067, 0.7369232129089123, -0.220772782894759, 0.3743959630696294, 0.8753710529397791, -0.23950206151229203, 0.6407515907071473, -0.3485791617186942, -0.18421729180406898, -0.37835051799892816, -0.75851949722919, -0.7005400973202005, -0.6712839283518688, 0.8050689443224799, -0.5302069956303568, 0.19334315414173253, 0.6674385911603691, -0.5881936946364419, -0.15709239282917897, -0.7266119544504981, 0.422327747827395, -0.8015575474610666, 0.20001543534225297, 0.17031198785623913, -0.8194606731684737, -0.250066545624261, 0.22036857292793588, -0.7048388194778659, 0.7414953265770095, -0.5779632292621053, -0.2055034571572678, -0.8026190195314811, 0.44879405117450455, 0.5672060496815459, 0.9137611443950919, -0.4102679215412659, 0.22196760753193212, 0.5737702941652929, 0.46960865879901115, 0.1963057880547534, -0.8500095313607288, -0.2875000933273977, 0.46739357317637276, -0.836952247388117, 0.22999257583613586, -0.7179832244569246, -0.4065521201185758, -0.31986490384236754, 0.128863470029706, -0.10194346526242981, 0.051545270499611995, 0.055888702302225646, 0.20912911791946298, 0.8960412491876366, -0.22520633011184676, 0.031370402466614156, -0.6135050194333254, 0.41280862725028755, -0.6753184141974495, -0.1378655727257423, 0.3219152951339359]
466.14483642578125	(8, 12, 2)	[0.510649143460655, -0.9297084361435808, 0.976571918458248, -0.6545871057411126, -0.917695483988987, 0.7827682520519572, 0.1077037004467476, 0.33359901164653416, -0.7138479127127029, -0.09416236606467532, -0.2974095113665791, -0.16889790603469512, 0.7365879225321859, 0.38858200027991185, 0.46035773892536525, -0.8360271212587633, 0.7362119159354283, -0.9700074738433917, -0.9288087508852909, -0.8392631287630334, -0.3318686208087218, -0.9515819857965915, 0.8509779055765436, 0.3486582922678525, 0.1245750439456963, -0.3128234325460897, 0.2542964882067411, 0.6636251886421516, -0.8893781482344374, -0.9920431836079393, -0.40635505484864676, 0.32210994487157585, -0.9571395958954843, 0.4442894525075405, -0.77550215273125, 0.8175060685859594, 0.5327442579874975, 0.20663326398647497, -0.24708967776204238, 0.8707940341088465, -0.6051885087463786, -0.7802160762522787, 0.3002601710359094, -0.5969158768981515, -0.24212583419147404, 0.8593453573205276, 0.7375231000583846, -0.7175860417104052, -0.032157347200944875, 0.9133695562318502, -0.8477758377348088, -0.598844856853858, -0.6880118151859367, 0.4814484858348158, 0.9795596997756, 0.8029240447996402, 0.2820626740132943, 0.11200398885624674, 0.023846579463198125, -0.612125813524067, 0.7369232129089123, -0.220772782894759, 0.3743959630696294, 0.8753710529397791, -0.23950206151229203, 0.6407515907071473, -0.3485791617186942, -0.18421729180406898, -0.37835051799892816, -0.75851949722919, -0.7005400973202005, -0.6712839283518688, 0.8050689443224799, -0.5302069956303568, 0.19334315414173253, 0.8942697677234186, -0.5881936946364419, -0.15709239282917897, -0.7266119544504981, 0.422327747827395, -0.8015575474610666, 0.20001543534225297, 0.17031198785623913, -0.8194606731684737, -0.250066545624261, 0.22036857292793588, -0.7048388194778659, 0.7414953265770095, -0.5779632292621053, -0.2055034571572678, -0.8026190195314811, 0.44879405117450455, 0.5672060496815459, 0.9137611443950919, -0.4102679215412659, 0.22196760753193212, 0.5737702941652929, 0.46960865879901115, 0.1963057880547534, -0.8500095313607288, -0.2875000933273977, -0.41220419813785303, 0.7815251572955384, 0.797067274373324, 0.006940838776594793, -0.4065521201185758, -0.31986490384236754, 0.128863470029706, -0.10194346526242981, 0.051545270499611995, 0.055888702302225646, 0.20912911791946298, 0.8960412491876366, -0.22520633011184676, 0.031370402466614156, -0.6135050194333254, 0.41280862725028755, -0.6753184141974495, -0.1378655727257423, 0.3219152951339359]
481.018310546875	(8, 12, 2)	[0.510649143460655, -0.9297084361435808, 0.976571918458248, -0.6545871057411126, -0.917695483988987, 0.7827682520519572, 0.1077037004467476, 0.33359901164653416, -0.7138479127127029, -0.09416236606467532, -0.2974095113665791, -0.16889790603469512, 0.7365879225321859, 0.38858200027991185, 0.46035773892536525, -0.8360271212587633, 0.7362119159354283, -0.9700074738433917, -0.9288087508852909, -0.8392631287630334, -0.3318686208087218, -0.9515819857965915, 0.8509779055765436, 0.3486582922678525, 0.1245750439456963, -0.3128234325460897, 0.2542964882067411, 0.6636251886421516, -0.8893781482344374, -0.9920431836079393, -0.40635505484864676, 0.32210994487157585, -0.9571395958954843, 0.4442894525075405, -0.77550215273125, 0.8175060685859594, 0.5327442579874975, 0.20663326398647497, -0.24708967776204238, 0.8707940341088465, -0.6051885087463786, -0.7802160762522787, 0.3002601710359094, -0.5969158768981515, -0.24212583419147404, 0.8593453573205276, 0.7375231000583846, -0.8155744126380979, -0.032157347200944875, 0.9133695562318502, -0.8477758377348088, -0.598844856853858, -0.6880118151859367, 0.4814484858348158, 0.9795596997756, 0.8029240447996402, 0.2820626740132943, 0.11200398885624674, 0.023846579463198125, -0.612125813524067, 0.7369232129089123, -0.220772782894759, 0.3743959630696294, 0.8753710529397791, -0.23950206151229203, 0.6407515907071473, -0.3485791617186942, -0.18421729180406898, -0.37835051799892816, -0.75851949722919, -0.7005400973202005, -0.6712839283518688, 0.8050689443224799, -0.5302069956303568, 0.19334315414173253, 0.6674385911603691, -0.5881936946364419, -0.15709239282917897, -0.7266119544504981, 0.6632482798227199, -0.8015575474610666, 0.20001543534225297, 0.17031198785623913, -0.8194606731684737, -0.250066545624261, 0.22036857292793588, -0.7048388194778659, 0.7414953265770095, -0.5779632292621053, -0.2055034571572678, -0.8026190195314811, 0.44879405117450455, 0.5672060496815459, 0.9137611443950919, -0.6611246157836415, 0.22196760753193212, 0.5737702941652929, 0.46960865879901115, -0.8298653998627232, -0.9985409282962976, 0.9480283798338649, 0.46739357317637276, -0.836952247388117, 0.22999257583613586, -0.7179832244569246, -0.09166580480694231, 0.3961094345125955, 0.4811706016053905, 0.68310912205147, 0.051545270499611995, 0.055888702302225646, 0.20912911791946298, 0.8960412491876366, -0.22520633011184676, 0.031370402466614156, -0.6135050194333254, 0.41280862725028755, -0.8203830824344558, 0.10594363382783215, 0.3219152951339359]
479.7218933105469	(8, 12, 2)	[0.510649143460655, -0.9297084361435808, 0.976571918458248, -0.6545871057411126, -0.917695483988987, 0.7827682520519572, 0.1077037004467476, 0.33359901164653416, -0.7138479127127029, -0.09416236606467532, -0.2974095113665791, -0.16889790603469512, 0.7365879225321859, 0.38858200027991185, 0.46035773892536525, -0.8360271212587633, 0.7362119159354283, -0.9700074738433917, -0.9288087508852909, -0.8392631287630334, -0.3318686208087218, -0.9515819857965915, 0.8509779055765436, 0.3486582922678525, 0.1245750439456963, -0.3128234325460897, 0.2542964882067411, 0.6636251886421516, -0.8893781482344374, -0.9920431836079393, -0.40635505484864676, 0.32210994487157585, -0.9571395958954843, 0.4442894525075405, -0.77550215273125, 0.8175060685859594, 0.5327442579874975, 0.20663326398647497, -0.24708967776204238, 0.8707940341088465, -0.6051885087463786, -0.7802160762522787, 0.3002601710359094, -0.5969158768981515, -0.24212583419147404, 0.8593453573205276, 0.7375231000583846, -0.8155744126380979, -0.032157347200944875, 0.9907639716906473, -0.8477758377348088, -0.598844856853858, -0.6880118151859367, 0.4814484858348158, 0.9795596997756, 0.8029240447996402, 0.2820626740132943, 0.11200398885624674, 0.023846579463198125, -0.612125813524067, 0.7369232129089123, -0.220772782894759, 0.3743959630696294, 0.8753710529397791, -0.23950206151229203, 0.6407515907071473, -0.3485791617186942, -0.18421729180406898, -0.37835051799892816, -0.75851949722919, -0.7005400973202005, -0.7637719685545117, 0.8050689443224799, -0.5302069956303568, 0.19334315414173253, 0.6674385911603691, -0.5881936946364419, -0.15709239282917897, -0.7266119544504981, 0.422327747827395, -0.8015575474610666, 0.20001543534225297, 0.17031198785623913, -0.8194606731684737, -0.250066545624261, 0.22036857292793588, -0.7048388194778659, 0.7414953265770095, -0.5779632292621053, -0.2055034571572678, -0.8026190195314811, 0.44879405117450455, 0.5672060496815459, 0.9137611443950919, -0.6611246157836415, 0.22196760753193212, 0.5737702941652929, 0.46960865879901115, -0.8298653998627232, -0.8500095313607288, -0.2875000933273977, -0.41220419813785303, 0.7815251572955384, 0.797067274373324, 0.006940838776594793, -0.4065521201185758, -0.31986490384236754, 0.128863470029706, -0.10194346526242981, 0.051545270499611995, 0.055888702302225646, 0.20912911791946298, 0.8960412491876366, -0.22520633011184676, -0.7356760208101993, -0.8152001880378712, -0.11536021781834616, -0.20647309810892667, 0.9637744209448571, 0.3219152951339359]
490.3646545410156	(8, 12, 2)	[0.2794767548651217, -0.9297084361435808, 0.976571918458248, -0.6545871057411126, -0.917695483988987, 0.7827682520519572, 0.1077037004467476, 0.33359901164653416, -0.7138479127127029, -0.09416236606467532, -0.2974095113665791, -0.16889790603469512, 0.7365879225321859, 0.38858200027991185, 0.46035773892536525, -0.8360271212587633, 0.7362119159354283, -0.9700074738433917, -0.9288087508852909, -0.8392631287630334, -0.3318686208087218, -0.9515819857965915, 0.8509779055765436, 0.3486582922678525, 0.1245750439456963, -0.3128234325460897, 0.2542964882067411, 0.6636251886421516, -0.8893781482344374, -0.9920431836079393, -0.40635505484864676, 0.32210994487157585, -0.9571395958954843, 0.4442894525075405, -0.77550215273125, 0.9321947336923755, 0.9990597928608285, -0.3432787666649447, -0.8428725063243465, 0.7593837984154931, -0.7399591285101107, -0.7802160762522787, 0.3002601710359094, -0.5969158768981515, -0.24212583419147404, 0.8593453573205276, 0.7375231000583846, -0.8155744126380979, -0.032157347200944875, 0.9133695562318502, -0.8477758377348088, -0.598844856853858, -0.6880118151859367, 0.4814484858348158, 0.9795596997756, 0.8029240447996402, 0.2820626740132943, -0.23519169595670503, 0.05316719312406756, -0.612125813524067, 0.7369232129089123, -0.220772782894759, 0.3743959630696294, 0.8753710529397791, -0.23950206151229203, 0.6407515907071473, -0.3485791617186942, -0.18421729180406898, -0.37835051799892816, -0.75851949722919, -0.7005400973202005, -0.6712839283518688, 0.8050689443224799, -0.5302069956303568, -0.016232989237062345, 0.6674385911603691, -0.5881936946364419, -0.15709239282917897, -0.7266119544504981, 0.422327747827395, -0.8015575474610666, 0.20001543534225297, 0.17031198785623913, -0.8194606731684737, -0.250066545624261, 0.23700139064148662, -0.7048388194778659, 0.7414953265770095, -0.5779632292621053, -0.2055034571572678, -0.8026190195314811, 0.44879405117450455, 0.5672060496815459, 0.9137611443950919, -0.4102679215412659, 0.22196760753193212, 0.5737702941652929, 0.46960865879901115, 0.1963057880547534, -0.8500095313607288, -0.2875000933273977, -0.41220419813785303, 0.7815251572955384, 0.797067274373324, 0.006940838776594793, -0.4065521201185758, -0.31986490384236754, 0.128863470029706, -0.10194346526242981, 0.051545270499611995, 0.055888702302225646, 0.20912911791946298, 0.8960412491876366, -0.22520633011184676, -0.24549656882005993, -0.5621889834150089, 0.41280862725028755, -0.6753184141974495, -0.1378655727257423, 0.3219152951339359]
469.4312744140625	(8, 12, 2)	[0.510649143460655, -0.9297084361435808, 0.976571918458248, -0.6545871057411126, -0.917695483988987, 0.7827682520519572, 0.1077037004467476, 0.33359901164653416, -0.7138479127127029, -0.09416236606467532, -0.2974095113665791, -0.16889790603469512, 0.7365879225321859, 0.38858200027991185, 0.46035773892536525, -0.8360271212587633, 0.7362119159354283, -0.9700074738433917, -0.9288087508852909, -0.8392631287630334, -0.3318686208087218, -0.9515819857965915, 0.8509779055765436, 0.3486582922678525, 0.1245750439456963, -0.3128234325460897, 0.2542964882067411, 0.6636251886421516, -0.8893781482344374, -0.9920431836079393, -0.40635505484864676, 0.32210994487157585, -0.9571395958954843, 0.4442894525075405, -0.77550215273125, 0.8175060685859594, 0.5327442579874975, 0.20663326398647497, -0.24708967776204238, 0.8707940341088465, -0.6051885087463786, -0.7802160762522787, 0.3002601710359094, -0.5969158768981515, -0.24212583419147404, 0.8593453573205276, 0.7375231000583846, -0.8155744126380979, -0.032157347200944875, 0.9133695562318502, -0.8477758377348088, -0.598844856853858, -0.6880118151859367, 0.4814484858348158, 0.9795596997756, 0.8029240447996402, 0.2820626740132943, 0.11200398885624674, 0.023846579463198125, -0.612125813524067, 0.7369232129089123, -0.220772782894759, 0.3743959630696294, 0.8753710529397791, -0.23950206151229203, 0.6407515907071473, -0.3485791617186942, -0.18421729180406898, -0.37835051799892816, -0.75851949722919, -0.7005400973202005, -0.6712839283518688, 0.8050689443224799, -0.5302069956303568, 0.19334315414173253, 0.6674385911603691, -0.5881936946364419, -0.15709239282917897, -0.7266119544504981, 0.6632482798227199, -0.8015575474610666, 0.20001543534225297, 0.17031198785623913, -0.8194606731684737, -0.250066545624261, 0.22036857292793588, -0.7048388194778659, 0.7414953265770095, -0.5779632292621053, -0.2055034571572678, -0.8026190195314811, 0.44879405117450455, 0.5672060496815459, 0.9137611443950919, -0.6611246157836415, 0.22196760753193212, 0.5737702941652929, 0.46960865879901115, -0.8298653998627232, -0.9985409282962976, 0.9480283798338649, 0.46739357317637276, -0.836952247388117, 0.797067274373324, 0.006940838776594793, -0.4065521201185758, -0.31986490384236754, 0.128863470029706, -0.10194346526242981, 0.051545270499611995, 0.055888702302225646, 0.20912911791946298, 0.8960412491876366, -0.22520633011184676, -0.7356760208101993, -0.8152001880378712, -0.11536021781834616, -0.20647309810892667, 0.9637744209448571, 0.3219152951339359]
-3.069247245788574	(8, 12, 2)	[0.510649143460655, -0.9297084361435808, 0.976571918458248, -0.6545871057411126, -0.917695483988987, 0.7827682520519572, 0.1077037004467476, 0.33359901164653416, -0.7201236084953931, -0.09416236606467532, -0.2974095113665791, -0.16889790603469512, 0.7365879225321859, 0.38858200027991185, 0.46035773892536525, -0.8360271212587633, 0.7362119159354283, -0.9700074738433917, -0.9288087508852909, -0.8392631287630334, -0.3318686208087218, -0.9515819857965915, 0.8509779055765436, 0.3486582922678525, 0.1245750439456963, -0.3128234325460897, 0.2542964882067411, 0.6636251886421516, -0.8893781482344374, -0.9920431836079393, -0.40635505484864676, 0.32210994487157585, -0.9571395958954843, 0.4442894525075405, -0.77550215273125, 0.8175060685859594, 0.5327442579874975, 0.20663326398647497, -0.24708967776204238, 0.7593837984154931, -0.6051885087463786, -0.7802160762522787, 0.3002601710359094, -0.5969158768981515, -0.24212583419147404, 0.8593453573205276, 0.7375231000583846, -0.8155744126380979, -0.032157347200944875, 0.9133695562318502, -0.8477758377348088, -0.598844856853858, -0.6880118151859367, 0.4814484858348158, 0.9795596997756, 0.8029240447996402, 0.2820626740132943, -0.23519169595670503, 0.05316719312406756, -0.612125813524067, 0.7369232129089123, -0.220772782894759, 0.3743959630696294, 0.46144784319475834, -0.23950206151229203, 0.6407515907071473, -0.3485791617186942, -0.18421729180406898, -0.37835051799892816, -0.75851949722919, -0.7005400973202005, -0.6712839283518688, 0.8050689443224799, -0.5302069956303568, 0.19334315414173253, 0.6674385911603691, -0.5881936946364419, -0.15709239282917897, -0.7266119544504981, 0.422327747827395, -0.8015575474610666, 0.20001543534225297, 0.17031198785623913, -0.8194606731684737, -0.250066545624261, 0.22036857292793588, -0.7048388194778659, 0.7414953265770095, -0.5779632292621053, -0.2055034571572678, -0.8026190195314811, 0.44879405117450455, 0.5672060496815459, 0.9137611443950919, -0.4102679215412659, 0.22196760753193212, 0.5737702941652929, 0.30028211714860265, 0.1963057880547534, -0.8500095313607288, -0.2875000933273977, -0.41220419813785303, 0.7815251572955384, 0.797067274373324, 0.006940838776594793, -0.4065521201185758, -0.31986490384236754, 0.128863470029706, -0.10194346526242981, 0.051545270499611995, -0.13981854251092038, 0.20912911791946298, 0.8960412491876366, -0.22520633011184676, -0.7356760208101993, -0.8152001880378712, -0.11536021781834616, -0.20647309810892667, -0.1378655727257423, 0.3219152951339359]
487.8323669433594	(8, 12, 2)	[0.510649143460655, -0.9297084361435808, 0.976571918458248, -0.6545871057411126, -0.917695483988987, 0.7827682520519572, 0.1077037004467476, 0.33359901164653416, -0.7138479127127029, -0.09416236606467532, -0.2974095113665791, -0.16889790603469512, 0.7365879225321859, 0.38858200027991185, 0.46035773892536525, -0.8360271212587633, 0.7362119159354283, -0.9700074738433917, -0.9288087508852909, -0.8392631287630334, -0.3318686208087218, -0.9515819857965915, 0.8509779055765436, 0.3486582922678525, 0.1245750439456963, -0.3128234325460897, 0.2542964882067411, 0.6636251886421516, -0.8893781482344374, -0.9920431836079393, -0.40635505484864676, 0.32210994487157585, -0.9571395958954843, 0.4442894525075405, -0.77550215273125, 0.8175060685859594, 0.5327442579874975, 0.20663326398647497, -0.24708967776204238, 0.7593837984154931, -0.6051885087463786, -0.7802160762522787, 0.3596585746273266, -0.5969158768981515, -0.24212583419147404, 0.8593453573205276, 0.7375231000583846, -0.8155744126380979, -0.032157347200944875, 0.9133695562318502, -0.8477758377348088, -0.598844856853858, -0.6880118151859367, 0.4814484858348158, 0.9795596997756, 0.8029240447996402, 0.2820626740132943, -0.23519169595670503, 0.05316719312406756, -0.612125813524067, 0.7369232129089123, -0.12087569782929652, 0.3743959630696294, 0.8753710529397791, -0.23950206151229203, 0.6407515907071473, -0.3485791617186942, -0.18421729180406898, -0.37835051799892816, -0.75851949722919, -0.7005400973202005, -0.6712839283518688, 0.5791953017176417, -0.5302069956303568, 0.19334315414173253, 0.6674385911603691, -0.5881936946364419, -0.15709239282917897, -0.7266119544504981, 0.422327747827395, -0.8015575474610666, 0.20001543534225297, 0.17031198785623913, -0.5781187844187656, -0.250066545624261, 0.22036857292793588, -0.7048388194778659, 0.7414953265770095, -0.5779632292621053, -0.2055034571572678, -0.8026190195314811, 0.44879405117450455, 0.5672060496815459, 0.9137611443950919, -0.6611246157836415, 0.22196760753193212, 0.5737702941652929, 0.46960865879901115, -0.8298653998627232, -0.9985409282962976, 0.9480283798338649, 0.46739357317637276, -0.836952247388117, 0.797067274373324, 0.006940838776594793, -0.4065521201185758, -0.31986490384236754, 0.128863470029706, -0.10194346526242981, 0.051545270499611995, 0.055888702302225646, 0.20912911791946298, 0.8960412491876366, -0.22520633011184676, -0.7356760208101993, -0.8152001880378712, -0.11536021781834616, -0.20647309810892667, 0.9637744209448571, 0.3219152951339359]
488.6189880371094	(8, 12, 2)	[0.510649143460655, -0.9297084361435808, 1, -0.6545871057411126, -0.917695483988987, 0.7827682520519572, 0.1077037004467476, 0.33359901164653416, -0.7138479127127029, -0.09416236606467532, -0.2974095113665791, -0.16889790603469512, 0.7365879225321859, 0.38858200027991185, 0.46035773892536525, -0.8360271212587633, 0.7362119159354283, -0.9700074738433917, -0.9288087508852909, -0.8392631287630334, -0.3318686208087218, -0.9515819857965915, 0.8509779055765436, 0.3486582922678525, 0.1245750439456963, -0.3128234325460897, 0.2542964882067411, 0.6636251886421516, -0.8893781482344374, -0.9920431836079393, -0.40635505484864676, 0.32210994487157585, -0.9571395958954843, 0.4442894525075405, -0.77550215273125, 0.8175060685859594, 0.5327442579874975, 0.20663326398647497, -0.24708967776204238, 0.8707940341088465, -0.6051885087463786, -0.7802160762522787, 0.3002601710359094, -0.5969158768981515, -0.24212583419147404, 0.8593453573205276, 0.7375231000583846, -0.8155744126380979, -0.032157347200944875, 0.9133695562318502, -0.8477758377348088, -0.598844856853858, -0.6880118151859367, 0.4814484858348158, 0.9795596997756, 0.8029240447996402, 0.2894107689369591, -0.23519169595670503, 0.05316719312406756, -0.612125813524067, 0.7369232129089123, -0.220772782894759, 0.3743959630696294, 0.8753710529397791, -0.23950206151229203, 0.6407515907071473, -0.3485791617186942, -0.18421729180406898, -0.37835051799892816, -0.75851949722919, -0.7005400973202005, -0.6712839283518688, 0.8050689443224799, -0.5302069956303568, 0.19334315414173253, 0.6674385911603691, -0.5881936946364419, -0.15709239282917897, -0.7266119544504981, 0.6632482798227199, -0.8015575474610666, 0.20001543534225297, 0.17031198785623913, -0.8194606731684737, -0.250066545624261, 0.22036857292793588, -0.7048388194778659, 0.7414953265770095, -0.5779632292621053, -0.2055034571572678, -0.8026190195314811, 0.44879405117450455, 0.5672060496815459, 0.9137611443950919, -0.6611246157836415, 0.22196760753193212, 0.5737702941652929, 0.46960865879901115, -0.8298653998627232, -0.9985409282962976, -0.2875000933273977, -0.41220419813785303, 0.7815251572955384, 0.797067274373324, 0.006940838776594793, -0.4065521201185758, -0.31986490384236754, 0.128863470029706, -0.10194346526242981, 0.051545270499611995, 0.055888702302225646, 0.20912911791946298, 0.8960412491876366, -0.22520633011184676, -0.7356760208101993, -0.8152001880378712, -0.11536021781834616, -0.20647309810892667, 0.9637744209448571, 0.3219152951339359]
-2.3493402004241943	(8, 12, 2)	[0.510649143460655, -0.9297084361435808, 1, -0.6545871057411126, -0.917695483988987, 0.7827682520519572, 0.1077037004467476, 0.33359901164653416, -0.7138479127127029, -0.09416236606467532, -0.5411959844729951, -0.16889790603469512, 0.7365879225321859, 0.38858200027991185, 0.46035773892536525, -0.8360271212587633, 0.7362119159354283, -0.9700074738433917, -0.9288087508852909, -0.8392631287630334, -0.3318686208087218, -0.9515819857965915, 0.8509779055765436, 0.3486582922678525, 0.1245750439456963, -0.3128234325460897, 0.2542964882067411, 0.6636251886421516, -0.8893781482344374, -0.9920431836079393, -0.40635505484864676, 0.32210994487157585, -0.9571395958954843, 0.4442894525075405, -0.77550215273125, 0.8175060685859594, 0.5327442579874975, 0.20663326398647497, -0.24708967776204238, 0.8707940341088465, -0.6051885087463786, -0.7802160762522787, 0.3002601710359094, -0.5969158768981515, -0.24212583419147404, 0.8593453573205276, 0.7375231000583846, -0.8155744126380979, -0.032157347200944875, 0.9133695562318502, -0.8477758377348088, -0.598844856853858, -0.6880118151859367, 0.4814484858348158, 0.9795596997756, 0.8029240447996402, 0.2894107689369591, -0.23519169595670503, 0.05316719312406756, -0.612125813524067, 0.7369232129089123, -0.220772782894759, 0.3743959630696294, 0.8753710529397791, -0.23950206151229203, 0.6407515907071473, -0.3485791617186942, -0.18421729180406898, -0.37835051799892816, -0.75851949722919, -0.7005400973202005, -0.6712839283518688, 0.8050689443224799, -0.5302069956303568, 0.19334315414173253, 0.6674385911603691, -0.5881936946364419, -0.15709239282917897, -0.7266119544504981, 0.6632482798227199, -0.8015575474610666, 0.20001543534225297, 0.17031198785623913, -0.8194606731684737, -0.250066545624261, 0.22036857292793588, -0.7048388194778659, 0.7414953265770095, -0.5779632292621053, -0.2055034571572678, -0.8026190195314811, 0.44879405117450455, 0.5672060496815459, 0.9137611443950919, -0.6611246157836415, 0.22196760753193212, 0.5737702941652929, 0.46960865879901115, -0.8298653998627232, -0.9985409282962976, -0.2875000933273977, -0.41220419813785303, 0.7815251572955384, 0.797067274373324, 0.006940838776594793, -0.4065521201185758, -0.31986490384236754, 0.128863470029706, -0.10194346526242981, 0.051545270499611995, 0.055888702302225646, 0.20912911791946298, 0.8960412491876366, -0.22520633011184676, -0.7356760208101993, -0.8152001880378712, -0.11536021781834616, -0.20647309810892667, 0.9637744209448571, 0.3219152951339359]
488.123291015625	(8, 12, 2)	[0.510649143460655, -0.9297084361435808, 0.976571918458248, -0.6545871057411126, -0.917695483988987, 0.7827682520519572, 0.1077037004467476, 0.33359901164653416, -0.7201236084953931, -0.09416236606467532, -0.2974095113665791, -0.16889790603469512, 0.7365879225321859, 0.38858200027991185, 0.46035773892536525, -0.8360271212587633, 0.7362119159354283, -0.9700074738433917, -0.9288087508852909, -0.8392631287630334, -0.3318686208087218, -0.9515819857965915, 0.8509779055765436, 0.3486582922678525, 0.1245750439456963, -0.3128234325460897, 0.2542964882067411, 0.6636251886421516, -0.8893781482344374, -0.9920431836079393, -0.40635505484864676, 0.32210994487157585, -0.9571395958954843, 0.4442894525075405, -0.77550215273125, 0.8175060685859594, 0.5327442579874975, 0.20663326398647497, -0.24708967776204238, 0.7593837984154931, -0.6051885087463786, -0.7802160762522787, 0.3002601710359094, -0.5969158768981515, -0.24212583419147404, 0.8593453573205276, 0.7375231000583846, -0.8155744126380979, -0.032157347200944875, 0.9133695562318502, -0.8477758377348088, -0.2830334900916851, -0.6880118151859367, 0.4814484858348158, 0.9795596997756, 0.8029240447996402, 0.2820626740132943, -0.23519169595670503, 0.05316719312406756, -0.612125813524067, 0.7369232129089123, -0.220772782894759, 0.3743959630696294, 0.46144784319475834, -0.23950206151229203, 0.6407515907071473, -0.3485791617186942, -0.18421729180406898, -0.37835051799892816, -0.75851949722919, -0.7005400973202005, -0.6712839283518688, 0.8050689443224799, -0.5302069956303568, -0.016232989237062345, 0.6674385911603691, -0.5881936946364419, -0.15709239282917897, -0.7266119544504981, 0.422327747827395, -0.8015575474610666, 0.20001543534225297, -0.1878743817727218, -0.8194606731684737, -0.250066545624261, 0.22036857292793588, -0.7048388194778659, 0.7414953265770095, -0.5779632292621053, -0.2055034571572678, -0.8026190195314811, 0.44879405117450455, 0.5672060496815459, 0.9137611443950919, -0.4102679215412659, 0.22196760753193212, 0.5737702941652929, 0.46960865879901115, 0.1963057880547534, -0.8500095313607288, -0.2875000933273977, -0.41220419813785303, 0.7815251572955384, 0.797067274373324, 0.006940838776594793, -0.4065521201185758, -0.31986490384236754, 0.128863470029706, -0.10194346526242981, 0.051545270499611995, -0.13981854251092038, 0.20912911791946298, 0.8960412491876366, -0.22520633011184676, -0.7356760208101993, -0.8152001880378712, -0.11536021781834616, -0.20647309810892667, -0.1378655727257423, 0.3219152951339359]
483.98834228515625	(8, 12, 2)	[0.510649143460655, -0.9297084361435808, 0.976571918458248, -0.6545871057411126, -0.917695483988987, 0.7827682520519572, 0.1077037004467476, 0.33359901164653416, -0.7201236084953931, -0.09416236606467532, -0.2974095113665791, -0.16889790603469512, 0.7365879225321859, 0.38858200027991185, 0.46035773892536525, -0.8360271212587633, 0.7362119159354283, -0.9700074738433917, -0.9288087508852909, -0.8392631287630334, -0.3318686208087218, -0.9515819857965915, 0.8509779055765436, 0.3486582922678525, 0.1245750439456963, -0.3128234325460897, 0.2542964882067411, 0.6636251886421516, -0.8893781482344374, -0.9920431836079393, -0.40635505484864676, 0.32210994487157585, -0.9571395958954843, 0.4442894525075405, -0.77550215273125, 0.8175060685859594, 0.5327442579874975, 0.20663326398647497, -0.24708967776204238, 0.7593837984154931, -0.6051885087463786, -0.7802160762522787, 0.3002601710359094, -0.5969158768981515, -0.24212583419147404, 0.8593453573205276, 0.7375231000583846, -0.8155744126380979, -0.032157347200944875, 0.9133695562318502, -0.8477758377348088, -0.2830334900916851, -0.6880118151859367, 0.4814484858348158, 0.9795596997756, 0.8029240447996402, 0.2820626740132943, -0.23519169595670503, 0.05316719312406756, -0.612125813524067, 0.7369232129089123, -0.220772782894759, 0.3743959630696294, 0.46144784319475834, -0.23950206151229203, 0.6407515907071473, -0.3032645406621572, -0.18421729180406898, -0.37835051799892816, -0.75851949722919, -0.7005400973202005, -0.6712839283518688, 0.8050689443224799, -0.5302069956303568, -0.016232989237062345, 0.6674385911603691, -0.5881936946364419, -0.15709239282917897, -0.7266119544504981, 0.422327747827395, -0.8015575474610666, 0.20001543534225297, -0.1878743817727218, -0.8194606731684737, -0.250066545624261, 0.22036857292793588, -0.7048388194778659, 0.7414953265770095, -0.5779632292621053, -0.2055034571572678, -0.8026190195314811, 0.44879405117450455, 0.5672060496815459, 0.9137611443950919, -0.4102679215412659, 0.22196760753193212, 0.5737702941652929, 0.46960865879901115, 0.1963057880547534, -0.8500095313607288, -0.2875000933273977, -0.41220419813785303, 0.7815251572955384, 0.797067274373324, 0.006940838776594793, -0.4065521201185758, -0.31986490384236754, 0.128863470029706, -0.10194346526242981, 0.051545270499611995, -0.13981854251092038, 0.10845059883259875, 0.8960412491876366, -0.22520633011184676, -0.7356760208101993, -0.8152001880378712, -0.11536021781834616, -0.20647309810892667, 0.9637744209448571, 0.3219152951339359]
-4.049769878387451	(8, 12, 2)	[0.510649143460655, -0.9297084361435808, 0.976571918458248, -0.6545871057411126, -0.917695483988987, 0.8695128970515913, 0.1077037004467476, 0.33359901164653416, -0.47462340098858025, -0.09416236606467532, -0.3053977649754183, -0.16889790603469512, 0.7365879225321859, 0.38858200027991185, 0.46035773892536525, -0.8360271212587633, 0.7362119159354283, -0.9700074738433917, -0.9288087508852909, -1, -0.3318686208087218, -0.9515819857965915, 0.8509779055765436, 0.3486582922678525, 0.1245750439456963, -0.3128234325460897, 0.2542964882067411, 0.6636251886421516, -0.8893781482344374, -0.9920431836079393, -0.40635505484864676, 0.32210994487157585, -0.9571395958954843, 0.4442894525075405, -1, 0.9321947336923755, 0.9990597928608285, 0.20663326398647497, -0.24708967776204238, 0.7593837984154931, -0.6051885087463786, -0.8674182210260551, 0.3002601710359094, -0.5969158768981515, -0.24212583419147404, 0.8593453573205276, 0.7375231000583846, -0.7540800678777133, -0.032157347200944875, 0.9133695562318502, -0.8477758377348088, -0.598844856853858, -0.6880118151859367, 0.4814484858348158, 1, 0.8029240447996402, 0.2820626740132943, -0.23519169595670503, 0.05316719312406756, -0.612125813524067, 0.7369232129089123, -0.220772782894759, 0.3743959630696294, 0.46144784319475834, -0.23950206151229203, 0.6407515907071473, -0.3485791617186942, -0.18421729180406898, -0.37835051799892816, -0.75851949722919, -0.7005400973202005, -0.6712839283518688, 0.8050689443224799, -0.5302069956303568, 0.19334315414173253, 0.6674385911603691, -0.5881936946364419, -0.15709239282917897, -0.7266119544504981, 0.6632482798227199, -0.8015575474610666, 0.20001543534225297, 0.17031198785623913, -0.5781187844187656, -0.250066545624261, 0.22036857292793588, -0.7048388194778659, 0.7414953265770095, -0.5779632292621053, -0.2055034571572678, -0.8026190195314811, 0.44879405117450455, 0.5672060496815459, 0.9137611443950919, -0.4102679215412659, 0.22196760753193212, 0.5737702941652929, 0.46960865879901115, 0.1963057880547534, -0.8500095313607288, -0.2875000933273977, -0.41220419813785303, 0.7815251572955384, 0.797067274373324, 0.006940838776594793, -0.4065521201185758, -0.31986490384236754, 0.128863470029706, -0.10194346526242981, 0.051545270499611995, -0.13981854251092038, 0.10845059883259875, 0.8960412491876366, -0.22520633011184676, -0.7356760208101993, -0.8152001880378712, -0.11536021781834616, -0.20647309810892667, 0.9637744209448571, 0.3219152951339359]
-0.19627068936824799	(8, 12, 2)	[0.510649143460655, -0.9297084361435808, 0.976571918458248, -0.591632208921582, -0.917695483988987, 0.779855009043298, -0.042116254566671896, 0.33359901164653416, -0.47462340098858025, -0.09416236606467532, -0.2974095113665791, -0.16889790603469512, 0.7365879225321859, 0.10700357500546853, 0.46035773892536525, -0.8360271212587633, 0.7362119159354283, -0.9700074738433917, -0.9288087508852909, -0.8392631287630334, -0.3318686208087218, -0.9515819857965915, 0.8509779055765436, 0.3486582922678525, 0.1245750439456963, -0.3128234325460897, 0.2542964882067411, 0.6636251886421516, -0.8893781482344374, -0.9920431836079393, -0.40635505484864676, 0.32210994487157585, -0.9571395958954843, 0.4442894525075405, -0.77550215273125, 0.9321947336923755, 0.9990597928608285, 0.20663326398647497, -0.24708967776204238, 0.7593837984154931, -0.6051885087463786, -0.7802160762522787, 0.3596585746273266, -0.5969158768981515, -0.24212583419147404, 0.8593453573205276, 0.7375231000583846, -0.8155744126380979, -0.032157347200944875, 0.9133695562318502, -1, -0.598844856853858, -0.6880118151859367, 0.4814484858348158, 0.9795596997756, 0.8029240447996402, 0.2894107689369591, -0.23519169595670503, 0.05316719312406756, -0.612125813524067, 0.7369232129089123, -0.220772782894759, 0.3743959630696294, 0.46144784319475834, -0.23950206151229203, 0.6407515907071473, -0.3485791617186942, -0.18421729180406898, -0.37835051799892816, -0.75851949722919, -0.7005400973202005, -0.6712839283518688, 0.8050689443224799, -0.5302069956303568, -0.016232989237062345, 0.6674385911603691, -0.5881936946364419, -0.15709239282917897, -0.7266119544504981, 0.422327747827395, -0.8015575474610666, 0.20001543534225297, -0.1878743817727218, -0.8194606731684737, -0.250066545624261, 0.22036857292793588, -0.7048388194778659, 0.7414953265770095, -0.5779632292621053, -0.2055034571572678, -0.8026190195314811, 0.44879405117450455, 0.5672060496815459, 0.9137611443950919, -0.6611246157836415, 0.22196760753193212, 0.5737702941652929, 0.430231891765384, -0.8298653998627232, -0.9985409282962976, 0.9480283798338649, 0.46739357317637276, -0.836952247388117, 0.797067274373324, 0.006940838776594793, -0.4065521201185758, -0.31986490384236754, -0.12079687279262821, -0.10194346526242981, 0.051545270499611995, 0.055888702302225646, 0.20912911791946298, 0.8960412491876366, -0.22520633011184676, -0.7356760208101993, -0.8152001880378712, -0.11536021781834616, -0.20647309810892667, 0.9637744209448571, 0.3219152951339359]
474.2315368652344	(8, 12, 2)	[0.510649143460655, -0.9297084361435808, 0.976571918458248, -0.591632208921582, -0.917695483988987, 0.779855009043298, -0.042116254566671896, 0.33359901164653416, -0.47462340098858025, -0.09416236606467532, -0.2974095113665791, -0.16889790603469512, 0.7365879225321859, 0.10700357500546853, 0.46035773892536525, -0.8360271212587633, 0.7362119159354283, -0.9700074738433917, -0.9288087508852909, -0.8392631287630334, -0.3318686208087218, -0.9515819857965915, 0.8509779055765436, 0.3486582922678525, 0.1245750439456963, -0.3128234325460897, 0.2542964882067411, 0.6636251886421516, -0.8893781482344374, -0.9920431836079393, -0.40635505484864676, 0.32210994487157585, -0.9571395958954843, 0.4442894525075405, -0.77550215273125, 0.9321947336923755, 0.9990597928608285, -0.04095540175266585, -0.24708967776204238, 0.7593837984154931, -0.6051885087463786, -0.7802160762522787, 0.3002601710359094, -0.5969158768981515, -0.24212583419147404, 0.8593453573205276, 0.7375231000583846, -0.7540800678777133, -0.032157347200944875, 0.9133695562318502, -0.8477758377348088, -0.598844856853858, -0.6880118151859367, 0.4814484858348158, 1, 0.8029240447996402, 0.2820626740132943, -0.23519169595670503, 0.05316719312406756, -0.612125813524067, 0.7369232129089123, -0.220772782894759, 0.3743959630696294, 0.46144784319475834, -0.23950206151229203, 0.6407515907071473, -0.3485791617186942, -0.18421729180406898, -0.37835051799892816, -0.75851949722919, -0.7005400973202005, -0.6712839283518688, 0.8050689443224799, -0.5302069956303568, 0.19334315414173253, 0.6674385911603691, -0.5881936946364419, 0.029047570053738675, -0.7266119544504981, 0.3895657410604622, -0.8015575474610666, 0.20001543534225297, 0.17031198785623913, -0.5781187844187656, -0.250066545624261, 0.22036857292793588, -0.7048388194778659, 0.7414953265770095, -0.5779632292621053, -0.2055034571572678, -0.8026190195314811, 0.44879405117450455, 0.5672060496815459, 0.9137611443950919, -0.6611246157836415, 0.22196760753193212, 0.5737702941652929, 0.430231891765384, -0.8298653998627232, -0.9985409282962976, 0.9480283798338649, 0.46739357317637276, -0.836952247388117, 0.797067274373324, 0.006940838776594793, -0.4065521201185758, -0.31986490384236754, -0.12079687279262821, -0.10194346526242981, 0.051545270499611995, 0.055888702302225646, 0.20912911791946298, 0.8960412491876366, -0.22520633011184676, -0.7356760208101993, -0.8152001880378712, -0.11536021781834616, -0.20647309810892667, 0.9637744209448571, 0.3219152951339359]
497.1244201660156	(8, 12, 2)	[0.510649143460655, -0.9297084361435808, 0.976571918458248, -0.591632208921582, -0.917695483988987, 0.779855009043298, -0.042116254566671896, 0.33359901164653416, -0.47462340098858025, -0.09416236606467532, -0.2974095113665791, -0.16889790603469512, 0.7365879225321859, 0.10700357500546853, 0.46035773892536525, -0.8360271212587633, 0.7362119159354283, -0.9700074738433917, -0.9288087508852909, -0.8392631287630334, -0.3318686208087218, -0.9515819857965915, 0.8509779055765436, 0.3486582922678525, 0.1245750439456963, -0.3128234325460897, 0.2542964882067411, 0.6636251886421516, -0.8893781482344374, -0.9920431836079393, -0.40635505484864676, 0.32210994487157585, -0.9571395958954843, 0.4442894525075405, -1, 0.9321947336923755, 1, 0.20663326398647497, -0.24708967776204238, 0.7593837984154931, -0.6051885087463786, -0.7802160762522787, 0.3596585746273266, -0.5969158768981515, -0.24212583419147404, 0.8593453573205276, 0.7375231000583846, -0.8155744126380979, -0.032157347200944875, 0.9133695562318502, -1, -0.598844856853858, -0.6880118151859367, 0.4814484858348158, 0.9795596997756, 0.8029240447996402, 0.2894107689369591, -0.23519169595670503, 0.05316719312406756, -0.612125813524067, 0.7369232129089123, -0.220772782894759, 0.3743959630696294, 0.46144784319475834, -0.23950206151229203, 0.6407515907071473, -0.3485791617186942, -0.18421729180406898, -0.37835051799892816, -0.75851949722919, -0.7005400973202005, -0.6712839283518688, 0.8050689443224799, -0.5302069956303568, 0.19334315414173253, 0.6674385911603691, -0.5881936946364419, 0.029047570053738675, -0.7266119544504981, 0.6632482798227199, -0.8015575474610666, 0.20001543534225297, 0.17031198785623913, -0.5781187844187656, -0.250066545624261, 0.22036857292793588, -0.7048388194778659, 0.7414953265770095, -0.5779632292621053, -0.2055034571572678, -0.8026190195314811, 0.44879405117450455, 0.5672060496815459, 0.9137611443950919, -0.6611246157836415, 0.22196760753193212, 0.5737702941652929, 0.430231891765384, -0.8298653998627232, -0.9985409282962976, 0.9480283798338649, 0.46739357317637276, -0.836952247388117, 0.797067274373324, 0.006940838776594793, -0.4065521201185758, -0.31986490384236754, -0.12079687279262821, -0.10194346526242981, 0.051545270499611995, 0.055888702302225646, 0.20912911791946298, 0.8960412491876366, -0.22520633011184676, -0.7356760208101993, -0.8152001880378712, -0.11536021781834616, -0.20647309810892667, 0.9637744209448571, 0.3219152951339359]
485.26953125	(8, 12, 2)	[0.510649143460655, -0.9297084361435808, 0.976571918458248, -0.591632208921582, -0.917695483988987, 0.779855009043298, -0.042116254566671896, 0.33359901164653416, -0.47462340098858025, -0.09416236606467532, -0.2974095113665791, -0.16889790603469512, 0.7365879225321859, 0.10700357500546853, 0.46035773892536525, -0.8360271212587633, 0.7362119159354283, -0.9700074738433917, -0.9288087508852909, -0.8392631287630334, -0.3318686208087218, -0.9515819857965915, 0.8509779055765436, 0.3486582922678525, 0.1245750439456963, -0.3128234325460897, 0.2542964882067411, 0.6636251886421516, -0.8893781482344374, -0.9920431836079393, -0.40635505484864676, 0.32210994487157585, -0.9571395958954843, 0.4442894525075405, -1, 0.9321947336923755, 1, 0.20663326398647497, -0.24708967776204238, 0.8340733009136891, -0.6051885087463786, -0.7802160762522787, 0.3596585746273266, -0.5969158768981515, -0.24212583419147404, 0.8593453573205276, 0.7375231000583846, -0.8155744126380979, -0.032157347200944875, 0.9133695562318502, -1, -0.598844856853858, -0.6880118151859367, 0.4814484858348158, 0.9795596997756, 0.8029240447996402, 0.2894107689369591, -0.23519169595670503, 0.05316719312406756, -0.612125813524067, 0.762929110875231, -0.220772782894759, 0.3743959630696294, 0.46144784319475834, -0.23950206151229203, 0.6407515907071473, -0.3485791617186942, -0.18421729180406898, -0.37835051799892816, -0.75851949722919, -0.7005400973202005, -0.6712839283518688, 0.8050689443224799, -0.5302069956303568, 0.19334315414173253, 0.6674385911603691, -0.5881936946364419, 0.029047570053738675, -0.7266119544504981, 0.6632482798227199, -0.8015575474610666, 0.20001543534225297, 0.17031198785623913, -0.5781187844187656, -0.250066545624261, 0.22036857292793588, -0.7048388194778659, 0.7414953265770095, -0.5779632292621053, -0.2055034571572678, -0.8026190195314811, 0.44879405117450455, 0.5672060496815459, 0.9137611443950919, -0.4102679215412659, 0.22196760753193212, 0.5737702941652929, 0.46960865879901115, 0.1963057880547534, -0.8500095313607288, -0.2875000933273977, -0.14886621000664207, -0.836952247388117, 0.797067274373324, 0.006940838776594793, -0.4065521201185758, -0.31986490384236754, -0.12079687279262821, -0.10194346526242981, 0.051545270499611995, 0.055888702302225646, 0.20912911791946298, 0.8960412491876366, -0.22520633011184676, -0.7356760208101993, -0.8152001880378712, -0.11536021781834616, -0.20647309810892667, 0.9637744209448571, 0.3219152951339359]
485.8080749511719	(8, 12, 2)	[0.510649143460655, -0.9297084361435808, 0.976571918458248, -0.591632208921582, -0.917695483988987, 0.779855009043298, -0.042116254566671896, 0.33359901164653416, -0.47462340098858025, -0.09416236606467532, -0.2974095113665791, -0.16889790603469512, 0.7365879225321859, 0.10700357500546853, 0.46035773892536525, -0.8360271212587633, 0.7362119159354283, -0.9700074738433917, -0.9288087508852909, -0.8392631287630334, -0.3318686208087218, -0.9515819857965915, 0.8509779055765436, 0.3486582922678525, 0.1245750439456963, -0.3128234325460897, 0.2542964882067411, 0.6636251886421516, -0.8893781482344374, -0.9920431836079393, -0.40635505484864676, 0.32210994487157585, -0.9571395958954843, 0.4442894525075405, -1, 0.9321947336923755, 1, 0.20663326398647497, -0.24708967776204238, 0.8340733009136891, -0.6051885087463786, -0.7802160762522787, 0.3596585746273266, -0.5969158768981515, -0.24212583419147404, 0.8593453573205276, 0.7375231000583846, -0.8155744126380979, -0.032157347200944875, 0.9133695562318502, -1, -0.598844856853858, -0.6880118151859367, 0.4814484858348158, 0.9795596997756, 0.8029240447996402, 0.2894107689369591, -0.23519169595670503, 0.05316719312406756, -0.612125813524067, 0.762929110875231, -0.220772782894759, 0.3743959630696294, 0.46144784319475834, -0.23950206151229203, 0.6407515907071473, -0.3485791617186942, -0.18421729180406898, -0.37835051799892816, -0.75851949722919, -0.7005400973202005, -0.6712839283518688, 0.8050689443224799, -0.5302069956303568, 0.19334315414173253, 0.6674385911603691, -0.5881936946364419, 0.029047570053738675, -0.7266119544504981, 0.6632482798227199, -0.8015575474610666, 0.20001543534225297, 0.17031198785623913, -0.5781187844187656, -0.250066545624261, 0.22036857292793588, -0.7048388194778659, 0.7414953265770095, -0.5779632292621053, -0.2055034571572678, -0.8026190195314811, 0.44879405117450455, 0.5672060496815459, 0.9137611443950919, -0.4102679215412659, 0.22196760753193212, 0.5737702941652929, 0.46960865879901115, 0.1963057880547534, -0.9985409282962976, 0.9480283798338649, 0.46739357317637276, -0.836952247388117, 0.797067274373324, 0.006940838776594793, -0.4065521201185758, 0.05182264763091654, 0.128863470029706, -0.10194346526242981, 0.051545270499611995, 0.055888702302225646, 0.10845059883259875, 0.8960412491876366, -0.22520633011184676, -0.7356760208101993, -0.8152001880378712, -0.11536021781834616, -0.20647309810892667, 0.9637744209448571, 0.3219152951339359]
460.7179870605469	(8, 12, 2)	[0.510649143460655, -0.9297084361435808, 0.976571918458248, -0.6545871057411126, -0.917695483988987, 0.7827682520519572, 0.1077037004467476, 0.33359901164653416, -0.7201236084953931, -0.12742843632071205, -0.2974095113665791, -0.16889790603469512, 0.7365879225321859, 0.38858200027991185, 0.46035773892536525, -0.8360271212587633, 0.7362119159354283, -0.9700074738433917, -0.9288087508852909, -0.8392631287630334, -0.3318686208087218, -0.9515819857965915, 0.8509779055765436, 0.3486582922678525, 0.1245750439456963, -0.3128234325460897, 0.2542964882067411, 0.4727785039200302, -0.8893781482344374, -0.9920431836079393, -0.40635505484864676, 0.32210994487157585, -0.9571395958954843, 0.4442894525075405, -0.77550215273125, 0.8175060685859594, 0.5327442579874975, 0.20663326398647497, -0.24708967776204238, 0.7593837984154931, -0.6051885087463786, -0.6485873605074248, 0.3002601710359094, -0.5969158768981515, -0.39657064526466784, 0.8593453573205276, 0.7375231000583846, -0.8155744126380979, -0.032157347200944875, 0.9133695562318502, -1, -0.598844856853858, -0.6880118151859367, 0.4814484858348158, 0.9795596997756, 0.8029240447996402, 0.2820626740132943, -0.23519169595670503, 0.05316719312406756, -0.612125813524067, 0.7369232129089123, -0.220772782894759, 0.3743959630696294, 0.46144784319475834, -0.23950206151229203, 0.6407515907071473, -0.3032645406621572, -0.18421729180406898, -0.37835051799892816, -0.75851949722919, -0.7005400973202005, -0.6712839283518688, 0.8050689443224799, -0.5302069956303568, 0.19334315414173253, 0.5206647711227934, -0.5881936946364419, 0.029047570053738675, -0.7266119544504981, 0.6632482798227199, -0.8015575474610666, 0.20001543534225297, 0.17031198785623913, -0.5781187844187656, -0.250066545624261, 0.4068502963567769, -0.7048388194778659, 0.7414953265770095, -0.5779632292621053, -0.2055034571572678, -0.8026190195314811, 0.44879405117450455, 0.5672060496815459, 0.9137611443950919, -0.6611246157836415, 0.22196760753193212, 0.5737702941652929, 0.430231891765384, -0.8298653998627232, -0.9985409282962976, 0.9480283798338649, 0.46739357317637276, -0.836952247388117, 0.797067274373324, 0.006940838776594793, -0.4065521201185758, 0.05182264763091654, 0.128863470029706, -0.10194346526242981, 0.051545270499611995, 0.055888702302225646, 0.10845059883259875, 0.8960412491876366, -0.22520633011184676, -0.7356760208101993, -0.8152001880378712, -0.11536021781834616, -0.20647309810892667, 0.9637744209448571, 0.3219152951339359]
489.0505065917969	(8, 12, 2)	[0.510649143460655, -0.9297084361435808, 0.976571918458248, -0.6545871057411126, -0.917695483988987, 0.7827682520519572, 0.1077037004467476, 0.33359901164653416, -0.7201236084953931, -0.12742843632071205, -0.2974095113665791, -0.16889790603469512, 0.7365879225321859, 0.38858200027991185, 0.46035773892536525, -0.8360271212587633, 0.7362119159354283, -0.9700074738433917, -0.9288087508852909, -0.8392631287630334, -0.3318686208087218, -0.9515819857965915, 0.8509779055765436, 0.3486582922678525, 0.1245750439456963, -0.3128234325460897, 0.2542964882067411, 0.36286520480678536, -0.8893781482344374, -0.9920431836079393, -0.40635505484864676, 0.32210994487157585, -0.9571395958954843, 0.4442894525075405, -0.77550215273125, 0.8175060685859594, 0.5327442579874975, 0.20663326398647497, -0.24708967776204238, 0.7593837984154931, -0.6051885087463786, -0.6485873605074248, 0.3002601710359094, -0.5969158768981515, -0.39657064526466784, 0.8593453573205276, 0.7375231000583846, -0.8155744126380979, -0.032157347200944875, 0.9133695562318502, -1, -0.598844856853858, -0.6880118151859367, 0.4814484858348158, 0.9795596997756, 0.8029240447996402, 0.2820626740132943, -0.23519169595670503, 0.05316719312406756, -0.612125813524067, 0.7369232129089123, -0.220772782894759, 0.3743959630696294, 0.46144784319475834, -0.23950206151229203, 0.6407515907071473, -0.3032645406621572, -0.18421729180406898, -0.37835051799892816, -0.75851949722919, -0.7005400973202005, -0.6712839283518688, 0.6519373271838979, -0.5302069956303568, 0.19334315414173253, 0.6674385911603691, -0.5881936946364419, 0.029047570053738675, -0.7266119544504981, 0.6632482798227199, -0.8015575474610666, 0.20001543534225297, 0.17031198785623913, -0.5781187844187656, -0.250066545624261, 0.4068502963567769, -0.7048388194778659, 0.7414953265770095, -0.5779632292621053, -0.2055034571572678, -0.8026190195314811, 0.44879405117450455, 0.5672060496815459, 0.9137611443950919, -0.6611246157836415, 0.22196760753193212, 0.5737702941652929, 0.430231891765384, -0.8298653998627232, -0.9985409282962976, 0.9480283798338649, 0.46739357317637276, -0.836952247388117, 0.797067274373324, 0.006940838776594793, -0.4065521201185758, 0.05182264763091654, 0.128863470029706, -0.10194346526242981, 0.051545270499611995, 0.055888702302225646, 0.10845059883259875, 1, -0.22520633011184676, -0.7356760208101993, -0.8152001880378712, -0.11536021781834616, -0.20647309810892667, 0.9637744209448571, 0.3219152951339359]
-3.8271665573120117	(8, 12, 2)	[0.510649143460655, -0.9297084361435808, 0.976571918458248, -0.6545871057411126, -0.917695483988987, 0.7827682520519572, 0.1077037004467476, 0.33359901164653416, -0.47462340098858025, -0.09416236606467532, -0.2974095113665791, -0.16889790603469512, 0.5920260242740006, 0.10700357500546853, 0.46035773892536525, -0.8360271212587633, 0.8188211372741006, -0.9700074738433917, -0.9288087508852909, -0.7438031662687545, -0.3318686208087218, -0.9515819857965915, 0.8509779055765436, 0.3486582922678525, 0.1245750439456963, -0.3128234325460897, 0.2542964882067411, 0.6636251886421516, -0.8893781482344374, -0.9920431836079393, -0.40635505484864676, 0.32210994487157585, -0.9571395958954843, 0.4442894525075405, -0.77550215273125, 0.9321947336923755, 0.9990597928608285, 0.20663326398647497, -0.2355056008907105, 0.7593837984154931, -0.6051885087463786, -0.7802160762522787, 0.3596585746273266, -0.5969158768981515, -0.24212583419147404, 0.8593453573205276, 0.7375231000583846, -0.8155744126380979, -0.032157347200944875, 0.9133695562318502, -1, -0.598844856853858, -0.6880118151859367, 0.4814484858348158, 0.9795596997756, 0.8029240447996402, 0.2820626740132943, -0.23519169595670503, 0.05316719312406756, -0.612125813524067, 0.7369232129089123, -0.220772782894759, 0.3743959630696294, 0.46144784319475834, -0.23950206151229203, 0.6407515907071473, -0.3032645406621572, -0.18421729180406898, -0.37835051799892816, -0.75851949722919, -0.7005400973202005, -0.6712839283518688, 0.6519373271838979, -0.5302069956303568, 0.19334315414173253, 0.6674385911603691, -0.5881936946364419, 0.029047570053738675, -0.7266119544504981, 0.6632482798227199, -0.8015575474610666, 0.20001543534225297, 0.17031198785623913, -0.5781187844187656, -0.250066545624261, 0.4068502963567769, -0.7048388194778659, 0.7414953265770095, -0.5779632292621053, -0.2055034571572678, -0.8026190195314811, 0.44879405117450455, 0.5672060496815459, 0.9137611443950919, -0.6611246157836415, 0.22196760753193212, 0.5737702941652929, 0.430231891765384, -0.8298653998627232, -0.9985409282962976, 0.9480283798338649, 0.46739357317637276, -0.836952247388117, 0.797067274373324, 0.006940838776594793, -0.4065521201185758, 0.05182264763091654, 0.128863470029706, -0.10194346526242981, 0.051545270499611995, 0.055888702302225646, 0.10845059883259875, 1, -0.22520633011184676, -0.7356760208101993, -0.8152001880378712, -0.11536021781834616, -0.20647309810892667, 0.9637744209448571, 0.3219152951339359]
474.87652587890625	(8, 12, 2)	[0.510649143460655, -0.9297084361435808, 0.976571918458248, -0.6545871057411126, -0.587495970475198, 0.7827682520519572, 0.1077037004467476, 0.33359901164653416, -0.47462340098858025, -0.09416236606467532, -0.2974095113665791, -0.16889790603469512, 0.5920260242740006, 0.10700357500546853, 0.46035773892536525, -0.8360271212587633, 0.8188211372741006, -0.9700074738433917, -0.9288087508852909, -0.7438031662687545, -0.3318686208087218, -0.9515819857965915, 0.8509779055765436, 0.3486582922678525, 0.1245750439456963, -0.3128234325460897, 0.2542964882067411, 0.6636251886421516, -0.8893781482344374, -0.9920431836079393, -0.40635505484864676, 0.32210994487157585, -0.9571395958954843, 0.4442894525075405, -0.77550215273125, 0.9321947336923755, 0.9990597928608285, 0.20663326398647497, -0.2355056008907105, 0.7593837984154931, -0.6051885087463786, -0.7802160762522787, 0.3596585746273266, -0.5969158768981515, -0.24212583419147404, 0.8593453573205276, 0.7375231000583846, -0.8155744126380979, -0.032157347200944875, 0.9133695562318502, -1, -0.598844856853858, -0.6880118151859367, 0.4814484858348158, 0.9795596997756, 0.8029240447996402, 0.2820626740132943, -0.23519169595670503, 0.05316719312406756, -0.612125813524067, 0.7369232129089123, -0.220772782894759, 0.3743959630696294, 0.46144784319475834, -0.23950206151229203, 0.6407515907071473, -0.3032645406621572, -0.18421729180406898, -0.37835051799892816, -0.75851949722919, -0.7005400973202005, -0.6712839283518688, 0.6519373271838979, -0.5302069956303568, 0.19334315414173253, 0.6674385911603691, -0.5881936946364419, 0.029047570053738675, -0.7266119544504981, 0.6632482798227199, -0.8015575474610666, 0.20001543534225297, 0.17031198785623913, -0.5781187844187656, -0.250066545624261, 0.4068502963567769, -0.7048388194778659, 0.7414953265770095, -0.5779632292621053, -0.2055034571572678, -0.8026190195314811, 0.44879405117450455, 0.5672060496815459, 0.9137611443950919, -0.6611246157836415, 0.22196760753193212, 0.5737702941652929, 0.430231891765384, -0.8298653998627232, -0.9985409282962976, 0.9480283798338649, 0.46739357317637276, -0.836952247388117, 0.797067274373324, 0.006940838776594793, -0.4065521201185758, 0.05182264763091654, 0.128863470029706, -0.10194346526242981, 0.051545270499611995, 0.055888702302225646, 0.10845059883259875, 1, -0.22520633011184676, -0.7356760208101993, -0.8152001880378712, -0.11536021781834616, -0.20647309810892667, 0.9637744209448571, 0.3219152951339359]
486.8091735839844	(8, 12, 2)	[0.510649143460655, -0.9297084361435808, 0.976571918458248, -0.6545871057411126, -0.587495970475198, 0.7827682520519572, 0.1077037004467476, 0.33359901164653416, -0.47462340098858025, -0.09416236606467532, -0.2974095113665791, -0.16889790603469512, 0.5920260242740006, 0.10700357500546853, 0.46035773892536525, -0.8360271212587633, 0.8188211372741006, -0.9700074738433917, -0.9288087508852909, -0.7438031662687545, -0.3318686208087218, -0.9515819857965915, 0.8509779055765436, 0.3486582922678525, 0.1245750439456963, -0.3128234325460897, 0.2542964882067411, 0.6636251886421516, -0.8893781482344374, -0.9920431836079393, -0.40635505484864676, 0.32210994487157585, -0.9571395958954843, 0.4442894525075405, -0.77550215273125, 0.9321947336923755, 0.9990597928608285, 0.20663326398647497, -0.2355056008907105, 0.7593837984154931, -0.6051885087463786, -0.7802160762522787, 0.3596585746273266, -0.5969158768981515, -0.39657064526466784, 0.8593453573205276, 0.7375231000583846, -0.8155744126380979, -0.032157347200944875, 0.9133695562318502, -1, -0.598844856853858, -0.6880118151859367, 0.4814484858348158, 0.9795596997756, 0.8029240447996402, 0.2820626740132943, -0.23519169595670503, 0.05316719312406756, -0.612125813524067, 0.7369232129089123, -0.220772782894759, 0.3743959630696294, 0.46144784319475834, -0.23950206151229203, 0.6407515907071473, -0.3032645406621572, -0.18421729180406898, -0.37835051799892816, -0.75851949722919, -0.7005400973202005, -0.6712839283518688, 0.6519373271838979, -0.5302069956303568, 0.19334315414173253, 0.6674385911603691, -0.5881936946364419, 0.029047570053738675, -0.7266119544504981, 0.6632482798227199, -0.8015575474610666, 0.20001543534225297, 0.17031198785623913, -0.5781187844187656, -0.250066545624261, 0.4068502963567769, -0.7048388194778659, 0.7275897454849699, -0.5779632292621053, -0.2055034571572678, -0.8026190195314811, 0.44879405117450455, 0.5672060496815459, 0.9137611443950919, -0.6611246157836415, 0.22196760753193212, 0.5737702941652929, 0.430231891765384, -0.8298653998627232, -0.9985409282962976, 0.9480283798338649, 0.46739357317637276, -0.836952247388117, 0.797067274373324, 0.006940838776594793, -0.4065521201185758, 0.05182264763091654, 0.128863470029706, -0.10194346526242981, 0.051545270499611995, 0.055888702302225646, 0.10845059883259875, 1, -0.22520633011184676, -0.7356760208101993, -0.8152001880378712, -0.11536021781834616, -0.20647309810892667, 0.9637744209448571, 0.3219152951339359]
483.22674560546875	(8, 12, 2)	[0.510649143460655, -0.9297084361435808, 0.976571918458248, -0.6545871057411126, -0.917695483988987, 0.7827682520519572, 0.1077037004467476, 0.20840319809659222, -0.7201236084953931, -0.12742843632071205, -0.2974095113665791, -0.16889790603469512, 0.7365879225321859, 0.38858200027991185, 0.46035773892536525, -0.8360271212587633, 0.721279468676084, -0.9700074738433917, -0.9288087508852909, -0.8392631287630334, -0.3318686208087218, -0.9515819857965915, 0.8509779055765436, 0.3486582922678525, 0.1245750439456963, -0.3128234325460897, 0.2542964882067411, 0.4727785039200302, -0.8893781482344374, -0.9920431836079393, -0.40635505484864676, 0.32210994487157585, -0.9571395958954843, 0.4442894525075405, -0.77550215273125, 0.8175060685859594, 0.5327442579874975, 0.20663326398647497, -0.24708967776204238, 0.7593837984154931, -0.6051885087463786, -0.6485873605074248, 0.3002601710359094, -0.7591238650469581, -0.39657064526466784, 0.8593453573205276, 0.7375231000583846, -0.8155744126380979, -0.032157347200944875, 0.9133695562318502, -1, -0.598844856853858, -0.6880118151859367, 0.4814484858348158, 0.9795596997756, 0.8029240447996402, 0.2820626740132943, -0.23519169595670503, 0.05316719312406756, -0.612125813524067, 0.7369232129089123, -0.220772782894759, 0.3743959630696294, 0.46144784319475834, -0.23950206151229203, 0.6407515907071473, -0.3032645406621572, -0.18421729180406898, -0.37835051799892816, -0.75851949722919, -0.7005400973202005, -0.6712839283518688, 0.8050689443224799, -0.5302069956303568, 0.19334315414173253, 0.5206647711227934, -0.5881936946364419, 0.029047570053738675, -0.7266119544504981, 0.6632482798227199, -0.8015575474610666, 0.20001543534225297, 0.17031198785623913, -0.5781187844187656, -0.250066545624261, 0.4068502963567769, -0.7048388194778659, 0.7414953265770095, -0.5779632292621053, -0.2055034571572678, -0.8026190195314811, 0.44879405117450455, 0.5672060496815459, 0.9137611443950919, -0.6611246157836415, 0.22196760753193212, 0.4685808527649261, 0.5007379715671841, -0.8298653998627232, -0.9985409282962976, 0.9480283798338649, 0.46739357317637276, -0.836952247388117, 0.797067274373324, 0.006940838776594793, -0.4065521201185758, 0.05182264763091654, 0.128863470029706, -0.10194346526242981, 0.051545270499611995, 0.055888702302225646, 0.10845059883259875, 0.8960412491876366, -0.22520633011184676, -0.7356760208101993, -0.8152001880378712, -0.11536021781834616, -0.20647309810892667, 0.9637744209448571, 0.3219152951339359]
487.478515625	(8, 12, 2)	[0.7002673485470731, -0.9297084361435808, 0.976571918458248, -0.6545871057411126, -0.917695483988987, 0.7827682520519572, 0.1077037004467476, 0.33359901164653416, -0.7201236084953931, -0.12742843632071205, -0.2974095113665791, -0.16889790603469512, 0.7365879225321859, 0.38858200027991185, 0.46035773892536525, -0.8360271212587633, 0.7362119159354283, -0.9700074738433917, -0.9288087508852909, -0.8392631287630334, -0.3318686208087218, -0.9515819857965915, 0.8509779055765436, 0.3486582922678525, 0.1245750439456963, -0.3128234325460897, 0.2542964882067411, 0.4727785039200302, -0.8893781482344374, -0.9920431836079393, -0.40635505484864676, 0.32210994487157585, -0.9571395958954843, 0.4442894525075405, -0.77550215273125, 0.8175060685859594, 0.5327442579874975, 0.20663326398647497, -0.24708967776204238, 0.7593837984154931, -0.6051885087463786, -0.7802160762522787, 0.3596585746273266, -0.5969158768981515, -0.24212583419147404, 0.8593453573205276, 0.7375231000583846, -0.8155744126380979, -0.032157347200944875, 0.9133695562318502, -1, -0.598844856853858, -0.6880118151859367, 0.4814484858348158, 0.9795596997756, 0.8029240447996402, 0.2820626740132943, -0.23519169595670503, 0.05316719312406756, -0.612125813524067, 0.7369232129089123, -0.220772782894759, 0.3743959630696294, 0.46144784319475834, -0.23950206151229203, 0.6407515907071473, -0.3032645406621572, -0.18421729180406898, -0.37835051799892816, -0.75851949722919, -0.7005400973202005, -0.6712839283518688, 0.6519373271838979, -0.5302069956303568, 0.19334315414173253, 0.6674385911603691, -0.5881936946364419, 0.029047570053738675, -0.7266119544504981, 0.6632482798227199, -0.8015575474610666, 0.20001543534225297, 0.17031198785623913, -0.5781187844187656, -0.250066545624261, 0.4068502963567769, -0.7048388194778659, 0.7414953265770095, -0.5779632292621053, -0.2055034571572678, -0.8026190195314811, 0.44879405117450455, 0.5672060496815459, 0.9137611443950919, -0.6611246157836415, 0.22196760753193212, 0.5737702941652929, 0.430231891765384, -0.8298653998627232, -0.9985409282962976, 0.9480283798338649, 0.46739357317637276, -0.836952247388117, 0.797067274373324, 0.14454635586221065, -0.4065521201185758, 0.05182264763091654, 0.128863470029706, -0.10194346526242981, 0.051545270499611995, 0.055888702302225646, 0.10845059883259875, 0.8960412491876366, -0.22520633011184676, -0.7356760208101993, -0.8152001880378712, -0.11536021781834616, -0.20647309810892667, 0.9637744209448571, 0.3219152951339359]
482.3885498046875	(8, 12, 2)	[0.7002673485470731, -0.9297084361435808, 0.976571918458248, -0.6545871057411126, -0.917695483988987, 0.7827682520519572, 0.1077037004467476, 0.33359901164653416, -0.7201236084953931, -0.12742843632071205, -0.2974095113665791, -0.16889790603469512, 0.7365879225321859, 0.38858200027991185, 0.46035773892536525, -0.8360271212587633, 0.7362119159354283, -0.9700074738433917, -0.9288087508852909, -0.8392631287630334, -0.3318686208087218, -0.9515819857965915, 0.8509779055765436, 0.3486582922678525, 0.1245750439456963, -0.3128234325460897, 0.2542964882067411, 0.4727785039200302, -0.8893781482344374, -0.9920431836079393, -0.40635505484864676, 0.32210994487157585, -0.9571395958954843, 0.4442894525075405, -0.77550215273125, 0.8175060685859594, 0.5327442579874975, 0.20663326398647497, -0.24708967776204238, 0.7593837984154931, -0.6051885087463786, -0.7802160762522787, 0.3596585746273266, -0.5969158768981515, -0.24212583419147404, 0.8593453573205276, 0.7375231000583846, -0.8155744126380979, -0.032157347200944875, 0.9133695562318502, -1, -0.598844856853858, -0.6880118151859367, 0.4814484858348158, 0.9795596997756, 0.8029240447996402, 0.2820626740132943, -0.23519169595670503, 0.05316719312406756, -0.612125813524067, 0.7369232129089123, -0.220772782894759, 0.3743959630696294, 0.46144784319475834, -0.23950206151229203, 0.6407515907071473, -0.3032645406621572, -0.18421729180406898, -0.37835051799892816, -0.75851949722919, -0.7005400973202005, -0.6712839283518688, 0.8050689443224799, -0.5302069956303568, 0.19334315414173253, 0.6674385911603691, -0.6592314574426618, 0.029047570053738675, -0.7266119544504981, 0.6632482798227199, -0.8015575474610666, 0.20001543534225297, 0.17031198785623913, -0.5781187844187656, -0.250066545624261, 0.4068502963567769, -0.7048388194778659, 0.7414953265770095, -0.5779632292621053, -0.2055034571572678, -0.8026190195314811, 0.44879405117450455, 0.5672060496815459, 0.9137611443950919, -0.6611246157836415, 0.22196760753193212, 0.33148240286767994, 0.430231891765384, -0.8298653998627232, -0.9985409282962976, 0.9480283798338649, 0.46739357317637276, -0.836952247388117, 0.797067274373324, 0.14454635586221065, -0.4065521201185758, 0.05182264763091654, 0.128863470029706, -0.10194346526242981, 0.051545270499611995, 0.055888702302225646, 0.10845059883259875, 0.8960412491876366, -0.22520633011184676, -0.7356760208101993, -0.8152001880378712, -0.11536021781834616, -0.20647309810892667, 0.9637744209448571, 0.3219152951339359]
479.8050537109375	(8, 12, 2)	[0.778716106375624, -0.9297084361435808, 0.976571918458248, -0.6545871057411126, -0.917695483988987, 0.7827682520519572, 0.1077037004467476, 0.33359901164653416, -0.7201236084953931, -0.12742843632071205, -0.2974095113665791, -0.16889790603469512, 0.7365879225321859, 0.38858200027991185, 0.46035773892536525, -0.8360271212587633, 0.7362119159354283, -0.9700074738433917, -0.9288087508852909, -0.8392631287630334, -0.3318686208087218, -0.9515819857965915, 0.8509779055765436, 0.3486582922678525, 0.1245750439456963, -0.3128234325460897, 0.2542964882067411, 0.4727785039200302, -0.8893781482344374, -0.9920431836079393, -0.40635505484864676, 0.32210994487157585, -0.9571395958954843, 0.4442894525075405, -0.77550215273125, 0.8175060685859594, 0.5327442579874975, 0.20663326398647497, -0.24708967776204238, 0.7593837984154931, -0.6051885087463786, -0.7802160762522787, 0.3596585746273266, -0.5969158768981515, -0.24212583419147404, 0.8593453573205276, 0.7375231000583846, -0.8155744126380979, -0.032157347200944875, 0.9133695562318502, -1, -0.598844856853858, -0.6880118151859367, 0.4814484858348158, 0.9795596997756, 0.8029240447996402, 0.2820626740132943, -0.23519169595670503, 0.05316719312406756, -0.612125813524067, 0.7369232129089123, -0.220772782894759, 0.3743959630696294, 0.46144784319475834, -0.23950206151229203, 0.6407515907071473, -0.3032645406621572, -0.18421729180406898, -0.37835051799892816, -0.75851949722919, -0.7005400973202005, -0.6712839283518688, 0.8050689443224799, -0.5302069956303568, 0.19334315414173253, 0.6674385911603691, -0.6592314574426618, 0.029047570053738675, -0.7266119544504981, 0.6632482798227199, -0.8015575474610666, 0.20001543534225297, 0.17031198785623913, -0.5781187844187656, -0.250066545624261, 0.4068502963567769, -0.7048388194778659, 0.7414953265770095, -0.5779632292621053, -0.2055034571572678, -0.8026190195314811, 0.44879405117450455, 0.5672060496815459, 0.9137611443950919, -0.6611246157836415, 0.22196760753193212, 0.33148240286767994, 0.430231891765384, -0.8298653998627232, -0.9985409282962976, 0.9480283798338649, 0.46739357317637276, -0.836952247388117, 0.797067274373324, 0.14454635586221065, -0.4065521201185758, 0.05182264763091654, 0.128863470029706, -0.10194346526242981, 0.051545270499611995, 0.055888702302225646, 0.10845059883259875, 0.8960412491876366, -0.22520633011184676, -0.7356760208101993, -0.8152001880378712, -0.11536021781834616, -0.20647309810892667, 0.9637744209448571, 0.3219152951339359]
492.37579345703125	(8, 12, 2)	[0.510649143460655, -1, 0.976571918458248, -0.591632208921582, -0.917695483988987, 0.779855009043298, -0.042116254566671896, 0.33359901164653416, -0.47462340098858025, -0.09416236606467532, -0.2974095113665791, -0.16889790603469512, 0.7365879225321859, 0.10700357500546853, 0.46035773892536525, -0.8360271212587633, 0.8393051037821642, -0.9700074738433917, -0.9819541874363429, -0.8392631287630334, -0.3318686208087218, -0.9515819857965915, 0.8509779055765436, 0.3486582922678525, 0.1245750439456963, -0.3128234325460897, 0.2542964882067411, 0.6636251886421516, -0.8893781482344374, -0.9920431836079393, -0.6206025046990298, 0.32210994487157585, -0.9571395958954843, 0.4442894525075405, -1, 0.9321947336923755, 1, 0.20663326398647497, -0.24708967776204238, 0.7593837984154931, -0.6051885087463786, -0.7802160762522787, 0.3596585746273266, -0.5969158768981515, -0.24212583419147404, 0.8593453573205276, 0.6329248577641767, -0.8155744126380979, -0.032157347200944875, 0.9133695562318502, -1, -0.598844856853858, -0.6880118151859367, 0.4814484858348158, 0.9795596997756, 0.8029240447996402, 0.2820626740132943, -0.23519169595670503, 0.05316719312406756, -0.612125813524067, 0.7369232129089123, -0.220772782894759, 0.3743959630696294, 0.46144784319475834, -0.23950206151229203, 0.6407515907071473, -0.3032645406621572, -0.18421729180406898, -0.37835051799892816, -0.75851949722919, -0.7005400973202005, -0.6712839283518688, 0.8050689443224799, -0.5302069956303568, 0.19334315414173253, 0.6674385911603691, -0.6592314574426618, 0.029047570053738675, -0.7266119544504981, 0.6632482798227199, -0.8015575474610666, 0.20001543534225297, 0.17031198785623913, -0.5781187844187656, -0.250066545624261, 0.4068502963567769, -0.7048388194778659, 0.7414953265770095, -0.5779632292621053, -0.2055034571572678, -0.8026190195314811, 0.44879405117450455, 0.5672060496815459, 0.9137611443950919, -0.6611246157836415, 0.22196760753193212, 0.5737702941652929, 0.430231891765384, -0.8298653998627232, -0.9985409282962976, 0.9480283798338649, 0.46739357317637276, -0.836952247388117, 0.797067274373324, 0.14454635586221065, -0.4065521201185758, -0.31986490384236754, -0.5281223342322271, -0.10194346526242981, 0.051545270499611995, 0.055888702302225646, 0.20912911791946298, 0.8960412491876366, -0.22520633011184676, -0.7356760208101993, -0.8152001880378712, -0.11536021781834616, -0.20647309810892667, 0.9637744209448571, 0.3219152951339359]
476.1919860839844	(8, 12, 2)	[0.510649143460655, -0.9297084361435808, 0.976571918458248, -0.6545871057411126, -0.587495970475198, 0.7827682520519572, 0.1077037004467476, 0.33359901164653416, -0.47462340098858025, -0.09416236606467532, -0.2974095113665791, -0.16889790603469512, 0.5920260242740006, 0.2275354327904457, 0.46035773892536525, -0.8360271212587633, 0.8188211372741006, -0.9700074738433917, -0.9288087508852909, -0.7438031662687545, -0.3318686208087218, -0.9515819857965915, 0.8509779055765436, 0.3486582922678525, 0.1245750439456963, -0.3128234325460897, 0.2542964882067411, 0.6636251886421516, -0.8893781482344374, -0.9920431836079393, -0.40635505484864676, 0.32210994487157585, -0.9571395958954843, 0.4442894525075405, -0.77550215273125, 0.9321947336923755, 0.9990597928608285, 0.20663326398647497, -0.2355056008907105, 0.7593837984154931, -0.6051885087463786, -0.7802160762522787, 0.3596585746273266, -0.5969158768981515, -0.39657064526466784, 0.8593453573205276, 0.7375231000583846, -0.8155744126380979, -0.032157347200944875, 0.9133695562318502, -1, -0.598844856853858, -0.6880118151859367, 0.4814484858348158, 0.9795596997756, 0.8029240447996402, 0.24749196099706006, -0.23519169595670503, 0.05316719312406756, -0.612125813524067, 0.7369232129089123, -0.220772782894759, 0.3743959630696294, 0.46144784319475834, -0.23950206151229203, 0.6407515907071473, -0.3032645406621572, -0.18421729180406898, -0.37835051799892816, -0.75851949722919, -0.7005400973202005, -0.6712839283518688, 0.8050689443224799, -0.5302069956303568, 0.19334315414173253, 0.5206647711227934, -0.5881936946364419, 0.029047570053738675, -0.7266119544504981, 0.6632482798227199, -0.8015575474610666, 0.20001543534225297, 0.17031198785623913, -0.25488505490161073, -0.250066545624261, 0.4068502963567769, -0.7048388194778659, 0.7414953265770095, -0.5779632292621053, -0.2055034571572678, -0.8026190195314811, 0.44879405117450455, 0.5672060496815459, 0.9137611443950919, -0.6611246157836415, 0.22196760753193212, 0.4685808527649261, 0.5007379715671841, -0.8298653998627232, -0.9985409282962976, 0.9480283798338649, 0.46739357317637276, -0.836952247388117, 0.797067274373324, 0.006940838776594793, -0.4065521201185758, 0.05182264763091654, 0.128863470029706, -0.10194346526242981, 0.051545270499611995, 0.055888702302225646, 0.10845059883259875, 1, -0.22520633011184676, -0.7356760208101993, -0.8152001880378712, -0.11536021781834616, -0.20647309810892667, 0.9637744209448571, 0.3219152951339359]
487.38677978515625	(8, 12, 2)	[0.510649143460655, -0.9297084361435808, 0.976571918458248, -0.6545871057411126, -0.917695483988987, 0.7827682520519572, 0.1077037004467476, 0.20840319809659222, -0.7201236084953931, -0.12742843632071205, -0.2974095113665791, -0.16889790603469512, 0.7365879225321859, 0.38858200027991185, 0.46035773892536525, -0.8360271212587633, 0.8393051037821642, -0.9700074738433917, -0.9819541874363429, -0.8392631287630334, -0.3318686208087218, -0.9515819857965915, 0.8509779055765436, 0.3486582922678525, 0.1245750439456963, -0.4713460944427308, 0.4940996998210724, 0.6636251886421516, -0.8893781482344374, -0.9920431836079393, -0.40635505484864676, 0.32210994487157585, -0.9571395958954843, 0.4442894525075405, -0.77550215273125, 0.9321947336923755, 0.9990597928608285, 0.20663326398647497, -0.2355056008907105, 0.7593837984154931, -0.6051885087463786, -0.7802160762522787, 0.3596585746273266, -0.5969158768981515, -0.39657064526466784, 0.8593453573205276, 0.7375231000583846, -0.8155744126380979, -0.032157347200944875, 0.9133695562318502, -1, -0.5768964921785509, -0.6880118151859367, 0.6294857410159068, 0.9795596997756, 0.8029240447996402, 0.2820626740132943, -0.23519169595670503, 0.05316719312406756, -0.612125813524067, 0.7369232129089123, -0.220772782894759, 0.3743959630696294, 0.46144784319475834, -0.23950206151229203, 0.6407515907071473, -0.3032645406621572, -0.18421729180406898, -0.37835051799892816, -0.75851949722919, -0.7005400973202005, -0.6712839283518688, 0.8050689443224799, -0.5302069956303568, 0.19334315414173253, 0.6674385911603691, -0.6592314574426618, 0.029047570053738675, -0.7266119544504981, 0.6632482798227199, -0.8015575474610666, 0.20001543534225297, 0.17031198785623913, -0.5781187844187656, -0.250066545624261, 0.4068502963567769, -0.7048388194778659, 0.7414953265770095, -0.5779632292621053, -0.2055034571572678, -0.8026190195314811, 0.44879405117450455, 0.5672060496815459, 0.9137611443950919, -0.6611246157836415, 0.22196760753193212, 0.5737702941652929, 0.430231891765384, -0.8298653998627232, -0.9985409282962976, 0.9480283798338649, 0.46739357317637276, -0.836952247388117, 0.6207151913384628, 0.006940838776594793, -0.4065521201185758, 0.05182264763091654, 0.128863470029706, -0.10194346526242981, 0.051545270499611995, 0.055888702302225646, 0.10845059883259875, 0.8960412491876366, -0.22520633011184676, -0.7356760208101993, -0.8152001880378712, -0.11536021781834616, -0.20647309810892667, 0.9637744209448571, 0.4964586960320413]
479.8566589355469	(8, 12, 2)	[0.510649143460655, -0.9297084361435808, 0.976571918458248, -0.6545871057411126, -0.917695483988987, 0.7827682520519572, 0.1077037004467476, 0.20840319809659222, -0.7201236084953931, -0.12742843632071205, -0.2974095113665791, -0.16889790603469512, 0.7365879225321859, 0.38858200027991185, 0.46035773892536525, -0.8360271212587633, 0.8393051037821642, -0.9700074738433917, -0.9819541874363429, -0.8392631287630334, -0.3318686208087218, -0.9515819857965915, 0.8509779055765436, 0.3486582922678525, 0.1245750439456963, -0.4713460944427308, 0.4940996998210724, 0.6636251886421516, -0.8893781482344374, -0.9920431836079393, -0.40635505484864676, 0.32210994487157585, -0.9571395958954843, 0.4442894525075405, -0.77550215273125, 0.9321947336923755, 0.9990597928608285, 0.20663326398647497, -0.24708967776204238, 0.7593837984154931, -0.6051885087463786, -0.7802160762522787, 0.3596585746273266, -0.5969158768981515, -0.24212583419147404, 0.8593453573205276, 0.7375231000583846, -0.8155744126380979, -0.032157347200944875, 0.9133695562318502, -1, -0.598844856853858, -0.6880118151859367, 0.4814484858348158, 0.9795596997756, 0.8029240447996402, 0.2820626740132943, -0.23519169595670503, 0.05316719312406756, -0.612125813524067, 0.7369232129089123, -0.220772782894759, 0.3743959630696294, 0.46144784319475834, -0.23950206151229203, 0.6407515907071473, -0.3032645406621572, -0.18421729180406898, -0.37835051799892816, -0.75851949722919, -0.7005400973202005, -0.6712839283518688, 0.8050689443224799, -0.5302069956303568, 0.19334315414173253, 0.6674385911603691, -0.6592314574426618, 0.029047570053738675, -0.7266119544504981, 0.6632482798227199, -0.8015575474610666, 0.20001543534225297, 0.17031198785623913, -0.5781187844187656, -0.250066545624261, 0.4068502963567769, -0.7048388194778659, 0.7414953265770095, -0.5779632292621053, -0.2055034571572678, -0.8026190195314811, 0.44879405117450455, 0.5672060496815459, 0.9137611443950919, -0.6611246157836415, 0.22196760753193212, 0.5737702941652929, 0.430231891765384, -0.8298653998627232, -0.9985409282962976, 0.9480283798338649, 0.46739357317637276, -0.836952247388117, 0.6207151913384628, 0.006940838776594793, -0.4065521201185758, 0.05182264763091654, 0.128863470029706, -0.10194346526242981, 0.051545270499611995, 0.055888702302225646, 0.10845059883259875, 0.8960412491876366, -0.22520633011184676, -0.7356760208101993, -0.8152001880378712, -0.11536021781834616, -0.20647309810892667, 0.9637744209448571, 0.4964586960320413]
495.804443359375	(8, 12, 2)	[0.510649143460655, -0.9297084361435808, 0.976571918458248, -0.6545871057411126, -0.917695483988987, 0.7827682520519572, 0.1077037004467476, 0.20840319809659222, -0.7201236084953931, -0.12742843632071205, -0.2974095113665791, -0.16889790603469512, 0.7365879225321859, 0.38858200027991185, 0.46035773892536525, -0.8360271212587633, 0.8393051037821642, -0.9700074738433917, -0.9819541874363429, -0.8392631287630334, -0.3318686208087218, -0.9515819857965915, 0.8509779055765436, 0.3486582922678525, 0.1245750439456963, -0.4713460944427308, 0.4940996998210724, 0.6636251886421516, -0.8893781482344374, -0.9920431836079393, -0.40635505484864676, 0.32210994487157585, -0.9571395958954843, 0.4442894525075405, -0.7088382649038535, 0.9321947336923755, 0.9990597928608285, 0.20663326398647497, -0.24708967776204238, 0.7593837984154931, -0.6051885087463786, -0.8968915064600613, 0.3596585746273266, -0.5969158768981515, -0.24212583419147404, 0.8593453573205276, 0.6329248577641767, -0.8155744126380979, -0.032157347200944875, 0.9133695562318502, -1, -0.598844856853858, -0.6880118151859367, 0.6294857410159068, 0.9795596997756, 0.8029240447996402, 0.2820626740132943, -0.23519169595670503, 0.05316719312406756, -0.612125813524067, 0.7369232129089123, -0.220772782894759, 0.3743959630696294, 0.46144784319475834, -0.23950206151229203, 0.6407515907071473, -0.3032645406621572, -0.18421729180406898, -0.37835051799892816, -0.75851949722919, -0.7005400973202005, -0.6712839283518688, 0.8050689443224799, -0.5302069956303568, 0.19334315414173253, 0.5206647711227934, -0.7865638666134305, -0.04155097484845273, -0.7266119544504981, 0.6632482798227199, -0.8015575474610666, 0.20001543534225297, 0.17031198785623913, -0.25488505490161073, -0.250066545624261, 0.4068502963567769, -0.7048388194778659, 0.7414953265770095, -0.5779632292621053, -0.2055034571572678, -0.8026190195314811, 0.44879405117450455, 0.5672060496815459, 0.9137611443950919, -0.6611246157836415, 0.22196760753193212, 0.5737702941652929, 0.430231891765384, -0.8298653998627232, -0.9985409282962976, 0.9480283798338649, 0.46739357317637276, -0.836952247388117, 0.797067274373324, 0.14454635586221065, -0.4065521201185758, -0.31986490384236754, 0.128863470029706, -0.10194346526242981, 0.051545270499611995, 0.055888702302225646, 0.10845059883259875, 0.8960412491876366, -0.22520633011184676, -0.7356760208101993, -0.8152001880378712, -0.11536021781834616, -0.20647309810892667, 0.9637744209448571, 0.4964586960320413]
486.2052917480469	(8, 12, 2)	[0.510649143460655, -0.9297084361435808, 0.976571918458248, -0.6545871057411126, -0.587495970475198, 0.7827682520519572, 0.1077037004467476, 0.33359901164653416, -0.47462340098858025, 0.19847794475254749, -0.2974095113665791, -0.16889790603469512, 0.5920260242740006, 0.2275354327904457, 0.46035773892536525, -0.8360271212587633, 0.8188211372741006, -0.9700074738433917, -0.9288087508852909, -0.7438031662687545, -0.3318686208087218, -0.9515819857965915, 0.8509779055765436, 0.3486582922678525, 0.1245750439456963, -0.4713460944427308, 0.4940996998210724, 0.6636251886421516, -0.8893781482344374, -0.9920431836079393, -0.40635505484864676, 0.32210994487157585, -0.9571395958954843, 0.4442894525075405, -0.77550215273125, 0.9321947336923755, 0.9990597928608285, 0.20663326398647497, -0.2355056008907105, 0.7657231519835723, -0.6051885087463786, -0.7802160762522787, 0.3596585746273266, -0.5969158768981515, -0.39657064526466784, 0.8593453573205276, 0.7375231000583846, -0.8155744126380979, -0.032157347200944875, 0.9133695562318502, -1, -0.598844856853858, -0.6880118151859367, 0.4814484858348158, 0.9795596997756, 0.8029240447996402, 0.24749196099706006, -0.23519169595670503, 0.05316719312406756, -0.612125813524067, 0.5720112930211357, -0.220772782894759, 0.3743959630696294, 0.46144784319475834, -0.23950206151229203, 0.6407515907071473, -0.3032645406621572, -0.18421729180406898, -0.37835051799892816, -0.791064631100183, -0.7005400973202005, -0.6712839283518688, 0.8050689443224799, -0.5302069956303568, 0.19334315414173253, 0.5206647711227934, -0.40387173378470875, -0.04155097484845273, -0.7266119544504981, 0.6632482798227199, -0.8015575474610666, 0.12089073410502377, 0.17031198785623913, -0.25488505490161073, -0.250066545624261, 0.4068502963567769, -0.7048388194778659, 0.7414953265770095, -0.5779632292621053, -0.2055034571572678, -0.8026190195314811, 0.44879405117450455, 0.5672060496815459, 0.9137611443950919, -0.6611246157836415, 0.22196760753193212, 0.5737702941652929, 0.430231891765384, -0.8298653998627232, -0.9985409282962976, 1, 0.46739357317637276, -0.836952247388117, 0.797067274373324, 0.14454635586221065, -0.4065521201185758, 0.05182264763091654, 0.128863470029706, -0.10194346526242981, 0.051545270499611995, 0.055888702302225646, 0.10845059883259875, 0.8960412491876366, -0.22520633011184676, -0.7356760208101993, -0.8152001880378712, -0.11536021781834616, -0.20647309810892667, 0.9637744209448571, 0.3219152951339359]
490.352294921875	(8, 12, 2)	[0.510649143460655, -0.9297084361435808, 0.976571918458248, -0.6545871057411126, -0.587495970475198, 0.7827682520519572, 0.1077037004467476, 0.33359901164653416, -0.47462340098858025, 0.19847794475254749, -0.2974095113665791, -0.16889790603469512, 0.5920260242740006, 0.2275354327904457, 0.46035773892536525, -0.8360271212587633, 0.8188211372741006, -0.9700074738433917, -0.9288087508852909, -0.7438031662687545, -0.3318686208087218, -0.9515819857965915, 0.8509779055765436, 0.3486582922678525, 0.1245750439456963, -0.4713460944427308, 0.4940996998210724, 0.6636251886421516, -0.8893781482344374, -0.9920431836079393, -0.40635505484864676, 0.32210994487157585, -0.9571395958954843, 0.4442894525075405, -0.77550215273125, 0.9321947336923755, 1, 0.20663326398647497, -0.2355056008907105, 0.7657231519835723, -0.6051885087463786, -0.7802160762522787, 0.3596585746273266, -0.5969158768981515, -0.39657064526466784, 0.8593453573205276, 0.7375231000583846, -0.8155744126380979, -0.032157347200944875, 0.9133695562318502, -1, -0.598844856853858, -0.6880118151859367, 0.4814484858348158, 0.9795596997756, 0.8029240447996402, 0.24749196099706006, -0.23519169595670503, 0.05316719312406756, -0.612125813524067, 0.5720112930211357, -0.220772782894759, 0.3743959630696294, 0.46144784319475834, -0.23950206151229203, 0.6407515907071473, -0.3032645406621572, -0.18421729180406898, -0.37835051799892816, -0.791064631100183, -0.7005400973202005, -0.6712839283518688, 0.8050689443224799, -0.5302069956303568, 0.19334315414173253, 0.5206647711227934, -0.40387173378470875, -0.04155097484845273, -0.7266119544504981, 0.6632482798227199, -0.8015575474610666, 0.12089073410502377, 0.17031198785623913, -0.25488505490161073, -0.250066545624261, 0.4068502963567769, -0.7048388194778659, 0.7414953265770095, -0.5779632292621053, -0.32599516524488725, -0.8026190195314811, 0.44879405117450455, 0.6074232564945277, 0.9137611443950919, -0.6611246157836415, 0.22196760753193212, 0.5737702941652929, 0.430231891765384, -0.8298653998627232, -0.9985409282962976, 0.9480283798338649, 0.46739357317637276, -0.836952247388117, 0.797067274373324, 0.14454635586221065, -0.4065521201185758, 0.05182264763091654, 0.128863470029706, -0.10194346526242981, 0.051545270499611995, 0.055888702302225646, 0.10845059883259875, 0.8960412491876366, -0.22520633011184676, -0.7356760208101993, -0.8152001880378712, -0.11536021781834616, -0.20647309810892667, 0.9637744209448571, 0.3219152951339359]
489.37518310546875	(8, 12, 2)	[0.3022502809701313, -0.9297084361435808, 0.976571918458248, -0.6545871057411126, -0.917695483988987, 0.7827682520519572, 0.1077037004467476, 0.20840319809659222, -0.7201236084953931, -0.12742843632071205, -0.2974095113665791, -0.16889790603469512, 0.7365879225321859, 0.38858200027991185, 0.46035773892536525, -0.8360271212587633, 0.8393051037821642, -0.9700074738433917, -0.9819541874363429, -0.8392631287630334, -0.3318686208087218, -0.9515819857965915, 0.8509779055765436, 0.3486582922678525, 0.1245750439456963, -0.4713460944427308, 0.4940996998210724, 0.6636251886421516, -0.8893781482344374, -0.9920431836079393, -0.40635505484864676, 0.32210994487157585, -0.9571395958954843, 0.4442894525075405, -0.77550215273125, 0.9321947336923755, 1, 0.20663326398647497, -0.2355056008907105, 0.7657231519835723, -0.6051885087463786, -0.7802160762522787, 0.3596585746273266, -0.5969158768981515, -0.39657064526466784, 0.8593453573205276, 0.7375231000583846, -0.8155744126380979, -0.032157347200944875, 0.9133695562318502, -1, -0.598844856853858, -0.6880118151859367, 0.4814484858348158, 0.9795596997756, 0.8029240447996402, 0.24749196099706006, -0.23519169595670503, 0.05316719312406756, -0.612125813524067, 0.5720112930211357, -0.220772782894759, 0.3743959630696294, 0.46144784319475834, -0.23950206151229203, 0.6407515907071473, -0.3032645406621572, -0.18421729180406898, -0.37835051799892816, -0.791064631100183, -0.7005400973202005, -0.6712839283518688, 0.8050689443224799, -0.5302069956303568, 0.19334315414173253, 0.5206647711227934, -0.40387173378470875, -0.04155097484845273, -0.7266119544504981, 0.6632482798227199, -0.8015575474610666, 0.12089073410502377, 0.17031198785623913, -0.25488505490161073, -0.250066545624261, 0.4068502963567769, -0.7048388194778659, 0.7414953265770095, -0.5779632292621053, -0.32599516524488725, -0.8026190195314811, 0.44879405117450455, 0.6074232564945277, 0.9137611443950919, -0.6611246157836415, 0.22196760753193212, 0.5737702941652929, 0.430231891765384, -0.8298653998627232, -0.9985409282962976, 0.9480283798338649, 0.46739357317637276, -0.836952247388117, 0.797067274373324, 0.14454635586221065, -0.4065521201185758, 0.05182264763091654, 0.128863470029706, -0.10194346526242981, 0.051545270499611995, 0.055888702302225646, 0.10845059883259875, 0.8960412491876366, -0.22520633011184676, -0.7356760208101993, -0.8152001880378712, -0.11536021781834616, -0.20647309810892667, 0.9637744209448571, 0.4964586960320413]
493.56561279296875	(8, 12, 2)	[0.3022502809701313, -0.9297084361435808, 0.976571918458248, -0.6545871057411126, -0.917695483988987, 0.7827682520519572, 0.1077037004467476, 0.20840319809659222, -0.7201236084953931, -0.12742843632071205, -0.2974095113665791, -0.16889790603469512, 0.7365879225321859, 0.38858200027991185, 0.46035773892536525, -0.8360271212587633, 0.8393051037821642, -0.9700074738433917, -0.9819541874363429, -0.8392631287630334, -0.3318686208087218, -0.9515819857965915, 0.8509779055765436, 0.3486582922678525, 0.1245750439456963, -0.4713460944427308, 0.4940996998210724, 0.6636251886421516, -0.8893781482344374, -0.9920431836079393, -0.40635505484864676, 0.32210994487157585, -0.9571395958954843, 0.4442894525075405, -0.77550215273125, 0.9321947336923755, 1, 0.20663326398647497, -0.2355056008907105, 0.7657231519835723, -0.6051885087463786, -0.7802160762522787, 0.3596585746273266, -0.5969158768981515, -0.39657064526466784, 0.8593453573205276, 0.7375231000583846, -0.8155744126380979, -0.032157347200944875, 0.9133695562318502, -1, -0.598844856853858, -0.6880118151859367, 0.4814484858348158, 0.9795596997756, 0.8029240447996402, 0.24749196099706006, -0.23519169595670503, 0.05316719312406756, -0.612125813524067, 0.5720112930211357, -0.220772782894759, 0.3743959630696294, 0.46144784319475834, -0.23950206151229203, 0.6407515907071473, -0.3032645406621572, -0.18421729180406898, -0.37835051799892816, -0.791064631100183, -0.7005400973202005, -0.6712839283518688, 0.8050689443224799, -0.5302069956303568, 0.19334315414173253, 0.5206647711227934, -0.40387173378470875, 0.15028692204236838, -0.7266119544504981, 0.6632482798227199, -0.8015575474610666, 0.12089073410502377, 0.17031198785623913, -0.25488505490161073, -0.250066545624261, 0.4068502963567769, -0.7048388194778659, 0.7414953265770095, -0.5779632292621053, -0.32599516524488725, -0.8026190195314811, 0.44879405117450455, 0.6074232564945277, 0.9137611443950919, -0.6611246157836415, 0.22196760753193212, 0.5737702941652929, 0.430231891765384, -0.8298653998627232, -0.9985409282962976, 0.9480283798338649, 0.46739357317637276, -0.836952247388117, 0.797067274373324, 0.14454635586221065, -0.4065521201185758, 0.05182264763091654, 0.128863470029706, -0.10194346526242981, 0.051545270499611995, 0.055888702302225646, 0.10845059883259875, 0.8960412491876366, -0.22520633011184676, -0.7356760208101993, -0.8152001880378712, -0.11536021781834616, -0.20647309810892667, 0.9637744209448571, 0.4964586960320413]
484.8379821777344	(8, 12, 2)	[0.3022502809701313, -0.9297084361435808, 0.976571918458248, -0.6545871057411126, -0.917695483988987, 0.7827682520519572, 0.1077037004467476, 0.20840319809659222, -0.7201236084953931, -0.12742843632071205, -0.2974095113665791, -0.16889790603469512, 0.7365879225321859, 0.38858200027991185, 0.46035773892536525, -1, 0.8393051037821642, -0.9700074738433917, -0.9819541874363429, -0.8392631287630334, -0.3318686208087218, -0.9515819857965915, 0.8509779055765436, 0.3486582922678525, 0.1245750439456963, -0.4713460944427308, 0.4940996998210724, 0.6636251886421516, -0.8893781482344374, -0.9920431836079393, -0.40635505484864676, 0.32210994487157585, -0.9571395958954843, 0.4442894525075405, -0.77550215273125, 0.9321947336923755, 1, 0.20663326398647497, -0.2355056008907105, 0.7657231519835723, -0.6051885087463786, -0.7802160762522787, 0.3596585746273266, -0.5969158768981515, -0.39657064526466784, 0.8593453573205276, 0.7375231000583846, -0.8155744126380979, -0.032157347200944875, 0.9133695562318502, -1, -0.598844856853858, -0.6880118151859367, 0.4814484858348158, 0.9795596997756, 0.8029240447996402, 0.24749196099706006, -0.23519169595670503, 0.05316719312406756, -0.612125813524067, 0.5720112930211357, -0.220772782894759, 0.3743959630696294, 0.46144784319475834, -0.23950206151229203, 0.6407515907071473, -0.3032645406621572, -0.18421729180406898, -0.37835051799892816, -0.75851949722919, -0.7005400973202005, -0.6712839283518688, 0.8050689443224799, -0.5302069956303568, 0.19334315414173253, 0.5206647711227934, -0.7865638666134305, -0.04155097484845273, -0.7266119544504981, 0.6632482798227199, -0.8015575474610666, 0.20001543534225297, 0.17031198785623913, -0.25488505490161073, -0.250066545624261, 0.4068502963567769, -0.7048388194778659, 0.7414953265770095, -0.5779632292621053, -0.2055034571572678, -0.8026190195314811, 0.44879405117450455, 0.5672060496815459, 0.9137611443950919, -0.6611246157836415, 0.22196760753193212, 0.5737702941652929, 0.430231891765384, -0.8298653998627232, -0.9985409282962976, 0.9480283798338649, 0.46739357317637276, -0.836952247388117, 0.797067274373324, 0.14454635586221065, -0.4065521201185758, 0.05182264763091654, 0.128863470029706, -0.10194346526242981, 0.051545270499611995, 0.055888702302225646, 0.10845059883259875, 0.8960412491876366, -0.22520633011184676, -0.7356760208101993, -0.8152001880378712, -0.11536021781834616, -0.20647309810892667, 0.9637744209448571, 0.4964586960320413]
458.38958740234375	(8, 12, 2)	[0.3022502809701313, -0.9297084361435808, 0.976571918458248, -0.6545871057411126, -0.917695483988987, 0.7827682520519572, 0.1077037004467476, 0.20840319809659222, -0.7201236084953931, -0.12742843632071205, -0.2974095113665791, -0.16889790603469512, 0.7365879225321859, 0.38858200027991185, 0.46035773892536525, -0.8360271212587633, 0.8729289901869146, -0.9700074738433917, -0.9819541874363429, -0.8392631287630334, -0.3318686208087218, -1, 0.8509779055765436, 0.3486582922678525, 0.1245750439456963, -0.4713460944427308, 0.4940996998210724, 0.6636251886421516, -0.8893781482344374, -0.9920431836079393, -0.40635505484864676, 0.32210994487157585, -0.9571395958954843, 0.4442894525075405, -0.77550215273125, 0.9321947336923755, 1, 0.20663326398647497, -0.2355056008907105, 0.7657231519835723, -0.6051885087463786, -0.7802160762522787, 0.3596585746273266, -0.5969158768981515, -0.39657064526466784, 0.8593453573205276, 0.7375231000583846, -0.8155744126380979, -0.032157347200944875, 0.9133695562318502, -1, -0.598844856853858, -0.6880118151859367, 0.4814484858348158, 0.9795596997756, 0.8029240447996402, 0.24749196099706006, -0.23519169595670503, 0.05316719312406756, -0.612125813524067, 0.5720112930211357, -0.220772782894759, 0.3743959630696294, 0.46144784319475834, -0.23950206151229203, 0.6407515907071473, -0.3032645406621572, -0.18421729180406898, -0.37835051799892816, -0.791064631100183, -0.7005400973202005, -0.6712839283518688, 0.8050689443224799, -0.5302069956303568, 0.19334315414173253, 0.5206647711227934, -0.40387173378470875, -0.04155097484845273, -0.7314715810339478, 0.6632482798227199, -0.8015575474610666, 0.12089073410502377, 0.17031198785623913, -0.25488505490161073, -0.250066545624261, 0.4068502963567769, -0.7048388194778659, 0.7414953265770095, -0.5779632292621053, -0.32599516524488725, -0.8026190195314811, 0.7092605288178309, 0.6074232564945277, 0.9137611443950919, -0.7073362896699646, 0.22196760753193212, 0.5737702941652929, 0.430231891765384, -0.8298653998627232, -0.9985409282962976, 0.9480283798338649, 0.46739357317637276, -0.836952247388117, 0.797067274373324, 0.14454635586221065, -0.4065521201185758, 0.05182264763091654, 0.128863470029706, -0.10194346526242981, 0.051545270499611995, -0.0914838790392952, 0.10845059883259875, 1, -0.22520633011184676, -0.7356760208101993, -0.8152001880378712, -0.11536021781834616, -0.20647309810892667, 0.9637744209448571, 0.4964586960320413]
478.11846923828125	(8, 12, 2)	[0.3022502809701313, -0.9297084361435808, 0.8307771390162966, -0.6545871057411126, -0.587495970475198, 0.7827682520519572, 0.1077037004467476, 0.33359901164653416, -0.47462340098858025, -0.09416236606467532, -0.2974095113665791, -0.20530703187114058, 0.7365879225321859, 0.10700357500546853, 0.46035773892536525, -0.8360271212587633, 0.8393051037821642, -1, -0.9819541874363429, -0.8392631287630334, -0.3318686208087218, -0.9515819857965915, 0.8509779055765436, 0.3486582922678525, 0.1245750439456963, -0.3128234325460897, 0.2542964882067411, 0.6636251886421516, -0.8893781482344374, -0.9920431836079393, -0.6206025046990298, 0.32210994487157585, -0.9571395958954843, 0.4442894525075405, -1, 1, 1, 0.20663326398647497, -0.24708967776204238, 0.7593837984154931, -0.6051885087463786, -0.7802160762522787, 0.3596585746273266, -0.5969158768981515, -0.24212583419147404, 0.8593453573205276, 0.7375231000583846, -0.8155744126380979, -0.032157347200944875, 0.9133695562318502, -1, -0.598844856853858, -0.6880118151859367, 0.47563834124744003, 0.9795596997756, 0.8029240447996402, 0.24749196099706006, -0.23519169595670503, 0.05316719312406756, -0.612125813524067, 0.7369232129089123, -0.220772782894759, 0.3743959630696294, 0.47335899755125277, -0.23950206151229203, 0.6407515907071473, -0.3032645406621572, -0.18421729180406898, -0.37835051799892816, -1, -0.7493581711851434, -0.6712839283518688, 0.8050689443224799, -0.5302069956303568, 0.3747042564981719, 0.5206647711227934, -0.5881936946364419, 0.029047570053738675, -0.7266119544504981, 0.6632482798227199, -0.8015575474610666, 0.20001543534225297, 0.17031198785623913, -0.25488505490161073, -0.250066545624261, 0.4068502963567769, -0.7048388194778659, 0.7414953265770095, -0.5779632292621053, -0.32599516524488725, -0.8026190195314811, 0.44879405117450455, 0.6074232564945277, 0.9137611443950919, -0.6611246157836415, 0.22196760753193212, 0.5737702941652929, 0.430231891765384, -0.8298653998627232, -0.9985409282962976, 0.9480283798338649, 0.46739357317637276, -0.836952247388117, 0.797067274373324, 0.14454635586221065, -0.4065521201185758, 0.05182264763091654, 0.128863470029706, -0.10194346526242981, 0.051545270499611995, 0.055888702302225646, 0.10845059883259875, 0.8960412491876366, -0.22520633011184676, -0.7356760208101993, -0.8152001880378712, -0.11536021781834616, -0.20647309810892667, 0.9637744209448571, 0.4964586960320413]
491.7776794433594	(8, 12, 2)	[0.3022502809701313, -0.9297084361435808, 0.976571918458248, -0.6545871057411126, -0.917695483988987, 0.7827682520519572, 0.1077037004467476, 0.20840319809659222, -0.7201236084953931, -0.12742843632071205, -0.2974095113665791, -0.16889790603469512, 0.7365879225321859, 0.10700357500546853, 0.46035773892536525, -0.8360271212587633, 0.8393051037821642, -1, -0.9819541874363429, -0.8392631287630334, -0.3318686208087218, -0.9515819857965915, 0.8509779055765436, 0.3486582922678525, 0.1245750439456963, -0.3128234325460897, 0.2542964882067411, 0.6636251886421516, -0.8893781482344374, -0.9920431836079393, -0.6206025046990298, 0.32210994487157585, -0.9571395958954843, 0.4442894525075405, -1, 1, 1, 0.20663326398647497, -0.24708967776204238, 0.7593837984154931, -0.6051885087463786, -0.7802160762522787, 0.3596585746273266, -0.5969158768981515, -0.24212583419147404, 0.8593453573205276, 0.7375231000583846, -0.8155744126380979, -0.032157347200944875, 0.9133695562318502, -1, -0.598844856853858, -0.6880118151859367, 0.4814484858348158, 0.9795596997756, 0.8029240447996402, 0.24749196099706006, -0.23519169595670503, 0.05316719312406756, -0.612125813524067, 0.7369232129089123, -0.220772782894759, 0.3743959630696294, 0.47335899755125277, -0.23950206151229203, 0.6279182064206649, -0.3032645406621572, -0.269949235930875, -0.37835051799892816, -0.75851949722919, -0.7493581711851434, -0.6712839283518688, 0.8050689443224799, -0.5302069956303568, 0.19334315414173253, 0.5206647711227934, -0.5881936946364419, 0.029047570053738675, -0.7266119544504981, 0.6632482798227199, -0.8015575474610666, 0.20001543534225297, 0.17031198785623913, -0.1562160491517169, -0.250066545624261, 0.4068502963567769, -0.7048388194778659, 0.7414953265770095, -0.5779632292621053, -0.32599516524488725, -0.8026190195314811, 0.44879405117450455, 0.5672060496815459, 0.9137611443950919, -0.6611246157836415, 0.22196760753193212, 0.5737702941652929, 0.430231891765384, -0.8298653998627232, -0.9985409282962976, 1, 0.46739357317637276, -0.5952071981053632, 0.797067274373324, 0.006940838776594793, -0.4065521201185758, 0.05182264763091654, 0.128863470029706, -0.10194346526242981, 0.051545270499611995, 0.055888702302225646, 0.10845059883259875, 1, -0.22520633011184676, -0.7356760208101993, -0.8152001880378712, -0.11536021781834616, -0.20647309810892667, 0.9637744209448571, 0.21564010535518086]
488.6669921875	(8, 12, 2)	[0.3022502809701313, -0.9297084361435808, 0.976571918458248, -0.6545871057411126, -0.917695483988987, 0.7827682520519572, 0.1077037004467476, 0.20840319809659222, -0.7201236084953931, -0.12742843632071205, -0.2974095113665791, -0.16889790603469512, 0.7365879225321859, 0.38858200027991185, 0.46035773892536525, -0.8360271212587633, 0.8729289901869146, -0.9700074738433917, -0.9819541874363429, -0.8392631287630334, -0.3318686208087218, -1, 0.8509779055765436, 0.3486582922678525, 0.1245750439456963, -0.5050752473868547, 0.4940996998210724, 0.6636251886421516, -0.8893781482344374, -0.9920431836079393, -0.6206025046990298, 0.32210994487157585, -0.9884043320263717, 0.4442894525075405, -1, 1, 1, 0.20663326398647497, -0.24708967776204238, 0.7593837984154931, -0.6051885087463786, -0.7802160762522787, 0.3596585746273266, -0.5969158768981515, -0.24212583419147404, 1, 0.7375231000583846, -0.8155744126380979, -0.032157347200944875, 0.9133695562318502, -1, -0.598844856853858, -0.6880118151859367, 0.6149758961499918, 0.9795596997756, 0.8029240447996402, 0.24749196099706006, -0.23519169595670503, 0.05316719312406756, -0.5650871752354735, 0.5720112930211357, -0.220772782894759, 0.3743959630696294, 0.46144784319475834, -0.23950206151229203, 0.6407515907071473, -0.3032645406621572, -0.18421729180406898, -0.37835051799892816, -0.791064631100183, -0.7005400973202005, -0.6712839283518688, 0.8050689443224799, -0.5302069956303568, 0.19334315414173253, 0.5206647711227934, -0.40387173378470875, -0.04155097484845273, -0.7314715810339478, 0.6632482798227199, -0.8015575474610666, 0.12089073410502377, 0.17031198785623913, -0.25488505490161073, -0.250066545624261, 0.4068502963567769, -0.7048388194778659, 0.7414953265770095, -0.5779632292621053, -0.32599516524488725, -0.8026190195314811, 0.7092605288178309, 0.6074232564945277, 0.9137611443950919, -0.6611246157836415, 0.22196760753193212, 0.5737702941652929, 0.430231891765384, -0.8298653998627232, -0.9985409282962976, 0.9480283798338649, 0.46739357317637276, -0.836952247388117, 0.797067274373324, 0.14454635586221065, -0.4065521201185758, 0.05182264763091654, 0.128863470029706, -0.10194346526242981, 0.051545270499611995, -0.0914838790392952, 0.10845059883259875, 1, -0.22520633011184676, -0.7356760208101993, -0.8152001880378712, -0.11536021781834616, -0.20647309810892667, 0.6729317303001329, 0.4964586960320413]
494.15789794921875	(8, 12, 2)	[0.3022502809701313, -0.9297084361435808, 0.976571918458248, -0.6545871057411126, -0.917695483988987, 0.7827682520519572, 0.1077037004467476, 0.20840319809659222, -0.7201236084953931, -0.12742843632071205, -0.2974095113665791, -0.16889790603469512, 0.7365879225321859, 0.10700357500546853, 0.46035773892536525, -0.8360271212587633, 0.8393051037821642, -1, -0.9819541874363429, -0.8392631287630334, -0.3318686208087218, -0.9515819857965915, 0.8509779055765436, 0.3486582922678525, 0.1245750439456963, -0.3128234325460897, 0.2542964882067411, 0.6636251886421516, -0.8893781482344374, -0.9920431836079393, -0.6206025046990298, 0.32210994487157585, -0.9571395958954843, 0.4442894525075405, -1, 1, 1, 0.20663326398647497, -0.24708967776204238, 0.7593837984154931, -0.6051885087463786, -0.7802160762522787, 0.3596585746273266, -0.5969158768981515, -0.24212583419147404, 0.8593453573205276, 0.7375231000583846, -0.8155744126380979, -0.032157347200944875, 0.9133695562318502, -1, -0.598844856853858, -0.6880118151859367, 0.4814484858348158, 0.9795596997756, 0.8029240447996402, 0.24749196099706006, -0.23519169595670503, 0.05316719312406756, -0.612125813524067, 0.7369232129089123, -0.220772782894759, 0.3743959630696294, 0.3763595407040584, -0.23950206151229203, 0.6279182064206649, -0.3032645406621572, -0.269949235930875, -0.37835051799892816, -0.75851949722919, -0.7493581711851434, -0.6712839283518688, 0.8050689443224799, -0.5302069956303568, 0.19334315414173253, 0.5206647711227934, -0.5881936946364419, 0.029047570053738675, -0.7266119544504981, 0.6632482798227199, -0.8015575474610666, 0.20001543534225297, 0.17031198785623913, -0.1562160491517169, -0.250066545624261, 0.4068502963567769, -0.7048388194778659, 0.7414953265770095, -0.5779632292621053, -0.32599516524488725, -0.8026190195314811, 0.44879405117450455, 0.5672060496815459, 0.9137611443950919, -0.6611246157836415, 0.4328007475848903, 0.5737702941652929, 0.430231891765384, -0.8298653998627232, -0.9985409282962976, 1, 0.46739357317637276, -0.5952071981053632, 0.797067274373324, 0.006940838776594793, -0.4065521201185758, 0.05182264763091654, 0.128863470029706, -0.10194346526242981, 0.051545270499611995, 0.055888702302225646, 0.10845059883259875, 1, -0.22520633011184676, -0.7356760208101993, -0.8152001880378712, -0.11536021781834616, -0.20647309810892667, 0.9637744209448571, 0.21564010535518086]
490.0143737792969	(8, 12, 2)	[0.3022502809701313, -0.9297084361435808, 0.976571918458248, -0.6545871057411126, -0.917695483988987, 0.7827682520519572, 0.1077037004467476, 0.20840319809659222, -0.7201236084953931, -0.12742843632071205, -0.2974095113665791, -0.16889790603469512, 0.7365879225321859, 0.10700357500546853, 0.46035773892536525, -0.8360271212587633, 0.8393051037821642, -1, -0.9819541874363429, -0.8392631287630334, -0.3318686208087218, -0.9515819857965915, 0.8509779055765436, 0.3486582922678525, 0.1245750439456963, -0.3128234325460897, 0.2542964882067411, 0.6636251886421516, -0.8893781482344374, -0.9920431836079393, -0.6206025046990298, 0.32210994487157585, -0.9571395958954843, 0.4442894525075405, -1, 1, 1, 0.20663326398647497, -0.24708967776204238, 0.7593837984154931, -0.6051885087463786, -0.7802160762522787, 0.3596585746273266, -0.5969158768981515, -0.24212583419147404, 0.8593453573205276, 0.7375231000583846, -0.8155744126380979, -0.032157347200944875, 0.9133695562318502, -1, -0.598844856853858, -0.6880118151859367, 0.4814484858348158, 0.9795596997756, 0.8029240447996402, 0.24749196099706006, -0.23519169595670503, 0.05316719312406756, -0.612125813524067, 0.7369232129089123, -0.220772782894759, 0.3743959630696294, 0.47335899755125277, -0.23950206151229203, 0.6279182064206649, -0.3032645406621572, -0.269949235930875, -0.37835051799892816, -0.75851949722919, -0.7493581711851434, -0.6712839283518688, 0.8050689443224799, -0.5302069956303568, 0.19334315414173253, 0.5206647711227934, -0.5881936946364419, 0.029047570053738675, -0.7266119544504981, 0.6632482798227199, -0.8015575474610666, 0.20001543534225297, 0.17031198785623913, -0.1562160491517169, -0.250066545624261, 0.4068502963567769, -0.7048388194778659, 0.7414953265770095, -0.5779632292621053, -0.2055034571572678, -0.8026190195314811, 0.44879405117450455, 0.49523481968830385, 0.9137611443950919, -0.6611246157836415, 0.22196760753193212, 0.5737702941652929, 0.430231891765384, -0.8298653998627232, -0.9985409282962976, 1, 0.46739357317637276, -0.5952071981053632, 0.797067274373324, 0.006940838776594793, -0.4065521201185758, 0.05182264763091654, 0.128863470029706, -0.10194346526242981, 0.051545270499611995, 0.055888702302225646, 0.10845059883259875, 1, -0.22520633011184676, -0.7356760208101993, -0.8152001880378712, -0.11536021781834616, -0.20647309810892667, 0.9637744209448571, 0.21564010535518086]
495.3096618652344	(8, 12, 2)	[0.3022502809701313, -0.9297084361435808, 0.8578252032635789, -0.6545871057411126, -0.587495970475198, 0.7827682520519572, 0.1077037004467476, 0.33359901164653416, -0.47462340098858025, -0.09416236606467532, -0.2974095113665791, -0.20530703187114058, 0.7365879225321859, 0.10700357500546853, 0.46035773892536525, -0.8360271212587633, 0.8393051037821642, -1, -0.9819541874363429, -0.8392631287630334, -0.3318686208087218, -0.9515819857965915, 0.8509779055765436, 0.3486582922678525, 0.1245750439456963, -0.3128234325460897, 0.2542964882067411, 0.6636251886421516, -0.8893781482344374, -0.9920431836079393, -0.6206025046990298, 0.32210994487157585, -0.9571395958954843, 0.4442894525075405, -1, 1, 1, 0.20663326398647497, -0.24708967776204238, 0.7593837984154931, -0.6051885087463786, -0.7802160762522787, 0.3596585746273266, -0.5969158768981515, -0.24212583419147404, 0.8593453573205276, 0.7375231000583846, -0.8155744126380979, -0.032157347200944875, 0.9133695562318502, -1, -0.598844856853858, -0.6880118151859367, 0.4814484858348158, 0.9795596997756, 0.8029240447996402, -0.13337108888802995, -0.23519169595670503, 0.05316719312406756, -0.612125813524067, 0.7369232129089123, -0.220772782894759, 0.3743959630696294, 0.47335899755125277, -0.23950206151229203, 0.6407515907071473, -0.3032645406621572, -0.269949235930875, -0.37835051799892816, -0.75851949722919, -0.7493581711851434, -0.6712839283518688, 0.8050689443224799, -0.5302069956303568, 0.19334315414173253, 0.5206647711227934, -0.5881936946364419, 0.029047570053738675, -0.7266119544504981, 0.6632482798227199, -0.8015575474610666, 0.20001543534225297, 0.17031198785623913, -0.1562160491517169, -0.250066545624261, 0.4068502963567769, -0.7048388194778659, 0.7414953265770095, -0.5779632292621053, -0.32599516524488725, -0.8026190195314811, 0.44879405117450455, 0.5672060496815459, 0.9137611443950919, -0.6611246157836415, 0.22196760753193212, 0.5737702941652929, 0.430231891765384, -0.8298653998627232, -0.9985409282962976, 1, 0.46739357317637276, -0.5952071981053632, 0.797067274373324, 0.006940838776594793, -0.4065521201185758, 0.05182264763091654, 0.128863470029706, -0.10194346526242981, 0.051545270499611995, 0.055888702302225646, 0.10845059883259875, 1, -0.22520633011184676, -0.7356760208101993, -0.8152001880378712, -0.11536021781834616, -0.20647309810892667, 0.9637744209448571, 0.21564010535518086]
495.1675109863281	(8, 12, 2)	[0.3022502809701313, -0.9297084361435808, 0.8578252032635789, -0.6545871057411126, -0.587495970475198, 0.7827682520519572, 0.1077037004467476, 0.33359901164653416, -0.47462340098858025, -0.09416236606467532, -0.2974095113665791, -0.20530703187114058, 0.7365879225321859, 0.10700357500546853, 0.46035773892536525, -0.8360271212587633, 0.8393051037821642, -1, -0.9819541874363429, -0.8392631287630334, -0.3318686208087218, -0.9515819857965915, 0.8509779055765436, 0.3486582922678525, 0.1245750439456963, -0.3128234325460897, 0.2542964882067411, 0.6636251886421516, -0.8893781482344374, -0.9920431836079393, -0.6206025046990298, 0.32210994487157585, -0.9571395958954843, 0.4442894525075405, -1, 1, 1, 0.20663326398647497, -0.24708967776204238, 0.7593837984154931, -0.6051885087463786, -0.7802160762522787, 0.3596585746273266, -0.5969158768981515, -0.24212583419147404, 0.8593453573205276, 0.7375231000583846, -0.8155744126380979, -0.032157347200944875, 0.9133695562318502, -1, -0.598844856853858, -0.6880118151859367, 0.4814484858348158, 0.9795596997756, 0.8029240447996402, -0.13337108888802995, -0.23519169595670503, 0.05316719312406756, -0.612125813524067, 0.7369232129089123, -0.220772782894759, 0.3743959630696294, 0.47335899755125277, -0.23950206151229203, 0.6407515907071473, -0.3032645406621572, -0.269949235930875, -0.37835051799892816, -0.75851949722919, -0.7493581711851434, -0.6712839283518688, 0.8050689443224799, -0.5302069956303568, 0.19334315414173253, 0.5206647711227934, -0.5881936946364419, 0.029047570053738675, -0.7266119544504981, 0.6632482798227199, -0.8015575474610666, 0.20001543534225297, 0.17031198785623913, -0.1562160491517169, -0.250066545624261, 0.4068502963567769, -0.7048388194778659, 0.7414953265770095, -0.5779632292621053, -0.32599516524488725, -0.8026190195314811, 0.44879405117450455, 0.5672060496815459, 0.9137611443950919, -0.6611246157836415, 0.22196760753193212, 0.5737702941652929, 0.430231891765384, -0.8298653998627232, -0.9985409282962976, 1, 0.46739357317637276, -0.5952071981053632, 0.797067274373324, 0.006940838776594793, -0.4065521201185758, 0.05182264763091654, 0.128863470029706, -0.10194346526242981, 0.051545270499611995, 0.055888702302225646, 0.10845059883259875, 1, -0.22520633011184676, -0.7356760208101993, -0.8152001880378712, -0.11536021781834616, -0.20647309810892667, 0.9637744209448571, 0.21564010535518086]
490.6439208984375	(8, 12, 2)	[0.3022502809701313, -0.9297084361435808, 0.976571918458248, -0.6545871057411126, -0.917695483988987, 0.7827682520519572, 0.1077037004467476, 0.20840319809659222, -0.7201236084953931, -0.12742843632071205, -0.2974095113665791, -0.16889790603469512, 0.7365879225321859, 0.10700357500546853, 0.46035773892536525, -0.8360271212587633, 0.8393051037821642, -1, -0.9819541874363429, -0.8392631287630334, -0.3318686208087218, -0.9515819857965915, 0.8509779055765436, 0.3486582922678525, 0.1245750439456963, -0.3128234325460897, 0.2542964882067411, 0.6636251886421516, -0.8893781482344374, -0.9920431836079393, -0.6206025046990298, 0.32210994487157585, -0.9571395958954843, 0.4442894525075405, -1, 1, 1, 0.20663326398647497, -0.24708967776204238, 0.7593837984154931, -0.6051885087463786, -0.7802160762522787, 0.3596585746273266, -0.5969158768981515, -0.24212583419147404, 0.8593453573205276, 0.7375231000583846, -0.8155744126380979, -0.032157347200944875, 0.9133695562318502, -1, -0.598844856853858, -0.6880118151859367, 0.4814484858348158, 0.9795596997756, 0.8029240447996402, 0.24749196099706006, -0.23519169595670503, 0.05316719312406756, -0.612125813524067, 0.7369232129089123, -0.220772782894759, 0.3743959630696294, 0.47335899755125277, -0.23950206151229203, 0.6407515907071473, -0.3032645406621572, -0.269949235930875, -0.37835051799892816, -0.75851949722919, -0.7493581711851434, -0.6712839283518688, 0.8050689443224799, -0.5302069956303568, 0.19334315414173253, 0.5206647711227934, -0.5881936946364419, 0.029047570053738675, -0.7266119544504981, 0.6632482798227199, -0.8015575474610666, 0.20001543534225297, 0.17031198785623913, -0.1562160491517169, -0.250066545624261, 0.4068502963567769, -0.7048388194778659, 0.7414953265770095, -0.5779632292621053, -0.2055034571572678, -0.8026190195314811, 0.44879405117450455, 0.49523481968830385, 0.9137611443950919, -0.6611246157836415, 0.22196760753193212, 0.5737702941652929, 0.430231891765384, -0.8298653998627232, -0.9985409282962976, 1, 0.46739357317637276, -0.5952071981053632, 0.797067274373324, 0.006940838776594793, -0.4065521201185758, 0.05182264763091654, 0.2756357326798048, -0.10194346526242981, 0.051545270499611995, 0.055888702302225646, 0.10845059883259875, 1, -0.22520633011184676, -0.7356760208101993, -0.8152001880378712, -0.11536021781834616, -0.20647309810892667, 0.9637744209448571, 0.21564010535518086]
489.8832702636719	(8, 12, 2)	[0.3022502809701313, -0.9297084361435808, 0.976571918458248, -0.6545871057411126, -0.7685063038014688, 0.7827682520519572, 0.1077037004467476, 0.20840319809659222, -0.7201236084953931, -0.12742843632071205, -0.2974095113665791, -0.16889790603469512, 0.7365879225321859, 0.10700357500546853, 0.46035773892536525, -0.8360271212587633, 0.8393051037821642, -1, -0.9819541874363429, -0.8392631287630334, -0.3318686208087218, -0.9515819857965915, 0.8509779055765436, 0.3486582922678525, 0.1245750439456963, -0.3128234325460897, 0.2542964882067411, 0.6636251886421516, -0.8893781482344374, -0.9920431836079393, -0.6206025046990298, 0.23236294827826237, -0.9571395958954843, 0.4442894525075405, -1, 1, 1, 0.20663326398647497, -0.24708967776204238, 0.7593837984154931, -0.6051885087463786, -0.7802160762522787, 0.3596585746273266, -0.5969158768981515, -0.24212583419147404, 1, 0.7375231000583846, -0.8155744126380979, -0.032157347200944875, 0.9133695562318502, -1, -0.598844856853858, -0.6880118151859367, 0.6149758961499918, 0.9795596997756, 0.8029240447996402, 0.24749196099706006, -0.23519169595670503, 0.05316719312406756, -0.5650871752354735, 0.48413661967816946, -0.220772782894759, 0.3743959630696294, 0.5240825370893895, -0.23950206151229203, 0.6279182064206649, -0.3032645406621572, -0.269949235930875, -0.37835051799892816, -0.75851949722919, -0.7493581711851434, -0.6712839283518688, 0.8050689443224799, -0.5927740760214371, 0.19334315414173253, 0.5206647711227934, -0.5881936946364419, 0.029047570053738675, -0.7266119544504981, 0.6632482798227199, -0.8015575474610666, 0.20001543534225297, 0.17031198785623913, -0.1562160491517169, -0.250066545624261, 0.4068502963567769, -0.7048388194778659, 0.7414953265770095, -0.5779632292621053, -0.2055034571572678, -0.8026190195314811, 0.44879405117450455, 0.49523481968830385, 0.9137611443950919, -0.6611246157836415, 0.4926320594969846, 0.5737702941652929, 0.430231891765384, -0.8298653998627232, -0.9985409282962976, 1, 0.46739357317637276, -0.5952071981053632, 0.797067274373324, 0.006940838776594793, -0.4065521201185758, 0.05182264763091654, 0.2756357326798048, -0.10194346526242981, 0.051545270499611995, 0.055888702302225646, 0.10845059883259875, 0.8960412491876366, -0.22520633011184676, -0.7356760208101993, -0.8152001880378712, -0.11536021781834616, -0.20647309810892667, 0.9637744209448571, 0.4964586960320413]
489.6231384277344	(8, 12, 2)	[0.3022502809701313, -0.9297084361435808, 0.976571918458248, -0.6545871057411126, -0.7685063038014688, 0.7827682520519572, 0.1077037004467476, 0.20840319809659222, -0.7201236084953931, -0.12742843632071205, -0.2974095113665791, -0.16889790603469512, 0.7365879225321859, 0.10700357500546853, 0.46035773892536525, -0.8360271212587633, 0.8393051037821642, -1, -0.9819541874363429, -0.8392631287630334, -0.3318686208087218, -0.9515819857965915, 0.8509779055765436, 0.3486582922678525, 0.1245750439456963, -0.3128234325460897, 0.2542964882067411, 0.6636251886421516, -0.8893781482344374, -0.9920431836079393, -0.6206025046990298, 0.23236294827826237, -0.9571395958954843, 0.4442894525075405, -1, 1, 1, 0.20663326398647497, -0.24708967776204238, 0.7593837984154931, -0.6051885087463786, -0.7802160762522787, 0.3596585746273266, -0.5969158768981515, -0.24212583419147404, 1, 0.7375231000583846, -0.8155744126380979, -0.032157347200944875, 0.9133695562318502, -1, -0.598844856853858, -0.6880118151859367, 0.6149758961499918, 0.9795596997756, 0.8029240447996402, 0.24749196099706006, -0.23519169595670503, 0.05316719312406756, -0.612125813524067, 0.7369232129089123, -0.220772782894759, 0.3743959630696294, 0.47335899755125277, -0.23950206151229203, 0.6407515907071473, -0.3032645406621572, -0.269949235930875, -0.37835051799892816, -0.75851949722919, -0.7493581711851434, -0.6712839283518688, 0.8050689443224799, -0.5302069956303568, 0.19334315414173253, 0.5206647711227934, -0.5881936946364419, 0.029047570053738675, -0.7266119544504981, 0.6632482798227199, -0.8015575474610666, 0.20001543534225297, 0.17031198785623913, -0.1562160491517169, -0.250066545624261, 0.4068502963567769, -0.7048388194778659, 0.7414953265770095, -0.5779632292621053, -0.2055034571572678, -0.8026190195314811, 0.44879405117450455, 0.49523481968830385, 0.9137611443950919, -0.6611246157836415, 0.22196760753193212, 0.5737702941652929, 0.430231891765384, -0.8298653998627232, -0.9985409282962976, 1, 0.46739357317637276, -0.5952071981053632, 0.797067274373324, 0.006940838776594793, -0.4065521201185758, 0.05182264763091654, 0.128863470029706, 0.13805334194534535, 0.051545270499611995, 0.055888702302225646, 0.10845059883259875, 0.8960412491876366, -0.22520633011184676, -0.7356760208101993, -0.8152001880378712, -0.11536021781834616, -0.20647309810892667, 0.9637744209448571, 0.4964586960320413]
486.7304992675781	(8, 12, 2)	[0.3022502809701313, -0.9297084361435808, 0.8578252032635789, -0.6545871057411126, -0.587495970475198, 0.7827682520519572, 0.1077037004467476, 0.33359901164653416, -0.47462340098858025, -0.09416236606467532, -0.2974095113665791, -0.20530703187114058, 0.7365879225321859, 0.10700357500546853, 0.46035773892536525, -0.8360271212587633, 0.8393051037821642, -1, -0.9819541874363429, -0.8392631287630334, -0.3318686208087218, -1, 0.8509779055765436, 0.3486582922678525, 0.1245750439456963, -0.3128234325460897, 0.2542964882067411, 0.6636251886421516, -0.8893781482344374, -0.9920431836079393, -0.6206025046990298, 0.32210994487157585, -0.9571395958954843, 0.4442894525075405, -1, 1, 1, 0.20663326398647497, -0.24708967776204238, 0.7593837984154931, -0.6051885087463786, -0.7802160762522787, 0.3596585746273266, -0.5969158768981515, -0.24212583419147404, 1, 0.7375231000583846, -0.8155744126380979, -0.032157347200944875, 0.9133695562318502, -1, -0.598844856853858, -0.6880118151859367, 0.6149758961499918, 0.9795596997756, 0.8029240447996402, 0.24749196099706006, -0.23519169595670503, 0.05316719312406756, -0.5650871752354735, 0.48413661967816946, -0.220772782894759, 0.3743959630696294, 0.5240825370893895, -0.23950206151229203, 0.6279182064206649, -0.3032645406621572, -0.269949235930875, -0.37835051799892816, -0.75851949722919, -0.7493581711851434, -0.6712839283518688, 0.8050689443224799, -0.5927740760214371, 0.19334315414173253, 0.5206647711227934, -0.5881936946364419, 0.029047570053738675, -0.7266119544504981, 0.6632482798227199, -0.8015575474610666, 0.20001543534225297, 0.17031198785623913, -0.1562160491517169, -0.250066545624261, 0.4068502963567769, -0.7048388194778659, 0.7414953265770095, -0.5779632292621053, -0.2055034571572678, -0.8026190195314811, 0.44879405117450455, 0.49523481968830385, 0.9137611443950919, -0.6611246157836415, 0.22196760753193212, 0.5737702941652929, 0.430231891765384, -0.8298653998627232, -0.9985409282962976, 1, 0.46739357317637276, -0.836952247388117, 0.5370122179121358, 0.14454635586221065, -0.4065521201185758, 0.05182264763091654, 0.128863470029706, -0.10194346526242981, 0.051545270499611995, 0.055888702302225646, 0.10845059883259875, 0.8422297609487209, -0.22520633011184676, -0.7356760208101993, -0.8152001880378712, -0.11536021781834616, -0.20647309810892667, 0.9637744209448571, 0.21564010535518086]
493.8083190917969	(8, 12, 2)	[0.3022502809701313, -0.9297084361435808, 0.8578252032635789, -0.6545871057411126, -0.587495970475198, 0.7827682520519572, 0.1077037004467476, 0.33359901164653416, -0.47462340098858025, -0.12742843632071205, -0.2974095113665791, -0.16889790603469512, 0.7365879225321859, 0.10700357500546853, 0.46035773892536525, -0.8360271212587633, 0.8393051037821642, -1, -0.9819541874363429, -0.8392631287630334, -0.3318686208087218, -0.9515819857965915, 0.8509779055765436, 0.3486582922678525, 0.1245750439456963, -0.3128234325460897, 0.2542964882067411, 0.6636251886421516, -0.8893781482344374, -0.9920431836079393, -0.6206025046990298, 0.5461855504496931, -0.9571395958954843, 0.4442894525075405, -1, 1, 1, 0.20663326398647497, -0.24708967776204238, 0.7593837984154931, -0.6051885087463786, -0.7802160762522787, 0.3596585746273266, -0.22606691080639646, -0.24212583419147404, 0.8593453573205276, 0.7375231000583846, -0.8155744126380979, -0.032157347200944875, 0.9133695562318502, -1, -0.598844856853858, -0.6880118151859367, 0.4814484858348158, 0.9795596997756, 0.8029240447996402, -0.13337108888802995, -0.23519169595670503, 0.04181540522739407, -0.612125813524067, 0.7369232129089123, -0.220772782894759, 0.3743959630696294, 0.47335899755125277, -0.23950206151229203, 0.6279182064206649, -0.3032645406621572, -0.41773483934125943, -0.37835051799892816, -0.75851949722919, -0.7493581711851434, -0.6712839283518688, 0.8050689443224799, -0.5302069956303568, 0.19334315414173253, 0.5206647711227934, -0.5881936946364419, 0.23371618718251097, -0.7266119544504981, 0.6632482798227199, -0.8015575474610666, 0.20001543534225297, 0.17031198785623913, -0.1562160491517169, -0.250066545624261, 0.4068502963567769, -0.7048388194778659, 0.7414953265770095, -0.5779632292621053, -0.32599516524488725, -0.8026190195314811, 0.44879405117450455, 0.5672060496815459, 0.9137611443950919, -0.6611246157836415, 0.22196760753193212, 0.4671425255450946, 0.430231891765384, -0.8298653998627232, -0.7240702925744193, 1, 0.46739357317637276, -0.5952071981053632, 0.5370122179121358, 0.14454635586221065, -0.4065521201185758, 0.05182264763091654, 0.128863470029706, -0.10194346526242981, 0.051545270499611995, 0.055888702302225646, 0.10845059883259875, 1, -0.22520633011184676, -0.7356760208101993, -0.8152001880378712, -0.11536021781834616, -0.20647309810892667, 0.9637744209448571, 0.21564010535518086]
487.59423828125	(8, 12, 2)	[0.3022502809701313, -0.9297084361435808, 0.8578252032635789, -0.6545871057411126, -0.587495970475198, 0.7827682520519572, 0.1077037004467476, 0.33359901164653416, -0.47462340098858025, -0.12742843632071205, -0.2974095113665791, -0.16889790603469512, 0.7365879225321859, 0.10700357500546853, 0.46035773892536525, -0.8360271212587633, 0.8393051037821642, -1, -0.9819541874363429, -0.8392631287630334, -0.3318686208087218, -0.9515819857965915, 0.8509779055765436, 0.3486582922678525, 0.1245750439456963, -0.3128234325460897, 0.2542964882067411, 0.6636251886421516, -0.8893781482344374, -0.9920431836079393, -0.6206025046990298, 0.5461855504496931, -0.9571395958954843, 0.4442894525075405, -1, 1, 1, 0.20663326398647497, -0.24708967776204238, 0.7593837984154931, -0.6051885087463786, -0.7802160762522787, 0.3596585746273266, -0.5969158768981515, -0.24212583419147404, 0.8593453573205276, 0.7375231000583846, -0.8155744126380979, -0.032157347200944875, 0.9133695562318502, -1, -0.598844856853858, -0.6880118151859367, 0.4814484858348158, 0.9795596997756, 0.8029240447996402, -0.13337108888802995, -0.23519169595670503, 0.04181540522739407, -0.612125813524067, 0.7369232129089123, -0.220772782894759, 0.3069970581101473, 0.47335899755125277, -0.23950206151229203, 0.6279182064206649, -0.3032645406621572, -0.4222451081819016, -0.37835051799892816, -0.75851949722919, -0.7493581711851434, -0.6712839283518688, 0.8050689443224799, -0.5302069956303568, 0.19334315414173253, 0.5206647711227934, -0.5881936946364419, 0.23371618718251097, -0.7266119544504981, 0.6632482798227199, -0.8015575474610666, 0.20001543534225297, 0.17031198785623913, -0.1562160491517169, -0.250066545624261, 0.4068502963567769, -0.7048388194778659, 0.7414953265770095, -0.5779632292621053, -0.32599516524488725, -0.8026190195314811, 0.44879405117450455, 0.5672060496815459, 1, -0.6611246157836415, 0.22196760753193212, 0.4671425255450946, 0.430231891765384, -0.8298653998627232, -0.7240702925744193, 1, 0.46739357317637276, -0.5952071981053632, 0.5370122179121358, 0.14454635586221065, -0.4065521201185758, 0.05182264763091654, 0.128863470029706, -0.10194346526242981, 0.051545270499611995, 0.055888702302225646, 0.10845059883259875, 1, -0.22520633011184676, -0.7356760208101993, -0.8152001880378712, -0.11536021781834616, -0.20647309810892667, 0.9637744209448571, 0.21564010535518086]
487.9569396972656	(8, 12, 2)	[0.3022502809701313, -0.9297084361435808, 0.8578252032635789, -0.6545871057411126, -0.4964379529955727, 0.7827682520519572, 0.1077037004467476, 0.20840319809659222, -0.7201236084953931, -0.12742843632071205, -0.3126852166451508, -0.16889790603469512, 0.7365879225321859, 0.10700357500546853, 0.46035773892536525, -0.8360271212587633, 0.8393051037821642, -1, -0.9819541874363429, -0.8392631287630334, -0.3318686208087218, -0.9515819857965915, 0.8509779055765436, 0.3486582922678525, 0.1245750439456963, -0.3128234325460897, 0.4882453053695728, 0.6636251886421516, -0.8893781482344374, -0.9920431836079393, -0.6206025046990298, 0.32210994487157585, -0.9571395958954843, 0.4442894525075405, -1, 1, 1, 0.20663326398647497, -0.24708967776204238, 0.7593837984154931, -0.6051885087463786, -0.7802160762522787, 0.1312015687511918, -0.5969158768981515, -0.24212583419147404, 0.8593453573205276, 0.7375231000583846, -0.8155744126380979, -0.032157347200944875, 0.9133695562318502, -1, -0.598844856853858, -0.6880118151859367, 0.4814484858348158, 0.9795596997756, 0.8029240447996402, -0.13337108888802995, -0.23519169595670503, 0.04181540522739407, -0.612125813524067, 0.7369232129089123, -0.220772782894759, 0.3743959630696294, 0.47335899755125277, -0.23950206151229203, 0.6407515907071473, -0.22323911522204265, -0.269949235930875, -0.37835051799892816, -0.75851949722919, -0.7493581711851434, -0.6712839283518688, 0.8050689443224799, -0.5302069956303568, 0.19334315414173253, 0.5206647711227934, -0.5881936946364419, 0.029047570053738675, -0.7266119544504981, 0.6632482798227199, -0.8015575474610666, 0.20001543534225297, 0.17031198785623913, -0.09339496243969743, -0.250066545624261, 0.4068502963567769, -0.7048388194778659, 0.7414953265770095, -0.5779632292621053, -0.32599516524488725, -0.8026190195314811, 0.44879405117450455, 0.5672060496815459, 0.9137611443950919, -0.6611246157836415, 0.22196760753193212, 0.5737702941652929, 0.430231891765384, -0.8298653998627232, -0.7240702925744193, 1, 0.46739357317637276, -0.5952071981053632, 0.797067274373324, 0.006940838776594793, -0.4065521201185758, 0.05182264763091654, 0.128863470029706, -0.10194346526242981, 0.051545270499611995, 0.055888702302225646, 0.10845059883259875, 1, -0.22520633011184676, -0.7356760208101993, -0.8152001880378712, -0.11536021781834616, -0.20647309810892667, 0.9637744209448571, 0.21564010535518086]
488.8599548339844	(8, 12, 2)	[0.3022502809701313, -0.9297084361435808, 0.8578252032635789, -0.6545871057411126, -0.587495970475198, 0.7827682520519572, 0.1077037004467476, 0.33359901164653416, -0.47462340098858025, -0.023299063350125215, -0.2974095113665791, -0.16889790603469512, 0.7365879225321859, 0.10700357500546853, 0.46035773892536525, -0.8360271212587633, 0.8393051037821642, -1, -0.9819541874363429, -0.8392631287630334, -0.3318686208087218, -1, 0.8509779055765436, 0.3486582922678525, 0.1245750439456963, -0.3128234325460897, 0.2542964882067411, 0.6636251886421516, -0.8893781482344374, -0.9920431836079393, -0.6206025046990298, 0.5461855504496931, -0.9571395958954843, 0.4442894525075405, -1, 1, 1, 0.20663326398647497, -0.24708967776204238, 0.7593837984154931, -0.6051885087463786, -0.7802160762522787, 0.3596585746273266, -0.5969158768981515, -0.24212583419147404, 1, 0.7375231000583846, -0.8155744126380979, -0.032157347200944875, 0.9133695562318502, -1, -0.598844856853858, -0.6880118151859367, 0.4814484858348158, 0.9795596997756, 0.8029240447996402, -0.13337108888802995, -0.23519169595670503, 0.04181540522739407, -0.612125813524067, 0.7369232129089123, -0.220772782894759, 0.3743959630696294, 0.47335899755125277, -0.23950206151229203, 0.6279182064206649, -0.3032645406621572, -0.41773483934125943, -0.37835051799892816, -0.75851949722919, -0.7493581711851434, -0.6712839283518688, 0.8050689443224799, -0.5302069956303568, 0.19334315414173253, 0.5206647711227934, -0.5881936946364419, 0.23371618718251097, -0.7266119544504981, 0.6632482798227199, -0.8015575474610666, 0.20001543534225297, 0.17031198785623913, -0.1562160491517169, -0.250066545624261, 0.4068502963567769, -0.7048388194778659, 0.7414953265770095, -0.5779632292621053, -0.32599516524488725, -0.8026190195314811, 0.44879405117450455, 0.5672060496815459, 0.9137611443950919, -0.6611246157836415, 0.22196760753193212, 0.4671425255450946, 0.430231891765384, -0.8298653998627232, -0.7240702925744193, 1, 0.46739357317637276, -0.5952071981053632, 0.5370122179121358, 0.14454635586221065, -0.4065521201185758, 0.05182264763091654, 0.128863470029706, -0.10194346526242981, 0.051545270499611995, 0.055888702302225646, 0.10845059883259875, 1, -0.22520633011184676, -0.7356760208101993, -0.8152001880378712, -0.11536021781834616, -0.20647309810892667, 0.9637744209448571, 0.21564010535518086]
493.88201904296875	(8, 12, 2)	[0.3022502809701313, -1, 0.8578252032635789, -0.6545871057411126, -0.587495970475198, 0.7827682520519572, 0.1077037004467476, 0.33359901164653416, -0.47462340098858025, -0.12742843632071205, -0.2974095113665791, -0.16889790603469512, 0.7365879225321859, 0.10700357500546853, 0.46035773892536525, -0.8360271212587633, 0.8393051037821642, -1, -0.9819541874363429, -0.8392631287630334, -0.3318686208087218, -0.9515819857965915, 0.8509779055765436, 0.3486582922678525, -0.1086290766463173, -0.3128234325460897, 0.2542964882067411, 0.6636251886421516, -0.8893781482344374, -0.9920431836079393, -0.6206025046990298, 0.32210994487157585, -0.9571395958954843, 0.4442894525075405, -1, 1, 1, 0.20663326398647497, -0.24708967776204238, 0.8520450476360086, -0.6051885087463786, -0.7802160762522787, 0.3596585746273266, -0.5969158768981515, -0.24212583419147404, 0.8593453573205276, 0.7375231000583846, -0.8155744126380979, -0.032157347200944875, 0.8272785677524799, -1, -0.598844856853858, -0.6880118151859367, 0.4814484858348158, 0.9795596997756, 0.8029240447996402, -0.13337108888802995, -0.23519169595670503, 0.04181540522739407, -0.612125813524067, 0.7369232129089123, -0.220772782894759, 0.3069970581101473, 0.47335899755125277, -0.23950206151229203, 0.6279182064206649, -0.3032645406621572, -0.4222451081819016, -0.37835051799892816, -0.75851949722919, -0.7493581711851434, -0.6712839283518688, 0.8050689443224799, -0.5302069956303568, 0.19334315414173253, 0.5206647711227934, -0.5881936946364419, 0.23371618718251097, -0.7266119544504981, 0.6632482798227199, -0.85031213317196, 0.20001543534225297, 0.17031198785623913, -0.1562160491517169, -0.250066545624261, 0.4068502963567769, -0.7048388194778659, 0.7414953265770095, -0.5779632292621053, -0.32599516524488725, -0.8026190195314811, 0.44879405117450455, 0.5672060496815459, 0.9137611443950919, -0.6611246157836415, 0.22196760753193212, 0.4671425255450946, 0.430231891765384, -0.8298653998627232, -0.7240702925744193, 1, 0.46739357317637276, -0.5952071981053632, 0.6275862465284019, 0.14454635586221065, -0.4065521201185758, 0.05182264763091654, 0.128863470029706, -0.10194346526242981, 0.051545270499611995, 0.055888702302225646, 0.10845059883259875, 1, -0.22520633011184676, -0.7356760208101993, -0.8152001880378712, -0.11536021781834616, -0.20647309810892667, 1, 0.21564010535518086]
488.955322265625	(8, 12, 2)	[0.3022502809701313, -0.9297084361435808, 0.976571918458248, -0.6545871057411126, -0.7685063038014688, 0.7827682520519572, 0.1077037004467476, 0.20840319809659222, -0.7201236084953931, -0.12742843632071205, -0.2974095113665791, -0.16889790603469512, 0.7365879225321859, 0.10700357500546853, 0.46035773892536525, -0.8360271212587633, 0.8393051037821642, -1, -0.9819541874363429, -0.8392631287630334, -0.3318686208087218, -0.9515819857965915, 0.8509779055765436, 0.3486582922678525, 0.1245750439456963, -0.3128234325460897, 0.2542964882067411, 0.6636251886421516, -0.8893781482344374, -0.9920431836079393, -0.4860938573069362, 0.32210994487157585, -0.9571395958954843, 0.4442894525075405, -1, 1, 1, 0.20663326398647497, -0.24708967776204238, 0.7593837984154931, -0.6051885087463786, -0.7802160762522787, 0.3596585746273266, -0.5969158768981515, -0.24212583419147404, 0.8593453573205276, 0.7375231000583846, -0.8155744126380979, -0.19855641739092073, 0.9133695562318502, -1, -0.598844856853858, -0.6880118151859367, 0.4814484858348158, 0.9795596997756, 0.8029240447996402, -0.13337108888802995, -0.23519169595670503, 0.04181540522739407, -0.612125813524067, 0.7369232129089123, -0.220772782894759, 0.3743959630696294, 0.47335899755125277, -0.23950206151229203, 0.6279182064206649, -0.3032645406621572, -0.41773483934125943, -0.37835051799892816, -0.75851949722919, -0.7493581711851434, -0.6712839283518688, 0.8050689443224799, -0.5302069956303568, 0.19334315414173253, 0.5206647711227934, -0.5881936946364419, 0.23371618718251097, -0.7266119544504981, 0.6632482798227199, -0.85031213317196, 0.20001543534225297, 0.17031198785623913, -0.1562160491517169, -0.250066545624261, 0.4068502963567769, -0.7048388194778659, 0.7414953265770095, -0.5779632292621053, -0.2055034571572678, -0.8026190195314811, 0.44879405117450455, 0.49523481968830385, 0.9137611443950919, -0.6611246157836415, 0.22196760753193212, 0.31505581302864655, 0.430231891765384, -0.8298653998627232, -0.9985409282962976, 1, 0.46739357317637276, -0.5952071981053632, 0.797067274373324, 0.006940838776594793, -0.4065521201185758, 0.05182264763091654, 0.128863470029706, -0.10194346526242981, 0.051545270499611995, 0.055888702302225646, 0.10845059883259875, 0.8960412491876366, -0.22520633011184676, -0.7356760208101993, -0.8152001880378712, -0.11536021781834616, -0.20647309810892667, 0.9637744209448571, 0.4964586960320413]
490.35345458984375	(8, 12, 2)	[0.3022502809701313, -0.9297084361435808, 0.976571918458248, -0.6545871057411126, -0.7685063038014688, 0.7827682520519572, 0.1077037004467476, 0.20840319809659222, -0.7201236084953931, -0.12742843632071205, -0.2974095113665791, -0.16889790603469512, 0.7365879225321859, 0.10700357500546853, 0.46035773892536525, -0.8360271212587633, 0.8393051037821642, -1, -0.9819541874363429, -0.8392631287630334, -0.3318686208087218, -0.9515819857965915, 0.8509779055765436, 0.3486582922678525, -0.1086290766463173, -0.3128234325460897, 0.2542964882067411, 0.6636251886421516, -0.8893781482344374, -0.9920431836079393, -0.6206025046990298, 0.5461855504496931, -0.9571395958954843, 0.4442894525075405, -1, 1, 1, 0.20663326398647497, -0.24708967776204238, 0.7593837984154931, -0.6051885087463786, -0.7802160762522787, 0.3596585746273266, -0.5969158768981515, -0.24212583419147404, 0.8593453573205276, 0.7375231000583846, -0.8155744126380979, -0.032157347200944875, 0.8272785677524799, -1, -0.598844856853858, -0.6880118151859367, 0.4814484858348158, 0.9795596997756, 0.8029240447996402, -0.13337108888802995, -0.23519169595670503, 0.04181540522739407, -0.612125813524067, 0.7369232129089123, -0.220772782894759, 0.3069970581101473, 0.47335899755125277, -0.23950206151229203, 0.6279182064206649, -0.3032645406621572, -0.4222451081819016, -0.37835051799892816, -0.75851949722919, -0.7493581711851434, -0.6712839283518688, 0.7053761699036406, -0.5302069956303568, 0.19334315414173253, 0.5206647711227934, -0.5881936946364419, 0.23371618718251097, -0.7266119544504981, 0.6632482798227199, -0.85031213317196, 0.20001543534225297, 0.17031198785623913, -0.1562160491517169, -0.250066545624261, 0.4068502963567769, -0.7048388194778659, 0.7414953265770095, -0.5779632292621053, -0.32599516524488725, -0.8026190195314811, 0.44879405117450455, 0.49523481968830385, 0.9137611443950919, -0.7278948536395596, 0.22196760753193212, 0.5737702941652929, 0.430231891765384, -0.8298653998627232, -1, 1, 0.46739357317637276, -0.5952071981053632, 0.797067274373324, 0.006940838776594793, -0.4065521201185758, 0.05182264763091654, 0.128863470029706, -0.10194346526242981, 0.051545270499611995, 0.055888702302225646, 0.10845059883259875, 0.8960412491876366, -0.22520633011184676, -0.7356760208101993, -0.8152001880378712, -0.11536021781834616, -0.20647309810892667, 0.9637744209448571, 0.4964586960320413]
489.33135986328125	(8, 12, 2)	[0.3022502809701313, -0.9297084361435808, 0.976571918458248, -0.6545871057411126, -0.7685063038014688, 0.7827682520519572, 0.1077037004467476, 0.20840319809659222, -0.7201236084953931, -0.12742843632071205, -0.30995000396250383, -0.16889790603469512, 0.7365879225321859, 0.10700357500546853, 0.46035773892536525, -0.8360271212587633, 0.8393051037821642, -1, -0.9819541874363429, -0.8392631287630334, -0.3318686208087218, -0.9515819857965915, 0.8509779055765436, 0.3486582922678525, 0.1245750439456963, -0.3128234325460897, 0.2542964882067411, 0.6636251886421516, -0.8893781482344374, -0.9920431836079393, -0.6206025046990298, 0.32210994487157585, -0.9571395958954843, 0.4442894525075405, -1, 1, 1, 0.20663326398647497, -0.24708967776204238, 0.8520450476360086, -0.6051885087463786, -0.7802160762522787, 0.3596585746273266, -0.5969158768981515, -0.24212583419147404, 0.8593453573205276, 0.7375231000583846, -0.8155744126380979, -0.032157347200944875, 0.8272785677524799, -1, -0.598844856853858, -0.6880118151859367, 0.4814484858348158, 0.9795596997756, 0.8029240447996402, -0.13337108888802995, -0.23519169595670503, 0.04181540522739407, -0.612125813524067, 0.7369232129089123, -0.220772782894759, 0.3069970581101473, 0.5797082312760697, -0.23950206151229203, 0.6279182064206649, -0.3032645406621572, -0.4222451081819016, -0.37835051799892816, -0.75851949722919, -0.7493581711851434, -0.6712839283518688, 0.8050689443224799, -0.5302069956303568, 0.19334315414173253, 0.5206647711227934, -0.5881936946364419, 0.23371618718251097, -0.7266119544504981, 0.6632482798227199, -0.85031213317196, 0.20001543534225297, 0.17031198785623913, -0.1562160491517169, -0.250066545624261, 0.5700493117556554, -0.7048388194778659, 0.7414953265770095, -0.5779632292621053, -0.2055034571572678, -0.8026190195314811, 0.44879405117450455, 0.49523481968830385, 0.9137611443950919, -0.6611246157836415, 0.22196760753193212, 0.07545707887789863, 0.430231891765384, -0.8298653998627232, -0.9985409282962976, 1, 0.46739357317637276, -0.5952071981053632, 0.797067274373324, 0.006940838776594793, -0.4065521201185758, 0.05182264763091654, 0.128863470029706, -0.10194346526242981, 0.051545270499611995, 0.055888702302225646, 0.10845059883259875, 0.8960412491876366, -0.22520633011184676, -0.7356760208101993, -0.8152001880378712, -0.11536021781834616, -0.20647309810892667, 0.9637744209448571, 0.4964586960320413]
490.84576416015625	(8, 12, 2)	[0.3022502809701313, -0.9297084361435808, 0.976571918458248, -0.6545871057411126, -0.7685063038014688, 0.7827682520519572, 0.1077037004467476, 0.20840319809659222, -0.7201236084953931, -0.12742843632071205, -0.30995000396250383, -0.16889790603469512, 0.7365879225321859, 0.10700357500546853, 0.46035773892536525, -0.8360271212587633, 0.8393051037821642, -1, -0.9819541874363429, -0.8392631287630334, -0.3318686208087218, -0.9515819857965915, 0.8509779055765436, 0.3486582922678525, 0.1245750439456963, -0.3128234325460897, 0.2542964882067411, 0.6636251886421516, -0.8893781482344374, -0.9920431836079393, -0.6206025046990298, 0.32210994487157585, -0.9571395958954843, 0.4442894525075405, -1, 1, 1, 0.20663326398647497, -0.24708967776204238, 0.8520450476360086, -0.6051885087463786, -0.7802160762522787, 0.3596585746273266, -0.5969158768981515, -0.24212583419147404, 0.8593453573205276, 0.7375231000583846, -0.8155744126380979, -0.032157347200944875, 0.8272785677524799, -1, -0.598844856853858, -0.6880118151859367, 0.4814484858348158, 0.9795596997756, 0.8029240447996402, -0.13337108888802995, -0.23519169595670503, 0.04181540522739407, -0.612125813524067, 0.7369232129089123, -0.220772782894759, 0.3069970581101473, 0.5797082312760697, -0.23950206151229203, 0.6279182064206649, -0.3032645406621572, -0.4222451081819016, -0.37835051799892816, -0.75851949722919, -0.7493581711851434, -0.6712839283518688, 0.8050689443224799, -0.5302069956303568, 0.19334315414173253, 0.5206647711227934, -0.5881936946364419, 0.23371618718251097, -0.7266119544504981, 0.6632482798227199, -0.85031213317196, 0.20001543534225297, 0.17031198785623913, -0.1562160491517169, -0.250066545624261, 0.5700493117556554, -0.7048388194778659, 0.7414953265770095, -0.5779632292621053, -0.2055034571572678, -0.8026190195314811, 0.44879405117450455, 0.49523481968830385, 0.9137611443950919, -0.6611246157836415, 0.22196760753193212, 0.07545707887789863, 0.430231891765384, -0.8298653998627232, -0.9985409282962976, 1, 0.46739357317637276, -0.5952071981053632, 0.797067274373324, 0.006940838776594793, -0.4065521201185758, 0.05182264763091654, 0.128863470029706, -0.10194346526242981, 0.051545270499611995, 0.055888702302225646, 0.10845059883259875, 0.8960412491876366, -0.22520633011184676, -0.7356760208101993, -0.8152001880378712, -0.11536021781834616, -0.20647309810892667, 0.9637744209448571, 0.4964586960320413]
490.06842041015625	(8, 12, 2)	[0.3022502809701313, -0.9297084361435808, 0.976571918458248, -0.6545871057411126, -0.7685063038014688, 0.7827682520519572, 0.1077037004467476, 0.20840319809659222, -0.7201236084953931, 0.014293299620048022, -0.2974095113665791, -0.16889790603469512, 0.7365879225321859, 0.10700357500546853, 0.46035773892536525, -0.8360271212587633, 0.8393051037821642, -1, -0.9819541874363429, -0.8392631287630334, -0.3318686208087218, -0.9515819857965915, 0.8509779055765436, 0.3486582922678525, 0.1245750439456963, -0.3128234325460897, 0.2542964882067411, 0.6636251886421516, -0.8893781482344374, -0.9920431836079393, -0.4860938573069362, 0.32210994487157585, -0.9571395958954843, 0.4442894525075405, -1, 1, 1, 0.20663326398647497, -0.24708967776204238, 0.7593837984154931, -0.6051885087463786, -0.7802160762522787, 0.3596585746273266, -0.5969158768981515, -0.24212583419147404, 0.8593453573205276, 0.7375231000583846, -0.9778548232816537, -0.19855641739092073, 0.9133695562318502, -1, -0.598844856853858, -0.6880118151859367, 0.4814484858348158, 0.9795596997756, 0.8029240447996402, -0.13337108888802995, -0.23519169595670503, 0.04181540522739407, -0.612125813524067, 0.7369232129089123, -0.220772782894759, 0.3743959630696294, 0.47335899755125277, -0.23950206151229203, 0.6279182064206649, -0.3032645406621572, -0.41773483934125943, -0.37835051799892816, -0.75851949722919, -0.7493581711851434, -0.6712839283518688, 0.8050689443224799, -0.5302069956303568, 0.19334315414173253, 0.5206647711227934, -0.5881936946364419, 0.23371618718251097, -0.7266119544504981, 0.6632482798227199, -0.85031213317196, 0.20001543534225297, 0.17031198785623913, -0.1562160491517169, -0.250066545624261, 0.4068502963567769, -0.7048388194778659, 0.7414953265770095, -0.5779632292621053, -0.2055034571572678, -0.8026190195314811, 0.44879405117450455, 0.49523481968830385, 0.9137611443950919, -0.6611246157836415, 0.22196760753193212, 0.31505581302864655, 0.430231891765384, -0.8298653998627232, -0.9985409282962976, 1, 0.46739357317637276, -0.5952071981053632, 0.797067274373324, 0.006940838776594793, -0.4065521201185758, 0.323314963800591, 0.128863470029706, -0.10194346526242981, 0.051545270499611995, 0.055888702302225646, 0.10845059883259875, 0.8960412491876366, -0.22520633011184676, -0.7356760208101993, -0.8152001880378712, -0.11536021781834616, -0.20647309810892667, 0.9637744209448571, 0.4964586960320413]
490.3121032714844	(8, 12, 2)	[0.3022502809701313, -0.9297084361435808, 0.976571918458248, -0.6545871057411126, -0.7685063038014688, 0.7827682520519572, 0.1077037004467476, 0.20840319809659222, -0.7201236084953931, -0.12742843632071205, -0.2974095113665791, -0.16889790603469512, 0.7365879225321859, 0.10700357500546853, 0.46035773892536525, -0.8360271212587633, 0.8393051037821642, -0.931194999039249, -0.9819541874363429, -0.8392631287630334, -0.3318686208087218, -0.9515819857965915, 0.8509779055765436, 0.3486582922678525, -0.1086290766463173, -0.3128234325460897, 0.2542964882067411, 0.6636251886421516, -0.8893781482344374, -0.9920431836079393, -0.6206025046990298, 0.5461855504496931, -0.9571395958954843, 0.4442894525075405, -1, 1, 1, 0.20663326398647497, -0.24708967776204238, 0.7593837984154931, -0.6051885087463786, -0.7802160762522787, 0.3596585746273266, -0.5969158768981515, -0.24212583419147404, 0.8593453573205276, 0.7983611453446167, -0.8155744126380979, -0.032157347200944875, 0.8272785677524799, -0.8547228304814029, -0.598844856853858, -0.6880118151859367, 0.4814484858348158, 0.9795596997756, 0.8029240447996402, -0.13337108888802995, -0.23519169595670503, 0.04181540522739407, -0.612125813524067, 0.7369232129089123, -0.220772782894759, 0.3069970581101473, 0.47335899755125277, -0.23950206151229203, 0.6279182064206649, -0.3032645406621572, -0.4222451081819016, -0.37835051799892816, -0.75851949722919, -0.7493581711851434, -0.6712839283518688, 0.7053761699036406, -0.5302069956303568, 0.19334315414173253, 0.5206647711227934, -0.5881936946364419, 0.23371618718251097, -0.7266119544504981, 0.6632482798227199, -0.85031213317196, 0.20001543534225297, 0.17031198785623913, -0.1562160491517169, -0.250066545624261, 0.4068502963567769, -0.7048388194778659, 0.7414953265770095, -0.5779632292621053, -0.32599516524488725, -0.8026190195314811, 0.44879405117450455, 0.49523481968830385, 0.9137611443950919, -0.7278948536395596, 0.22196760753193212, 0.5737702941652929, 0.430231891765384, -0.8298653998627232, -0.9985409282962976, 1, 0.46739357317637276, -0.5952071981053632, 0.797067274373324, 0.006940838776594793, -0.4065521201185758, 0.05182264763091654, 0.128863470029706, -0.10194346526242981, 0.051545270499611995, 0.055888702302225646, 0.10845059883259875, 0.8960412491876366, -0.22520633011184676, -0.7356760208101993, -0.8152001880378712, -0.11536021781834616, -0.20647309810892667, 0.9637744209448571, 0.4964586960320413]
485.9185791015625	(8, 12, 2)	[0.3022502809701313, -0.9297084361435808, 0.976571918458248, -0.6545871057411126, -0.7685063038014688, 0.7827682520519572, 0.1077037004467476, 0.20840319809659222, -0.7201236084953931, -0.12742843632071205, -0.2974095113665791, -0.16889790603469512, 0.7365879225321859, 0.10700357500546853, 0.46035773892536525, -0.8360271212587633, 0.8393051037821642, -1, -0.9819541874363429, -0.8392631287630334, -0.3318686208087218, -0.9515819857965915, 0.8314994408404044, 0.3486582922678525, -0.1086290766463173, -0.3128234325460897, 0.2542964882067411, 0.6636251886421516, -0.8893781482344374, -0.9920431836079393, -0.6206025046990298, 0.5461855504496931, -0.9571395958954843, 0.4442894525075405, -1, 1, 1, 0.20663326398647497, -0.24708967776204238, 0.7593837984154931, -0.6051885087463786, -0.7802160762522787, 0.3596585746273266, -0.5969158768981515, -0.24212583419147404, 0.8593453573205276, 0.7375231000583846, -0.8155744126380979, -0.032157347200944875, 0.8272785677524799, -0.8547228304814029, -0.598844856853858, -0.6880118151859367, 0.4814484858348158, 0.9795596997756, 0.8029240447996402, -0.13337108888802995, -0.23519169595670503, 0.04181540522739407, -0.612125813524067, 0.7369232129089123, -0.220772782894759, 0.3069970581101473, 0.47335899755125277, -0.23950206151229203, 0.6279182064206649, -0.3032645406621572, -0.41773483934125943, -0.37835051799892816, -0.75851949722919, -0.7493581711851434, -0.8440426917312456, 0.8050689443224799, -0.5302069956303568, 0.19334315414173253, 0.5206647711227934, -0.5881936946364419, 0.23371618718251097, -0.7266119544504981, 0.6632482798227199, -0.85031213317196, 0.20001543534225297, 0.17031198785623913, -0.1562160491517169, -0.250066545624261, 0.4068502963567769, -0.7048388194778659, 0.7414953265770095, -0.5779632292621053, -0.32599516524488725, -0.8026190195314811, 0.44879405117450455, 0.49523481968830385, 0.9137611443950919, -0.7278948536395596, 0.22196760753193212, 0.5737702941652929, 0.430231891765384, -0.8298653998627232, -1, 1, 0.46739357317637276, -0.5952071981053632, 0.797067274373324, 0.006940838776594793, -0.4065521201185758, 0.05182264763091654, 0.128863470029706, -0.10194346526242981, 0.051545270499611995, 0.055888702302225646, 0.10845059883259875, 0.8960412491876366, -0.22520633011184676, -0.7356760208101993, -0.5849993508325746, -0.11536021781834616, -0.20647309810892667, 0.9637744209448571, 0.4964586960320413]
490.51373291015625	(8, 12, 2)	[0.3022502809701313, -0.9297084361435808, 0.976571918458248, -0.6545871057411126, -0.7685063038014688, 0.7827682520519572, 0.1077037004467476, 0.20840319809659222, -0.7201236084953931, -0.12742843632071205, -0.2974095113665791, -0.16889790603469512, 0.7365879225321859, 0.10700357500546853, 0.46035773892536525, -0.8360271212587633, 0.8393051037821642, -1, -0.9819541874363429, -0.8392631287630334, -0.3318686208087218, -0.9515819857965915, 0.8314994408404044, 0.3486582922678525, -0.1086290766463173, -0.3128234325460897, 0.2542964882067411, 0.6636251886421516, -0.8893781482344374, -0.9920431836079393, -0.6206025046990298, 0.5461855504496931, -0.9571395958954843, 0.4442894525075405, -1, 1, 1, 0.20663326398647497, -0.24708967776204238, 0.7593837984154931, -0.6051885087463786, -0.7802160762522787, 0.3596585746273266, -0.5969158768981515, -0.24212583419147404, 0.8593453573205276, 0.7375231000583846, -0.8155744126380979, -0.032157347200944875, 0.8272785677524799, -0.8547228304814029, -0.598844856853858, -0.6880118151859367, 0.4814484858348158, 0.9795596997756, 0.8029240447996402, -0.13337108888802995, -0.23519169595670503, 0.04181540522739407, -0.612125813524067, 0.7369232129089123, -0.220772782894759, 0.3069970581101473, 0.47335899755125277, -0.23950206151229203, 0.6279182064206649, -0.3032645406621572, -0.41773483934125943, -0.37835051799892816, -0.75851949722919, -0.7493581711851434, -0.8440426917312456, 0.8050689443224799, -0.5302069956303568, 0.19334315414173253, 0.5206647711227934, -0.5881936946364419, 0.23371618718251097, -0.7266119544504981, 0.6632482798227199, -0.85031213317196, 0.20001543534225297, 0.17031198785623913, -0.1562160491517169, -0.250066545624261, 0.4068502963567769, -0.7048388194778659, 0.7414953265770095, -0.5779632292621053, -0.32599516524488725, -0.8026190195314811, 0.44879405117450455, 0.49523481968830385, 0.9137611443950919, -0.7278948536395596, 0.22196760753193212, 0.5737702941652929, 0.430231891765384, -0.8298653998627232, -1, 1, 0.46739357317637276, -0.5952071981053632, 0.797067274373324, 0.006940838776594793, -0.4065521201185758, 0.05182264763091654, 0.128863470029706, -0.10194346526242981, 0.051545270499611995, 0.055888702302225646, 0.10845059883259875, 0.8960412491876366, -0.22520633011184676, -0.7356760208101993, -0.5849993508325746, -0.11536021781834616, -0.20647309810892667, 0.9637744209448571, 0.4964586960320413]
487.9720458984375	(8, 12, 2)	[0.3022502809701313, -0.9297084361435808, 0.976571918458248, -0.6545871057411126, -0.7685063038014688, 0.7827682520519572, 0.1077037004467476, 0.20840319809659222, -0.7201236084953931, -0.12742843632071205, -0.2974095113665791, -0.16889790603469512, 0.7365879225321859, 0.10700357500546853, 0.46035773892536525, -0.8360271212587633, 0.8393051037821642, -1, -0.9819541874363429, -0.8392631287630334, -0.3318686208087218, -0.9515819857965915, 0.8314994408404044, 0.3486582922678525, -0.1086290766463173, -0.3128234325460897, 0.2542964882067411, 0.6636251886421516, -0.8893781482344374, -0.9920431836079393, -0.6206025046990298, 0.5461855504496931, -0.9571395958954843, 0.4442894525075405, -1, 1, 1, 0.20663326398647497, -0.24708967776204238, 0.7593837984154931, -0.6051885087463786, -0.7802160762522787, 0.3596585746273266, -0.5969158768981515, -0.24212583419147404, 0.8593453573205276, 0.7375231000583846, -0.8155744126380979, -0.032157347200944875, 0.8272785677524799, -0.8547228304814029, -0.598844856853858, -0.6880118151859367, 0.4814484858348158, 0.9795596997756, 0.8029240447996402, -0.13337108888802995, -0.23519169595670503, 0.04181540522739407, -0.612125813524067, 0.7369232129089123, -0.220772782894759, 0.3069970581101473, 0.47335899755125277, -0.23950206151229203, 0.6279182064206649, -0.3032645406621572, -0.41773483934125943, -0.37835051799892816, -0.75851949722919, -0.7493581711851434, -0.8440426917312456, 0.8050689443224799, -0.5302069956303568, 0.19334315414173253, 0.5206647711227934, -0.5881936946364419, 0.23371618718251097, -0.7266119544504981, 0.6632482798227199, -0.85031213317196, 0.20001543534225297, 0.17031198785623913, -0.1562160491517169, -0.250066545624261, 0.4068502963567769, -0.7048388194778659, 0.7414953265770095, -0.5779632292621053, -0.32599516524488725, -0.8026190195314811, 0.44879405117450455, 0.49523481968830385, 0.9137611443950919, -0.7278948536395596, 0.22196760753193212, 0.5737702941652929, 0.430231891765384, -0.8298653998627232, -1, 1, 0.46739357317637276, -0.5952071981053632, 0.797067274373324, 0.006940838776594793, -0.4065521201185758, 0.05182264763091654, 0.128863470029706, -0.10194346526242981, 0.051545270499611995, 0.055888702302225646, 0.10845059883259875, 0.8960412491876366, -0.22520633011184676, -0.7356760208101993, -0.5849993508325746, -0.11536021781834616, -0.20647309810892667, 0.9637744209448571, 0.4964586960320413]
488.4603271484375	(8, 12, 2)	[0.3022502809701313, -0.9297084361435808, 0.976571918458248, -0.6545871057411126, -0.7685063038014688, 0.7827682520519572, 0.1077037004467476, 0.20840319809659222, -0.7201236084953931, -0.12742843632071205, -0.2974095113665791, -0.16889790603469512, 0.7365879225321859, 0.10700357500546853, 0.40454979292806187, -0.8360271212587633, 0.8393051037821642, -0.931194999039249, -0.9819541874363429, -0.8392631287630334, -0.3318686208087218, -0.9515819857965915, 0.8509779055765436, 0.3486582922678525, -0.1086290766463173, -0.3128234325460897, 0.2542964882067411, 0.6636251886421516, -0.8893781482344374, -0.9920431836079393, -1, 0.5461855504496931, -0.9571395958954843, 0.4442894525075405, -1, 1, 1, 0.20663326398647497, -0.24708967776204238, 0.7593837984154931, -0.6051885087463786, -0.7802160762522787, 0.3596585746273266, -0.5969158768981515, -0.24212583419147404, 0.8593453573205276, 0.7375231000583846, -0.9778548232816537, -0.19855641739092073, 1, -1, -0.598844856853858, -0.6880118151859367, 0.4814484858348158, 0.9795596997756, 0.8029240447996402, -0.13337108888802995, -0.24863524368308368, 0.04181540522739407, -0.612125813524067, 0.7369232129089123, -0.220772782894759, 0.3069970581101473, 0.47335899755125277, -0.23950206151229203, 0.6279182064206649, -0.3032645406621572, -0.4222451081819016, -0.37835051799892816, -0.75851949722919, -0.7493581711851434, -0.8440426917312456, 0.8050689443224799, -0.5302069956303568, 0.19334315414173253, 0.5206647711227934, -0.5881936946364419, 0.23371618718251097, -0.7266119544504981, 0.6632482798227199, -0.85031213317196, 0.20001543534225297, 0.17031198785623913, -0.1562160491517169, -0.250066545624261, 0.4068502963567769, -0.7048388194778659, 0.7414953265770095, -0.5779632292621053, -0.32599516524488725, -0.8026190195314811, 0.44879405117450455, 0.49523481968830385, 0.9137611443950919, -0.7278948536395596, 0.22196760753193212, 0.5737702941652929, 0.430231891765384, -0.8298653998627232, -1, 1, 0.46739357317637276, -1, 0.797067274373324, 0.006940838776594793, -0.4065521201185758, 0.05182264763091654, 0.128863470029706, -0.10194346526242981, 0.051545270499611995, 0.055888702302225646, 0.10845059883259875, 0.8960412491876366, -0.22520633011184676, -0.7356760208101993, -0.5849993508325746, -0.11536021781834616, -0.20647309810892667, 0.9637744209448571, 0.4964586960320413]
488.3936767578125	(8, 12, 2)	[0.3022502809701313, -0.9297084361435808, 0.976571918458248, -0.6545871057411126, -0.7685063038014688, 0.7827682520519572, 0.1077037004467476, 0.20840319809659222, -0.7201236084953931, -0.12742843632071205, -0.2974095113665791, -0.16889790603469512, 0.7365879225321859, 0.10700357500546853, 0.44806354639495466, -0.8360271212587633, 0.8393051037821642, -1, -0.9819541874363429, -0.8392631287630334, -0.3318686208087218, -0.9515819857965915, 0.8314994408404044, 0.3486582922678525, -0.1086290766463173, -0.3128234325460897, 0.2542964882067411, 0.6636251886421516, -0.8893781482344374, -0.9920431836079393, -0.6206025046990298, 0.5461855504496931, -0.9571395958954843, 0.4442894525075405, -1, 1, 1, 0.20663326398647497, -0.24708967776204238, 0.7593837984154931, -0.6051885087463786, -0.7802160762522787, 0.3596585746273266, -0.5969158768981515, -0.24212583419147404, 0.8593453573205276, 0.7375231000583846, -0.9778548232816537, -0.19855641739092073, 0.9133695562318502, -1, -0.598844856853858, -0.6880118151859367, 0.4814484858348158, 0.9795596997756, 0.8029240447996402, -0.13337108888802995, -0.23519169595670503, 0.04181540522739407, -0.612125813524067, 0.7369232129089123, -0.220772782894759, 0.3743959630696294, 0.47335899755125277, -0.23950206151229203, 0.6279182064206649, -0.3032645406621572, -0.41773483934125943, -0.37835051799892816, -0.75851949722919, -0.7493581711851434, -0.6712839283518688, 0.8050689443224799, -0.5302069956303568, 0.19334315414173253, 0.5206647711227934, -0.5881936946364419, 0.23371618718251097, -0.7266119544504981, 0.6632482798227199, -0.85031213317196, 0.20001543534225297, 0.17031198785623913, -0.1562160491517169, -0.250066545624261, 0.4068502963567769, -0.7048388194778659, 0.7414953265770095, -0.8005677249073062, -0.32599516524488725, -0.8026190195314811, 0.44879405117450455, 0.49523481968830385, 0.9137611443950919, -0.7278948536395596, 0.22196760753193212, 0.5737702941652929, 0.430231891765384, -0.8298653998627232, -1, 1, 0.46739357317637276, -0.5952071981053632, 0.797067274373324, 0.006940838776594793, -0.4065521201185758, 0.323314963800591, 0.128863470029706, -0.10194346526242981, 0.051545270499611995, 0.055888702302225646, 0.10845059883259875, 0.8960412491876366, -0.22520633011184676, -0.7356760208101993, -0.5849993508325746, -0.11536021781834616, -0.20647309810892667, 0.9637744209448571, 0.4964586960320413]
495.3629455566406	(8, 12, 2)	[0.3022502809701313, -0.9297084361435808, 0.976571918458248, -0.6545871057411126, -0.7685063038014688, 0.7827682520519572, 0.1077037004467476, 0.20840319809659222, -0.7201236084953931, -0.12742843632071205, -0.2974095113665791, -0.16889790603469512, 0.7365879225321859, 0.10700357500546853, 0.40454979292806187, -0.8360271212587633, 0.8393051037821642, -0.931194999039249, -0.9819541874363429, -0.8392631287630334, -0.3318686208087218, -0.9515819857965915, 0.8509779055765436, 0.3486582922678525, -0.1086290766463173, -0.3128234325460897, 0.2542964882067411, 0.6636251886421516, -0.8893781482344374, -0.9920431836079393, -1, 0.5461855504496931, -0.9571395958954843, 0.4442894525075405, -1, 1, 1, 0.20663326398647497, -0.24708967776204238, 0.7593837984154931, -0.6051885087463786, -0.7802160762522787, 0.3596585746273266, -0.5969158768981515, -0.24212583419147404, 0.8593453573205276, 0.7375231000583846, -0.9778548232816537, -0.19855641739092073, 1, -1, -0.598844856853858, -0.6880118151859367, 0.4814484858348158, 0.9795596997756, 0.8029240447996402, -0.13337108888802995, -0.24863524368308368, 0.04181540522739407, -0.612125813524067, 0.7369232129089123, -0.220772782894759, 0.3069970581101473, 0.47335899755125277, -0.23950206151229203, 0.6279182064206649, -0.3032645406621572, -0.4222451081819016, -0.37835051799892816, -0.75851949722919, -0.7493581711851434, -0.9304924630716302, 0.8050689443224799, -0.5302069956303568, 0.199273338738101, 0.5206647711227934, -0.5881936946364419, 0.23371618718251097, -0.7266119544504981, 0.6632482798227199, -0.85031213317196, 0.20001543534225297, 0.17031198785623913, -0.1562160491517169, -0.250066545624261, 0.4068502963567769, -0.7048388194778659, 0.7414953265770095, -0.5779632292621053, -0.32599516524488725, -0.8026190195314811, 0.44879405117450455, 0.49523481968830385, 0.9137611443950919, -0.7278948536395596, 0.22196760753193212, 0.5737702941652929, 0.5946286090992035, -0.8298653998627232, -1, 1, 0.46739357317637276, -1, 0.797067274373324, 0.006940838776594793, -0.4065521201185758, 0.05182264763091654, 0.128863470029706, -0.10194346526242981, 0.051545270499611995, 0.055888702302225646, 0.10845059883259875, 0.8960412491876366, -0.22520633011184676, -0.7356760208101993, -0.5849993508325746, -0.11536021781834616, -0.20647309810892667, 0.9637744209448571, 0.4964586960320413]
490.3936767578125	(8, 12, 2)	[0.3022502809701313, -0.9297084361435808, 0.976571918458248, -0.6545871057411126, -0.7685063038014688, 0.7827682520519572, 0.1077037004467476, 0.20840319809659222, -0.7201236084953931, -0.12742843632071205, -0.2974095113665791, -0.16889790603469512, 0.7365879225321859, 0.10700357500546853, 0.46035773892536525, -0.8360271212587633, 0.8393051037821642, -1, -0.9819541874363429, -0.8392631287630334, -0.3318686208087218, -0.9515819857965915, 0.8314994408404044, 0.3486582922678525, -0.1086290766463173, -0.3128234325460897, 0.2542964882067411, 0.6636251886421516, -0.8893781482344374, -0.9920431836079393, -0.6206025046990298, 0.5461855504496931, -0.9571395958954843, 0.4442894525075405, -1, 1, 1, 0.20663326398647497, -0.24708967776204238, 0.7593837984154931, -0.6051885087463786, -0.7802160762522787, 0.3596585746273266, -0.5969158768981515, -0.24212583419147404, 0.8593453573205276, 0.7375231000583846, -0.9778548232816537, -0.19855641739092073, 0.9133695562318502, -1, -0.598844856853858, -0.6880118151859367, 0.4814484858348158, 0.9795596997756, 0.8029240447996402, -0.13337108888802995, -0.23519169595670503, 0.04181540522739407, -0.612125813524067, 0.7369232129089123, -0.220772782894759, 0.3743959630696294, 0.47335899755125277, -0.23950206151229203, 0.6279182064206649, -0.3032645406621572, -0.41773483934125943, -0.37835051799892816, -0.75851949722919, -0.7493581711851434, -0.6712839283518688, 0.8050689443224799, -0.5302069956303568, 0.19334315414173253, 0.5206647711227934, -0.5881936946364419, 0.23371618718251097, -0.7266119544504981, 0.6632482798227199, -0.85031213317196, 0.20001543534225297, 0.17031198785623913, -0.1562160491517169, -0.250066545624261, 0.4068502963567769, -0.7048388194778659, 0.7414953265770095, -0.5779632292621053, -0.32599516524488725, -0.8026190195314811, 0.44879405117450455, 0.49523481968830385, 0.9137611443950919, -0.7278948536395596, -0.21792313655076062, 0.5737702941652929, 0.430231891765384, -0.8298653998627232, -1, 1, 0.46739357317637276, -0.5952071981053632, 0.797067274373324, 0.006940838776594793, -0.4065521201185758, 0.05182264763091654, 0.128863470029706, -0.10194346526242981, 0.051545270499611995, 0.055888702302225646, 0.10845059883259875, 0.8960412491876366, -0.22520633011184676, -0.7356760208101993, -0.5849993508325746, -0.11536021781834616, -0.20647309810892667, 0.9637744209448571, 0.4964586960320413]
494.0624694824219	(8, 12, 2)	[0.3022502809701313, -0.9297084361435808, 0.976571918458248, -0.6545871057411126, -0.7685063038014688, 0.7827682520519572, 0.1077037004467476, 0.20840319809659222, -0.7201236084953931, -0.12742843632071205, -0.2974095113665791, -0.16889790603469512, 0.7365879225321859, 0.056148057788480206, 0.46035773892536525, -0.8360271212587633, 0.8393051037821642, -1, -0.9819541874363429, -0.8392631287630334, -0.3318686208087218, -0.9515819857965915, 0.8314994408404044, 0.3486582922678525, -0.1086290766463173, -0.3128234325460897, 0.2542964882067411, 0.6636251886421516, -0.8893781482344374, -0.9920431836079393, -0.6206025046990298, 0.5461855504496931, -0.9571395958954843, 0.4442894525075405, -1, 1, 1, 0.20663326398647497, -0.24708967776204238, 0.7593837984154931, -0.6051885087463786, -0.7802160762522787, 0.33679153928397876, -0.5969158768981515, -0.24212583419147404, 0.8593453573205276, 0.7375231000583846, -0.8155744126380979, -0.19855641739092073, 0.9133695562318502, -0.8547228304814029, -0.598844856853858, -0.6880118151859367, 0.4814484858348158, 0.9795596997756, 0.8029240447996402, -0.13337108888802995, -0.23519169595670503, 0.04181540522739407, -0.612125813524067, 0.7369232129089123, -0.220772782894759, 0.3069970581101473, 0.47335899755125277, -0.23950206151229203, 0.6279182064206649, -0.3032645406621572, -0.4222451081819016, -0.37835051799892816, -0.75851949722919, -0.7493581711851434, -0.8440426917312456, 0.8050689443224799, -0.5302069956303568, 0.19334315414173253, 0.5206647711227934, -0.5881936946364419, 0.23371618718251097, -0.7266119544504981, 0.6632482798227199, -0.85031213317196, 0.20001543534225297, 0.17031198785623913, -0.1562160491517169, -0.250066545624261, 0.4068502963567769, -0.7048388194778659, 0.7414953265770095, -0.7972184440535256, -0.32599516524488725, -0.8026190195314811, 0.44879405117450455, 0.49523481968830385, 0.9137611443950919, -0.7278948536395596, 0.22196760753193212, 0.5737702941652929, 0.430231891765384, -0.8298653998627232, -1, 1, 0.46739357317637276, -0.5952071981053632, 0.797067274373324, 0.006940838776594793, -0.4065521201185758, 0.05182264763091654, 0.128863470029706, -0.10194346526242981, 0.051545270499611995, 0.055888702302225646, 0.10845059883259875, 0.8960412491876366, -0.22520633011184676, -0.7356760208101993, -0.5849993508325746, -0.11536021781834616, -0.20647309810892667, 0.9637744209448571, 0.4964586960320413]
495.5455322265625	(8, 12, 2)	[0.3022502809701313, -0.9297084361435808, 0.976571918458248, -0.6545871057411126, -0.7685063038014688, 0.7827682520519572, 0.1077037004467476, 0.20840319809659222, -0.7201236084953931, -0.12742843632071205, -0.2974095113665791, -0.16889790603469512, 0.7365879225321859, 0.056148057788480206, 0.46035773892536525, -0.8360271212587633, 0.8393051037821642, -1, -0.9819541874363429, -0.8392631287630334, -0.3318686208087218, -0.9515819857965915, 0.8314994408404044, 0.3486582922678525, -0.1086290766463173, -0.3128234325460897, 0.2542964882067411, 0.6636251886421516, -0.8893781482344374, -0.9920431836079393, -0.6206025046990298, 0.5461855504496931, -0.9571395958954843, 0.4442894525075405, -1, 1, 1, 0.20663326398647497, -0.24708967776204238, 0.7593837984154931, -0.6051885087463786, -0.7802160762522787, 0.33679153928397876, -0.5969158768981515, -0.24212583419147404, 0.8593453573205276, 0.7375231000583846, -0.8155744126380979, -0.19855641739092073, 0.9133695562318502, -0.8547228304814029, -0.598844856853858, -0.6880118151859367, 0.4814484858348158, 0.9795596997756, 0.8029240447996402, -0.13337108888802995, -0.23519169595670503, 0.04181540522739407, -0.612125813524067, 0.7369232129089123, -0.220772782894759, 0.3069970581101473, 0.47335899755125277, -0.23950206151229203, 0.6279182064206649, -0.3032645406621572, -0.4222451081819016, -0.37835051799892816, -0.75851949722919, -0.7493581711851434, -0.8440426917312456, 0.8050689443224799, -0.5302069956303568, 0.19334315414173253, 0.5206647711227934, -0.5881936946364419, 0.23371618718251097, -0.7266119544504981, 0.6632482798227199, -0.85031213317196, 0.20001543534225297, 0.17031198785623913, -0.1562160491517169, -0.250066545624261, 0.4068502963567769, -0.7048388194778659, 0.7414953265770095, -0.7972184440535256, -0.32599516524488725, -0.8026190195314811, 0.44879405117450455, 0.49523481968830385, 0.9137611443950919, -0.7278948536395596, 0.22196760753193212, 0.5737702941652929, 0.430231891765384, -0.8298653998627232, -1, 1, 0.46739357317637276, -0.5952071981053632, 0.797067274373324, 0.006940838776594793, -0.4065521201185758, 0.05182264763091654, 0.128863470029706, -0.10194346526242981, 0.051545270499611995, 0.055888702302225646, 0.10845059883259875, 0.8960412491876366, -0.22520633011184676, -0.7356760208101993, -0.5849993508325746, -0.11536021781834616, -0.20647309810892667, 0.9637744209448571, 0.4964586960320413]
491.3913879394531	(8, 12, 2)	[0.3022502809701313, -0.9297084361435808, 0.976571918458248, -0.6545871057411126, -0.7685063038014688, 0.7827682520519572, 0.1077037004467476, 0.20840319809659222, -0.7201236084953931, -0.12742843632071205, -0.2974095113665791, -0.16889790603469512, 0.7365879225321859, -0.4681749939041927, 0.46035773892536525, -0.8360271212587633, 0.8393051037821642, -1, -0.9819541874363429, -0.8392631287630334, -0.3318686208087218, -0.9515819857965915, 0.8314994408404044, 0.3486582922678525, -0.1086290766463173, -0.3128234325460897, 0.2542964882067411, 0.6636251886421516, -0.8893781482344374, -0.9920431836079393, -0.6206025046990298, 0.5461855504496931, -0.9571395958954843, 0.4442894525075405, -1, 1, 1, 0.20663326398647497, -0.24708967776204238, 0.7593837984154931, -0.6051885087463786, -0.7802160762522787, 0.33679153928397876, -0.5969158768981515, -0.24212583419147404, 0.7664986450949771, 0.7375231000583846, -0.8155744126380979, -0.19855641739092073, 0.9133695562318502, -0.8547228304814029, -0.598844856853858, -0.6880118151859367, 0.4814484858348158, 0.9795596997756, 0.8029240447996402, -0.13337108888802995, -0.23519169595670503, 0.04181540522739407, -0.612125813524067, 0.7369232129089123, -0.220772782894759, 0.3069970581101473, 0.47335899755125277, -0.23950206151229203, 0.6279182064206649, -0.3032645406621572, -0.4222451081819016, -0.37835051799892816, -0.75851949722919, -0.7493581711851434, -0.8440426917312456, 0.8050689443224799, -0.5302069956303568, 0.19334315414173253, 0.5206647711227934, -0.5881936946364419, 0.23371618718251097, -0.7266119544504981, 0.6632482798227199, -0.85031213317196, 0.20001543534225297, 0.17031198785623913, -0.1562160491517169, -0.250066545624261, 0.4068502963567769, -0.7048388194778659, 0.7414953265770095, -0.7972184440535256, -0.32599516524488725, -0.8026190195314811, 0.44879405117450455, 0.49523481968830385, 0.9137611443950919, -0.7278948536395596, 0.22196760753193212, 0.5737702941652929, 0.430231891765384, -0.8473978673140358, -1, 1, 0.46739357317637276, -0.5952071981053632, 0.797067274373324, 0.006940838776594793, -0.4065521201185758, 0.05182264763091654, 0.128863470029706, -0.10194346526242981, 0.051545270499611995, 0.055888702302225646, 0.10845059883259875, 0.8960412491876366, -0.22520633011184676, -0.5169267525374057, -0.5849993508325746, -0.11536021781834616, -0.20647309810892667, 0.9637744209448571, 0.4964586960320413]
491.0176086425781	(8, 12, 2)	[0.3022502809701313, -0.9297084361435808, 0.976571918458248, -0.6545871057411126, -0.7685063038014688, 0.7827682520519572, 0.1077037004467476, 0.20840319809659222, -0.7201236084953931, -0.12742843632071205, -0.2974095113665791, -0.16889790603469512, 0.7365879225321859, -0.4681749939041927, 0.46035773892536525, -0.8360271212587633, 0.8393051037821642, -1, -0.9819541874363429, -0.8392631287630334, -0.3318686208087218, -0.9515819857965915, 0.8314994408404044, 0.3486582922678525, -0.1086290766463173, -0.3128234325460897, 0.2542964882067411, 0.6636251886421516, -0.8893781482344374, -0.9920431836079393, -0.6206025046990298, 0.5461855504496931, -0.9571395958954843, 0.4442894525075405, -1, 1, 1, 0.20663326398647497, -0.24708967776204238, 0.7593837984154931, -0.6051885087463786, -0.7802160762522787, 0.33679153928397876, -0.5969158768981515, -0.24212583419147404, 0.7664986450949771, 0.7375231000583846, -0.8155744126380979, -0.19855641739092073, 0.9133695562318502, -0.8547228304814029, -0.598844856853858, -0.6880118151859367, 0.4814484858348158, 0.9795596997756, 0.8029240447996402, -0.13337108888802995, -0.23519169595670503, 0.04181540522739407, -0.612125813524067, 0.7369232129089123, -0.220772782894759, 0.3069970581101473, 0.47335899755125277, -0.23950206151229203, 0.6279182064206649, -0.3032645406621572, -0.4222451081819016, -0.37835051799892816, -0.75851949722919, -0.7493581711851434, -0.8440426917312456, 0.8050689443224799, -0.5302069956303568, 0.19334315414173253, 0.5206647711227934, -0.5881936946364419, 0.23371618718251097, -0.7266119544504981, 0.6632482798227199, -0.85031213317196, 0.20001543534225297, 0.17031198785623913, -0.1562160491517169, -0.250066545624261, 0.4068502963567769, -0.7048388194778659, 0.7414953265770095, -0.7972184440535256, -0.32599516524488725, -0.8026190195314811, 0.44879405117450455, 0.49523481968830385, 0.9137611443950919, -0.7278948536395596, 0.22196760753193212, 0.5737702941652929, 0.430231891765384, -0.8473978673140358, -1, 1, 0.46739357317637276, -0.5952071981053632, 0.797067274373324, 0.006940838776594793, -0.4065521201185758, 0.05182264763091654, 0.128863470029706, -0.10194346526242981, 0.051545270499611995, 0.055888702302225646, 0.10845059883259875, 0.8960412491876366, -0.22520633011184676, -0.5169267525374057, -0.5849993508325746, -0.11536021781834616, -0.20647309810892667, 0.9637744209448571, 0.4964586960320413]
493.8258972167969	(8, 12, 2)	[0.3022502809701313, -0.9297084361435808, 0.976571918458248, -0.6545871057411126, -0.7685063038014688, 0.7827682520519572, 0.1077037004467476, 0.20840319809659222, -0.7201236084953931, -0.12742843632071205, -0.2974095113665791, -0.16889790603469512, 0.7365879225321859, -0.4681749939041927, 0.46035773892536525, -0.8360271212587633, 0.8393051037821642, -1, -0.9819541874363429, -0.8392631287630334, -0.3318686208087218, -0.9515819857965915, 0.8314994408404044, 0.3486582922678525, -0.1086290766463173, -0.3128234325460897, 0.2542964882067411, 0.6636251886421516, -0.8893781482344374, -0.9920431836079393, -0.6206025046990298, 0.5461855504496931, -0.9571395958954843, 0.4442894525075405, -1, 1, 1, 0.20663326398647497, -0.24708967776204238, 0.7593837984154931, -0.6051885087463786, -0.7802160762522787, 0.33679153928397876, -0.5969158768981515, -0.24212583419147404, 0.7664986450949771, 0.7375231000583846, -0.8155744126380979, -0.19855641739092073, 0.9133695562318502, -0.8547228304814029, -0.598844856853858, -0.6880118151859367, 0.4814484858348158, 0.9795596997756, 0.8029240447996402, -0.13337108888802995, -0.23519169595670503, 0.04181540522739407, -0.612125813524067, 0.7369232129089123, -0.220772782894759, 0.3069970581101473, 0.47335899755125277, -0.23950206151229203, 0.6279182064206649, -0.3032645406621572, -0.4222451081819016, -0.37835051799892816, -0.75851949722919, -0.7493581711851434, -0.8440426917312456, 0.8050689443224799, -0.5302069956303568, 0.19334315414173253, 0.5206647711227934, -0.5881936946364419, 0.23371618718251097, -0.7266119544504981, 0.6632482798227199, -0.85031213317196, 0.20001543534225297, 0.17031198785623913, -0.1562160491517169, -0.250066545624261, 0.4068502963567769, -0.7048388194778659, 0.7414953265770095, -0.7972184440535256, -0.32599516524488725, -0.8026190195314811, 0.44879405117450455, 0.49523481968830385, 0.9137611443950919, -0.7278948536395596, 0.22196760753193212, 0.5737702941652929, 0.430231891765384, -0.8473978673140358, -1, 1, 0.46739357317637276, -0.5952071981053632, 0.797067274373324, 0.006940838776594793, -0.4065521201185758, 0.05182264763091654, 0.128863470029706, -0.10194346526242981, 0.051545270499611995, 0.055888702302225646, 0.10845059883259875, 0.8960412491876366, -0.22520633011184676, -0.5169267525374057, -0.5849993508325746, -0.11536021781834616, -0.20647309810892667, 0.9637744209448571, 0.4964586960320413]
490.3017578125	(8, 12, 2)	[0.3022502809701313, -0.9297084361435808, 0.976571918458248, -0.6545871057411126, -0.7685063038014688, 0.7827682520519572, 0.1077037004467476, 0.20840319809659222, -0.7201236084953931, -0.12742843632071205, -0.2974095113665791, -0.16889790603469512, 0.7365879225321859, 0.056148057788480206, 0.46035773892536525, -0.8360271212587633, 0.8393051037821642, -1, -0.9819541874363429, -0.8392631287630334, -0.3318686208087218, -0.9515819857965915, 0.8314994408404044, 0.3486582922678525, -0.1086290766463173, -0.3128234325460897, 0.2542964882067411, 0.6636251886421516, -0.8893781482344374, -0.9920431836079393, -1, 0.5461855504496931, -0.9571395958954843, 0.4442894525075405, -1, 1, 1, 0.20663326398647497, -0.22698939069566665, 0.7593837984154931, -0.6051885087463786, -0.7802160762522787, 0.33679153928397876, -0.5969158768981515, -0.24212583419147404, 0.8593453573205276, 0.7375231000583846, -0.8155744126380979, -0.19855641739092073, 0.9133695562318502, -0.8547228304814029, -0.46920549461414846, -0.6880118151859367, 0.4814484858348158, 0.9795596997756, 0.8029240447996402, -0.13337108888802995, -0.23519169595670503, 0.1588037823168942, -0.612125813524067, 0.7369232129089123, -0.220772782894759, 0.3069970581101473, 0.47335899755125277, -0.19092735261284302, 0.6279182064206649, -0.3032645406621572, -0.4222451081819016, -0.37835051799892816, -0.75851949722919, -0.7493581711851434, -0.8440426917312456, 0.8050689443224799, -0.5302069956303568, 0.5127474697474633, 0.5206647711227934, -0.5881936946364419, 0.23371618718251097, -0.7266119544504981, 0.6632482798227199, -0.85031213317196, 0.20001543534225297, 0.17031198785623913, -0.1562160491517169, -0.250066545624261, 0.4068502963567769, -0.7048388194778659, 0.7414953265770095, -0.7972184440535256, -0.32599516524488725, -0.8026190195314811, 0.44879405117450455, 0.49523481968830385, 0.9137611443950919, -0.7278948536395596, 0.22196760753193212, 0.5737702941652929, 0.430231891765384, -0.8298653998627232, -1, 1, 0.46739357317637276, -0.5952071981053632, 0.797067274373324, 0.006940838776594793, -0.4065521201185758, 0.05182264763091654, 0.128863470029706, -0.10194346526242981, 0.051545270499611995, 0.055888702302225646, 0.10845059883259875, 0.8960412491876366, -0.22520633011184676, -0.7356760208101993, -0.5849993508325746, -0.11536021781834616, -0.20647309810892667, 0.9637744209448571, 0.4964586960320413]
492.4034118652344	(8, 12, 2)	[0.3022502809701313, -0.9297084361435808, 0.976571918458248, -0.6545871057411126, -0.7685063038014688, 0.7827682520519572, 0.1077037004467476, 0.20840319809659222, -0.7201236084953931, -0.12742843632071205, -0.2974095113665791, -0.16889790603469512, 0.7365879225321859, 0.056148057788480206, 0.46035773892536525, -0.8360271212587633, 0.8393051037821642, -1, -0.9819541874363429, -0.8392631287630334, -0.3318686208087218, -0.9515819857965915, 0.8314994408404044, 0.3486582922678525, -0.1086290766463173, -0.3128234325460897, 0.2542964882067411, 0.6636251886421516, -0.8893781482344374, -0.9920431836079393, -1, 0.5461855504496931, -0.9571395958954843, 0.4442894525075405, -1, 1, 1, 0.20663326398647497, -0.22698939069566665, 0.7593837984154931, -0.6051885087463786, -0.7802160762522787, 0.33679153928397876, -0.5969158768981515, -0.24212583419147404, 0.8593453573205276, 0.7375231000583846, -0.8155744126380979, -0.19855641739092073, 0.9133695562318502, -0.8547228304814029, -0.46920549461414846, -0.6880118151859367, 0.4814484858348158, 0.9795596997756, 0.8029240447996402, -0.13337108888802995, -0.23519169595670503, 0.1588037823168942, -0.612125813524067, 0.7369232129089123, -0.220772782894759, 0.3069970581101473, 0.47335899755125277, -0.19092735261284302, 0.6279182064206649, -0.3032645406621572, -0.4222451081819016, -0.37835051799892816, -0.75851949722919, -0.7493581711851434, -0.8440426917312456, 0.8050689443224799, -0.5302069956303568, 0.5127474697474633, 0.5206647711227934, -0.5881936946364419, 0.23371618718251097, -0.7266119544504981, 0.6632482798227199, -0.85031213317196, 0.20001543534225297, 0.17031198785623913, -0.1562160491517169, -0.250066545624261, 0.4068502963567769, -0.7048388194778659, 0.7414953265770095, -0.7972184440535256, -0.32599516524488725, -0.8026190195314811, 0.44879405117450455, 0.49523481968830385, 0.9137611443950919, -0.7278948536395596, 0.22196760753193212, 0.5737702941652929, 0.430231891765384, -0.8298653998627232, -1, 1, 0.46739357317637276, -0.5952071981053632, 0.797067274373324, 0.006940838776594793, -0.4065521201185758, 0.05182264763091654, 0.128863470029706, -0.10194346526242981, 0.051545270499611995, 0.055888702302225646, 0.10845059883259875, 0.8960412491876366, -0.22520633011184676, -0.7356760208101993, -0.5849993508325746, -0.11536021781834616, -0.20647309810892667, 0.9637744209448571, 0.4964586960320413]
490.5081787109375	(8, 12, 2)	[0.3022502809701313, -0.9297084361435808, 0.976571918458248, -0.6545871057411126, -0.7685063038014688, 0.7827682520519572, 0.1077037004467476, 0.20840319809659222, -0.7201236084953931, -0.12742843632071205, -0.2974095113665791, -0.16889790603469512, 0.7365879225321859, 0.056148057788480206, 0.46035773892536525, -0.8360271212587633, 0.8393051037821642, -1, -0.9819541874363429, -0.8392631287630334, -0.3318686208087218, -0.9515819857965915, 0.8314994408404044, 0.3486582922678525, -0.1086290766463173, -0.3128234325460897, 0.2542964882067411, 0.6636251886421516, -0.8893781482344374, -0.9920431836079393, -1, 0.5461855504496931, -0.9571395958954843, 0.4442894525075405, -1, 1, 1, 0.20663326398647497, -0.22698939069566665, 0.7593837984154931, -0.6051885087463786, -0.7802160762522787, 0.33679153928397876, -0.5969158768981515, -0.24212583419147404, 0.8593453573205276, 0.7375231000583846, -0.8155744126380979, -0.19855641739092073, 0.9133695562318502, -0.8547228304814029, -0.46920549461414846, -0.6880118151859367, 0.4814484858348158, 0.9795596997756, 0.8029240447996402, -0.13337108888802995, -0.23519169595670503, 0.1588037823168942, -0.612125813524067, 0.7369232129089123, -0.220772782894759, 0.3069970581101473, 0.47335899755125277, -0.19092735261284302, 0.6279182064206649, -0.3032645406621572, -0.4222451081819016, -0.37835051799892816, -0.75851949722919, -0.7493581711851434, -0.8440426917312456, 0.8050689443224799, -0.5302069956303568, 0.5127474697474633, 0.5206647711227934, -0.5881936946364419, 0.23371618718251097, -0.7266119544504981, 0.6632482798227199, -0.85031213317196, 0.20001543534225297, 0.17031198785623913, -0.1562160491517169, -0.250066545624261, 0.4068502963567769, -0.7048388194778659, 0.7414953265770095, -0.7972184440535256, -0.32599516524488725, -0.8026190195314811, 0.44879405117450455, 0.49523481968830385, 0.9137611443950919, -0.7278948536395596, 0.22196760753193212, 0.5737702941652929, 0.430231891765384, -0.8298653998627232, -1, 1, 0.46739357317637276, -0.5952071981053632, 0.797067274373324, 0.006940838776594793, -0.4065521201185758, 0.05182264763091654, 0.128863470029706, -0.10194346526242981, 0.051545270499611995, 0.055888702302225646, 0.10845059883259875, 0.8960412491876366, -0.22520633011184676, -0.7356760208101993, -0.5849993508325746, -0.11536021781834616, -0.20647309810892667, 0.9637744209448571, 0.4964586960320413]
492.9336242675781	(8, 12, 2)	[0.5291596598989803, -0.9297084361435808, 0.976571918458248, -0.6545871057411126, -0.7685063038014688, 0.7827682520519572, 0.1077037004467476, 0.20840319809659222, -0.7201236084953931, -0.07121673444810536, -0.2974095113665791, -0.16889790603469512, 0.7365879225321859, 0.056148057788480206, 0.46035773892536525, -0.8360271212587633, 0.8393051037821642, -1, -0.9819541874363429, -0.8392631287630334, -0.3318686208087218, -0.9515819857965915, 0.8314994408404044, 0.3486582922678525, -0.1086290766463173, -0.3128234325460897, 0.2542964882067411, 0.6636251886421516, -0.8893781482344374, -0.9920431836079393, -1, 0.5461855504496931, -0.9571395958954843, 0.4442894525075405, -1, 1, 1, 0.20663326398647497, -0.22698939069566665, 0.7593837984154931, -0.6051885087463786, -0.7802160762522787, 0.33679153928397876, -0.5969158768981515, -0.24212583419147404, 1, 0.7375231000583846, -0.8155744126380979, -0.19855641739092073, 0.9133695562318502, -0.8547228304814029, -0.46920549461414846, -0.9955228528737452, 0.4814484858348158, 0.9795596997756, 0.8029240447996402, -0.13337108888802995, -0.23519169595670503, 0.1588037823168942, -0.612125813524067, 0.7369232129089123, -0.220772782894759, 0.3069970581101473, 0.47335899755125277, -0.23950206151229203, 0.6279182064206649, -0.3032645406621572, -0.4222451081819016, -0.37835051799892816, -0.75851949722919, -0.7493581711851434, -0.6712839283518688, 0.8050689443224799, -0.5302069956303568, 0.19334315414173253, 0.5206647711227934, -0.5881936946364419, 0.23371618718251097, -0.7266119544504981, 0.6632482798227199, -0.85031213317196, 0.20001543534225297, 0.17031198785623913, -0.1562160491517169, -0.250066545624261, 0.4068502963567769, -0.7048388194778659, 0.7414953265770095, -0.7972184440535256, -0.32599516524488725, -0.8026190195314811, 0.44879405117450455, 0.49523481968830385, 0.9137611443950919, -0.7278948536395596, 0.22196760753193212, 0.5737702941652929, 0.430231891765384, -0.8298653998627232, -1, 1, 0.46739357317637276, -0.5952071981053632, 0.797067274373324, 0.006940838776594793, -0.4065521201185758, 0.05182264763091654, 0.128863470029706, -0.10194346526242981, 0.051545270499611995, 0.055888702302225646, -0.13335165951089095, 0.8960412491876366, -0.22520633011184676, -0.7356760208101993, -0.5849993508325746, -0.11536021781834616, -0.20647309810892667, 0.9637744209448571, 0.4964586960320413]
495.9903564453125	(8, 12, 2)	[0.5291596598989803, -0.9297084361435808, 0.976571918458248, -0.6545871057411126, -0.7685063038014688, 0.7827682520519572, 0.1077037004467476, 0.20840319809659222, -0.7201236084953931, -0.07121673444810536, -0.2974095113665791, -0.16889790603469512, 0.7365879225321859, 0.056148057788480206, 0.46035773892536525, -0.8360271212587633, 0.8393051037821642, -1, -0.9819541874363429, -0.8392631287630334, -0.3318686208087218, -0.9515819857965915, 0.8314994408404044, 0.3486582922678525, -0.1086290766463173, -0.3128234325460897, 0.2542964882067411, 0.6636251886421516, -0.8893781482344374, -0.9920431836079393, -1, 0.5461855504496931, -0.9571395958954843, 0.4442894525075405, -1, 1, 1, 0.20663326398647497, -0.22698939069566665, 0.7593837984154931, -0.6051885087463786, -0.7802160762522787, 0.33679153928397876, -0.5969158768981515, -0.24212583419147404, 1, 0.7375231000583846, -0.8155744126380979, -0.19855641739092073, 0.9133695562318502, -0.8547228304814029, -0.46920549461414846, -0.808690911474496, 0.4814484858348158, 0.9795596997756, 0.8029240447996402, -0.13337108888802995, -0.23519169595670503, 0.1588037823168942, -0.612125813524067, 0.7369232129089123, -0.220772782894759, 0.3069970581101473, 0.47335899755125277, -0.23950206151229203, 0.6279182064206649, -0.3032645406621572, -0.4222451081819016, -0.37835051799892816, -0.75851949722919, -0.7493581711851434, -0.6712839283518688, 0.8050689443224799, -0.5302069956303568, 0.19334315414173253, 0.5206647711227934, -0.5881936946364419, 0.23371618718251097, -0.905920618505653, 0.6632482798227199, -0.85031213317196, 0.20001543534225297, 0.17031198785623913, -0.1562160491517169, -0.250066545624261, 0.4068502963567769, -0.7048388194778659, 0.7414953265770095, -0.7972184440535256, -0.32599516524488725, -0.8026190195314811, 0.44879405117450455, 0.49523481968830385, 0.9137611443950919, -0.7278948536395596, 0.22196760753193212, 0.5737702941652929, 0.430231891765384, -0.8298653998627232, -1, 1, 0.46739357317637276, -0.5952071981053632, 0.797067274373324, 0.006940838776594793, -0.4065521201185758, 0.05182264763091654, 0.128863470029706, -0.10194346526242981, 0.051545270499611995, 0.055888702302225646, -0.13335165951089095, 0.8960412491876366, -0.22520633011184676, -0.7356760208101993, -0.5849993508325746, -0.11536021781834616, -0.20647309810892667, 0.9637744209448571, 0.4964586960320413]
490.0064392089844	(8, 12, 2)	[0.5291596598989803, -0.9297084361435808, 0.976571918458248, -0.6545871057411126, -0.7685063038014688, 0.7827682520519572, 0.1077037004467476, 0.20840319809659222, -0.7201236084953931, -0.07121673444810536, -0.2974095113665791, -0.16889790603469512, 0.7365879225321859, 0.056148057788480206, 0.46035773892536525, -0.8360271212587633, 0.8393051037821642, -1, -0.9819541874363429, -0.8392631287630334, -0.3318686208087218, -0.9515819857965915, 0.8314994408404044, 0.3486582922678525, -0.1086290766463173, -0.3128234325460897, 0.2542964882067411, 0.6636251886421516, -0.8893781482344374, -0.9920431836079393, -1, 0.5461855504496931, -0.9571395958954843, 0.4442894525075405, -1, 1, 1, 0.20663326398647497, -0.22698939069566665, 0.7593837984154931, -0.6051885087463786, -0.7802160762522787, 0.33679153928397876, -0.5969158768981515, -0.24212583419147404, 1, 0.7375231000583846, -0.8155744126380979, -0.19855641739092073, 0.9133695562318502, -0.8547228304814029, -0.46920549461414846, -0.808690911474496, 0.5613691536018116, 0.9795596997756, 0.8029240447996402, -0.13337108888802995, -0.23519169595670503, 0.1588037823168942, -0.612125813524067, 0.7369232129089123, -0.220772782894759, 0.3069970581101473, 0.47335899755125277, -0.23950206151229203, 0.6279182064206649, -0.3032645406621572, -0.4222451081819016, -0.37835051799892816, -0.75851949722919, -0.7493581711851434, -0.6712839283518688, 0.8050689443224799, -0.5302069956303568, 0.19334315414173253, 0.5206647711227934, -0.5881936946364419, 0.23371618718251097, -0.905920618505653, 0.6632482798227199, -0.85031213317196, 0.20001543534225297, 0.17031198785623913, -0.1562160491517169, -0.250066545624261, 0.4068502963567769, -0.7048388194778659, 0.7414953265770095, -0.7972184440535256, -0.32599516524488725, -0.8026190195314811, 0.44879405117450455, 0.3108692074716789, 0.9137611443950919, -0.7278948536395596, 0.22196760753193212, 0.5737702941652929, 0.430231891765384, -0.8298653998627232, -1, 1, 0.46739357317637276, -0.5952071981053632, 0.797067274373324, 0.006940838776594793, -0.4065521201185758, 0.05182264763091654, 0.128863470029706, -0.10194346526242981, 0.051545270499611995, 0.055888702302225646, -0.13335165951089095, 0.8960412491876366, -0.22520633011184676, -0.7356760208101993, -0.5849993508325746, -0.11536021781834616, -0.20647309810892667, 0.9637744209448571, 0.4964586960320413]
491.2279357910156	(8, 12, 2)	[0.5291596598989803, -0.9297084361435808, 0.976571918458248, -0.6545871057411126, -0.7685063038014688, 0.7827682520519572, 0.1077037004467476, 0.20840319809659222, -0.7201236084953931, -0.07121673444810536, -0.2974095113665791, -0.16889790603469512, 0.7365879225321859, 0.056148057788480206, 0.46035773892536525, -0.8360271212587633, 0.8393051037821642, -1, -0.9819541874363429, -0.8392631287630334, -0.3318686208087218, -0.9515819857965915, 0.8314994408404044, 0.3486582922678525, -0.1086290766463173, -0.3128234325460897, 0.2542964882067411, 0.6636251886421516, -0.8893781482344374, -0.9920431836079393, -1, 0.5461855504496931, -0.9571395958954843, 0.4442894525075405, -1, 1, 1, 0.20663326398647497, -0.22698939069566665, 0.7593837984154931, -0.6051885087463786, -0.7802160762522787, 0.33679153928397876, -0.5969158768981515, -0.24212583419147404, 1, 0.7375231000583846, -0.8155744126380979, -0.19855641739092073, 0.9133695562318502, -0.8547228304814029, -0.46920549461414846, -0.808690911474496, 0.4814484858348158, 0.9795596997756, 0.8029240447996402, -0.13337108888802995, -0.23519169595670503, 0.1588037823168942, -0.612125813524067, 0.7369232129089123, -0.220772782894759, 0.3069970581101473, 0.47335899755125277, -0.23950206151229203, 0.6279182064206649, -0.3032645406621572, -0.4222451081819016, -0.37835051799892816, -0.75851949722919, -0.7493581711851434, -0.6712839283518688, 0.8050689443224799, -0.5302069956303568, 0.19334315414173253, 0.5206647711227934, -0.5881936946364419, 0.23371618718251097, -0.905920618505653, 0.6632482798227199, -0.85031213317196, 0.20001543534225297, 0.17031198785623913, -0.1562160491517169, -0.250066545624261, 0.4068502963567769, -0.7048388194778659, 0.7414953265770095, -0.7972184440535256, -0.32599516524488725, -0.8026190195314811, 0.44879405117450455, 0.49523481968830385, 0.9137611443950919, -0.7278948536395596, 0.22196760753193212, 0.5737702941652929, 0.430231891765384, -0.8298653998627232, -1, 1, 0.46739357317637276, -0.5952071981053632, 0.797067274373324, 0.006940838776594793, -0.4065521201185758, 0.05182264763091654, 0.128863470029706, -0.10194346526242981, 0.051545270499611995, 0.055888702302225646, -0.13335165951089095, 0.8960412491876366, -0.22520633011184676, -0.7356760208101993, -0.5849993508325746, -0.11536021781834616, -0.20647309810892667, 0.9637744209448571, 0.4964586960320413]
490.7711181640625	(8, 12, 2)	[0.5291596598989803, -0.9297084361435808, 0.976571918458248, -0.6545871057411126, -0.7685063038014688, 0.7827682520519572, 0.1077037004467476, 0.20840319809659222, -0.7201236084953931, -0.07121673444810536, -0.2974095113665791, -0.16889790603469512, 0.7365879225321859, 0.056148057788480206, 0.46035773892536525, -0.8360271212587633, 0.8393051037821642, -1, -0.9819541874363429, -0.8392631287630334, -0.3318686208087218, -0.9515819857965915, 0.8314994408404044, 0.3486582922678525, -0.1086290766463173, -0.3128234325460897, 0.2542964882067411, 0.6636251886421516, -0.8893781482344374, -0.9920431836079393, -1, 0.5461855504496931, -0.9571395958954843, 0.4442894525075405, -1, 1, 1, 0.20663326398647497, -0.22698939069566665, 0.7593837984154931, -0.6051885087463786, -0.7802160762522787, 0.33679153928397876, -0.5969158768981515, -0.24212583419147404, 1, 0.7375231000583846, -0.8155744126380979, -0.19855641739092073, 0.9133695562318502, -0.8547228304814029, -0.46920549461414846, -0.808690911474496, 0.4814484858348158, 0.9795596997756, 0.8029240447996402, -0.13337108888802995, -0.23519169595670503, 0.1588037823168942, -0.612125813524067, 0.7369232129089123, -0.220772782894759, 0.3069970581101473, 0.47335899755125277, -0.23950206151229203, 0.6279182064206649, -0.3032645406621572, -0.4222451081819016, -0.37835051799892816, -0.75851949722919, -0.7493581711851434, -0.6712839283518688, 0.8050689443224799, -0.5302069956303568, 0.19334315414173253, 0.5206647711227934, -0.5881936946364419, 0.23371618718251097, -0.905920618505653, 0.6632482798227199, -0.85031213317196, 0.20001543534225297, 0.17031198785623913, -0.1562160491517169, -0.250066545624261, 0.4068502963567769, -0.7048388194778659, 0.7414953265770095, -0.7972184440535256, -0.32599516524488725, -0.8026190195314811, 0.44879405117450455, 0.49523481968830385, 0.9137611443950919, -0.7278948536395596, 0.22196760753193212, 0.5737702941652929, 0.430231891765384, -0.8298653998627232, -1, 1, 0.46739357317637276, -0.5952071981053632, 0.797067274373324, 0.006940838776594793, -0.4065521201185758, 0.05182264763091654, 0.128863470029706, -0.10194346526242981, 0.051545270499611995, 0.055888702302225646, -0.13335165951089095, 0.8960412491876366, -0.22520633011184676, -0.7356760208101993, -0.5849993508325746, -0.11536021781834616, -0.20647309810892667, 0.9637744209448571, 0.4964586960320413]
489.90167236328125	(8, 12, 2)	[0.5291596598989803, -0.9297084361435808, 0.976571918458248, -0.6545871057411126, -0.7685063038014688, 0.7827682520519572, 0.1077037004467476, 0.20840319809659222, -0.7201236084953931, -0.07121673444810536, -0.2974095113665791, -0.16889790603469512, 0.7365879225321859, 0.056148057788480206, 0.46035773892536525, -0.8360271212587633, 0.8393051037821642, -1, -0.9819541874363429, -0.8392631287630334, -0.3318686208087218, -0.9515819857965915, 0.8314994408404044, 0.3486582922678525, -0.1086290766463173, -0.3128234325460897, 0.2542964882067411, 0.6636251886421516, -0.8893781482344374, -0.9920431836079393, -1, 0.5461855504496931, -0.9571395958954843, 0.4442894525075405, -1, 1, 1, 0.20663326398647497, -0.22698939069566665, 0.7593837984154931, -0.6051885087463786, -0.7802160762522787, 0.33679153928397876, -0.5969158768981515, -0.24212583419147404, 1, 0.7375231000583846, -0.8155744126380979, -0.19855641739092073, 0.9133695562318502, -0.8547228304814029, -0.46920549461414846, -0.808690911474496, 0.4814484858348158, 0.9795596997756, 0.8029240447996402, -0.13337108888802995, -0.23519169595670503, 0.1588037823168942, -0.612125813524067, 0.7369232129089123, -0.220772782894759, 0.3069970581101473, 0.47335899755125277, -0.23950206151229203, 0.6279182064206649, -0.3032645406621572, -0.4222451081819016, -0.37835051799892816, -0.75851949722919, -0.7493581711851434, -0.6712839283518688, 0.8050689443224799, -0.5302069956303568, 0.19334315414173253, 0.5206647711227934, -0.5881936946364419, 0.23371618718251097, -0.905920618505653, 0.6632482798227199, -0.85031213317196, 0.20001543534225297, 0.17031198785623913, -0.1562160491517169, -0.250066545624261, 0.4068502963567769, -0.7048388194778659, 0.7414953265770095, -0.7972184440535256, -0.32599516524488725, -0.8026190195314811, 0.44879405117450455, 0.49523481968830385, 0.9137611443950919, -0.7278948536395596, 0.22196760753193212, 0.5737702941652929, 0.430231891765384, -0.8298653998627232, -1, 1, 0.46739357317637276, -0.5952071981053632, 0.797067274373324, 0.006940838776594793, -0.4065521201185758, 0.05182264763091654, 0.128863470029706, -0.10194346526242981, 0.051545270499611995, 0.055888702302225646, -0.13335165951089095, 0.8960412491876366, -0.22520633011184676, -0.7356760208101993, -0.5849993508325746, -0.11536021781834616, -0.20647309810892667, 0.9637744209448571, 0.4964586960320413]
491.09906005859375	(8, 12, 2)	[0.5291596598989803, -0.9297084361435808, 0.976571918458248, -0.6545871057411126, -0.7685063038014688, 0.7827682520519572, 0.1077037004467476, 0.20840319809659222, -0.7201236084953931, -0.3627093583722546, -0.2974095113665791, -0.16889790603469512, 0.7365879225321859, 0.056148057788480206, 0.46035773892536525, -0.8360271212587633, 0.8393051037821642, -1, -0.9819541874363429, -0.8392631287630334, -0.3318686208087218, -0.9515819857965915, 0.8314994408404044, 0.3486582922678525, -0.1086290766463173, -0.3128234325460897, 0.2542964882067411, 0.6636251886421516, -0.8893781482344374, -0.9920431836079393, -1, 0.5461855504496931, -0.9571395958954843, 0.4442894525075405, -1, 1, 1, 0.20663326398647497, -0.24708967776204238, 0.7593837984154931, -0.6051885087463786, -0.7802160762522787, 0.33679153928397876, -0.5969158768981515, -0.24212583419147404, 0.7664986450949771, 0.7375231000583846, -0.8155744126380979, -0.19855641739092073, 0.9133695562318502, -0.8547228304814029, -0.46920549461414846, -0.808690911474496, 0.4814484858348158, 0.9795596997756, 0.8029240447996402, -0.13337108888802995, -0.23519169595670503, 0.1588037823168942, -0.612125813524067, 0.7369232129089123, -0.220772782894759, 0.3069970581101473, 0.47335899755125277, -0.23950206151229203, 0.6279182064206649, -0.3032645406621572, -0.4222451081819016, -0.37835051799892816, -0.75851949722919, -0.7493581711851434, -0.6712839283518688, 0.8050689443224799, -0.5302069956303568, 0.19334315414173253, 0.5206647711227934, -0.5881936946364419, 0.23371618718251097, -0.905920618505653, 0.6632482798227199, -0.85031213317196, 0.20001543534225297, 0.17031198785623913, -0.1562160491517169, -0.250066545624261, 0.4068502963567769, -0.7048388194778659, 0.7414953265770095, -0.7972184440535256, -0.32599516524488725, -0.8026190195314811, 0.44879405117450455, 0.3108692074716789, 0.9137611443950919, -0.7278948536395596, 0.22196760753193212, 0.5737702941652929, 0.430231891765384, -0.8298653998627232, -1, 1, 0.46739357317637276, -0.5952071981053632, 0.797067274373324, 0.006940838776594793, -0.4065521201185758, 0.05182264763091654, 0.128863470029706, -0.10194346526242981, 0.0842043368290495, 0.055888702302225646, -0.13335165951089095, 0.8960412491876366, -0.22520633011184676, -0.7356760208101993, -0.5849993508325746, -0.11536021781834616, -0.20647309810892667, 0.9637744209448571, 0.4964586960320413]
494.1442565917969	(8, 12, 2)	[0.5291596598989803, -0.9297084361435808, 0.976571918458248, -0.6545871057411126, -0.7685063038014688, 0.7827682520519572, 0.1077037004467476, 0.20840319809659222, -0.7201236084953931, -0.3627093583722546, -0.2974095113665791, -0.16889790603469512, 0.7365879225321859, 0.056148057788480206, 0.46035773892536525, -0.8360271212587633, 0.8393051037821642, -1, -0.9819541874363429, -0.8392631287630334, -0.3318686208087218, -0.9515819857965915, 0.8314994408404044, 0.3486582922678525, -0.1086290766463173, -0.3128234325460897, 0.2542964882067411, 0.6636251886421516, -0.8893781482344374, -0.9920431836079393, -1, 0.5461855504496931, -0.9571395958954843, 0.4442894525075405, -1, 1, 1, 0.20663326398647497, -0.24708967776204238, 0.7593837984154931, -0.6051885087463786, -0.7802160762522787, 0.33679153928397876, -0.5969158768981515, -0.24212583419147404, 0.7664986450949771, 0.7375231000583846, -0.8155744126380979, -0.19855641739092073, 0.9133695562318502, -0.8547228304814029, -0.46920549461414846, -0.808690911474496, 0.4814484858348158, 0.9795596997756, 0.8029240447996402, -0.13337108888802995, -0.23519169595670503, 0.1588037823168942, -0.612125813524067, 0.7369232129089123, -0.220772782894759, 0.3069970581101473, 0.47335899755125277, -0.23950206151229203, 0.6279182064206649, -0.3032645406621572, -0.4222451081819016, -0.37835051799892816, -0.75851949722919, -0.7493581711851434, -0.6712839283518688, 0.8050689443224799, -0.5302069956303568, 0.19334315414173253, 0.5206647711227934, -0.5881936946364419, 0.23371618718251097, -0.905920618505653, 0.6632482798227199, -0.85031213317196, 0.20001543534225297, 0.17031198785623913, -0.1562160491517169, -0.250066545624261, 0.4068502963567769, -0.7048388194778659, 0.7414953265770095, -0.7972184440535256, -0.32599516524488725, -0.8026190195314811, 0.44879405117450455, 0.3108692074716789, 0.9137611443950919, -0.7278948536395596, 0.22196760753193212, 0.5737702941652929, 0.430231891765384, -0.8298653998627232, -1, 1, 0.46739357317637276, -0.5952071981053632, 0.797067274373324, 0.006940838776594793, -0.4065521201185758, 0.05182264763091654, 0.128863470029706, -0.10194346526242981, 0.0842043368290495, 0.055888702302225646, -0.13335165951089095, 0.8960412491876366, -0.22520633011184676, -0.7356760208101993, -0.5849993508325746, -0.11536021781834616, -0.20647309810892667, 0.9637744209448571, 0.4964586960320413]
491.1611633300781	(8, 12, 2)	[0.5291596598989803, -0.9297084361435808, 0.976571918458248, -0.6545871057411126, -0.7685063038014688, 0.7827682520519572, 0.1077037004467476, 0.20840319809659222, -0.7201236084953931, -0.3627093583722546, -0.2974095113665791, -0.16889790603469512, 0.7365879225321859, 0.056148057788480206, 0.46035773892536525, -0.8360271212587633, 0.8393051037821642, -1, -0.9819541874363429, -0.8392631287630334, -0.3318686208087218, -0.9515819857965915, 0.8314994408404044, 0.3486582922678525, -0.1086290766463173, -0.3128234325460897, 0.2542964882067411, 0.6636251886421516, -0.8893781482344374, -0.9920431836079393, -1, 0.5461855504496931, -0.9571395958954843, 0.4442894525075405, -1, 1, 1, 0.20663326398647497, -0.24708967776204238, 0.7593837984154931, -0.6051885087463786, -0.7802160762522787, 0.33679153928397876, -0.5969158768981515, -0.24212583419147404, 0.7664986450949771, 0.7375231000583846, -0.8155744126380979, -0.19855641739092073, 0.9133695562318502, -0.8547228304814029, -0.46920549461414846, -0.808690911474496, 0.4814484858348158, 0.9795596997756, 0.8029240447996402, -0.13337108888802995, -0.23519169595670503, 0.1588037823168942, -0.612125813524067, 0.7369232129089123, -0.220772782894759, 0.3069970581101473, 0.47335899755125277, -0.23950206151229203, 0.6279182064206649, -0.3032645406621572, -0.4222451081819016, -0.37835051799892816, -0.75851949722919, -0.7493581711851434, -0.6712839283518688, 0.8050689443224799, -0.5302069956303568, 0.19334315414173253, 0.5206647711227934, -0.5881936946364419, 0.23371618718251097, -0.905920618505653, 0.6632482798227199, -0.85031213317196, 0.20001543534225297, 0.17031198785623913, -0.1562160491517169, -0.250066545624261, 0.4068502963567769, -0.7048388194778659, 0.7414953265770095, -0.7972184440535256, -0.32599516524488725, -0.8026190195314811, 0.44879405117450455, 0.49523481968830385, 0.9137611443950919, -0.7278948536395596, 0.22196760753193212, 0.5737702941652929, 0.430231891765384, -0.8298653998627232, -1, 1, 0.46739357317637276, -0.5952071981053632, 0.797067274373324, 0.006940838776594793, -0.4065521201185758, 0.16921425506137905, 0.128863470029706, -0.10194346526242981, 0.0842043368290495, 0.055888702302225646, -0.13335165951089095, 0.8960412491876366, -0.22520633011184676, -0.7356760208101993, -0.5849993508325746, -0.11536021781834616, -0.20647309810892667, 0.9637744209448571, 0.4964586960320413]
491.3438720703125	(8, 12, 2)	[-0.175029692452001, -0.9297084361435808, 0.976571918458248, -0.6545871057411126, -0.7685063038014688, 0.7827682520519572, 0.019074659261410082, 0.02089350082715033, -0.7201236084953931, -0.12742843632071205, -0.2974095113665791, -0.16889790603469512, 0.7365879225321859, -0.4681749939041927, 0.46035773892536525, -0.8360271212587633, 0.8393051037821642, -1, -0.9819541874363429, -0.8392631287630334, -0.3318686208087218, -0.9515819857965915, 0.8314994408404044, 0.3486582922678525, -0.2901112637827229, -0.3128234325460897, 0.2542964882067411, 0.6636251886421516, -0.8893781482344374, -0.9920431836079393, -1, 0.5912951971736403, -0.9571395958954843, 0.4442894525075405, -1, 1, 1, 0.20663326398647497, -0.24708967776204238, 0.7593837984154931, -0.6051885087463786, -0.7802160762522787, 0.33679153928397876, -0.5969158768981515, -0.24212583419147404, 0.7664986450949771, 0.7375231000583846, -0.8155744126380979, -0.19855641739092073, 0.9133695562318502, -0.8547228304814029, -0.46920549461414846, -0.808690911474496, 0.4814484858348158, 0.9795596997756, 0.8029240447996402, -0.13337108888802995, -0.23519169595670503, 0.1588037823168942, -0.612125813524067, 0.7369232129089123, -0.220772782894759, 0.3069970581101473, 0.47335899755125277, -0.23950206151229203, 0.6279182064206649, -0.3032645406621572, -0.4222451081819016, -0.37835051799892816, -0.3944880400863136, -0.8002519708258472, -0.6712839283518688, 0.8050689443224799, -0.5302069956303568, 0.19334315414173253, 0.5206647711227934, -0.5881936946364419, 0.23371618718251097, -0.905920618505653, 0.6632482798227199, -0.85031213317196, 0.20001543534225297, 0.17031198785623913, -0.1562160491517169, -0.250066545624261, 0.4068502963567769, -0.7048388194778659, 0.7414953265770095, -0.7972184440535256, -0.32599516524488725, -0.8026190195314811, 0.44879405117450455, 0.49523481968830385, 0.9137611443950919, -0.7278948536395596, 0.22196760753193212, 0.5737702941652929, 0.430231891765384, -0.8298653998627232, -1, 1, 0.46739357317637276, -0.5952071981053632, 0.797067274373324, 0.006940838776594793, -0.6886246375257501, 0.05182264763091654, 0.128863470029706, -0.10194346526242981, 0.051545270499611995, 0.055888702302225646, -0.13335165951089095, 0.8960412491876366, -0.22520633011184676, -0.7356760208101993, -0.5849993508325746, -0.11536021781834616, -0.20647309810892667, 0.9637744209448571, 0.4964586960320413]
490.0548400878906	(8, 12, 2)	[-0.175029692452001, -0.9297084361435808, 0.976571918458248, -0.6545871057411126, -0.7685063038014688, 0.7827682520519572, 0.019074659261410082, 0.02089350082715033, -0.7201236084953931, -0.12742843632071205, -0.2974095113665791, -0.16889790603469512, 0.7365879225321859, -0.4681749939041927, 0.46035773892536525, -0.8360271212587633, 0.8393051037821642, -1, -1, -0.8392631287630334, -0.3318686208087218, -0.9515819857965915, 0.8314994408404044, 0.3486582922678525, -0.2901112637827229, -0.3128234325460897, 0.2542964882067411, 0.6636251886421516, -0.8893781482344374, -0.9920431836079393, -1, 0.5912951971736403, -0.9571395958954843, 0.4442894525075405, -1, 1, 1, 0.20663326398647497, -0.24708967776204238, 0.7593837984154931, -0.6051885087463786, -0.7802160762522787, 0.33679153928397876, -0.5969158768981515, -0.24212583419147404, 0.7664986450949771, 0.7375231000583846, -0.8155744126380979, -0.19855641739092073, 0.9133695562318502, -0.8408349560388012, -0.46920549461414846, -0.808690911474496, 0.4814484858348158, 0.9795596997756, 0.8029240447996402, -0.13337108888802995, -0.23519169595670503, 0.1588037823168942, -0.612125813524067, 0.7369232129089123, -0.220772782894759, 0.3069970581101473, 0.47335899755125277, -0.23950206151229203, 0.6279182064206649, -0.3032645406621572, -0.4222451081819016, -0.37835051799892816, -0.559086292821406, -0.7493581711851434, -0.6712839283518688, 0.8050689443224799, -0.5302069956303568, 0.327194921538273, 0.5206647711227934, -0.3221642386176286, 0.23371618718251097, -0.905920618505653, 0.7276567055844597, -0.85031213317196, 0.20001543534225297, 0.17031198785623913, -0.1562160491517169, -0.250066545624261, 0.4068502963567769, -0.7048388194778659, 0.7414953265770095, -0.7972184440535256, -0.32599516524488725, -0.8026190195314811, 0.44879405117450455, 0.3108692074716789, 0.9137611443950919, -0.7278948536395596, 0.22196760753193212, 0.5737702941652929, 0.430231891765384, -0.8298653998627232, -1, 1, 0.46739357317637276, -0.5952071981053632, 0.797067274373324, 0.006940838776594793, -0.4065521201185758, 0.16921425506137905, 0.128863470029706, -0.10194346526242981, 0.0842043368290495, 0.055888702302225646, -0.30479836554233314, 0.8960412491876366, -0.22520633011184676, -0.7356760208101993, -0.5849993508325746, -0.11536021781834616, -0.20647309810892667, 0.9637744209448571, 0.4964586960320413]
494.21527099609375	(8, 12, 2)	[0.5291596598989803, -0.9297084361435808, 0.976571918458248, -0.6545871057411126, -0.7685063038014688, 0.6577993477364251, 0.1077037004467476, 0.20840319809659222, -0.7201236084953931, -0.3627093583722546, -0.2974095113665791, -0.16889790603469512, 0.7365879225321859, 0.056148057788480206, 0.46035773892536525, -0.8360271212587633, 0.8393051037821642, -1, -0.9819541874363429, -0.8392631287630334, -0.3318686208087218, -0.9515819857965915, 0.8314994408404044, 0.3486582922678525, -0.1086290766463173, -0.632097810682549, 0.2542964882067411, 0.6636251886421516, -0.8893781482344374, -0.9920431836079393, -1, 0.5461855504496931, -0.9571395958954843, 0.4442894525075405, -1, 1, 1, 0.20663326398647497, -0.24708967776204238, 0.7593837984154931, -0.6051885087463786, -0.7802160762522787, 0.33679153928397876, -0.5969158768981515, -0.24212583419147404, 0.7664986450949771, 0.7375231000583846, -0.8155744126380979, -0.19855641739092073, 0.9133695562318502, -0.8547228304814029, -0.46920549461414846, -0.808690911474496, 0.4814484858348158, 1, 0.8029240447996402, -0.13337108888802995, -0.23519169595670503, 0.1588037823168942, -0.612125813524067, 0.7369232129089123, -0.220772782894759, 0.3069970581101473, 0.47335899755125277, -0.23950206151229203, 0.6279182064206649, -0.3032645406621572, -0.4222451081819016, -0.37835051799892816, -0.75851949722919, -0.7493581711851434, -0.6712839283518688, 0.8050689443224799, -0.5302069956303568, 0.19334315414173253, 0.5206647711227934, -0.5881936946364419, 0.23371618718251097, -0.905920618505653, 0.6632482798227199, -0.85031213317196, 0.20001543534225297, 0.17031198785623913, -0.1562160491517169, -0.250066545624261, 0.4068502963567769, -0.7048388194778659, 0.7414953265770095, -0.7972184440535256, -0.32599516524488725, -0.8026190195314811, 0.44879405117450455, 0.49523481968830385, 0.9137611443950919, -0.7278948536395596, 0.22196760753193212, 0.5737702941652929, 0.430231891765384, -0.8298653998627232, -1, 1, 0.46739357317637276, -0.7348810910196621, 0.797067274373324, 0.006940838776594793, -0.4065521201185758, 0.05182264763091654, 0.128863470029706, -0.10194346526242981, 0.0842043368290495, 0.055888702302225646, -0.13335165951089095, 0.8960412491876366, -0.22520633011184676, -0.7356760208101993, -0.5849993508325746, -0.11536021781834616, -0.20647309810892667, 0.9637744209448571, 0.4964586960320413]
488.4130554199219	(8, 12, 2)	[-0.175029692452001, -0.9297084361435808, 0.976571918458248, -0.6545871057411126, -0.7685063038014688, 0.7827682520519572, 0.019074659261410082, 0.02089350082715033, -0.7201236084953931, -0.12742843632071205, -0.2974095113665791, -0.16889790603469512, 0.7365879225321859, -0.4681749939041927, 0.46035773892536525, -0.8360271212587633, 0.8393051037821642, -1, -0.9819541874363429, -0.8392631287630334, -0.3318686208087218, -0.9515819857965915, 0.8314994408404044, 0.3486582922678525, -0.2901112637827229, -0.3128234325460897, -0.054497364472661236, 0.6636251886421516, -0.9801903494366445, -0.9920431836079393, -1, 0.5912951971736403, -0.9571395958954843, 0.4442894525075405, -1, 1, 1, 0.20663326398647497, -0.24708967776204238, 0.7593837984154931, -0.6051885087463786, -0.7802160762522787, 0.33679153928397876, -0.5969158768981515, -0.24212583419147404, 0.7664986450949771, 0.7375231000583846, -0.8155744126380979, -0.19855641739092073, 0.9133695562318502, -0.8547228304814029, -0.46920549461414846, -0.808690911474496, 0.4814484858348158, 0.9795596997756, 0.8029240447996402, -0.13337108888802995, -0.23519169595670503, 0.1588037823168942, -0.612125813524067, 0.7369232129089123, -0.220772782894759, 0.3069970581101473, 0.47335899755125277, -0.23950206151229203, 0.6279182064206649, -0.3032645406621572, -0.4222451081819016, -0.37835051799892816, -0.3944880400863136, -0.8002519708258472, -0.6712839283518688, 0.8050689443224799, -0.5302069956303568, 0.19334315414173253, 0.5206647711227934, -0.5881936946364419, 0.23371618718251097, -0.905920618505653, 0.6632482798227199, -0.85031213317196, 0.20001543534225297, 0.17031198785623913, -0.1562160491517169, -0.250066545624261, 0.4068502963567769, -0.7048388194778659, 0.7414953265770095, -0.7972184440535256, -0.32599516524488725, -0.8026190195314811, 0.44879405117450455, 0.49523481968830385, 0.9137611443950919, -0.7278948536395596, 0.22196760753193212, 0.5737702941652929, 0.430231891765384, -0.8298653998627232, -1, 1, 0.46739357317637276, -0.5952071981053632, 0.797067274373324, 0.006940838776594793, -0.6886246375257501, 0.05182264763091654, 0.128863470029706, -0.10194346526242981, 0.051545270499611995, 0.055888702302225646, -0.13335165951089095, 0.8960412491876366, -0.22520633011184676, -0.7356760208101993, -0.5849993508325746, -0.11536021781834616, -0.20647309810892667, 0.9637744209448571, 0.4964586960320413]
490.93096923828125	(8, 12, 2)	[0.5291596598989803, -0.9297084361435808, 0.976571918458248, -0.6545871057411126, -0.7685063038014688, 0.7827682520519572, 0.1077037004467476, 0.20840319809659222, -0.7201236084953931, -0.3627093583722546, -0.2974095113665791, -0.16889790603469512, 0.7365879225321859, 0.056148057788480206, 0.46035773892536525, -0.8360271212587633, 0.8393051037821642, -1, -0.9819541874363429, -0.8392631287630334, -0.3318686208087218, -0.9515819857965915, 0.8314994408404044, 0.3486582922678525, -0.1086290766463173, -0.632097810682549, 0.2542964882067411, 0.6636251886421516, -0.8893781482344374, -0.9920431836079393, -1, 0.5912951971736403, -0.9571395958954843, 0.4442894525075405, -1, 1, 1, 0.20663326398647497, -0.24708967776204238, 0.7593837984154931, -0.4178661014231063, -0.7802160762522787, 0.33679153928397876, -0.5969158768981515, -0.24212583419147404, 0.7664986450949771, 0.7375231000583846, -0.8155744126380979, -0.19855641739092073, 0.9133695562318502, -0.8547228304814029, -0.46920549461414846, -0.808690911474496, 0.4814484858348158, 0.9795596997756, 0.8029240447996402, -0.12552143896330753, -0.23519169595670503, 0.1588037823168942, -0.612125813524067, 0.7369232129089123, -0.220772782894759, 0.3069970581101473, 0.47335899755125277, -0.23950206151229203, 0.6279182064206649, -0.3032645406621572, -0.4222451081819016, -0.37835051799892816, -0.559086292821406, -0.7493581711851434, -0.6712839283518688, 0.8050689443224799, -0.5302069956303568, 0.327194921538273, 0.5206647711227934, -0.3221642386176286, 0.23371618718251097, -0.905920618505653, 0.7276567055844597, -0.85031213317196, 0.20001543534225297, 0.17031198785623913, -0.1562160491517169, -0.250066545624261, 0.4068502963567769, -0.7048388194778659, 0.7414953265770095, -0.7972184440535256, -0.32599516524488725, -0.8026190195314811, 0.44879405117450455, 0.3108692074716789, 0.9137611443950919, -0.7278948536395596, 0.22196760753193212, 0.5737702941652929, 0.430231891765384, -0.8298653998627232, -1, 1, 0.46739357317637276, -0.5952071981053632, 0.797067274373324, 0.006940838776594793, -0.6886246375257501, 0.05182264763091654, 0.128863470029706, -0.10194346526242981, 0.051545270499611995, 0.055888702302225646, -0.13335165951089095, 0.8960412491876366, 0.060006160278202214, -0.7356760208101993, -0.5849993508325746, -0.11536021781834616, -0.20647309810892667, 0.9637744209448571, 0.4964586960320413]
483.004150390625	(8, 12, 2)	[0.5291596598989803, -0.9297084361435808, 0.976571918458248, -0.6545871057411126, -0.7685063038014688, 0.7827682520519572, 0.1077037004467476, 0.20840319809659222, -0.6780599333394208, -0.07121673444810536, -0.2974095113665791, -0.16889790603469512, 0.7365879225321859, 0.056148057788480206, 0.46035773892536525, -0.8360271212587633, 1, -1, -0.9819541874363429, -0.8392631287630334, -0.3318686208087218, -0.9515819857965915, 0.8314994408404044, 0.3486582922678525, -0.1086290766463173, -0.3128234325460897, 0.2542964882067411, 0.6636251886421516, -0.8893781482344374, -0.9920431836079393, -1, 0.5461855504496931, -0.9571395958954843, 0.4442894525075405, -1, 1, 1, 0.20663326398647497, -0.22698939069566665, 0.7593837984154931, -0.6191753020577453, -0.7802160762522787, 0.33679153928397876, -0.5969158768981515, -0.24212583419147404, 0.7664986450949771, 0.7375231000583846, -0.8155744126380979, -0.19855641739092073, 0.9133695562318502, -0.8547228304814029, -0.46920549461414846, -0.808690911474496, 0.4814484858348158, 0.9795596997756, 0.8029240447996402, -0.13337108888802995, -0.23519169595670503, 0.1588037823168942, -0.46377183976067293, 0.7369232129089123, -0.220772782894759, 0.3069970581101473, 0.47335899755125277, -0.23950206151229203, 0.6279182064206649, -0.3032645406621572, -0.4222451081819016, -0.37835051799892816, -0.7288082533203806, -0.7493581711851434, -0.6712839283518688, 0.8050689443224799, -0.5302069956303568, 0.05420585230303146, 0.5206647711227934, -0.5881936946364419, 0.23371618718251097, -0.905920618505653, 0.6632482798227199, -0.85031213317196, 0.20001543534225297, 0.17031198785623913, -0.1562160491517169, -0.250066545624261, 0.4068502963567769, -0.7048388194778659, 0.7414953265770095, -0.7972184440535256, -0.33367739664356094, -0.8026190195314811, 0.44879405117450455, 0.08864063905515396, 0.9137611443950919, -0.7278948536395596, 0.22196760753193212, 0.5737702941652929, 0.430231891765384, -0.8298653998627232, -1, 1, 0.46739357317637276, -0.5952071981053632, 0.797067274373324, 0.006940838776594793, -0.6886246375257501, 0.05182264763091654, 0.128863470029706, -0.10194346526242981, 0.051545270499611995, 0.055888702302225646, -0.13335165951089095, 0.8960412491876366, -0.22520633011184676, -0.7356760208101993, -0.5849993508325746, -0.11536021781834616, -0.20647309810892667, 0.5661639211451182, 0.4964586960320413]
488.73956298828125	(8, 12, 2)	[-0.175029692452001, -0.9297084361435808, 0.976571918458248, -0.6545871057411126, -0.7685063038014688, 0.7895734844198684, 0.1077037004467476, 0.20840319809659222, -0.7201236084953931, -0.3627093583722546, -0.2974095113665791, -0.16889790603469512, 0.7365879225321859, 0.056148057788480206, 0.46035773892536525, -0.8360271212587633, 0.8393051037821642, -1, -0.9819541874363429, -0.8392631287630334, -0.3318686208087218, -0.9515819857965915, 0.8314994408404044, 0.3486582922678525, -0.2901112637827229, -0.3128234325460897, -0.054497364472661236, 0.6636251886421516, -0.9801903494366445, -0.9920431836079393, -1, 0.5912951971736403, -0.9571395958954843, 0.4442894525075405, -1, 1, 1, 0.20663326398647497, -0.24708967776204238, 1, -0.6051885087463786, -0.7802160762522787, 0.33679153928397876, -0.5969158768981515, -0.24212583419147404, 0.7664986450949771, 0.7375231000583846, -0.8155744126380979, -0.19855641739092073, 0.9133695562318502, -0.8547228304814029, -0.46920549461414846, -0.808690911474496, 0.4814484858348158, 0.9795596997756, 0.8029240447996402, -0.12552143896330753, -0.23519169595670503, 0.1588037823168942, -0.612125813524067, 0.7369232129089123, -0.220772782894759, 0.3069970581101473, 0.47335899755125277, -0.23950206151229203, 0.6279182064206649, -0.3032645406621572, -0.4222451081819016, -0.37835051799892816, -0.3944880400863136, -0.8002519708258472, -0.6712839283518688, 0.8050689443224799, -0.5302069956303568, 0.19334315414173253, 0.5206647711227934, -0.5881936946364419, 0.23371618718251097, -0.905920618505653, 0.6632482798227199, -0.85031213317196, 0.20001543534225297, 0.17031198785623913, -0.1562160491517169, -0.250066545624261, 0.4068502963567769, -0.7048388194778659, 0.7414953265770095, -0.7972184440535256, -0.32599516524488725, -0.8026190195314811, 0.44879405117450455, 0.49523481968830385, 0.9137611443950919, -0.7278948536395596, 0.22196760753193212, 0.5737702941652929, 0.430231891765384, -0.8298653998627232, -1, 1, 0.46739357317637276, -0.5952071981053632, 0.797067274373324, 0.006940838776594793, -0.4065521201185758, 0.05182264763091654, 0.128863470029706, -0.10194346526242981, 0.051545270499611995, 0.055888702302225646, -0.2655234148753739, 0.8960412491876366, -0.22520633011184676, -0.7356760208101993, -0.5849993508325746, -0.11536021781834616, -0.20647309810892667, 0.9637744209448571, 0.4964586960320413]
495.6068420410156	(8, 12, 2)	[0.5291596598989803, -0.9297084361435808, 0.976571918458248, -0.6545871057411126, -0.7685063038014688, 0.7827682520519572, 0.1077037004467476, 0.20840319809659222, -0.6780599333394208, -0.07121673444810536, -0.2974095113665791, -0.16889790603469512, 0.7365879225321859, 0.056148057788480206, 0.46035773892536525, -0.8360271212587633, 1, -1, -0.9819541874363429, -0.8392631287630334, -0.3318686208087218, -0.9515819857965915, 0.760290843461072, 0.3486582922678525, -0.2901112637827229, -0.3128234325460897, 0.23768198114196137, 0.6636251886421516, -0.8893781482344374, -0.9920431836079393, -0.9099214696545538, 0.5461855504496931, -0.9571395958954843, 0.4442894525075405, -1, 1, 1, 0.20663326398647497, -0.24708967776204238, 0.7593837984154931, -0.6051885087463786, -0.7802160762522787, 0.33679153928397876, -0.5969158768981515, -0.24212583419147404, 0.7664986450949771, 0.7375231000583846, -0.8155744126380979, -0.19855641739092073, 0.9133695562318502, -0.8547228304814029, -0.46920549461414846, -0.808690911474496, 0.4814484858348158, 1, 0.8029240447996402, -0.13337108888802995, -0.23519169595670503, 0.1588037823168942, -0.612125813524067, 0.7369232129089123, -0.220772782894759, 0.3069970581101473, 0.47335899755125277, -0.23950206151229203, 0.6279182064206649, -0.3032645406621572, -0.4222451081819016, -0.37835051799892816, -0.75851949722919, -0.7493581711851434, -0.6712839283518688, 0.8050689443224799, -0.5302069956303568, 0.05420585230303146, 0.5206647711227934, -0.5881936946364419, 0.23371618718251097, -0.905920618505653, 0.6632482798227199, -0.85031213317196, 0.20001543534225297, 0.17031198785623913, -0.1562160491517169, -0.250066545624261, 0.4068502963567769, -0.7048388194778659, 0.7414953265770095, -0.7972184440535256, -0.33367739664356094, -0.8026190195314811, 0.44879405117450455, 0.08864063905515396, 0.9137611443950919, -0.7278948536395596, 0.22196760753193212, 0.5737702941652929, 0.430231891765384, -0.8298653998627232, -1, 1, 0.46739357317637276, -0.5952071981053632, 0.797067274373324, 0.006940838776594793, -0.6886246375257501, 0.05182264763091654, 0.128863470029706, -0.10194346526242981, 0.051545270499611995, 0.055888702302225646, -0.13335165951089095, 0.8960412491876366, -0.22520633011184676, -0.7356760208101993, -0.5849993508325746, -0.11536021781834616, -0.20647309810892667, 0.5661639211451182, 0.4964586960320413]
491.1349792480469	(8, 12, 2)	[0.5291596598989803, -0.9297084361435808, 0.976571918458248, -0.6545871057411126, -0.7685063038014688, 0.7827682520519572, 0.1077037004467476, 0.20840319809659222, -0.7201236084953931, -0.3627093583722546, -0.2974095113665791, -0.16889790603469512, 0.7365879225321859, 0.056148057788480206, 0.46035773892536525, -0.8360271212587633, 0.8393051037821642, -1, -0.9819541874363429, -0.8392631287630334, -0.3318686208087218, -0.9515819857965915, 0.8314994408404044, 0.3486582922678525, -0.2901112637827229, -0.3128234325460897, -0.054497364472661236, 0.6636251886421516, -0.9801903494366445, -0.9920431836079393, -1, 0.5912951971736403, -0.9571395958954843, 0.4442894525075405, -1, 1, 1, 0.20663326398647497, -0.24708967776204238, 1, -0.6051885087463786, -0.7802160762522787, 0.33679153928397876, -0.5969158768981515, -0.24212583419147404, 0.7664986450949771, 0.7375231000583846, -0.8155744126380979, -0.17253328262392603, 0.9133695562318502, -0.8547228304814029, -0.46920549461414846, -0.808690911474496, 0.4814484858348158, 0.9795596997756, 0.8029240447996402, -0.13337108888802995, -0.23519169595670503, 0.1588037823168942, -0.612125813524067, 0.7518444949168609, -0.220772782894759, 0.3069970581101473, 0.47335899755125277, -0.23950206151229203, 0.6279182064206649, -0.3032645406621572, -0.4222451081819016, -0.37835051799892816, -0.3944880400863136, -0.8002519708258472, -0.8595480398037143, 0.8050689443224799, -0.5302069956303568, 0.19334315414173253, 0.5206647711227934, -0.5881936946364419, 0.23371618718251097, -0.905920618505653, 0.6632482798227199, -0.85031213317196, 0.20001543534225297, 0.17031198785623913, -0.1562160491517169, -0.250066545624261, 0.4068502963567769, -0.7048388194778659, 0.7414953265770095, -0.7972184440535256, -0.32599516524488725, -0.8026190195314811, 0.44879405117450455, 0.3108692074716789, 0.9137611443950919, -0.7278948536395596, 0.22196760753193212, 0.5737702941652929, 0.430231891765384, -0.8298653998627232, -1, 1, 0.46739357317637276, -0.5952071981053632, 0.797067274373324, 0.006940838776594793, -0.6886246375257501, 0.05182264763091654, 0.128863470029706, -0.10194346526242981, 0.051545270499611995, 0.055888702302225646, -0.13335165951089095, 0.8960412491876366, -0.22520633011184676, -0.7356760208101993, -0.5849993508325746, -0.11536021781834616, -0.20647309810892667, 0.9637744209448571, 0.4964586960320413]
493.9002380371094	(8, 12, 2)	[0.5291596598989803, -0.9297084361435808, 0.976571918458248, -0.6545871057411126, -0.7685063038014688, 0.7827682520519572, 0.1077037004467476, 0.20840319809659222, -0.6780599333394208, -0.07121673444810536, -0.2974095113665791, -0.16889790603469512, 0.7365879225321859, 0.056148057788480206, 0.46035773892536525, -0.8360271212587633, 1, -1, -0.9819541874363429, -0.8392631287630334, -0.3318686208087218, -0.9515819857965915, 0.8314994408404044, 0.3486582922678525, -0.1086290766463173, -0.3767009658413723, 0.2542964882067411, 0.6636251886421516, -0.8893781482344374, -0.9920431836079393, -1, 0.5461855504496931, -0.9571395958954843, 0.4442894525075405, -1, 1, 1, 0.20663326398647497, -0.22698939069566665, 0.7593837984154931, -0.6191753020577453, -0.7802160762522787, 0.33679153928397876, -0.5969158768981515, -0.24212583419147404, 0.7664986450949771, 0.7375231000583846, -0.8155744126380979, -0.19855641739092073, 0.9133695562318502, -0.8547228304814029, -0.46920549461414846, -0.808690911474496, 0.4814484858348158, 0.9795596997756, 0.8029240447996402, -0.13337108888802995, -0.23519169595670503, 0.1588037823168942, -0.612125813524067, 0.7518444949168609, -0.220772782894759, 0.3069970581101473, 0.47335899755125277, -0.23950206151229203, 0.6279182064206649, -0.3032645406621572, -0.4222451081819016, -0.37835051799892816, -0.3944880400863136, -0.7493581711851434, -1, 0.8050689443224799, -0.5302069956303568, 0.19334315414173253, 0.5206647711227934, -0.3593484789409116, 0.23371618718251097, -0.905920618505653, 0.7276567055844597, -0.85031213317196, 0.20001543534225297, 0.17031198785623913, -0.18579223647713974, -0.250066545624261, 0.4068502963567769, -0.7048388194778659, 0.7414953265770095, -0.7972184440535256, -0.33367739664356094, -0.8026190195314811, 0.44879405117450455, 0.08864063905515396, 0.9137611443950919, -0.7278948536395596, 0.22196760753193212, 0.5737702941652929, 0.430231891765384, -0.8298653998627232, -1, 1, 0.46739357317637276, -0.5952071981053632, 0.797067274373324, 0.006940838776594793, -0.6886246375257501, 0.05182264763091654, 0.128863470029706, -0.10194346526242981, 0.051545270499611995, 0.055888702302225646, -0.13335165951089095, 0.8960412491876366, -0.22520633011184676, -0.7356760208101993, -0.5849993508325746, -0.11536021781834616, -0.20647309810892667, 0.9637744209448571, 0.4964586960320413]
489.5632629394531	(8, 12, 2)	[0.5291596598989803, -0.9297084361435808, 0.976571918458248, -0.6545871057411126, -0.7685063038014688, 0.7827682520519572, 0.1077037004467476, 0.20840319809659222, -0.6780599333394208, -0.07121673444810536, -0.2974095113665791, -0.16889790603469512, 0.7365879225321859, 0.056148057788480206, 0.46035773892536525, -0.8360271212587633, 1, -1, -0.9819541874363429, -0.8392631287630334, -0.3318686208087218, -0.9515819857965915, 0.8314994408404044, 0.3486582922678525, -0.1086290766463173, -0.3128234325460897, 0.2542964882067411, 0.6636251886421516, -0.8893781482344374, -0.9920431836079393, -1, 0.5461855504496931, -0.9571395958954843, 0.4442894525075405, -1, 1, 1, 0.20663326398647497, -0.22698939069566665, 1, -0.6051885087463786, -0.7802160762522787, 0.33679153928397876, -0.5969158768981515, -0.24212583419147404, 0.7664986450949771, 0.7375231000583846, -0.8155744126380979, -0.19855641739092073, 0.965308270638805, -0.8547228304814029, -0.46920549461414846, -0.808690911474496, 0.4814484858348158, 0.9795596997756, 0.8029240447996402, -0.13337108888802995, -0.23519169595670503, 0.1588037823168942, -0.612125813524067, 0.7518444949168609, -0.220772782894759, 0.3069970581101473, 0.47335899755125277, -0.23950206151229203, 0.6279182064206649, -0.3032645406621572, -0.4222451081819016, -0.37835051799892816, -0.3944880400863136, -0.7493581711851434, -1, 0.8050689443224799, -0.5302069956303568, 0.19334315414173253, 0.5206647711227934, -0.3593484789409116, 0.23371618718251097, -0.905920618505653, 0.7276567055844597, -0.85031213317196, 0.20001543534225297, 0.17031198785623913, -0.34853469590083164, -0.250066545624261, 0.4068502963567769, -0.7048388194778659, 0.7414953265770095, -0.7972184440535256, -0.33367739664356094, -0.8026190195314811, 0.44879405117450455, 0.08864063905515396, 0.9137611443950919, -0.7278948536395596, 0.22196760753193212, 0.5737702941652929, 0.430231891765384, -0.8298653998627232, -1, 1, 0.46739357317637276, -0.5952071981053632, 0.797067274373324, 0.006940838776594793, -0.6886246375257501, 0.05182264763091654, 0.128863470029706, -0.10194346526242981, 0.051545270499611995, 0.055888702302225646, -0.13335165951089095, 0.8960412491876366, -0.22520633011184676, -0.7356760208101993, -0.5849993508325746, -0.11536021781834616, -0.20647309810892667, 0.5661639211451182, 0.4964586960320413]
490.4299621582031	(8, 12, 2)	[0.42677876384452973, -0.9297084361435808, 0.976571918458248, -0.6545871057411126, -0.7685063038014688, 0.7827682520519572, 0.1077037004467476, 0.20840319809659222, -0.6780599333394208, -0.07121673444810536, -0.2974095113665791, -0.16889790603469512, 0.7365879225321859, 0.056148057788480206, 0.46035773892536525, -0.8360271212587633, 1, -1, -0.9819541874363429, -0.8392631287630334, -0.3318686208087218, -0.9515819857965915, 0.8314994408404044, 0.3486582922678525, -0.1086290766463173, -0.3128234325460897, 0.2542964882067411, 0.6636251886421516, -0.8893781482344374, -0.9920431836079393, -1, 0.5461855504496931, -0.9571395958954843, 0.4442894525075405, -1, 1, 1, 0.20663326398647497, -0.22698939069566665, 1, -0.6051885087463786, -0.7802160762522787, 0.33679153928397876, -0.5969158768981515, -0.23078184619649372, 0.7664986450949771, 0.7375231000583846, -0.8155744126380979, -0.19855641739092073, 0.965308270638805, -0.8547228304814029, -0.46920549461414846, -0.808690911474496, 0.4814484858348158, 0.9795596997756, 0.8029240447996402, -0.13337108888802995, -0.23519169595670503, 0.1588037823168942, -0.612125813524067, 0.7518444949168609, -0.220772782894759, 0.3069970581101473, 0.47335899755125277, 0.02962377638892083, 0.6279182064206649, -0.3032645406621572, -0.4222451081819016, -0.37835051799892816, -0.3944880400863136, -0.7493581711851434, -1, 0.8050689443224799, -0.5302069956303568, 0.19334315414173253, 0.5206647711227934, -0.3593484789409116, 0.23371618718251097, -0.905920618505653, 0.7276567055844597, -0.85031213317196, 0.20001543534225297, 0.17031198785623913, -0.34853469590083164, -0.250066545624261, 0.4068502963567769, -0.7048388194778659, 0.7414953265770095, -0.7972184440535256, -0.32599516524488725, -0.8026190195314811, 0.44879405117450455, 0.3108692074716789, 0.9137611443950919, -0.7278948536395596, 0.22196760753193212, 0.5737702941652929, 0.430231891765384, -0.8298653998627232, -1, 1, 0.46739357317637276, -0.5952071981053632, 0.797067274373324, 0.006940838776594793, -0.6886246375257501, 0.05182264763091654, 0.128863470029706, -0.10194346526242981, 0.051545270499611995, 0.055888702302225646, -0.13335165951089095, 0.8960412491876366, -0.22520633011184676, -0.7356760208101993, -0.5849993508325746, -0.11536021781834616, -0.20647309810892667, 0.5661639211451182, 0.4964586960320413]
482.5523376464844	(8, 12, 2)	[-0.175029692452001, -0.9297084361435808, 0.976571918458248, -0.6545871057411126, -0.7685063038014688, 0.7895734844198684, 0.1077037004467476, 0.20840319809659222, -0.7201236084953931, -0.3627093583722546, -0.2974095113665791, -0.16889790603469512, 0.7365879225321859, 0.056148057788480206, 0.46035773892536525, -0.8360271212587633, 0.8393051037821642, -1, -0.9819541874363429, -0.8392631287630334, -0.3318686208087218, -0.9515819857965915, 0.8314994408404044, 0.3486582922678525, -0.2901112637827229, -0.3128234325460897, -0.08108061078002787, 0.6636251886421516, -0.9801903494366445, -0.9920431836079393, -1, 0.5912951971736403, -0.9571395958954843, 0.4442894525075405, -1, 1, 1, 0.20663326398647497, -0.24708967776204238, 1, -0.6051885087463786, -0.7802160762522787, 0.33679153928397876, -0.5969158768981515, -0.24212583419147404, 0.7664986450949771, 0.7375231000583846, -0.8155744126380979, -0.19855641739092073, 0.9133695562318502, -0.8547228304814029, -0.46920549461414846, -0.808690911474496, 0.4814484858348158, 0.9795596997756, 0.8029240447996402, -0.12552143896330753, -0.23519169595670503, 0.1588037823168942, -0.612125813524067, 0.7369232129089123, -0.220772782894759, 0.3069970581101473, 0.47335899755125277, -0.23950206151229203, 0.6279182064206649, -0.3032645406621572, -0.4222451081819016, -0.37835051799892816, -0.3944880400863136, -0.8002519708258472, -0.6712839283518688, 0.8050689443224799, -0.5302069956303568, 0.19334315414173253, 0.5206647711227934, -0.5881936946364419, 0.23371618718251097, -0.905920618505653, 0.6632482798227199, -0.9141717004581531, 0.20001543534225297, 0.17031198785623913, -0.1562160491517169, -0.250066545624261, 0.4068502963567769, -0.7048388194778659, 0.7414953265770095, -0.7972184440535256, -0.32599516524488725, -0.8026190195314811, 0.44879405117450455, 0.3108692074716789, 0.9137611443950919, -0.7278948536395596, 0.22196760753193212, 0.5737702941652929, 0.430231891765384, -0.8298653998627232, -1, 1, 0.46739357317637276, -0.5952071981053632, 0.5100271636549321, 0.006940838776594793, -0.6886246375257501, 0.05182264763091654, 0.128863470029706, -0.10194346526242981, 0.051545270499611995, 0.055888702302225646, -0.13335165951089095, 0.8960412491876366, -0.22520633011184676, -0.7356760208101993, -0.5849993508325746, -0.11536021781834616, -0.20647309810892667, 0.9637744209448571, 0.4964586960320413]
485.2795715332031	(8, 12, 2)	[0.42677876384452973, -0.9297084361435808, 0.976571918458248, -0.6545871057411126, -0.7685063038014688, 0.7827682520519572, 0.1077037004467476, 0.20840319809659222, -0.6780599333394208, -0.07121673444810536, -0.2974095113665791, -0.16889790603469512, 0.7365879225321859, 0.056148057788480206, 0.46035773892536525, -0.8360271212587633, 1, -1, -0.9819541874363429, -0.8392631287630334, -0.3318686208087218, -0.9515819857965915, 0.8314994408404044, 0.3486582922678525, -0.1086290766463173, -0.3128234325460897, 0.2542964882067411, 0.6636251886421516, -0.8893781482344374, -0.9920431836079393, -1, 0.5461855504496931, -0.9571395958954843, 0.4442894525075405, -1, 1, 1, 0.20663326398647497, -0.22698939069566665, 1, -0.6051885087463786, -0.7802160762522787, 0.33679153928397876, -0.5969158768981515, -0.23078184619649372, 0.7664986450949771, 0.7375231000583846, -0.8155744126380979, -0.19855641739092073, 0.965308270638805, -0.8547228304814029, -0.46920549461414846, -0.808690911474496, 0.4814484858348158, 0.9795596997756, 0.8029240447996402, -0.13337108888802995, -0.23519169595670503, 0.1588037823168942, -0.612125813524067, 0.7518444949168609, -0.220772782894759, 0.3069970581101473, 0.47335899755125277, 0.02962377638892083, 0.6279182064206649, -0.3032645406621572, -0.4222451081819016, -0.37835051799892816, -0.3944880400863136, -0.7493581711851434, -1, 0.8050689443224799, -0.5302069956303568, 0.19334315414173253, 0.5206647711227934, -0.3593484789409116, 0.23371618718251097, -0.905920618505653, 0.7276567055844597, -0.85031213317196, 0.20001543534225297, 0.17031198785623913, -0.34853469590083164, -0.250066545624261, 0.4068502963567769, -0.7048388194778659, 0.7414953265770095, -0.7972184440535256, -0.32599516524488725, -0.8026190195314811, 0.44879405117450455, 0.3108692074716789, 0.9137611443950919, -0.7278948536395596, 0.22196760753193212, 0.5737702941652929, 0.430231891765384, -0.8298653998627232, -1, 1, 0.46739357317637276, -0.5952071981053632, 0.797067274373324, 0.006940838776594793, -0.6886246375257501, 0.05182264763091654, 0.128863470029706, -0.10194346526242981, 0.051545270499611995, 0.055888702302225646, -0.2655234148753739, 0.8960412491876366, -0.22520633011184676, -0.7356760208101993, -0.5849993508325746, -0.11536021781834616, -0.20647309810892667, 0.5661639211451182, 0.4964586960320413]
489.83612060546875	(8, 12, 2)	[0.42677876384452973, -0.9297084361435808, 0.976571918458248, -0.6545871057411126, -0.7685063038014688, 0.7827682520519572, 0.1077037004467476, 0.20840319809659222, -0.490242944522316, -0.07121673444810536, -0.2974095113665791, -0.16889790603469512, 0.7365879225321859, 0.056148057788480206, 0.46035773892536525, -0.8360271212587633, 1, -1, -0.9819541874363429, -0.8392631287630334, -0.3318686208087218, -0.9515819857965915, 0.8314994408404044, 0.3486582922678525, -0.1086290766463173, -0.3128234325460897, 0.2542964882067411, 0.6636251886421516, -0.8893781482344374, -0.9920431836079393, -1, 0.5461855504496931, -0.9571395958954843, 0.4442894525075405, -1, 1, 1, 0.20663326398647497, -0.22698939069566665, 1, -0.6051885087463786, -0.7802160762522787, 0.33679153928397876, -0.5969158768981515, -0.12264441080351599, 0.7664986450949771, 0.7375231000583846, -0.8155744126380979, -0.19855641739092073, 0.965308270638805, -0.8547228304814029, -0.46920549461414846, -0.808690911474496, 0.4814484858348158, 0.9795596997756, 0.8029240447996402, -0.13337108888802995, -0.23519169595670503, 0.1588037823168942, -0.612125813524067, 0.7518444949168609, -0.220772782894759, 0.3069970581101473, 0.47335899755125277, 0.02962377638892083, 0.6279182064206649, -0.3032645406621572, -0.4222451081819016, -0.37835051799892816, -0.3944880400863136, -0.7493581711851434, -1, 0.8050689443224799, -0.5302069956303568, 0.19334315414173253, 0.5206647711227934, -0.3593484789409116, 0.23371618718251097, -0.905920618505653, 0.7276567055844597, -0.85031213317196, 0.20001543534225297, 0.17031198785623913, -0.34853469590083164, -0.250066545624261, 0.4068502963567769, -0.7048388194778659, 0.6368176530099843, -0.7972184440535256, -0.32599516524488725, -0.8026190195314811, 0.44879405117450455, 0.3108692074716789, 0.9137611443950919, -0.7278948536395596, 0.22196760753193212, 0.5737702941652929, 0.430231891765384, -0.8298653998627232, -1, 1, 0.46739357317637276, -0.5952071981053632, 0.797067274373324, 0.006940838776594793, -0.6886246375257501, 0.05182264763091654, 0.128863470029706, -0.10194346526242981, 0.051545270499611995, 0.055888702302225646, -0.13335165951089095, 0.8960412491876366, -0.22520633011184676, -0.7356760208101993, -0.5849993508325746, -0.11536021781834616, -0.20647309810892667, 0.5661639211451182, 0.4964586960320413]
