-67.82975769042969	(8, 12, 2)	[-0.2172876218407236, 0.46269433020902295, 0.011787942980216126, -0.334431136983961, -0.8347918375234951, 0.09347799001748114, 0.11840247124967074, -0.35890796565787486, 0.8904518546730373, -0.8996779704108335, 0.3182382933854424, 0.09889512299973169, 0.1147082688921075, 0.867742587232808, -0.14989686494883303, -0.2506926305313393, 0.7180007041833398, -0.9441127230987902, 0.7608648595891918, -0.7404262550869736, 0.69473325059937, 0.7469134872184513, 0.7622679748491821, 0.7817588771768091, 0.3648216611531352, -0.3272036396769391, 0.3372185786280979, 0.22560985557114677, 0.6782036107778349, 0.5373572147642558, 0.8742591977278078, 0.4975297158936911, -0.4542807360567822, 0.17963285915185057, -0.7332303980646937, -0.41759236470160777, 0.6487813326651612, -0.8267931358175076, 0.7639843343586032, -0.6826932671647252, 0.05681836676208407, -0.8025575134489842, -0.5169372728160422, 0.4340614394381672, -0.16740139558511058, -0.7769028536444569, -0.42642202854703615, 0.7641727041556738, -0.20713283317424924, -0.5414329069971842, 0.30130576688662414, -0.04817734307345933, -0.6462968187124258, 0.3800189227109625, 0.5549543043410479, 0.039144289886987815, -0.807913988013325, -0.11542682173591512, -0.49957415741193323, -0.0379395881709621, -0.4475619764605778, -0.3769778997582638, 0.6842435849116986, 0.3601432323759559, -0.06696830765759954, -0.17640112695728583, 0.9775678838304058, -0.26433569412511027, 0.5290535633674829, -0.6088714778198137, 0.843048569325537, 0.34300373801524997, -0.2024075505957621, -0.9726996796276703, 0.893124504895715, 0.5305139512465975, -0.8664876700294168, 0.7433248168693893, 0.41310805169392806, -0.0017565990261692033, 0.976994430506702, -0.2955173621300011, -0.48721288912864336, -0.0027996509025920435, -0.16496904957371528, -0.27407689145498937, 0.7236172980169877, -0.982864819917904, -0.8408298542738655, 0.938519195271653, 0.6409538546279447, 0.23654464022872257, 0.7195386063599931, -0.21950663238564205, -0.8849050106390948, 0.7388664230614377, -0.8553041448575835, -0.43158920403618706, -0.689774230909165, -0.971541664108216, -0.8136197739056532, -0.8113783598983386, -0.3504034452669289, 0.2015196920893223, 0.4949427535558566, -0.8719180620331524, 0.3357246849184514, -0.4283968856065361, -0.2785941256227433, 0.030932934409243495, 0.29917716989122733, -0.5635357773761571, 0.21572559792205181, -0.8136008210843606, -0.2781139814909084, 0.8698953404717944, -0.28716483206510945, -0.12620671543425677, -0.9110907103881243, 0.5922115110101944]
-55.10555648803711	(8, 12, 2)	[-0.004191025849941354, 0.5665778240174133, -0.6196805033239623, -0.3112825756202504, -0.15406573714943672, 0.8579333308316539, 0.6276718853733887, 0.18198184751905022, -0.13280792824589227, 0.8117477950824208, -0.6379563810623741, -0.9120997241786815, 0.701159014355941, -0.702946425366251, 0.5381607737284482, -0.31000208643770755, -0.042458733608784494, -0.03884391339260507, -0.6111321375813761, -0.463054449213264, -0.11214828508783214, 0.07068643398267693, 0.5759410513055818, -0.4621059845879032, 0.08026554581098888, -0.05076861319119241, 0.5359099351132015, 0.22204023768488756, 0.8494272918886927, 0.44903857622215604, -0.2414373694437908, 0.3360915554081987, 0.6178296415855442, 0.8050392283738061, -0.5449088204395383, -0.9844699618850095, 0.04230511608223586, 0.31262189738013024, 0.16116355930569148, -0.9239988048077841, 0.4437044685291587, -0.06544117132421334, 0.7119257801526226, -0.5427148545964202, 0.17970953246455035, 0.740797548563551, 0.7396827435086515, -0.5751987187734471, -0.8751575173009796, -0.4286026763933781, 0.48650028724737626, 0.5308324053266071, -0.2212505431081484, 0.03180907403622113, 0.4823819238204461, -0.9371714239904825, -0.34656289980057586, -0.6114114127505603, 0.641641776373221, -0.6580996135368649, -0.47516959273550485, -0.4101935109413024, 0.8307500065321161, 0.06319334221007522, -0.6186300680354304, 0.413579062399444, 0.9636443645103692, -0.11008871550940436, 0.7321899151742299, -0.05875439274517458, -0.8056706659222332, -0.3704347207991958, -0.4616210209866902, -0.6903804808509406, -0.14695353869386985, 0.518887748519705, -0.586480774324146, 0.6993013393057939, -0.2172977100054163, -0.6015519490200893, 0.5776454481380977, -0.9425632565210529, -0.1040143019338815, 0.756435927128275, -0.46872659517234205, 0.9478783699279154, 2.42315435425855e-05, -0.7169083459429269, 0.003694831847706803, 0.1159935534149028, 0.0643530823189713, -0.06833127544111162, 0.5672062786576018, -0.08677595419667328, -0.5139715981786663, -0.5124692705565774, -0.16440841998600764, 0.08322360583749222, 0.006275020568699219, 0.9741174096217449, 0.09922125316544639, 0.5930718355709623, 0.8194752089277122, -0.8061148152642807, -0.9629726048419927, -0.7096400538558554, 0.6004814331739192, 0.34404747355018506, -0.9957731864207624, 0.21508200120084142, 0.13646161297444315, 0.3312099973547482, 0.7298659778653378, 0.9707661213412018, -0.9558554062386444, 0.05830449953505945, -0.5409528814186586, -0.8921587328714462, 0.9175066826291245, 0.38645669989267906]
-39.04600524902344	(8, 12, 2)	[0.21881284058477113, 0.610554736656735, 0.4979500698120709, 0.962962904659461, 0.6208863015812249, -0.7599432093131191, 0.9136968626081481, -0.1442155480940539, 0.6847183410260567, -0.5673328756292293, 0.5057158045147285, 0.5975246139245405, 0.028867636908027183, -0.5994574172176399, -0.9727852438846765, 0.8986139679740663, 0.28865808398281745, -0.01987561002092031, 0.40696548188162573, 0.4573216973436005, 0.4835987910266981, -0.3092177803654452, 0.28549976726418036, -0.4621059845879032, 0.08026554581098888, -0.05076861319119241, 0.5359099351132015, 0.22204023768488756, 0.8494272918886927, 0.44903857622215604, -0.2414373694437908, 0.3360915554081987, 0.6178296415855442, 0.8050392283738061, -0.5449088204395383, -0.9844699618850095, 0.04230511608223586, 0.31262189738013024, 0.16116355930569148, -0.9239988048077841, 0.4437044685291587, -0.06544117132421334, 0.7119257801526226, -0.5427148545964202, 0.17970953246455035, 0.740797548563551, 0.7396827435086515, -0.5751987187734471, -0.8751575173009796, -0.4286026763933781, 0.48650028724737626, 0.5308324053266071, -0.2212505431081484, 0.03180907403622113, 0.4823819238204461, -0.9371714239904825, -0.34656289980057586, -0.6114114127505603, 0.641641776373221, -0.6580996135368649, -0.47516959273550485, -0.4101935109413024, 0.8307500065321161, 0.06319334221007522, -0.6186300680354304, 0.413579062399444, 0.9636443645103692, -0.11008871550940436, 0.7321899151742299, -0.05875439274517458, -0.8056706659222332, -0.3704347207991958, -0.4616210209866902, -0.6903804808509406, -0.14695353869386985, 0.518887748519705, -0.586480774324146, 0.6993013393057939, -0.2172977100054163, -0.6015519490200893, 0.5776454481380977, -0.9425632565210529, -0.1040143019338815, 0.756435927128275, -0.46872659517234205, 0.9478783699279154, 2.42315435425855e-05, -0.7169083459429269, 0.003694831847706803, 0.1159935534149028, 0.0643530823189713, -0.06833127544111162, 0.5672062786576018, -0.08677595419667328, -0.5139715981786663, -0.5124692705565774, -0.16440841998600764, 0.08322360583749222, 0.006275020568699219, 0.9741174096217449, 0.09922125316544639, 0.5930718355709623, 0.8194752089277122, -0.8061148152642807, -0.9629726048419927, -0.7096400538558554, 0.6004814331739192, 0.34404747355018506, -0.9957731864207624, 0.21508200120084142, 0.13646161297444315, 0.873286472690689, -0.9304624562244004, 0.25650043168694436, 0.25605476639969926, 0.16063989701807224, 0.3258292669571845, -0.9154187652318093, -0.8894885780531192, 0.8965189716408579]
-44.464759826660156	(8, 12, 2)	[-0.004191025849941354, 0.5665778240174133, -0.6196805033239623, -0.3112825756202504, -0.15406573714943672, 0.8579333308316539, 0.6276718853733887, 0.18198184751905022, -0.13280792824589227, 0.8117477950824208, -0.6379563810623741, -0.9120997241786815, 0.701159014355941, -0.702946425366251, 0.5381607737284482, -0.31000208643770755, -0.042458733608784494, -0.03884391339260507, -0.6111321375813761, -0.463054449213264, -0.11214828508783214, 0.07068643398267693, 0.5759410513055818, -0.4621059845879032, 0.08026554581098888, -0.05076861319119241, 0.5359099351132015, 0.22204023768488756, 0.8494272918886927, 0.44903857622215604, -0.2414373694437908, 0.3360915554081987, 0.6178296415855442, 0.8050392283738061, -0.5449088204395383, -0.9844699618850095, 0.04230511608223586, 0.31262189738013024, 0.16116355930569148, -0.9239988048077841, 0.4437044685291587, -0.06544117132421334, 0.7119257801526226, -0.5427148545964202, 0.17970953246455035, 0.740797548563551, 0.7396827435086515, -0.5751987187734471, -0.8751575173009796, -0.4286026763933781, 0.48650028724737626, 0.5308324053266071, -0.2212505431081484, 0.03180907403622113, 0.3412741297817141, -0.9371714239904825, -0.34656289980057586, -0.6114114127505603, 0.641641776373221, -0.6580996135368649, -0.47516959273550485, -0.4101935109413024, 0.8307500065321161, 0.06319334221007522, -0.6186300680354304, 0.413579062399444, 0.9636443645103692, -0.11008871550940436, 0.7321899151742299, -0.05875439274517458, -0.8056706659222332, -0.3704347207991958, -0.4616210209866902, -0.6903804808509406, -0.14695353869386985, 0.518887748519705, -0.586480774324146, 0.6993013393057939, -0.2172977100054163, -0.6015519490200893, 0.5776454481380977, -0.9425632565210529, -0.1040143019338815, 0.756435927128275, -0.46872659517234205, 0.9478783699279154, 2.42315435425855e-05, -0.7169083459429269, 0.003694831847706803, 0.1159935534149028, 0.0643530823189713, -0.06833127544111162, 0.5672062786576018, -0.08677595419667328, -0.40228631751814964, -0.5124692705565774, -0.16440841998600764, 0.08322360583749222, 0.006275020568699219, 0.9741174096217449, 0.09922125316544639, 0.5930718355709623, 0.8194752089277122, -0.8061148152642807, -0.9629726048419927, -0.7096400538558554, 0.6004814331739192, 0.34404747355018506, -0.9957731864207624, 0.21508200120084142, 0.13646161297444315, 0.3312099973547482, 0.7298659778653378, 0.9707661213412018, -0.9558554062386444, 0.05830449953505945, -0.5409528814186586, -0.8921587328714462, 0.9694763313677708, 0.38645669989267906]
-45.43613052368164	(8, 12, 2)	[-0.004191025849941354, 0.5665778240174133, -0.6196805033239623, -0.3112825756202504, -0.15406573714943672, 0.8579333308316539, 0.6276718853733887, 0.18198184751905022, -0.13280792824589227, 0.8117477950824208, -0.6379563810623741, -0.9120997241786815, 0.701159014355941, -0.702946425366251, 0.5381607737284482, -0.31000208643770755, -0.042458733608784494, -0.03884391339260507, -0.6111321375813761, -0.463054449213264, -0.11214828508783214, 0.07068643398267693, 0.5759410513055818, -0.4621059845879032, 0.08026554581098888, -0.05076861319119241, 0.5359099351132015, 0.22204023768488756, 0.8494272918886927, 0.44903857622215604, -0.2414373694437908, 0.3360915554081987, 0.6178296415855442, 0.8050392283738061, -0.5449088204395383, -0.9844699618850095, 0.04230511608223586, 0.31262189738013024, 0.16116355930569148, -0.9239988048077841, 0.4437044685291587, -0.06544117132421334, 0.7119257801526226, -0.5427148545964202, 0.17970953246455035, 0.740797548563551, 0.7396827435086515, -0.5751987187734471, -0.8751575173009796, -0.4286026763933781, 0.48650028724737626, 0.5308324053266071, -0.2212505431081484, 0.03180907403622113, 0.4823819238204461, -0.9371714239904825, -0.34656289980057586, -0.6114114127505603, 0.641641776373221, -0.6580996135368649, -0.47516959273550485, -0.4101935109413024, 0.8307500065321161, 0.06319334221007522, -0.6186300680354304, 0.413579062399444, 0.9636443645103692, -0.11008871550940436, 0.7321899151742299, -0.05875439274517458, -0.8056706659222332, -0.3704347207991958, -0.4616210209866902, -0.6903804808509406, -0.14695353869386985, 0.518887748519705, -0.586480774324146, 0.6993013393057939, -0.2172977100054163, -0.6015519490200893, 0.5776454481380977, -0.9425632565210529, -0.1040143019338815, 0.756435927128275, -0.46872659517234205, 0.9478783699279154, 2.42315435425855e-05, -0.7169083459429269, 0.003694831847706803, 0.1159935534149028, 0.0643530823189713, -0.06833127544111162, 0.5672062786576018, -0.08677595419667328, -0.5139715981786663, -0.5124692705565774, -0.16440841998600764, 0.08322360583749222, 0.006275020568699219, 0.9741174096217449, 0.09922125316544639, 0.5780019393943608, 0.8194752089277122, -0.8061148152642807, -0.9629726048419927, -0.7096400538558554, 0.6004814331739192, 0.34404747355018506, -0.9957731864207624, 0.21508200120084142, 0.13646161297444315, 0.3312099973547482, 0.7298659778653378, 0.9707661213412018, -0.9558554062386444, 0.05830449953505945, -0.5409528814186586, -0.8921587328714462, 0.9175066826291245, 0.38645669989267906]
-42.99275207519531	(8, 12, 2)	[-0.004191025849941354, 0.5665778240174133, -0.6196805033239623, -0.3112825756202504, -0.15406573714943672, 0.8579333308316539, 0.6276718853733887, 0.18198184751905022, -0.13280792824589227, 0.8117477950824208, -0.6379563810623741, -0.9120997241786815, 0.701159014355941, -0.702946425366251, 0.5381607737284482, -0.31000208643770755, -0.042458733608784494, -0.03884391339260507, -0.6111321375813761, -0.463054449213264, -0.11214828508783214, 0.07068643398267693, 0.5759410513055818, -0.4621059845879032, 0.08026554581098888, -0.05076861319119241, 0.5359099351132015, 0.22204023768488756, 0.8494272918886927, 0.44903857622215604, -0.2414373694437908, 0.3360915554081987, 0.6178296415855442, 0.8050392283738061, -0.5449088204395383, -0.9844699618850095, 0.04230511608223586, 0.31262189738013024, 0.16116355930569148, -0.9239988048077841, 0.4437044685291587, -0.06544117132421334, 0.7119257801526226, -0.5427148545964202, 0.17970953246455035, 0.740797548563551, 0.7396827435086515, -0.5751987187734471, -0.8751575173009796, -0.4286026763933781, 0.48650028724737626, 0.5308324053266071, -0.2212505431081484, 0.03180907403622113, 0.4823819238204461, -0.9371714239904825, -0.34656289980057586, -0.6114114127505603, 0.641641776373221, -0.6580996135368649, -0.47516959273550485, -0.4101935109413024, 0.8307500065321161, 0.06319334221007522, -0.6186300680354304, 0.413579062399444, 0.9636443645103692, -0.11008871550940436, 0.7321899151742299, -0.05875439274517458, -0.8056706659222332, -0.3704347207991958, -0.4616210209866902, -0.6903804808509406, -0.14695353869386985, 0.518887748519705, -0.586480774324146, 0.6993013393057939, -0.2172977100054163, -0.6015519490200893, 0.5776454481380977, -0.9425632565210529, -0.1040143019338815, 0.756435927128275, -0.46872659517234205, 0.9478783699279154, 2.42315435425855e-05, -0.7169083459429269, 0.003694831847706803, 0.1159935534149028, 0.0643530823189713, -0.06833127544111162, 0.5672062786576018, -0.08677595419667328, -0.5139715981786663, -0.5124692705565774, -0.16440841998600764, 0.08322360583749222, 0.006275020568699219, 0.9741174096217449, 0.09922125316544639, 0.5780019393943608, 0.8194752089277122, -0.8061148152642807, -0.9629726048419927, -0.7096400538558554, 0.6004814331739192, 0.34404747355018506, -0.9957731864207624, 0.21508200120084142, 0.13646161297444315, 0.3312099973547482, 0.7298659778653378, 0.9707661213412018, -0.9558554062386444, 0.05830449953505945, -0.5409528814186586, -0.8921587328714462, 0.9175066826291245, 0.38645669989267906]
-43.7763671875	(8, 12, 2)	[-0.004191025849941354, 0.5665778240174133, -0.6196805033239623, -0.3112825756202504, -0.15406573714943672, 0.8579333308316539, 0.6276718853733887, 0.18198184751905022, -0.13280792824589227, 0.8117477950824208, -0.6379563810623741, -0.9120997241786815, 0.701159014355941, -0.702946425366251, 0.5381607737284482, -0.31000208643770755, -0.042458733608784494, -0.03884391339260507, -0.6111321375813761, -0.463054449213264, -0.11214828508783214, 0.07068643398267693, 0.5759410513055818, -0.4621059845879032, 0.08026554581098888, -0.05076861319119241, 0.5359099351132015, 0.22204023768488756, 0.8494272918886927, 0.44903857622215604, -0.2414373694437908, 0.3360915554081987, 0.6178296415855442, 0.8050392283738061, -0.5449088204395383, -0.9844699618850095, 0.04230511608223586, 0.31262189738013024, 0.16116355930569148, -0.9239988048077841, 0.4437044685291587, -0.06544117132421334, 0.7119257801526226, -0.5427148545964202, 0.17970953246455035, 0.740797548563551, 0.7396827435086515, -0.6831025988712918, -0.8751575173009796, -0.4286026763933781, 0.48650028724737626, 0.5308324053266071, -0.2212505431081484, 0.03180907403622113, 0.4823819238204461, -0.9371714239904825, -0.34656289980057586, -0.6114114127505603, 0.5863965130239834, -0.6580996135368649, -0.47516959273550485, -0.4101935109413024, 0.8307500065321161, 0.06319334221007522, -0.6186300680354304, 0.413579062399444, 0.9636443645103692, -0.11008871550940436, 0.7321899151742299, -0.05875439274517458, -0.8056706659222332, -0.3704347207991958, -0.4616210209866902, -0.6903804808509406, -0.14695353869386985, 0.518887748519705, -0.22683731902166082, 0.6993013393057939, -0.2172977100054163, -0.6015519490200893, 0.5776454481380977, -0.9425632565210529, -0.1040143019338815, 0.756435927128275, -0.46872659517234205, 0.9478783699279154, 2.42315435425855e-05, -0.7169083459429269, 0.003694831847706803, 0.1159935534149028, 0.0643530823189713, -0.06833127544111162, 0.5672062786576018, -0.08677595419667328, -0.5139715981786663, -0.5124692705565774, -0.16440841998600764, 0.34237422029307996, -0.8681108226583556, 0.8644328887033732, 0.14693791271155776, -0.2547912513018822, -0.8904956554959678, 0.5430273526692961, 0.8345511497451248, -1, 0.886207000011072, 0.34404747355018506, -0.9957731864207624, 0.21508200120084142, 0.13646161297444315, 0.3312099973547482, 0.7298659778653378, 0.9707661213412018, -0.9558554062386444, 0.05830449953505945, -0.7596023083716036, -0.8921587328714462, 0.9694763313677708, 0.38645669989267906]
-45.66699981689453	(8, 12, 2)	[-0.004191025849941354, 0.5665778240174133, -0.6196805033239623, -0.3112825756202504, -0.15406573714943672, 0.8579333308316539, 0.6276718853733887, 0.18198184751905022, -0.13280792824589227, 0.8117477950824208, -0.6379563810623741, -0.9120997241786815, 0.701159014355941, -0.702946425366251, 0.5381607737284482, -0.31000208643770755, -0.042458733608784494, -0.03884391339260507, -0.6111321375813761, -0.463054449213264, -0.11214828508783214, 0.07068643398267693, 0.5759410513055818, -0.4621059845879032, 0.08026554581098888, -0.05076861319119241, 0.5359099351132015, 0.22204023768488756, 0.8494272918886927, 0.44903857622215604, -0.2414373694437908, 0.3360915554081987, 0.6178296415855442, 0.8050392283738061, -0.5449088204395383, -0.9844699618850095, 0.04230511608223586, 0.31262189738013024, 0.16116355930569148, -0.9239988048077841, 0.4437044685291587, -0.06544117132421334, 0.7119257801526226, -0.5427148545964202, 0.17970953246455035, 0.740797548563551, 0.7396827435086515, -0.5751987187734471, -0.8751575173009796, -0.4286026763933781, 0.48650028724737626, 0.5308324053266071, -0.2212505431081484, 0.03180907403622113, 0.4823819238204461, -0.9371714239904825, -0.34656289980057586, -0.6114114127505603, 0.641641776373221, -0.6580996135368649, -0.47516959273550485, -0.4101935109413024, 0.8307500065321161, 0.06319334221007522, -0.6186300680354304, 0.413579062399444, 0.9636443645103692, -0.11008871550940436, 0.7321899151742299, -0.05875439274517458, -0.8056706659222332, -0.3704347207991958, -0.4616210209866902, -0.6903804808509406, -0.14695353869386985, 0.518887748519705, -0.586480774324146, 0.6993013393057939, -0.2172977100054163, -0.6015519490200893, 0.5776454481380977, -0.9425632565210529, -0.1040143019338815, 0.756435927128275, -0.46872659517234205, 0.9478783699279154, 2.42315435425855e-05, -0.5872673862015227, 0.003694831847706803, 0.1159935534149028, 0.0643530823189713, -0.06833127544111162, 0.39196680543621254, -0.08677595419667328, -0.5139715981786663, -0.5124692705565774, -0.16440841998600764, 0.08322360583749222, 0.006275020568699219, 0.9741174096217449, 0.09922125316544639, 0.5780019393943608, 0.8194752089277122, -0.8061148152642807, -0.9629726048419927, -0.7096400538558554, 0.6004814331739192, 0.34404747355018506, -0.9957731864207624, 0.21508200120084142, 0.13646161297444315, 0.3312099973547482, 0.7298659778653378, 0.9707661213412018, -0.9558554062386444, 0.05830449953505945, -0.5409528814186586, -0.8921587328714462, 0.9175066826291245, 0.38645669989267906]
-39.81587600708008	(8, 12, 2)	[-0.004191025849941354, 0.5665778240174133, -0.4139256804593854, -0.3112825756202504, -0.15406573714943672, 0.8579333308316539, 0.6276718853733887, 0.18198184751905022, -0.13280792824589227, 0.8117477950824208, -0.6379563810623741, -0.9120997241786815, 0.701159014355941, -0.702946425366251, 0.5381607737284482, -0.31000208643770755, -0.042458733608784494, -0.03884391339260507, -0.6111321375813761, -0.463054449213264, -0.11214828508783214, 0.07068643398267693, 0.5759410513055818, -0.4621059845879032, 0.08026554581098888, -0.05076861319119241, 0.5359099351132015, 0.22204023768488756, 0.8494272918886927, 0.44903857622215604, -0.2414373694437908, 0.3360915554081987, 0.6178296415855442, 0.8050392283738061, -0.5449088204395383, -0.9844699618850095, 0.04230511608223586, 0.31262189738013024, 0.16116355930569148, -0.9239988048077841, 0.4437044685291587, -0.06544117132421334, 0.7119257801526226, -0.5427148545964202, 0.17970953246455035, 0.740797548563551, 0.7396827435086515, -0.6831025988712918, -0.8751575173009796, -0.4286026763933781, 0.48650028724737626, 0.5308324053266071, -0.2212505431081484, 0.03180907403622113, 0.4823819238204461, -0.9371714239904825, -0.34656289980057586, -0.6114114127505603, 0.5863965130239834, -0.6580996135368649, -0.47516959273550485, -0.4101935109413024, 0.8307500065321161, 0.06319334221007522, -0.6186300680354304, 0.413579062399444, 0.9636443645103692, -0.11008871550940436, 0.7321899151742299, -0.05875439274517458, -0.8056706659222332, -0.3704347207991958, -0.4616210209866902, -0.6903804808509406, -0.14695353869386985, 0.518887748519705, -0.586480774324146, 0.6993013393057939, -0.2172977100054163, -0.6015519490200893, 0.7004782760004606, -0.9425632565210529, -0.1040143019338815, 0.756435927128275, -0.46872659517234205, 0.9478783699279154, 2.42315435425855e-05, -0.7169083459429269, 0.003694831847706803, 0.1159935534149028, 0.0643530823189713, -0.06833127544111162, 0.5672062786576018, -0.08677595419667328, -0.5139715981786663, -0.5124692705565774, -0.16440841998600764, 0.08322360583749222, -0.16428326706187896, 0.9741174096217449, 0.09922125316544639, 0.5780019393943608, 0.8194752089277122, -0.8061148152642807, -0.9629726048419927, -0.7096400538558554, 0.6004814331739192, 0.34404747355018506, -0.9957731864207624, 0.21508200120084142, 0.13646161297444315, 0.3312099973547482, 0.7298659778653378, 0.9707661213412018, -0.9558554062386444, 0.05830449953505945, -0.5409528814186586, -0.8921587328714462, 0.9175066826291245, 0.38645669989267906]
-44.32215881347656	(8, 12, 2)	[-0.004191025849941354, 0.5665778240174133, -0.6196805033239623, -0.3112825756202504, -0.08888851930701676, 0.8579333308316539, 0.6276718853733887, 0.18198184751905022, -0.13280792824589227, 0.8117477950824208, -0.6379563810623741, -0.9120997241786815, 0.701159014355941, -0.702946425366251, 0.5381607737284482, -0.31000208643770755, -0.042458733608784494, -0.03884391339260507, -0.6111321375813761, -0.463054449213264, -0.11214828508783214, 0.07068643398267693, 0.5759410513055818, -0.4621059845879032, 0.08026554581098888, -0.05076861319119241, 0.5359099351132015, 0.22204023768488756, 0.8494272918886927, 0.4337208461717901, -0.2414373694437908, 0.3360915554081987, 0.6178296415855442, 0.8050392283738061, -0.5449088204395383, -0.9844699618850095, 0.04230511608223586, 0.31262189738013024, 0.16116355930569148, -0.9239988048077841, 0.4437044685291587, -0.06544117132421334, 0.7119257801526226, -0.5427148545964202, 0.17970953246455035, 0.740797548563551, 0.7396827435086515, -0.6831025988712918, -0.8751575173009796, -0.4286026763933781, 0.48650028724737626, 0.5308324053266071, -0.2212505431081484, 0.03180907403622113, 0.4823819238204461, -0.9371714239904825, -0.34656289980057586, -0.6114114127505603, 0.5863965130239834, -0.6580996135368649, -0.47516959273550485, -0.4101935109413024, 0.8307500065321161, 0.06319334221007522, -0.6186300680354304, 0.413579062399444, 0.9636443645103692, -0.11008871550940436, 0.7321899151742299, -0.05875439274517458, -0.8056706659222332, -0.3704347207991958, -0.4616210209866902, -0.6903804808509406, -0.14695353869386985, 0.518887748519705, -0.22683731902166082, 0.6993013393057939, -0.22068652020844068, -0.6015519490200893, 0.5776454481380977, -0.9425632565210529, -0.1040143019338815, 0.756435927128275, -0.46872659517234205, 0.9478783699279154, 2.42315435425855e-05, -0.7169083459429269, 0.003694831847706803, 0.1159935534149028, 0.0643530823189713, -0.06833127544111162, 0.5672062786576018, -0.08677595419667328, -0.40228631751814964, -0.5124692705565774, -0.16440841998600764, 0.08322360583749222, 0.006275020568699219, 0.9741174096217449, 0.09922125316544639, -0.2547912513018822, -0.8904956554959678, 0.5430273526692961, 0.8345511497451248, -1, 0.886207000011072, 0.34404747355018506, -0.9957731864207624, 0.21508200120084142, 0.13646161297444315, 0.3312099973547482, 0.7298659778653378, 0.9707661213412018, -0.9558554062386444, 0.05830449953505945, -0.7596023083716036, -0.8921587328714462, 0.9694763313677708, 0.38645669989267906]
-39.155517578125	(8, 12, 2)	[-0.004191025849941354, 0.5665778240174133, -0.6196805033239623, -0.3112825756202504, -0.15406573714943672, 1, 0.6276718853733887, 0.18198184751905022, -0.13280792824589227, 0.8117477950824208, -0.6379563810623741, -0.9120997241786815, 0.701159014355941, -0.702946425366251, 0.5381607737284482, -0.31000208643770755, -0.042458733608784494, -0.03884391339260507, -0.6111321375813761, -0.463054449213264, -0.11214828508783214, 0.07068643398267693, 0.5759410513055818, -0.4621059845879032, 0.08026554581098888, -0.05076861319119241, 0.5359099351132015, 0.22204023768488756, 0.6360182027024872, 0.44903857622215604, -0.2414373694437908, 0.3360915554081987, 0.6178296415855442, 0.8050392283738061, -0.5449088204395383, -0.9844699618850095, 0.04230511608223586, 0.31262189738013024, 0.16116355930569148, -1, 0.4437044685291587, -0.06544117132421334, 0.7119257801526226, -0.5427148545964202, 0.17970953246455035, 0.740797548563551, 0.7396827435086515, -0.5751987187734471, -1, -0.4286026763933781, 0.48650028724737626, 0.5308324053266071, -0.2212505431081484, 0.03180907403622113, 0.4823819238204461, -0.9371714239904825, -0.34656289980057586, -0.6114114127505603, 0.641641776373221, -0.6580996135368649, -0.47516959273550485, -0.4101935109413024, 0.8307500065321161, 0.06319334221007522, -0.6186300680354304, 0.413579062399444, 0.9636443645103692, -0.11008871550940436, 0.7321899151742299, -0.05875439274517458, -0.8056706659222332, -0.3704347207991958, -0.4616210209866902, -0.6903804808509406, 0.062403691045084586, 0.518887748519705, -0.22683731902166082, 0.6993013393057939, -0.22068652020844068, -0.6015519490200893, 1, -0.9425632565210529, -0.1040143019338815, 0.756435927128275, -0.46872659517234205, 0.9478783699279154, 2.42315435425855e-05, -0.7169083459429269, 0.003694831847706803, 0.1159935534149028, 0.0643530823189713, -0.06833127544111162, 0.39196680543621254, -0.08677595419667328, -0.5139715981786663, -0.5124692705565774, -0.16440841998600764, 0.08322360583749222, 0.006275020568699219, 0.9741174096217449, 0.09922125316544639, 0.5930718355709623, 0.8194752089277122, -0.8061148152642807, -0.9629726048419927, -0.7096400538558554, 0.6004814331739192, 0.34404747355018506, -0.9957731864207624, 0.21508200120084142, 0.13646161297444315, 0.3312099973547482, 0.7298659778653378, 0.9707661213412018, -0.9558554062386444, 0.05830449953505945, -0.5409528814186586, -0.8921587328714462, 0.9175066826291245, 0.38645669989267906]
-35.75446701049805	(8, 12, 2)	[-0.004191025849941354, 0.5665778240174133, -0.4139256804593854, -0.3112825756202504, -0.15406573714943672, 0.8579333308316539, 0.6276718853733887, 0.18198184751905022, -0.13280792824589227, 0.8117477950824208, -0.6379563810623741, -0.9120997241786815, 0.701159014355941, -0.702946425366251, 0.5381607737284482, -0.31000208643770755, -0.042458733608784494, -0.03884391339260507, -0.6111321375813761, -0.463054449213264, -0.11214828508783214, 0.07068643398267693, 0.5759410513055818, -0.4621059845879032, 0.08026554581098888, -0.05076861319119241, 0.948051757361041, 0.22204023768488756, 0.8494272918886927, 0.44903857622215604, -0.2414373694437908, 0.3360915554081987, 0.6178296415855442, 0.8050392283738061, -0.5449088204395383, -0.9844699618850095, 0.04230511608223586, 0.31262189738013024, 0.16116355930569148, -0.9239988048077841, 0.4437044685291587, -0.06544117132421334, 0.7119257801526226, -0.5427148545964202, 0.17970953246455035, 0.740797548563551, 0.7396827435086515, -0.5751987187734471, -0.8751575173009796, -0.4286026763933781, 0.48650028724737626, 0.5308324053266071, -0.2212505431081484, 0.03180907403622113, 0.4823819238204461, -0.9371714239904825, -0.34656289980057586, -0.6114114127505603, 0.641641776373221, -0.6580996135368649, -0.47516959273550485, -0.4101935109413024, 0.8307500065321161, 0.06319334221007522, -0.6186300680354304, 0.413579062399444, 0.9636443645103692, -0.11008871550940436, 0.7321899151742299, -0.05875439274517458, -0.8056706659222332, -0.3704347207991958, -0.4616210209866902, -0.6903804808509406, 0.22484320648788625, 0.518887748519705, -0.22683731902166082, 0.6993013393057939, -0.22068652020844068, -0.6015519490200893, 0.5776454481380977, -0.9425632565210529, -0.1040143019338815, 0.756435927128275, -0.46872659517234205, 0.9478783699279154, 2.42315435425855e-05, -0.7169083459429269, -0.168546806292562, 0.1159935534149028, 0.0643530823189713, -0.06833127544111162, 0.5672062786576018, -0.08677595419667328, -0.5139715981786663, -0.5124692705565774, -0.16440841998600764, 0.34237422029307996, -0.8681108226583556, 0.8644328887033732, 0.14693791271155776, -0.2547912513018822, -0.8904956554959678, 0.5430273526692961, -0.9629726048419927, -0.7096400538558554, 0.6004814331739192, 0.34404747355018506, -0.9957731864207624, 0.21508200120084142, 0.13646161297444315, 0.3312099973547482, 0.7298659778653378, 0.9707661213412018, -0.9558554062386444, 0.05830449953505945, -0.5060120443364716, -0.8921587328714462, 0.9175066826291245, 0.38645669989267906]
-38.0843620300293	(8, 12, 2)	[-0.004191025849941354, 0.5665778240174133, -0.4139256804593854, -0.3112825756202504, -0.15406573714943672, 0.8579333308316539, 0.6276718853733887, 0.18198184751905022, -0.13280792824589227, 0.8117477950824208, -0.6379563810623741, -0.9120997241786815, 0.701159014355941, -0.702946425366251, 0.5381607737284482, -0.31000208643770755, -0.042458733608784494, -0.21394690231397973, -0.6111321375813761, -0.463054449213264, -0.11214828508783214, 0.07068643398267693, 0.5759410513055818, -0.4621059845879032, 0.08026554581098888, -0.05076861319119241, 0.948051757361041, 0.22204023768488756, 0.8494272918886927, 0.44903857622215604, -0.2414373694437908, 0.3360915554081987, 0.6178296415855442, 0.8050392283738061, -0.5449088204395383, -0.9844699618850095, 0.04230511608223586, 0.31262189738013024, 0.16116355930569148, -0.9239988048077841, 0.4437044685291587, -0.06544117132421334, 0.7119257801526226, -0.5427148545964202, 0.17970953246455035, 0.740797548563551, 0.7396827435086515, -0.5751987187734471, -0.8751575173009796, -0.4286026763933781, 0.48650028724737626, 0.5308324053266071, -0.2212505431081484, 0.03180907403622113, 0.4823819238204461, -0.9371714239904825, -0.34656289980057586, -0.6114114127505603, 0.641641776373221, -0.6580996135368649, -0.47516959273550485, -0.4101935109413024, 0.8307500065321161, 0.06319334221007522, -0.6186300680354304, 0.413579062399444, 0.9636443645103692, -0.11008871550940436, 0.7321899151742299, -0.05875439274517458, -0.8056706659222332, -0.3704347207991958, -0.4616210209866902, -0.6903804808509406, 0.22484320648788625, 0.518887748519705, -0.22683731902166082, 0.6993013393057939, -0.22068652020844068, -0.6015519490200893, 0.5776454481380977, -0.9425632565210529, -0.1040143019338815, 0.756435927128275, -0.46872659517234205, 0.9478783699279154, 2.42315435425855e-05, -0.7169083459429269, -0.168546806292562, 0.1159935534149028, 0.0643530823189713, -0.06833127544111162, 0.5672062786576018, -0.08677595419667328, -0.5139715981786663, -0.5124692705565774, -0.16440841998600764, 0.34237422029307996, -0.8681108226583556, 0.8644328887033732, 0.14693791271155776, -0.2547912513018822, -0.8904956554959678, 0.5430273526692961, -0.9629726048419927, -0.7096400538558554, 0.6004814331739192, 0.34404747355018506, -0.9957731864207624, 0.21508200120084142, 0.13646161297444315, 0.3312099973547482, 0.7298659778653378, 0.9707661213412018, -0.9558554062386444, 0.05830449953505945, -0.7037457908236953, -0.8921587328714462, 0.9175066826291245, 0.38645669989267906]
-33.03780746459961	(8, 12, 2)	[-0.004191025849941354, 0.5665778240174133, -0.4139256804593854, -0.3112825756202504, -0.15406573714943672, 0.8579333308316539, 0.6276718853733887, 0.18198184751905022, -0.13280792824589227, 0.8117477950824208, -0.6379563810623741, -0.9120997241786815, 0.701159014355941, -0.702946425366251, 0.5381607737284482, -0.31000208643770755, -0.042458733608784494, -0.21394690231397973, -0.6111321375813761, -0.463054449213264, -0.40579478146381365, 0.07068643398267693, 0.5759410513055818, -0.4621059845879032, 0.08026554581098888, -0.05076861319119241, 0.948051757361041, 0.22204023768488756, 0.8494272918886927, 0.44903857622215604, -0.2414373694437908, 0.3360915554081987, 0.6178296415855442, 0.8050392283738061, -0.5449088204395383, -0.9844699618850095, 0.04230511608223586, 0.31262189738013024, 0.16116355930569148, -0.9239988048077841, 0.4437044685291587, -0.06544117132421334, 0.7119257801526226, -0.6875340253700719, 0.17970953246455035, 0.740797548563551, 0.7396827435086515, -0.5751987187734471, -0.8751575173009796, -0.4286026763933781, 0.48650028724737626, 0.5308324053266071, -0.2212505431081484, 0.03180907403622113, 0.4823819238204461, -0.9371714239904825, -0.34656289980057586, -0.6114114127505603, 0.641641776373221, -0.6580996135368649, -0.47516959273550485, -0.4101935109413024, 0.8307500065321161, 0.06319334221007522, -0.6186300680354304, 0.413579062399444, 0.9636443645103692, -0.11008871550940436, 0.7321899151742299, -0.05875439274517458, -0.8056706659222332, -0.3704347207991958, -0.4616210209866902, -0.6903804808509406, 0.22484320648788625, 0.518887748519705, -0.22683731902166082, 0.6993013393057939, -0.22068652020844068, -0.6015519490200893, 0.5776454481380977, -0.9425632565210529, -0.1040143019338815, 0.756435927128275, -0.46872659517234205, 0.9478783699279154, 2.42315435425855e-05, -0.6165479449569082, -0.168546806292562, 0.1159935534149028, 0.0643530823189713, -0.06833127544111162, 0.5672062786576018, -0.08677595419667328, -0.5139715981786663, -0.5124692705565774, -0.16440841998600764, 0.34237422029307996, -0.8681108226583556, 0.8644328887033732, 0.14693791271155776, -0.13210762805190654, -0.8904956554959678, 0.5430273526692961, -0.9629726048419927, -0.7096400538558554, 0.6004814331739192, 0.34404747355018506, -0.9957731864207624, 0.21508200120084142, 0.13646161297444315, 0.3312099973547482, 0.7298659778653378, 0.9707661213412018, -0.9558554062386444, 0.05830449953505945, -0.7037457908236953, -0.8921587328714462, 0.9175066826291245, 0.38645669989267906]
-41.040321350097656	(8, 12, 2)	[0.049435452144762526, 0.5665778240174133, -0.6196805033239623, -0.3112825756202504, -0.08888851930701676, 0.8579333308316539, 0.6276718853733887, 0.18198184751905022, -0.13280792824589227, 0.8117477950824208, -0.6379563810623741, -0.9120997241786815, 0.701159014355941, -0.702946425366251, 0.5381607737284482, -0.8345976338829806, -0.042458733608784494, -0.03884391339260507, -0.6111321375813761, -0.463054449213264, -0.11214828508783214, 0.07068643398267693, 0.5759410513055818, -0.4621059845879032, 0.08026554581098888, -0.05076861319119241, 0.5359099351132015, 0.22204023768488756, 0.8494272918886927, 0.4337208461717901, -0.2414373694437908, 0.3360915554081987, 0.6178296415855442, 0.8050392283738061, -0.5663365711158724, -0.9844699618850095, 0.04230511608223586, 0.31262189738013024, 0.16116355930569148, -0.9239988048077841, 0.4437044685291587, -0.06544117132421334, 0.7119257801526226, -0.5427148545964202, 0.17970953246455035, 0.740797548563551, 0.7396827435086515, -0.6831025988712918, -0.8751575173009796, -0.4286026763933781, 0.48650028724737626, 0.5308324053266071, -0.2212505431081484, 0.03180907403622113, 0.4823819238204461, -0.9371714239904825, -0.3031017378909504, -0.6114114127505603, 0.5863965130239834, -0.6580996135368649, -0.47516959273550485, -0.4101935109413024, 0.8307500065321161, 0.06319334221007522, -0.6186300680354304, 0.413579062399444, 0.9636443645103692, -0.11008871550940436, 0.7321899151742299, -0.05875439274517458, -0.8056706659222332, -0.3704347207991958, -0.4616210209866902, -0.6903804808509406, -0.14695353869386985, 0.518887748519705, -0.22683731902166082, 0.6993013393057939, -0.22068652020844068, -0.6015519490200893, 0.5776454481380977, -0.9425632565210529, -0.1040143019338815, 0.756435927128275, -0.46872659517234205, 0.9478783699279154, 2.42315435425855e-05, -0.7169083459429269, 0.003694831847706803, 0.1159935534149028, 0.0643530823189713, -0.06833127544111162, 0.5672062786576018, -0.08677595419667328, -0.40228631751814964, -0.5124692705565774, -0.16440841998600764, 0.08322360583749222, -0.38765345097983694, 0.9741174096217449, 0.09922125316544639, 0.5930718355709623, -0.8904956554959678, 0.5430273526692961, 0.8345511497451248, -1, 0.886207000011072, 0.34404747355018506, -0.9957731864207624, 0.21508200120084142, 0.13646161297444315, 0.3312099973547482, 0.7298659778653378, 0.9707661213412018, -0.9558554062386444, 0.05830449953505945, -0.5409528814186586, -0.8921587328714462, 0.9175066826291245, 0.38645669989267906]
-38.53724670410156	(8, 12, 2)	[-0.004191025849941354, 0.5665778240174133, -0.4139256804593854, -0.3112825756202504, -0.15406573714943672, 0.8579333308316539, 0.6276718853733887, 0.18198184751905022, -0.13280792824589227, 0.8117477950824208, -0.6379563810623741, -0.9120997241786815, 0.701159014355941, -0.702946425366251, 0.5381607737284482, -0.31000208643770755, -0.042458733608784494, -0.21394690231397973, -0.6111321375813761, -0.463054449213264, -0.40579478146381365, 0.07068643398267693, 0.5759410513055818, -0.24840402913677195, 0.08026554581098888, -0.05076861319119241, 0.948051757361041, 0.22204023768488756, 0.8494272918886927, 0.44903857622215604, -0.2414373694437908, 0.3360915554081987, 0.6178296415855442, 0.8050392283738061, -0.5449088204395383, -0.9844699618850095, 0.04230511608223586, 0.31262189738013024, 0.16116355930569148, -0.9239988048077841, 0.4437044685291587, -0.06544117132421334, 0.7119257801526226, -0.6875340253700719, 0.17970953246455035, 0.740797548563551, 0.7396827435086515, -0.5751987187734471, -0.8751575173009796, -0.4286026763933781, 0.48650028724737626, 0.5308324053266071, -0.2212505431081484, 0.03180907403622113, 0.4823819238204461, -0.9371714239904825, -0.34656289980057586, -0.6114114127505603, 0.641641776373221, -0.6580996135368649, -0.46253776472160046, -0.4101935109413024, 0.8307500065321161, 0.06319334221007522, -0.6186300680354304, 0.413579062399444, 0.9636443645103692, -0.11008871550940436, 0.7321899151742299, -0.05875439274517458, -0.8056706659222332, -0.3704347207991958, -0.4616210209866902, -0.6903804808509406, 0.22484320648788625, 0.518887748519705, -0.22683731902166082, 0.6993013393057939, -0.22068652020844068, -0.6015519490200893, 0.5776454481380977, -0.9425632565210529, -0.1040143019338815, 0.756435927128275, -0.46872659517234205, 0.9478783699279154, 2.42315435425855e-05, -0.7169083459429269, -0.168546806292562, 0.1159935534149028, 0.0643530823189713, -0.06833127544111162, 0.5672062786576018, -0.16404837053840843, -0.5139715981786663, -0.5124692705565774, -0.16440841998600764, 0.34237422029307996, -0.8681108226583556, 0.8644328887033732, 0.14693791271155776, -0.2547912513018822, -0.8904956554959678, 0.5430273526692961, 0.8345511497451248, -1, 0.886207000011072, 0.34404747355018506, -0.9957731864207624, 0.21508200120084142, 0.13646161297444315, 0.3312099973547482, 0.7298659778653378, 0.9707661213412018, -0.9558554062386444, 0.05830449953505945, -0.7037457908236953, -0.8921587328714462, 1, 0.38645669989267906]
-34.476741790771484	(8, 12, 2)	[-0.004191025849941354, 0.5665778240174133, -0.4139256804593854, -0.3112825756202504, -0.15406573714943672, 0.8579333308316539, 0.6276718853733887, 0.18198184751905022, -0.04754608662067386, 0.8117477950824208, -0.6379563810623741, -0.9120997241786815, 0.701159014355941, -0.702946425366251, 0.5381607737284482, -0.31000208643770755, -0.042458733608784494, -0.21394690231397973, -0.6111321375813761, -0.463054449213264, -0.40579478146381365, 0.07068643398267693, 0.5759410513055818, -0.24840402913677195, 0.08026554581098888, -0.05076861319119241, 0.948051757361041, 0.22204023768488756, 0.8494272918886927, 0.44903857622215604, -0.2414373694437908, 0.3360915554081987, 0.6178296415855442, 0.8050392283738061, -0.5449088204395383, -0.9844699618850095, 0.04230511608223586, 0.31262189738013024, 0.16116355930569148, -0.9239988048077841, 0.4437044685291587, -0.06544117132421334, 0.7119257801526226, -0.6875340253700719, 0.17970953246455035, 0.740797548563551, 0.7396827435086515, -0.5751987187734471, -0.8751575173009796, -0.4286026763933781, 0.48650028724737626, 0.5308324053266071, -0.2212505431081484, 0.03180907403622113, 0.4823819238204461, -0.9371714239904825, -0.34656289980057586, -0.6114114127505603, 0.641641776373221, -0.6580996135368649, -0.47516959273550485, -0.4101935109413024, 0.8307500065321161, 0.06319334221007522, -0.6186300680354304, 0.413579062399444, 0.9636443645103692, -0.11008871550940436, 0.7321899151742299, -0.05875439274517458, -0.8056706659222332, -0.3704347207991958, -0.39655588744405157, -0.6903804808509406, -0.14695353869386985, 0.518887748519705, -0.22683731902166082, 0.6993013393057939, -0.22068652020844068, -0.6015519490200893, 0.5776454481380977, -0.9425632565210529, -0.1040143019338815, 0.756435927128275, -0.46872659517234205, 0.9478783699279154, 2.42315435425855e-05, -0.7169083459429269, -0.168546806292562, 0.1159935534149028, 0.0643530823189713, -0.06833127544111162, 0.5672062786576018, -0.16404837053840843, -0.5139715981786663, -0.5124692705565774, -0.16440841998600764, 0.34237422029307996, -0.8681108226583556, 0.8644328887033732, 0.14693791271155776, -0.2547912513018822, -0.8904956554959678, 0.5430273526692961, 0.8345511497451248, -1, 0.886207000011072, 0.34404747355018506, -0.9957731864207624, 0.21508200120084142, 0.13646161297444315, 0.3312099973547482, 0.7298659778653378, 0.9707661213412018, -0.9558554062386444, 0.05830449953505945, -0.7037457908236953, -0.8921587328714462, 1, 0.38645669989267906]
-30.873443603515625	(8, 12, 2)	[0.049435452144762526, 0.5665778240174133, -0.6196805033239623, -0.3112825756202504, -0.08888851930701676, 0.8579333308316539, 0.6276718853733887, 0.18198184751905022, -0.04754608662067386, 0.8117477950824208, -0.6379563810623741, -0.9120997241786815, 0.701159014355941, -0.702946425366251, 0.5381607737284482, -0.31000208643770755, -0.042458733608784494, -0.21394690231397973, -0.6111321375813761, -0.463054449213264, -0.40579478146381365, 0.07068643398267693, 0.5759410513055818, -0.24840402913677195, 0.08026554581098888, -0.05076861319119241, 0.948051757361041, 0.22204023768488756, 0.8494272918886927, 0.44903857622215604, -0.2414373694437908, 0.3360915554081987, 0.6178296415855442, 0.8050392283738061, -0.5449088204395383, -0.9844699618850095, 0.04230511608223586, 0.31262189738013024, 0.16116355930569148, -0.9239988048077841, 0.4437044685291587, -0.06544117132421334, 0.7119257801526226, -0.6875340253700719, 0.17970953246455035, 0.740797548563551, 0.7396827435086515, -0.5751987187734471, -0.8751575173009796, -0.4286026763933781, 0.48650028724737626, 0.5308324053266071, -0.2212505431081484, 0.03180907403622113, 0.4823819238204461, -0.9371714239904825, -0.34656289980057586, -0.6114114127505603, 0.641641776373221, -0.6580996135368649, -0.47516959273550485, -0.4101935109413024, 0.8307500065321161, 0.06319334221007522, -0.6186300680354304, 0.413579062399444, 0.9636443645103692, -0.11008871550940436, 0.7321899151742299, -0.05875439274517458, -0.8056706659222332, -0.3704347207991958, -0.39655588744405157, -0.6903804808509406, -0.14695353869386985, 0.518887748519705, -0.22683731902166082, 0.6993013393057939, -0.22068652020844068, -0.6015519490200893, 0.5776454481380977, -0.9425632565210529, -0.28689785252307143, 0.756435927128275, -0.46872659517234205, 0.9478783699279154, 2.42315435425855e-05, -0.7169083459429269, -0.168546806292562, 0.1159935534149028, 0.0643530823189713, -0.06833127544111162, 0.5672062786576018, -0.08677595419667328, -0.5139715981786663, -0.5124692705565774, -0.16440841998600764, 0.34237422029307996, -0.8681108226583556, 0.8644328887033732, 0.14693791271155776, -0.2547912513018822, -0.8904956554959678, 0.20748660228227828, 0.8345511497451248, -1, 0.886207000011072, 0.34404747355018506, -0.9957731864207624, 0.21508200120084142, 0.13646161297444315, 0.3312099973547482, 0.7298659778653378, 0.9707661213412018, -0.9558554062386444, 0.05830449953505945, -0.5409528814186586, -0.8921587328714462, 0.9175066826291245, 0.38645669989267906]
-31.222501754760742	(8, 12, 2)	[0.049435452144762526, 0.5665778240174133, -0.6196805033239623, -0.3112825756202504, -0.08888851930701676, 0.8579333308316539, 0.6276718853733887, 0.18198184751905022, -0.13280792824589227, 0.8117477950824208, -0.6379563810623741, -0.9120997241786815, 0.701159014355941, -0.702946425366251, 0.5381607737284482, -0.8345976338829806, -0.042458733608784494, -0.03884391339260507, -0.6111321375813761, -0.463054449213264, -0.11214828508783214, 0.07068643398267693, 0.5759410513055818, -0.4621059845879032, 0.08026554581098888, -0.05076861319119241, 0.5359099351132015, 0.22204023768488756, 0.8494272918886927, 0.4337208461717901, -0.2414373694437908, 0.3360915554081987, 0.7685098514904034, 0.8050392283738061, -0.5449088204395383, -0.9844699618850095, 0.04230511608223586, 0.31262189738013024, 0.16116355930569148, -0.9239988048077841, 0.4437044685291587, -0.06544117132421334, 0.7119257801526226, -0.6875340253700719, 0.17970953246455035, 0.740797548563551, 0.7396827435086515, -0.6831025988712918, -0.8751575173009796, -0.4286026763933781, 0.759956597261332, 0.5308324053266071, -0.2212505431081484, 0.03180907403622113, 0.4823819238204461, -0.9371714239904825, -0.34656289980057586, -0.6114114127505603, 0.5863965130239834, -0.6580996135368649, -0.47516959273550485, -0.4101935109413024, 0.8307500065321161, 0.06319334221007522, -0.6186300680354304, 0.413579062399444, 0.9636443645103692, -0.11008871550940436, 0.7321899151742299, -0.05875439274517458, -0.8056706659222332, -0.3704347207991958, -0.39655588744405157, -0.6903804808509406, -0.14695353869386985, 0.518887748519705, -0.22683731902166082, 0.6993013393057939, -0.22068652020844068, -0.6015519490200893, 0.5978113481239291, -0.9425632565210529, -0.1040143019338815, 0.756435927128275, -0.46872659517234205, 0.9478783699279154, 2.42315435425855e-05, -0.7169083459429269, -0.168546806292562, 0.1159935534149028, 0.0643530823189713, -0.06833127544111162, 0.5672062786576018, -0.08677595419667328, -0.5139715981786663, -0.5124692705565774, -0.16440841998600764, 0.34237422029307996, -0.8681108226583556, 0.8644328887033732, 0.14693791271155776, -0.2547912513018822, -0.8904956554959678, 0.17885427935649667, 0.8345511497451248, -0.7999815179218347, 0.886207000011072, 0.34404747355018506, -0.7874174219525809, 0.21508200120084142, 0.13646161297444315, 0.3312099973547482, 0.7298659778653378, 0.9707661213412018, -0.9558554062386444, 0.05830449953505945, -0.5409528814186586, -0.8921587328714462, 0.9175066826291245, 0.38645669989267906]
-18.860645294189453	(8, 12, 2)	[0.049435452144762526, 0.5665778240174133, -0.6196805033239623, -0.47229950958795475, -0.08888851930701676, 0.8579333308316539, 0.6276718853733887, 0.18198184751905022, -0.13280792824589227, 0.8117477950824208, -0.6379563810623741, -0.9120997241786815, 0.701159014355941, -0.702946425366251, 0.5381607737284482, -0.8345976338829806, -0.042458733608784494, -0.03884391339260507, -0.6111321375813761, -0.2886191017386306, -0.11214828508783214, 0.07068643398267693, 0.5759410513055818, -0.4621059845879032, 0.08026554581098888, -0.05076861319119241, 0.5359099351132015, 0.22204023768488756, 0.8494272918886927, 0.4337208461717901, -0.2414373694437908, 0.3360915554081987, 0.7685098514904034, 0.8050392283738061, -0.5449088204395383, -0.9844699618850095, 0.04230511608223586, 0.31262189738013024, 0.16116355930569148, -0.9239988048077841, 0.5028509114061415, -0.06544117132421334, 0.7119257801526226, -0.6875340253700719, 0.17970953246455035, 0.740797548563551, 0.7396827435086515, -0.6831025988712918, -0.8751575173009796, -0.4286026763933781, 0.759956597261332, 0.5308324053266071, -0.2212505431081484, 0.03180907403622113, 0.4823819238204461, -0.9371714239904825, -0.34656289980057586, -0.6114114127505603, 0.5863965130239834, -0.6580996135368649, -0.47516959273550485, -0.4101935109413024, 0.8307500065321161, 0.06319334221007522, -0.6186300680354304, 0.413579062399444, 0.9636443645103692, -0.11008871550940436, 0.7321899151742299, -0.3158724911490746, -0.8056706659222332, -0.3704347207991958, -0.39655588744405157, -0.6903804808509406, -0.14695353869386985, 0.518887748519705, -0.22683731902166082, 0.6993013393057939, -0.22068652020844068, -0.6015519490200893, 0.5776454481380977, -0.9425632565210529, -0.1040143019338815, 0.756435927128275, -0.46872659517234205, 0.9478783699279154, 2.42315435425855e-05, -0.7169083459429269, -0.168546806292562, 0.1159935534149028, 0.0643530823189713, -0.06833127544111162, 0.5672062786576018, -0.08677595419667328, -0.5139715981786663, -0.5124692705565774, -0.16440841998600764, 0.34237422029307996, -0.8681108226583556, 0.8644328887033732, 0.14693791271155776, -0.2547912513018822, -0.8904956554959678, 0.17885427935649667, 0.8345511497451248, -1, 0.886207000011072, 0.34404747355018506, -0.7874174219525809, 0.21508200120084142, 0.13646161297444315, 0.3312099973547482, 0.7298659778653378, 0.9707661213412018, -0.9558554062386444, 0.05830449953505945, -0.5409528814186586, -0.8921587328714462, 0.9175066826291245, 0.38645669989267906]
-23.88199806213379	(8, 12, 2)	[0.049435452144762526, 0.5665778240174133, -0.6196805033239623, -0.47229950958795475, -0.08888851930701676, 0.8579333308316539, 0.6276718853733887, 0.18198184751905022, -0.13280792824589227, 0.8117477950824208, -0.6379563810623741, -0.9120997241786815, 0.701159014355941, -0.702946425366251, 0.5381607737284482, -0.8345976338829806, -0.042458733608784494, -0.03884391339260507, -0.6111321375813761, -0.2886191017386306, -0.11214828508783214, 0.07068643398267693, 0.5759410513055818, -0.4621059845879032, 0.08026554581098888, -0.05076861319119241, 0.5359099351132015, 0.22204023768488756, 0.8494272918886927, 0.4337208461717901, -0.2414373694437908, 0.3360915554081987, 0.7685098514904034, 0.8050392283738061, -0.6335496763378478, -0.9844699618850095, 0.04230511608223586, 0.1222711272523864, 0.16116355930569148, -0.9239988048077841, 0.4437044685291587, -0.06544117132421334, 0.6839247460068234, -0.5427148545964202, 0.22012559381477365, 0.740797548563551, 0.7396827435086515, -0.6831025988712918, -0.8751575173009796, -0.4286026763933781, 0.759956597261332, 0.5308324053266071, -0.2212505431081484, 0.03180907403622113, 0.4823819238204461, -0.9371714239904825, -0.34656289980057586, -0.6114114127505603, 0.641641776373221, -0.6580996135368649, -0.47516959273550485, -0.4101935109413024, 0.8307500065321161, 0.06319334221007522, -0.6186300680354304, 0.413579062399444, 0.9636443645103692, -0.11008871550940436, 0.7321899151742299, -0.05875439274517458, -0.8056706659222332, -0.3704347207991958, -0.34560784444541887, -0.6903804808509406, -0.14695353869386985, 0.518887748519705, -0.22683731902166082, 0.6993013393057939, -0.22068652020844068, -0.6015519490200893, 0.5776454481380977, -0.9425632565210529, -0.1040143019338815, 0.756435927128275, -0.46872659517234205, 0.9478783699279154, 2.42315435425855e-05, -0.7169083459429269, -0.168546806292562, 0.1159935534149028, 0.0643530823189713, -0.06833127544111162, 0.5672062786576018, -0.08677595419667328, -0.5139715981786663, -0.5124692705565774, -0.16440841998600764, 0.34237422029307996, -0.8681108226583556, 0.8644328887033732, 0.14693791271155776, -0.2547912513018822, -0.8904956554959678, 0.17885427935649667, 0.8345511497451248, -1, 0.886207000011072, 0.34404747355018506, -0.7874174219525809, 0.21508200120084142, 0.13646161297444315, 0.3312099973547482, 0.7298659778653378, 0.9707661213412018, -0.9558554062386444, 0.05830449953505945, -0.5409528814186586, -0.8921587328714462, 0.9175066826291245, 0.38645669989267906]
-30.455968856811523	(8, 12, 2)	[0.049435452144762526, 0.5665778240174133, -0.6196805033239623, -0.47229950958795475, -0.08888851930701676, 0.8579333308316539, 0.6276718853733887, 0.18198184751905022, -0.13280792824589227, 0.8117477950824208, -0.6379563810623741, -0.9120997241786815, 0.701159014355941, -0.702946425366251, 0.5381607737284482, -0.8345976338829806, -0.042458733608784494, -0.03884391339260507, -0.6111321375813761, -0.2446497037969651, -0.11214828508783214, 0.07068643398267693, 0.5759410513055818, -0.4621059845879032, 0.08026554581098888, -0.05076861319119241, 0.5359099351132015, 0.22204023768488756, 0.8494272918886927, 0.4337208461717901, -0.2414373694437908, 0.3360915554081987, 0.7685098514904034, 0.8050392283738061, -0.5449088204395383, -0.9844699618850095, 0.04230511608223586, 0.31262189738013024, 0.16116355930569148, -0.9239988048077841, 0.5028509114061415, -0.06544117132421334, 0.7119257801526226, -0.6875340253700719, 0.17970953246455035, 0.740797548563551, 0.7396827435086515, -0.6831025988712918, -0.8751575173009796, -0.4286026763933781, 0.759956597261332, 0.5308324053266071, -0.2212505431081484, 0.03180907403622113, 0.4823819238204461, -0.9371714239904825, -0.34656289980057586, -0.6114114127505603, 0.5863965130239834, -0.5280525159435882, -0.47516959273550485, -0.4101935109413024, 0.8307500065321161, 0.06319334221007522, -0.6186300680354304, 0.413579062399444, 0.9636443645103692, -0.11008871550940436, 0.7321899151742299, -0.3158724911490746, -0.8056706659222332, -0.3704347207991958, -0.39655588744405157, -0.6903804808509406, -0.14695353869386985, 0.518887748519705, -0.4724338627220963, 0.6993013393057939, -0.22068652020844068, -0.6015519490200893, 0.5776454481380977, -0.9425632565210529, -0.1040143019338815, 0.756435927128275, -0.46872659517234205, 0.9478783699279154, 2.42315435425855e-05, -0.7169083459429269, -0.168546806292562, 0.1159935534149028, 0.0643530823189713, -0.2133989795646355, 0.5672062786576018, -0.08677595419667328, -0.5139715981786663, -0.5124692705565774, -0.16440841998600764, 0.34237422029307996, -0.8681108226583556, 0.8644328887033732, 0.14693791271155776, -0.2547912513018822, -0.8904956554959678, 0.17885427935649667, 0.8345511497451248, -1, 0.886207000011072, 0.34404747355018506, -0.7874174219525809, 0.32900355485390254, 0.13646161297444315, 0.3312099973547482, 0.7298659778653378, 0.9707661213412018, -0.9558554062386444, 0.05830449953505945, -0.5409528814186586, -0.8921587328714462, 0.9175066826291245, 0.38645669989267906]
-18.74485206604004	(8, 12, 2)	[0.049435452144762526, 0.5665778240174133, -0.6196805033239623, -0.47229950958795475, -0.08888851930701676, 0.8579333308316539, 0.6276718853733887, 0.18198184751905022, -0.13280792824589227, 0.8117477950824208, -0.6379563810623741, -0.9120997241786815, 0.701159014355941, -0.702946425366251, 0.5381607737284482, -0.8345976338829806, -0.042458733608784494, -0.03884391339260507, -0.6111321375813761, -0.2446497037969651, -0.11214828508783214, 0.07068643398267693, 0.5759410513055818, -0.4621059845879032, 0.08026554581098888, -0.05076861319119241, 0.5359099351132015, 0.22204023768488756, 0.8494272918886927, 0.4337208461717901, -0.2414373694437908, 0.3360915554081987, 0.7685098514904034, 0.8050392283738061, -0.5449088204395383, -0.9844699618850095, 0.04230511608223586, 0.1222711272523864, 0.16116355930569148, -0.9239988048077841, 0.4437044685291587, -0.06544117132421334, 0.6839247460068234, -0.5427148545964202, 0.17970953246455035, 0.740797548563551, 0.7396827435086515, -0.6831025988712918, -0.8751575173009796, -0.4286026763933781, 0.759956597261332, 0.5308324053266071, -0.2212505431081484, 0.03180907403622113, 0.4823819238204461, -0.9371714239904825, -0.34656289980057586, -0.6114114127505603, 0.5863965130239834, -0.6580996135368649, -0.4398392265851105, -0.4101935109413024, 0.8307500065321161, 0.06319334221007522, -0.6186300680354304, 0.413579062399444, 0.9636443645103692, -0.11008871550940436, 0.7321899151742299, -0.05875439274517458, -0.8056706659222332, -0.3704347207991958, -0.34560784444541887, -0.6903804808509406, -0.14695353869386985, 0.518887748519705, -0.22683731902166082, 0.6993013393057939, -0.22068652020844068, -0.6015519490200893, 0.5776454481380977, -0.9425632565210529, -0.1040143019338815, 0.756435927128275, -0.46872659517234205, 0.9478783699279154, 2.42315435425855e-05, -0.7169083459429269, -0.168546806292562, 0.1159935534149028, 0.0643530823189713, 0.11159342181347065, 0.5672062786576018, -0.08677595419667328, -0.5139715981786663, -0.5124692705565774, -0.16440841998600764, 0.34237422029307996, -0.8681108226583556, 0.8644328887033732, 0.14693791271155776, -0.2547912513018822, -0.8904956554959678, 0.17885427935649667, 0.8345511497451248, -1, 0.886207000011072, 0.5457584570375418, -0.7874174219525809, 0.21508200120084142, 0.13646161297444315, 0.3312099973547482, 0.7298659778653378, 0.9707661213412018, -0.9558554062386444, 0.05830449953505945, -0.5409528814186586, -0.8921587328714462, 0.9175066826291245, 0.38645669989267906]
-19.56060028076172	(8, 12, 2)	[0.049435452144762526, 0.5665778240174133, -0.6196805033239623, -0.47229950958795475, -0.08888851930701676, 0.8579333308316539, 0.6276718853733887, 0.18198184751905022, -0.13280792824589227, 0.8117477950824208, -0.6379563810623741, -0.9120997241786815, 0.701159014355941, -0.702946425366251, 0.5381607737284482, -0.8345976338829806, -0.042458733608784494, -0.03884391339260507, -0.6111321375813761, -0.2886191017386306, -0.11214828508783214, 0.07068643398267693, 0.5759410513055818, -0.4621059845879032, 0.08026554581098888, -0.05076861319119241, 0.5359099351132015, 0.22204023768488756, 0.8494272918886927, 0.4337208461717901, -0.2414373694437908, 0.3360915554081987, 0.7685098514904034, 0.5584028697592973, -0.6335496763378478, -0.9844699618850095, 0.26918262499373236, 0.1222711272523864, 0.16116355930569148, -0.9239988048077841, 0.4437044685291587, -0.06544117132421334, 0.6839247460068234, -0.5427148545964202, 0.22012559381477365, 0.740797548563551, 0.7396827435086515, -0.6831025988712918, -0.8751575173009796, -0.4286026763933781, 0.759956597261332, 0.5308324053266071, -0.2212505431081484, 0.03180907403622113, 0.4823819238204461, -0.9371714239904825, -0.34656289980057586, -0.6114114127505603, 0.641641776373221, -0.6580996135368649, -0.47516959273550485, -0.4101935109413024, 0.8307500065321161, 0.06319334221007522, -0.6186300680354304, 0.413579062399444, 0.9636443645103692, -0.11008871550940436, 0.7321899151742299, -0.05875439274517458, -0.8056706659222332, -0.3704347207991958, -0.34560784444541887, -0.6903804808509406, -0.14695353869386985, 0.518887748519705, -0.22683731902166082, 0.6993013393057939, -0.22068652020844068, -0.6015519490200893, 0.5776454481380977, -0.9425632565210529, -0.1040143019338815, 0.756435927128275, -0.46872659517234205, 0.9478783699279154, 2.42315435425855e-05, -0.7169083459429269, -0.168546806292562, 0.1159935534149028, 0.0643530823189713, 0.11159342181347065, 0.5672062786576018, -0.08677595419667328, -0.5139715981786663, -0.5124692705565774, -0.16440841998600764, 0.34237422029307996, -0.8681108226583556, 0.8644328887033732, 0.14693791271155776, -0.2547912513018822, -0.8904956554959678, 0.17885427935649667, 0.8345511497451248, -1, 0.886207000011072, 0.5457584570375418, -0.7874174219525809, 0.21508200120084142, 0.13646161297444315, 0.3312099973547482, 0.7298659778653378, 0.9707661213412018, -0.9558554062386444, 0.05830449953505945, -0.5409528814186586, -0.8921587328714462, 0.9175066826291245, 0.38645669989267906]
473.54791259765625	(8, 12, 2)	[0.049435452144762526, 0.5665778240174133, -0.6196805033239623, -0.47229950958795475, -0.08888851930701676, 0.8579333308316539, 0.6276718853733887, 0.18198184751905022, -0.13280792824589227, 0.8117477950824208, -0.6379563810623741, -0.9120997241786815, 0.701159014355941, -0.702946425366251, 0.5381607737284482, -0.8345976338829806, -0.042458733608784494, -0.03884391339260507, -0.6111321375813761, -0.2886191017386306, -0.11214828508783214, 0.07068643398267693, 0.5759410513055818, -0.4621059845879032, 0.08026554581098888, -0.05076861319119241, 0.5359099351132015, 0.22204023768488756, 0.8494272918886927, 0.4337208461717901, -0.2414373694437908, 0.3360915554081987, 0.7685098514904034, 0.8050392283738061, -0.5516991910205744, -0.9844699618850095, 0.04230511608223586, 0.31262189738013024, 0.16116355930569148, -0.9239988048077841, 0.5028509114061415, -0.06544117132421334, 0.7119257801526226, -0.6875340253700719, 0.17970953246455035, 0.740797548563551, 0.7396827435086515, -0.6831025988712918, -0.8751575173009796, -0.4286026763933781, 0.8059548668712986, 0.5308324053266071, -0.2212505431081484, 0.03180907403622113, 0.4823819238204461, -0.9371714239904825, -0.5880154123150245, -0.6114114127505603, 0.5863965130239834, -0.5280525159435882, -0.47516959273550485, -0.4101935109413024, 0.8307500065321161, 0.06319334221007522, -0.6186300680354304, 0.413579062399444, 0.9636443645103692, -0.11008871550940436, 0.3256716625817834, -0.3158724911490746, -0.8056706659222332, -0.3704347207991958, -0.39655588744405157, -0.6903804808509406, -0.14695353869386985, 0.518887748519705, -0.4724338627220963, 0.6993013393057939, -0.22068652020844068, -0.6015519490200893, 0.5776454481380977, -0.9425632565210529, -0.1040143019338815, 0.756435927128275, -0.46872659517234205, 0.9478783699279154, 2.42315435425855e-05, -0.7169083459429269, -0.168546806292562, 0.1159935534149028, 0.0643530823189713, -0.2133989795646355, 0.5672062786576018, -0.08677595419667328, -0.5139715981786663, -0.5124692705565774, -0.16440841998600764, 0.34237422029307996, -0.8681108226583556, 0.8644328887033732, 0.14693791271155776, -0.2547912513018822, -0.8904956554959678, 0.17885427935649667, 0.8345511497451248, -1, 0.886207000011072, 0.34404747355018506, -0.7874174219525809, 0.32900355485390254, 0.13646161297444315, 0.3312099973547482, 0.7298659778653378, 0.9707661213412018, -0.9558554062386444, 0.05830449953505945, -0.5409528814186586, -0.8921587328714462, 0.9175066826291245, 0.38645669989267906]
-7.55634069442749	(8, 12, 2)	[0.049435452144762526, 0.5665778240174133, -0.6196805033239623, -0.47229950958795475, -0.08888851930701676, 0.8792800939866902, 0.6276718853733887, 0.18198184751905022, -0.13280792824589227, 0.8117477950824208, -0.6379563810623741, -0.9120997241786815, 0.701159014355941, -0.702946425366251, 0.5381607737284482, -0.8345976338829806, -0.042458733608784494, -0.03884391339260507, -0.6111321375813761, -0.2886191017386306, -0.11214828508783214, 0.07068643398267693, 0.5759410513055818, -0.4621059845879032, 0.08026554581098888, -0.05076861319119241, 0.5359099351132015, 0.22204023768488756, 0.8494272918886927, 0.4337208461717901, -0.2414373694437908, 0.3360915554081987, 0.7685098514904034, 0.8050392283738061, -0.5516991910205744, -0.9844699618850095, 0.04230511608223586, 0.31262189738013024, 0.16116355930569148, -0.9239988048077841, 0.5028509114061415, -0.06544117132421334, 0.7119257801526226, -0.6875340253700719, 0.17970953246455035, 0.740797548563551, 0.7396827435086515, -0.6831025988712918, -0.8751575173009796, -0.4286026763933781, 0.8059548668712986, 0.5308324053266071, -0.2212505431081484, 0.03180907403622113, 0.4823819238204461, -0.9371714239904825, -0.5880154123150245, -0.6114114127505603, 0.5863965130239834, -0.5280525159435882, -0.47516959273550485, -0.4101935109413024, 0.8307500065321161, 0.06319334221007522, -0.6186300680354304, 0.413579062399444, 0.9636443645103692, -0.11008871550940436, 0.3256716625817834, -0.3158724911490746, -0.8056706659222332, -0.3704347207991958, -0.39655588744405157, -0.6903804808509406, -0.14695353869386985, 0.518887748519705, -0.4724338627220963, 0.6993013393057939, -0.22068652020844068, -0.6015519490200893, 0.5776454481380977, -0.9425632565210529, -0.1040143019338815, 0.756435927128275, -0.46872659517234205, 0.9478783699279154, 2.42315435425855e-05, -0.7169083459429269, -0.168546806292562, 0.1159935534149028, 0.0643530823189713, -0.2133989795646355, 0.5672062786576018, -0.08677595419667328, -0.5139715981786663, -0.5124692705565774, -0.16440841998600764, 0.34237422029307996, -0.8681108226583556, 0.8644328887033732, 0.14693791271155776, -0.2547912513018822, -0.8904956554959678, 0.17885427935649667, 0.8345511497451248, -1, 0.886207000011072, 0.34404747355018506, -0.7874174219525809, 0.32900355485390254, 0.13646161297444315, 0.3312099973547482, 0.7298659778653378, 0.9707661213412018, -0.9558554062386444, 0.05830449953505945, -0.5409528814186586, -0.8921587328714462, 0.9175066826291245, 0.38645669989267906]
-11.356350898742676	(8, 12, 2)	[-0.09332836867323999, 0.5665778240174133, -0.6196805033239623, -0.47229950958795475, -0.08888851930701676, 0.8579333308316539, 0.6276718853733887, 0.18198184751905022, -0.13280792824589227, 0.8117477950824208, -0.6379563810623741, -0.9617341669212335, 0.701159014355941, -0.702946425366251, 0.5381607737284482, -0.8345976338829806, -0.042458733608784494, -0.03884391339260507, -0.6111321375813761, -0.2886191017386306, -0.11214828508783214, 0.07068643398267693, 0.5759410513055818, -0.4621059845879032, 0.08026554581098888, -0.05076861319119241, 0.5359099351132015, 0.22204023768488756, 0.8494272918886927, 0.4337208461717901, -0.2414373694437908, 0.8057247051593848, 0.7685098514904034, 0.8050392283738061, -0.6335496763378478, -0.9844699618850095, 0.04230511608223586, 0.1222711272523864, 0.16116355930569148, -0.9239988048077841, 0.4437044685291587, -0.06544117132421334, 0.6839247460068234, -0.5427148545964202, 0.22012559381477365, 0.740797548563551, 0.7396827435086515, -0.7672953730540049, -0.8751575173009796, -0.4286026763933781, 0.759956597261332, 0.5308324053266071, -0.2212505431081484, 0.03180907403622113, 0.4823819238204461, -0.9371714239904825, -0.34656289980057586, -0.6114114127505603, 0.641641776373221, -0.6580996135368649, -0.47516959273550485, -0.4101935109413024, 0.8307500065321161, 0.06319334221007522, -0.6186300680354304, 0.413579062399444, 0.9636443645103692, -0.11008871550940436, 0.7321899151742299, -0.05875439274517458, -0.8056706659222332, -0.3704347207991958, -0.34560784444541887, -0.7898464594824295, -0.14695353869386985, 0.518887748519705, -0.22683731902166082, 0.6993013393057939, -0.22068652020844068, -0.6015519490200893, 0.5776454481380977, -0.9425632565210529, -0.1040143019338815, 0.756435927128275, -0.46872659517234205, 0.9478783699279154, 2.42315435425855e-05, -0.7169083459429269, -0.168546806292562, 0.1159935534149028, 0.0643530823189713, 0.11159342181347065, 0.5672062786576018, -0.08677595419667328, -0.5139715981786663, -0.5124692705565774, -0.16440841998600764, 0.34237422029307996, -0.8681108226583556, 0.8644328887033732, 0.14693791271155776, -0.2547912513018822, -0.8904956554959678, 0.17885427935649667, 0.8345511497451248, -1, 0.886207000011072, 0.34404747355018506, -0.7874174219525809, 0.21508200120084142, 0.13646161297444315, 0.23905792241913526, 0.7298659778653378, 0.9707661213412018, -0.9558554062386444, 0.05830449953505945, -0.4540539295672051, -0.8921587328714462, 0.9175066826291245, 0.38645669989267906]
-18.45130157470703	(8, 12, 2)	[0.049435452144762526, 0.5665778240174133, -0.6196805033239623, -0.47229950958795475, -0.08888851930701676, 0.8579333308316539, 0.6276718853733887, 0.18198184751905022, -0.13280792824589227, 0.8117477950824208, -0.6379563810623741, -0.9120997241786815, 0.701159014355941, -0.702946425366251, 0.5381607737284482, -0.8345976338829806, -0.042458733608784494, -0.03884391339260507, -0.6111321375813761, -0.2886191017386306, -0.11214828508783214, 0.07068643398267693, 0.5759410513055818, -0.4621059845879032, 0.08026554581098888, -0.05076861319119241, 0.5359099351132015, 0.22204023768488756, 0.8494272918886927, 0.4337208461717901, -0.2414373694437908, 0.3360915554081987, 0.7685098514904034, 0.8050392283738061, -0.5516991910205744, -0.9844699618850095, 0.04230511608223586, 0.31262189738013024, 0.16116355930569148, -0.9239988048077841, 0.5028509114061415, -0.06544117132421334, 0.7119257801526226, -0.6875340253700719, 0.17970953246455035, 0.740797548563551, 0.7396827435086515, -0.6831025988712918, -0.8751575173009796, -0.4286026763933781, 0.8059548668712986, 0.5308324053266071, -0.2212505431081484, 0.03180907403622113, 0.4823819238204461, -0.9371714239904825, -0.5880154123150245, -0.6114114127505603, 0.5863965130239834, -0.5280525159435882, -0.47516959273550485, -0.4101935109413024, 0.8307500065321161, 0.06319334221007522, -0.6186300680354304, 0.413579062399444, 0.9636443645103692, -0.11008871550940436, 0.3256716625817834, -0.3158724911490746, -0.8056706659222332, -0.3704347207991958, -0.39655588744405157, -0.6903804808509406, -0.14695353869386985, 0.518887748519705, -0.4724338627220963, 0.6993013393057939, -0.22068652020844068, -0.6015519490200893, 0.5776454481380977, -0.9425632565210529, -0.1040143019338815, 0.756435927128275, -0.4215878827189988, 0.9478783699279154, 2.42315435425855e-05, -0.7169083459429269, -0.168546806292562, 0.1159935534149028, 0.0643530823189713, -0.06833127544111162, 0.5672062786576018, -0.08677595419667328, -0.5139715981786663, -0.5124692705565774, -0.16440841998600764, 0.34237422029307996, -0.8681108226583556, 0.8644328887033732, 0.14693791271155776, -0.2547912513018822, -0.8904956554959678, 0.08306133316618754, 0.8345511497451248, -1, 0.886207000011072, 0.34404747355018506, -0.7874174219525809, 0.32900355485390254, 0.13646161297444315, 0.3312099973547482, 0.7298659778653378, 0.9707661213412018, -0.9558554062386444, 0.05830449953505945, -0.5409528814186586, -0.8921587328714462, 0.9175066826291245, 0.38645669989267906]
-13.14090633392334	(8, 12, 2)	[0.049435452144762526, 0.5665778240174133, -0.6196805033239623, -0.40416433344888764, -0.08888851930701676, 0.8792800939866902, 0.6276718853733887, 0.18198184751905022, -0.09194536966381614, 0.8117477950824208, -0.6379563810623741, -0.9617341669212335, 0.701159014355941, -0.702946425366251, 0.5381607737284482, -0.8345976338829806, -0.042458733608784494, -0.03884391339260507, -0.6111321375813761, -0.2886191017386306, -0.11214828508783214, 0.07068643398267693, 0.5759410513055818, -0.4621059845879032, 0.08026554581098888, -0.05076861319119241, 0.5359099351132015, 0.22204023768488756, 0.8494272918886927, 0.4337208461717901, -0.2414373694437908, 0.3360915554081987, 0.7685098514904034, 0.8050392283738061, -0.6335496763378478, -0.9844699618850095, 0.04230511608223586, 0.1222711272523864, 0.16116355930569148, -0.9239988048077841, 0.4437044685291587, -0.06544117132421334, 0.6839247460068234, -0.5427148545964202, 0.22012559381477365, 0.740797548563551, 0.7396827435086515, -0.7672953730540049, -0.8751575173009796, -0.4286026763933781, 0.759956597261332, 0.5308324053266071, -0.2212505431081484, 0.03180907403622113, 0.4823819238204461, -0.9371714239904825, -0.34656289980057586, -0.6114114127505603, 0.641641776373221, -0.6580996135368649, -0.47516959273550485, -0.4101935109413024, 0.8307500065321161, 0.06319334221007522, -0.6186300680354304, 0.413579062399444, 0.9636443645103692, -0.11008871550940436, 0.7321899151742299, -0.05875439274517458, -0.8056706659222332, -0.3704347207991958, -0.34560784444541887, -0.7898464594824295, -0.14695353869386985, 0.518887748519705, -0.22683731902166082, 0.6993013393057939, -0.22068652020844068, -0.6015519490200893, 0.5776454481380977, -0.9425632565210529, -0.1040143019338815, 0.756435927128275, -0.46872659517234205, 0.9478783699279154, 2.42315435425855e-05, -0.7169083459429269, -0.168546806292562, 0.1159935534149028, 0.0643530823189713, 0.11159342181347065, 0.5672062786576018, -0.08677595419667328, -0.5139715981786663, -0.5124692705565774, -0.16440841998600764, 0.34237422029307996, -0.8681108226583556, 0.8644328887033732, 0.14693791271155776, -0.2547912513018822, -0.8904956554959678, 0.17885427935649667, 0.8345511497451248, -1, 0.886207000011072, 0.34404747355018506, -0.7874174219525809, 0.32900355485390254, 0.13646161297444315, 0.3312099973547482, 0.7298659778653378, 0.9707661213412018, -0.9558554062386444, 0.05830449953505945, -0.5409528814186586, -0.8921587328714462, 0.9175066826291245, 0.38645669989267906]
-14.289556503295898	(8, 12, 2)	[0.049435452144762526, 0.5665778240174133, -0.6196805033239623, -0.40416433344888764, -0.08888851930701676, 0.8792800939866902, 0.6276718853733887, 0.18198184751905022, -0.09194536966381614, 0.8117477950824208, -0.6379563810623741, -0.9617341669212335, 0.701159014355941, -0.702946425366251, 0.5381607737284482, -0.8345976338829806, -0.042458733608784494, -0.03884391339260507, -0.6111321375813761, -0.2886191017386306, -0.11214828508783214, 0.07068643398267693, 0.5759410513055818, -0.4621059845879032, 0.08026554581098888, -0.05076861319119241, 0.5359099351132015, 0.22204023768488756, 0.8494272918886927, 0.4337208461717901, -0.2414373694437908, 0.3360915554081987, 0.7685098514904034, 0.8050392283738061, -0.6335496763378478, -0.9844699618850095, 0.04230511608223586, 0.1222711272523864, 0.16116355930569148, -0.9239988048077841, 0.4437044685291587, -0.06544117132421334, 0.6839247460068234, -0.5427148545964202, 0.22012559381477365, 0.740797548563551, 0.7396827435086515, -0.7672953730540049, -0.8751575173009796, -0.4286026763933781, 0.759956597261332, 0.5308324053266071, -0.2212505431081484, 0.03180907403622113, 0.4823819238204461, -0.9371714239904825, -0.34656289980057586, -0.6114114127505603, 0.641641776373221, -0.6580996135368649, -0.47516959273550485, -0.4101935109413024, 0.8307500065321161, 0.06319334221007522, -0.6186300680354304, 0.413579062399444, 0.9636443645103692, -0.11008871550940436, 0.7321899151742299, -0.05875439274517458, -0.8056706659222332, -0.3704347207991958, -0.34560784444541887, -0.7898464594824295, -0.14695353869386985, 0.518887748519705, -0.22683731902166082, 0.6993013393057939, -0.22068652020844068, -0.6015519490200893, 0.5776454481380977, -0.9425632565210529, -0.1040143019338815, 0.756435927128275, -0.46872659517234205, 0.9478783699279154, 2.42315435425855e-05, -0.7169083459429269, -0.168546806292562, 0.1159935534149028, 0.0643530823189713, 0.11159342181347065, 0.5672062786576018, -0.08677595419667328, -0.5139715981786663, -0.5124692705565774, -0.16440841998600764, 0.34237422029307996, -0.8681108226583556, 0.8644328887033732, 0.14693791271155776, -0.2547912513018822, -0.8904956554959678, 0.17885427935649667, 0.8345511497451248, -1, 0.886207000011072, 0.34404747355018506, -0.7874174219525809, 0.32900355485390254, 0.13646161297444315, 0.3312099973547482, 0.7298659778653378, 0.9707661213412018, -0.9558554062386444, 0.05830449953505945, -0.5409528814186586, -0.8921587328714462, 0.9175066826291245, 0.38645669989267906]
-34.77356719970703	(8, 12, 2)	[0.049435452144762526, 0.5665778240174133, -0.6196805033239623, -0.47229950958795475, -0.08888851930701676, 0.8579333308316539, 0.4324310871861793, 0.18198184751905022, -0.13280792824589227, 0.8117477950824208, -0.6379563810623741, -0.9120997241786815, 0.701159014355941, -0.702946425366251, 0.5381607737284482, -0.8345976338829806, -0.042458733608784494, -0.03884391339260507, -0.6111321375813761, -0.2886191017386306, -0.11214828508783214, 0.07068643398267693, 0.5759410513055818, -0.4621059845879032, 0.11257317228479899, -0.05076861319119241, 0.5359099351132015, 0.22204023768488756, 1, 0.4337208461717901, -0.2414373694437908, 0.3360915554081987, 0.7685098514904034, 0.8050392283738061, -0.5516991910205744, -0.9844699618850095, 0.04230511608223586, 0.31262189738013024, 0.16116355930569148, -0.9239988048077841, 0.5028509114061415, -0.06544117132421334, 0.7119257801526226, -0.6875340253700719, 0.17970953246455035, 0.740797548563551, 0.7396827435086515, -0.6831025988712918, -0.8751575173009796, -0.4286026763933781, 0.8059548668712986, 0.5308324053266071, -0.2212505431081484, 0.03180907403622113, 0.4823819238204461, -0.9371714239904825, -0.5880154123150245, -0.6114114127505603, 0.5863965130239834, -0.5280525159435882, -0.47516959273550485, -0.4101935109413024, 0.8307500065321161, 0.06319334221007522, -0.6186300680354304, 0.413579062399444, 0.9636443645103692, -0.11008871550940436, 0.7321899151742299, -0.3158724911490746, -0.6006601253041491, -0.3704347207991958, -0.39655588744405157, -0.811474693291835, -0.14695353869386985, 0.518887748519705, -0.4724338627220963, 0.6993013393057939, -0.22068652020844068, -0.6015519490200893, 0.5776454481380977, -0.9425632565210529, -0.1040143019338815, 0.756435927128275, -0.46872659517234205, 0.9478783699279154, 2.42315435425855e-05, -0.7169083459429269, -0.168546806292562, 0.1159935534149028, 0.0643530823189713, -0.2133989795646355, 0.5672062786576018, -0.08677595419667328, -0.5139715981786663, -0.5124692705565774, -0.16440841998600764, 0.34237422029307996, -0.8681108226583556, 0.8644328887033732, 0.14693791271155776, -0.2547912513018822, -0.8904956554959678, 0.17885427935649667, 0.8345511497451248, -1, 0.886207000011072, 0.34404747355018506, -0.7874174219525809, 0.32900355485390254, 0.13646161297444315, 0.3312099973547482, 0.7298659778653378, 0.9707661213412018, -0.9558554062386444, 0.05830449953505945, -0.5409528814186586, -0.8921587328714462, 0.9175066826291245, 0.38645669989267906]
-13.032491683959961	(8, 12, 2)	[0.049435452144762526, 0.5665778240174133, -0.6196805033239623, -0.47229950958795475, -0.08888851930701676, 0.8579333308316539, 0.6276718853733887, 0.18198184751905022, -0.13280792824589227, 0.8117477950824208, -0.6379563810623741, -0.9120997241786815, 0.701159014355941, -0.702946425366251, 0.5381607737284482, -0.8345976338829806, -0.042458733608784494, -0.12173929176269162, -0.6111321375813761, -0.2886191017386306, -0.11214828508783214, 0.07068643398267693, 0.5759410513055818, -0.4621059845879032, 0.11257317228479899, -0.05076861319119241, 0.5359099351132015, 0.22204023768488756, 0.8494272918886927, 0.4337208461717901, -0.2414373694437908, 0.3360915554081987, 0.7685098514904034, 0.8050392283738061, -0.5516991910205744, -0.9844699618850095, 0.04230511608223586, 0.31262189738013024, 0.16116355930569148, -0.9239988048077841, 0.5028509114061415, -0.06544117132421334, 0.7119257801526226, -0.6875340253700719, 0.17970953246455035, 0.740797548563551, 0.7396827435086515, -0.6831025988712918, -0.8751575173009796, -0.4286026763933781, 0.8059548668712986, 0.5308324053266071, -0.2212505431081484, 0.03180907403622113, 0.4823819238204461, -0.9371714239904825, -0.5880154123150245, -0.6114114127505603, 0.5863965130239834, -0.5280525159435882, -0.47516959273550485, -0.4101935109413024, 0.8307500065321161, 0.06319334221007522, -0.6186300680354304, 0.413579062399444, 0.9636443645103692, -0.11008871550940436, 0.7321899151742299, -0.3158724911490746, -0.6006601253041491, -0.3704347207991958, -0.39655588744405157, -0.811474693291835, -0.14695353869386985, 0.518887748519705, -0.4724338627220963, 0.6993013393057939, -0.22068652020844068, -0.6015519490200893, 0.5776454481380977, -0.9425632565210529, -0.1040143019338815, 0.756435927128275, -0.46872659517234205, 0.9478783699279154, 2.42315435425855e-05, -0.7169083459429269, -0.168546806292562, 0.1159935534149028, 0.0643530823189713, 0.11159342181347065, 0.5672062786576018, -0.08677595419667328, -0.5139715981786663, -0.5124692705565774, -0.16440841998600764, 0.34237422029307996, -0.8681108226583556, 0.8644328887033732, 0.14693791271155776, -0.2547912513018822, -0.8904956554959678, 0.08306133316618754, 0.8345511497451248, -1, 0.886207000011072, 0.34404747355018506, -0.7874174219525809, 0.32900355485390254, 0.13646161297444315, 0.3312099973547482, 0.7298659778653378, 0.9707661213412018, -0.9558554062386444, 0.05830449953505945, -0.5409528814186586, -0.8921587328714462, 0.9175066826291245, 0.38645669989267906]
-10.257914543151855	(8, 12, 2)	[0.049435452144762526, 0.5665778240174133, -0.6196805033239623, -0.47229950958795475, -0.08888851930701676, 0.8579333308316539, 0.6276718853733887, 0.18198184751905022, -0.13280792824589227, 0.8117477950824208, -0.6379563810623741, -0.9120997241786815, 0.701159014355941, -0.702946425366251, 0.5381607737284482, -0.8345976338829806, -0.042458733608784494, -0.03884391339260507, -0.6111321375813761, -0.2886191017386306, -0.11214828508783214, 0.07068643398267693, 0.5759410513055818, -0.4621059845879032, 0.08026554581098888, -0.05076861319119241, 0.5359099351132015, 0.22204023768488756, 0.8494272918886927, 0.4337208461717901, -0.2414373694437908, 0.3360915554081987, 0.7685098514904034, 0.8050392283738061, -0.5516991910205744, -0.9844699618850095, 0.04230511608223586, 0.31262189738013024, 0.16116355930569148, -0.9239988048077841, 0.5389208571610109, -0.06544117132421334, 0.7119257801526226, -0.6875340253700719, 0.17970953246455035, 0.740797548563551, 0.7396827435086515, -0.6831025988712918, -0.8751575173009796, -0.4286026763933781, 0.8059548668712986, 0.5308324053266071, -0.2212505431081484, 0.03180907403622113, 0.4823819238204461, -1, -0.5880154123150245, -0.6114114127505603, 0.5863965130239834, -0.5280525159435882, -0.47516959273550485, -0.4101935109413024, 0.8307500065321161, 0.06319334221007522, -0.6186300680354304, 0.413579062399444, 0.9636443645103692, -0.11008871550940436, 0.7321899151742299, -0.05875439274517458, -0.8056706659222332, -0.3704347207991958, -0.34560784444541887, -0.7898464594824295, -0.14695353869386985, 0.518887748519705, -0.22683731902166082, 0.6993013393057939, -0.22068652020844068, -0.6015519490200893, 0.5776454481380977, -0.9425632565210529, -0.1040143019338815, 0.756435927128275, -0.46872659517234205, 0.9478783699279154, 2.42315435425855e-05, -0.7169083459429269, -0.168546806292562, 0.1159935534149028, 0.0643530823189713, 0.11159342181347065, 0.5672062786576018, -0.08677595419667328, -0.5139715981786663, -0.5124692705565774, -0.16440841998600764, 0.34237422029307996, -0.8681108226583556, 0.8644328887033732, 0.14693791271155776, -0.2547912513018822, -0.8904956554959678, 0.17885427935649667, 0.8345511497451248, -1, 0.886207000011072, 0.34404747355018506, -0.7874174219525809, 0.32900355485390254, 0.13646161297444315, 0.3312099973547482, 0.7298659778653378, 0.9106628726835403, -0.9558554062386444, 0.05830449953505945, -0.5409528814186586, -0.8921587328714462, 0.9175066826291245, 0.38645669989267906]
486.82037353515625	(8, 12, 2)	[0.049435452144762526, 0.5665778240174133, -0.6196805033239623, -0.47229950958795475, -0.08888851930701676, 0.8579333308316539, 0.6276718853733887, 0.18198184751905022, -0.13280792824589227, 0.8117477950824208, -0.6379563810623741, -0.9120997241786815, 0.701159014355941, -0.702946425366251, 0.5381607737284482, -0.8345976338829806, -0.042458733608784494, -0.03884391339260507, -0.6111321375813761, -0.2886191017386306, -0.11214828508783214, 0.07068643398267693, 0.5759410513055818, -0.4621059845879032, 0.08026554581098888, -0.05076861319119241, 0.5359099351132015, 0.22204023768488756, 0.8494272918886927, 0.4337208461717901, -0.2414373694437908, 0.3360915554081987, 0.7685098514904034, 0.8050392283738061, -0.5516991910205744, -0.9844699618850095, 0.04230511608223586, 0.31262189738013024, 0.16116355930569148, -0.9239988048077841, 0.9396820937146881, -0.06544117132421334, 0.38863298510175914, -0.6875340253700719, 0.17970953246455035, 0.740797548563551, 0.7396827435086515, -0.6831025988712918, -0.8751575173009796, -0.4286026763933781, 0.8895854046605789, 0.5308324053266071, -0.2212505431081484, 0.03180907403622113, 0.4823819238204461, -0.9371714239904825, -0.5880154123150245, -0.6114114127505603, 0.5863965130239834, -0.5280525159435882, -0.47516959273550485, -0.4101935109413024, 0.8307500065321161, 0.06319334221007522, -0.6186300680354304, 0.413579062399444, 0.9636443645103692, -0.11008871550940436, 0.7321899151742299, -0.05875439274517458, -0.8056706659222332, -0.3704347207991958, -0.34560784444541887, -0.7898464594824295, -0.14695353869386985, 0.518887748519705, -0.4724338627220963, 0.6993013393057939, -0.22068652020844068, -0.6015519490200893, 0.5776454481380977, -0.9425632565210529, -0.1040143019338815, 0.756435927128275, -0.46872659517234205, 0.9478783699279154, 2.42315435425855e-05, -0.7169083459429269, -0.168546806292562, 0.1159935534149028, 0.0643530823189713, 0.11159342181347065, 0.5672062786576018, -0.08677595419667328, -0.5139715981786663, -0.5124692705565774, -0.16440841998600764, 0.34237422029307996, -0.8681108226583556, 0.8644328887033732, 0.14693791271155776, -0.2547912513018822, -0.8904956554959678, 0.17885427935649667, 0.8345511497451248, -1, 0.886207000011072, 0.34404747355018506, -0.7874174219525809, 0.32900355485390254, 0.13646161297444315, 0.3312099973547482, 0.7298659778653378, 0.9707661213412018, -0.9558554062386444, 0.05830449953505945, -0.5409528814186586, -0.8921587328714462, 0.9175066826291245, 0.38645669989267906]
473.1185607910156	(8, 12, 2)	[0.049435452144762526, 0.5665778240174133, -0.6196805033239623, -0.47229950958795475, -0.08888851930701676, 0.8579333308316539, 0.6276718853733887, 0.18198184751905022, -0.13280792824589227, 0.8117477950824208, -0.6379563810623741, -0.9120997241786815, 0.701159014355941, -0.702946425366251, 0.5381607737284482, -0.8345976338829806, -0.042458733608784494, -0.03884391339260507, -0.6111321375813761, -0.2886191017386306, -0.11214828508783214, 0.07068643398267693, 0.5759410513055818, -0.4621059845879032, 0.08026554581098888, -0.05076861319119241, 0.5359099351132015, 0.22204023768488756, 0.8494272918886927, 0.4337208461717901, -0.2414373694437908, 0.3360915554081987, 0.7685098514904034, 0.8050392283738061, -0.5516991910205744, -0.9844699618850095, 0.04230511608223586, 0.31262189738013024, 0.16116355930569148, -0.9239988048077841, 0.5389208571610109, -0.06544117132421334, 0.7119257801526226, -0.6875340253700719, 0.17970953246455035, 0.740797548563551, 0.7396827435086515, -0.6831025988712918, -0.8751575173009796, -0.4286026763933781, 0.759956597261332, 0.5308324053266071, -0.2212505431081484, 0.03180907403622113, 0.4823819238204461, -0.9371714239904825, -0.34656289980057586, -0.6114114127505603, 0.641641776373221, -0.6580996135368649, -0.47516959273550485, -0.4101935109413024, 0.8307500065321161, 0.06319334221007522, -0.6186300680354304, 0.413579062399444, 0.9636443645103692, -0.11008871550940436, 0.7321899151742299, -0.05875439274517458, -0.8056706659222332, -0.3704347207991958, -0.34560784444541887, -0.7898464594824295, 0.034686164462971014, 0.518887748519705, -0.4724338627220963, 0.6993013393057939, -0.22068652020844068, -0.6015519490200893, 0.5776454481380977, -0.9425632565210529, -0.1040143019338815, 0.756435927128275, -0.46872659517234205, 0.9478783699279154, 2.42315435425855e-05, -0.6671476422695292, -0.168546806292562, 0.1159935534149028, 0.0643530823189713, 0.11159342181347065, 0.5672062786576018, -0.032678875355929934, -0.5139715981786663, -0.5124692705565774, -0.16440841998600764, 0.34237422029307996, -0.8681108226583556, 0.8146259130802741, 0.14693791271155776, -0.2547912513018822, -0.8904956554959678, 0.17885427935649667, 0.8345511497451248, -1, 0.886207000011072, 0.34404747355018506, -0.7874174219525809, 0.32900355485390254, 0.13646161297444315, 0.3312099973547482, 0.7298659778653378, 0.9106628726835403, -0.9558554062386444, 0.05830449953505945, -0.5648441368419763, -0.8921587328714462, 0.9175066826291245, 0.38645669989267906]
-5.073479175567627	(8, 12, 2)	[0.049435452144762526, 0.5665778240174133, -0.7098050628895377, -0.47229950958795475, -0.08888851930701676, 0.8579333308316539, 0.6276718853733887, 0.18198184751905022, -0.13280792824589227, 0.8117477950824208, -0.6379563810623741, -0.9120997241786815, 0.701159014355941, -0.702946425366251, 0.62715140207074, -0.8345976338829806, -0.042458733608784494, -0.03884391339260507, -0.6111321375813761, -0.2886191017386306, -0.11214828508783214, 0.07068643398267693, 0.5759410513055818, -0.4621059845879032, 0.08026554581098888, -0.05076861319119241, 0.5359099351132015, 0.22204023768488756, 0.8494272918886927, 0.4337208461717901, -0.2414373694437908, 0.3360915554081987, 0.7685098514904034, 0.8050392283738061, -0.6335496763378478, -0.9844699618850095, 0.04230511608223586, 0.1222711272523864, 0.16116355930569148, -0.9239988048077841, 0.4437044685291587, -0.06544117132421334, 0.6839247460068234, -0.5427148545964202, 0.1541553331097958, 0.740797548563551, 0.7396827435086515, -0.7672953730540049, -0.8751575173009796, -0.4286026763933781, 0.759956597261332, 0.5308324053266071, -0.2212505431081484, 0.03180907403622113, 0.4823819238204461, -0.9371714239904825, -0.34656289980057586, -0.6114114127505603, 0.641641776373221, -0.5280525159435882, -0.47516959273550485, -0.4101935109413024, 0.8307500065321161, 0.06319334221007522, -0.6186300680354304, 0.413579062399444, 0.9636443645103692, -0.11008871550940436, 0.7321899151742299, -0.3158724911490746, -0.6006601253041491, -0.3704347207991958, -0.39655588744405157, -0.811474693291835, -0.14695353869386985, 0.518887748519705, -0.4724338627220963, 0.6993013393057939, -0.22068652020844068, -0.6015519490200893, 0.5776454481380977, -0.9425632565210529, -0.1040143019338815, 0.756435927128275, -0.46872659517234205, 0.9478783699279154, 2.42315435425855e-05, -0.7169083459429269, -0.168546806292562, 0.1159935534149028, 0.0643530823189713, 0.11159342181347065, 0.5672062786576018, -0.08677595419667328, -0.5139715981786663, -0.5124692705565774, -0.16440841998600764, 0.34237422029307996, -0.8681108226583556, 0.8644328887033732, 0.14693791271155776, -0.2547912513018822, -0.8904956554959678, 0.08306133316618754, 0.8345511497451248, -1, 0.886207000011072, 0.34404747355018506, -0.7874174219525809, 0.32900355485390254, 0.48207672329519347, 0.3312099973547482, 0.7298659778653378, 0.9707661213412018, -0.9558554062386444, 0.05830449953505945, -0.5409528814186586, -0.8921587328714462, 0.9175066826291245, 0.38645669989267906]
475.99810791015625	(8, 12, 2)	[0.049435452144762526, 0.5665778240174133, -0.7098050628895377, -0.47229950958795475, -0.08888851930701676, 0.8579333308316539, 0.6276718853733887, 0.18198184751905022, -0.13280792824589227, 0.8117477950824208, -0.6379563810623741, -0.9120997241786815, 0.701159014355941, -0.702946425366251, 0.62715140207074, -0.8345976338829806, -0.042458733608784494, -0.03884391339260507, -0.6111321375813761, -0.2886191017386306, -0.11214828508783214, 0.07068643398267693, 0.5759410513055818, -0.4621059845879032, 0.08026554581098888, -0.05076861319119241, 0.5359099351132015, 0.22204023768488756, 0.8494272918886927, 0.4337208461717901, -0.2414373694437908, 0.3360915554081987, 0.7685098514904034, 0.8050392283738061, -0.6335496763378478, -0.9844699618850095, 0.04230511608223586, 0.1222711272523864, 0.16116355930569148, -0.9239988048077841, 0.4437044685291587, -0.06544117132421334, 0.6839247460068234, -0.5427148545964202, 0.1541553331097958, 0.740797548563551, 0.7396827435086515, -0.7672953730540049, -0.8751575173009796, -0.4286026763933781, 0.759956597261332, 0.5308324053266071, -0.2212505431081484, 0.0940441072724304, 0.4823819238204461, -0.9371714239904825, -0.34656289980057586, -0.6114114127505603, 0.641641776373221, -0.5280525159435882, -0.47516959273550485, -0.4101935109413024, 0.8307500065321161, 0.06319334221007522, -0.6186300680354304, 0.413579062399444, 0.9636443645103692, -0.11008871550940436, 0.7321899151742299, -0.3158724911490746, -0.6006601253041491, -0.3704347207991958, -0.39655588744405157, -0.811474693291835, -0.14695353869386985, 0.518887748519705, -0.4724338627220963, 0.6993013393057939, -0.22068652020844068, -0.6015519490200893, 0.5776454481380977, -0.9425632565210529, -0.1040143019338815, 0.756435927128275, -0.46872659517234205, 0.9478783699279154, 2.42315435425855e-05, -0.7169083459429269, -0.168546806292562, 0.1159935534149028, 0.2417562429491073, 0.11159342181347065, 0.5672062786576018, -0.08677595419667328, -0.5139715981786663, -0.5124692705565774, -0.16440841998600764, 0.34237422029307996, -0.8681108226583556, 0.8644328887033732, 0.14693791271155776, -0.2547912513018822, -0.8904956554959678, 0.08306133316618754, 0.8345511497451248, -1, 0.886207000011072, 0.34404747355018506, -0.7874174219525809, 0.32900355485390254, 0.13646161297444315, 0.19683791431108058, 0.7298659778653378, 0.9707661213412018, -0.9558554062386444, 0.05830449953505945, -0.5409528814186586, -0.8921587328714462, 0.9175066826291245, 0.38645669989267906]
-10.956487655639648	(8, 12, 2)	[0.049435452144762526, 0.5665778240174133, -0.7098050628895377, -0.47229950958795475, -0.08888851930701676, 0.8579333308316539, 0.6276718853733887, 0.18198184751905022, -0.13280792824589227, 0.8117477950824208, -0.6379563810623741, -0.9120997241786815, 0.701159014355941, -0.702946425366251, 0.62715140207074, -0.8345976338829806, -0.042458733608784494, -0.03884391339260507, -0.6111321375813761, -0.2886191017386306, -0.11214828508783214, 0.07068643398267693, 0.5759410513055818, -0.4621059845879032, 0.08026554581098888, -0.05076861319119241, 0.5359099351132015, 0.22204023768488756, 0.8494272918886927, 0.4337208461717901, -0.2414373694437908, 0.3360915554081987, 0.7685098514904034, 0.8050392283738061, -0.6335496763378478, -0.9844699618850095, 0.04230511608223586, 0.1222711272523864, 0.16116355930569148, -0.9239988048077841, 0.4437044685291587, -0.06544117132421334, 0.6839247460068234, -0.5427148545964202, 0.1541553331097958, 0.740797548563551, 0.7396827435086515, -0.7672953730540049, -0.8751575173009796, -0.4286026763933781, 0.759956597261332, 0.5308324053266071, -0.2212505431081484, 0.0940441072724304, 0.4823819238204461, -0.9371714239904825, -0.34656289980057586, -0.6114114127505603, 0.641641776373221, -0.5280525159435882, -0.47516959273550485, -0.4101935109413024, 0.8307500065321161, 0.06319334221007522, -0.6186300680354304, 0.413579062399444, 0.9636443645103692, -0.11008871550940436, 0.7321899151742299, -0.3158724911490746, -0.6006601253041491, -0.3704347207991958, -0.39655588744405157, -0.811474693291835, -0.14695353869386985, 0.518887748519705, -0.4724338627220963, 0.6993013393057939, -0.22068652020844068, -0.6015519490200893, 0.5776454481380977, -0.9425632565210529, -0.1040143019338815, 0.756435927128275, -0.46872659517234205, 0.9478783699279154, 2.42315435425855e-05, -0.7169083459429269, -0.168546806292562, 0.1159935534149028, 0.2417562429491073, 0.11159342181347065, 0.5672062786576018, -0.08677595419667328, -0.5139715981786663, -0.5124692705565774, -0.16440841998600764, 0.34237422029307996, -0.8681108226583556, 0.8644328887033732, 0.14693791271155776, -0.2547912513018822, -0.8904956554959678, 0.08306133316618754, 0.8345511497451248, -1, 0.886207000011072, 0.34404747355018506, -0.7874174219525809, 0.32900355485390254, 0.13646161297444315, 0.19683791431108058, 0.7298659778653378, 0.9707661213412018, -0.9558554062386444, 0.05830449953505945, -0.5409528814186586, -0.8921587328714462, 0.9175066826291245, 0.38645669989267906]
-18.119279861450195	(8, 12, 2)	[0.049435452144762526, 0.5665778240174133, -0.6196805033239623, -0.47229950958795475, -0.08888851930701676, 0.8579333308316539, 0.6276718853733887, 0.18198184751905022, -0.13280792824589227, 0.8117477950824208, -0.6379563810623741, -0.9120997241786815, 0.701159014355941, -0.702946425366251, 0.5381607737284482, -0.8345976338829806, -0.042458733608784494, -0.03884391339260507, -0.6111321375813761, -0.2886191017386306, -0.11214828508783214, 0.07068643398267693, 0.5759410513055818, -0.4621059845879032, 0.08026554581098888, -0.05076861319119241, 0.5359099351132015, 0.22204023768488756, 0.8494272918886927, 0.4337208461717901, -0.2414373694437908, 0.3360915554081987, 0.7685098514904034, 0.8050392283738061, -0.6335496763378478, -0.9844699618850095, 0.04230511608223586, 0.1222711272523864, 0.16116355930569148, -0.9239988048077841, 0.4437044685291587, -0.06544117132421334, 0.6839247460068234, -0.5427148545964202, 0.22012559381477365, 0.740797548563551, 0.7396827435086515, -0.7672953730540049, -0.8751575173009796, -0.4286026763933781, 0.759956597261332, 0.5308324053266071, -0.4133466166294394, 0.03180907403622113, 0.4823819238204461, -0.9371714239904825, -0.34656289980057586, -0.6114114127505603, 0.641641776373221, -0.6580996135368649, -0.47516959273550485, -0.4101935109413024, 0.8307500065321161, 0.06319334221007522, -0.6186300680354304, 0.413579062399444, 0.9636443645103692, -0.11008871550940436, 0.7102221651863263, -0.05875439274517458, -0.8056706659222332, -0.3704347207991958, -0.34560784444541887, -0.7898464594824295, 0.034686164462971014, 0.518887748519705, -0.4724338627220963, 0.7130399586427483, -0.22068652020844068, -0.6015519490200893, 0.5776454481380977, -0.9425632565210529, -0.1040143019338815, 0.756435927128275, -0.46872659517234205, 0.9478783699279154, 2.42315435425855e-05, -0.7169083459429269, -0.168546806292562, 0.1159935534149028, 0.2417562429491073, 0.11159342181347065, 0.5672062786576018, -0.08677595419667328, -0.5139715981786663, -0.5124692705565774, -0.16440841998600764, 0.34237422029307996, -0.8681108226583556, 0.8146259130802741, 0.14693791271155776, -0.2547912513018822, -0.8904956554959678, 0.17885427935649667, 0.8345511497451248, -1, 0.886207000011072, 0.34404747355018506, -0.7874174219525809, 0.32900355485390254, 0.13646161297444315, 0.3312099973547482, 0.7298659778653378, 0.9106628726835403, -0.9558554062386444, 0.053200701894447075, -0.5648441368419763, -0.8921587328714462, 0.9175066826291245, 0.38645669989267906]
485.31756591796875	(8, 12, 2)	[0.049435452144762526, 0.5665778240174133, -0.7098050628895377, -0.47229950958795475, -0.08888851930701676, 0.8579333308316539, 0.6276718853733887, 0.18198184751905022, -0.13280792824589227, 0.8117477950824208, -0.6379563810623741, -0.9120997241786815, 0.701159014355941, -0.702946425366251, 0.62715140207074, -0.8345976338829806, -0.042458733608784494, -0.03884391339260507, -0.6111321375813761, -0.2886191017386306, -0.11214828508783214, 0.07068643398267693, 0.5759410513055818, -0.4621059845879032, 0.08026554581098888, -0.05076861319119241, 0.5359099351132015, 0.22204023768488756, 0.8494272918886927, 0.4337208461717901, -0.2414373694437908, 0.3360915554081987, 0.7685098514904034, 0.8050392283738061, -0.6335496763378478, -0.9844699618850095, 0.04230511608223586, 0.1222711272523864, 0.16116355930569148, -0.9239988048077841, 0.4437044685291587, -0.06544117132421334, 0.6839247460068234, -0.5427148545964202, 0.22012559381477365, 0.740797548563551, 0.7396827435086515, -0.7672953730540049, -0.8751575173009796, -0.4286026763933781, 0.759956597261332, 0.5308324053266071, -0.4133466166294394, 0.03180907403622113, 0.4823819238204461, -0.9371714239904825, -0.34656289980057586, -0.6114114127505603, 0.641641776373221, -0.5280525159435882, -0.47516959273550485, -0.4101935109413024, 0.8307500065321161, 0.06319334221007522, -0.6186300680354304, 0.413579062399444, 0.9636443645103692, -0.11008871550940436, 0.7321899151742299, -0.3158724911490746, -0.6006601253041491, -0.3704347207991958, -0.39655588744405157, -0.811474693291835, -0.14695353869386985, 0.518887748519705, -0.4724338627220963, 0.6993013393057939, -0.22068652020844068, -0.6015519490200893, 0.5776454481380977, -0.9425632565210529, -0.1040143019338815, 0.756435927128275, -0.46872659517234205, 0.9478783699279154, 2.42315435425855e-05, -0.7169083459429269, -0.168546806292562, 0.1159935534149028, 0.0643530823189713, 0.11159342181347065, 0.5672062786576018, -0.08677595419667328, -0.5139715981786663, -0.5124692705565774, -0.16440841998600764, 0.34237422029307996, -0.8681108226583556, 0.8644328887033732, 0.14693791271155776, -0.2547912513018822, -0.8904956554959678, 0.08306133316618754, 0.8345511497451248, -1, 0.886207000011072, 0.34404747355018506, -0.7874174219525809, 0.32900355485390254, 0.13646161297444315, 0.19683791431108058, 0.7298659778653378, 0.9707661213412018, -0.9558554062386444, 0.05830449953505945, -0.5409528814186586, -0.8921587328714462, 0.9175066826291245, 0.38645669989267906]
484.06475830078125	(8, 12, 2)	[0.049435452144762526, 0.5665778240174133, -0.7827694694565069, -0.47229950958795475, -0.08888851930701676, 0.8579333308316539, 0.6276718853733887, 0.18198184751905022, -0.13280792824589227, 0.8117477950824208, -0.6379563810623741, -0.9120997241786815, 0.701159014355941, -0.7431779426876661, 0.5381607737284482, -0.8345976338829806, -0.042458733608784494, -0.12173929176269162, -0.6111321375813761, -0.2886191017386306, -0.11214828508783214, 0.07068643398267693, 0.5759410513055818, -0.4621059845879032, 0.08026554581098888, -0.05076861319119241, 0.5359099351132015, 0.22204023768488756, 0.8494272918886927, 0.4337208461717901, -0.2893831547998945, 0.3360915554081987, 0.7685098514904034, 0.8050392283738061, -0.6335496763378478, -0.9844699618850095, 0.04230511608223586, 0.1222711272523864, 0.16116355930569148, -0.9239988048077841, 0.4437044685291587, -0.06544117132421334, 0.5509139795500246, -0.5427148545964202, 0.1541553331097958, 0.740797548563551, 0.7396827435086515, -0.7672953730540049, -0.8751575173009796, -0.4286026763933781, 0.759956597261332, 0.5308324053266071, -0.2212505431081484, 0.0940441072724304, 0.4823819238204461, -0.9371714239904825, -0.34656289980057586, -0.6114114127505603, 0.641641776373221, -0.5280525159435882, -0.47516959273550485, -0.4101935109413024, 0.8307500065321161, 0.06319334221007522, -0.6186300680354304, 0.413579062399444, 0.9636443645103692, -0.11008871550940436, 0.7321899151742299, -0.3158724911490746, -0.6006601253041491, -0.3704347207991958, -0.39655588744405157, -0.811474693291835, -0.14695353869386985, 0.5075687623372585, -0.4724338627220963, 0.6993013393057939, -0.22068652020844068, -0.6015519490200893, 0.5776454481380977, -0.9425632565210529, -0.1040143019338815, 0.756435927128275, -0.46872659517234205, 0.9478783699279154, 2.42315435425855e-05, -0.7169083459429269, -0.168546806292562, 0.1159935534149028, 0.2417562429491073, 0.11159342181347065, 0.5672062786576018, -0.08677595419667328, -0.5139715981786663, -0.5124692705565774, -0.16440841998600764, 0.34237422029307996, -0.8681108226583556, 0.8146259130802741, 0.14693791271155776, -0.2547912513018822, -0.8904956554959678, 0.17885427935649667, 0.8345511497451248, -1, 0.886207000011072, 0.34404747355018506, -0.7874174219525809, 0.32900355485390254, 0.13646161297444315, 0.3312099973547482, 0.2585264537007552, 0.9707661213412018, -0.9558554062386444, 0.05830449953505945, -0.5409528814186586, -0.8921587328714462, 0.9175066826291245, 0.38645669989267906]
-20.075876235961914	(8, 12, 2)	[0.049435452144762526, 0.5665778240174133, -0.7098050628895377, -0.47229950958795475, -0.08888851930701676, 0.8579333308316539, 0.6276718853733887, 0.18198184751905022, -0.13280792824589227, 0.8117477950824208, -0.6379563810623741, -0.9120997241786815, 0.701159014355941, -0.702946425366251, 0.62715140207074, -0.8345976338829806, -0.042458733608784494, -0.03884391339260507, -0.6111321375813761, -0.2886191017386306, -0.11214828508783214, 0.07068643398267693, 0.5759410513055818, -0.4621059845879032, 0.08026554581098888, -0.05076861319119241, 0.5359099351132015, 0.22204023768488756, 0.8494272918886927, 0.4337208461717901, -0.2414373694437908, 0.3360915554081987, 0.7685098514904034, 0.8050392283738061, -0.6335496763378478, -0.9844699618850095, 0.04230511608223586, 0.1222711272523864, 0.16116355930569148, -0.9239988048077841, 0.4437044685291587, -0.06544117132421334, 0.6839247460068234, -0.5427148545964202, 0.22012559381477365, 0.740797548563551, 0.7396827435086515, -0.7672953730540049, -0.8751575173009796, -0.4286026763933781, 0.759956597261332, 0.5308324053266071, -0.4133466166294394, 0.03180907403622113, 0.4823819238204461, -0.9371714239904825, -0.34656289980057586, -0.6114114127505603, 0.641641776373221, -0.5280525159435882, -0.47516959273550485, -0.4101935109413024, 0.8307500065321161, 0.06319334221007522, -0.6186300680354304, 0.413579062399444, 0.9636443645103692, -0.11008871550940436, 0.7321899151742299, -0.3158724911490746, -0.6006601253041491, -0.3704347207991958, -0.39655588744405157, -0.811474693291835, -0.14695353869386985, 0.518887748519705, -0.4724338627220963, 0.6993013393057939, -0.22068652020844068, -0.6015519490200893, 0.5776454481380977, -0.9425632565210529, -0.1040143019338815, 0.756435927128275, -0.46872659517234205, 0.9478783699279154, 2.42315435425855e-05, -0.7169083459429269, -0.168546806292562, 0.1159935534149028, 0.0643530823189713, 0.11159342181347065, 0.5672062786576018, -0.08677595419667328, -0.5139715981786663, -0.5124692705565774, -0.16440841998600764, 0.34237422029307996, -0.8681108226583556, 0.8644328887033732, 0.14693791271155776, -0.2547912513018822, -0.8904956554959678, 0.08306133316618754, 0.8345511497451248, -1, 0.886207000011072, 0.34404747355018506, -0.7874174219525809, 0.32900355485390254, 0.13646161297444315, 0.19683791431108058, 0.7298659778653378, 0.9707661213412018, -0.9558554062386444, 0.05830449953505945, -0.5409528814186586, -0.8921587328714462, 0.9175066826291245, 0.38645669989267906]
-14.1715669631958	(8, 12, 2)	[0.049435452144762526, 0.5665778240174133, -0.7098050628895377, -0.47229950958795475, -0.08888851930701676, 0.8579333308316539, 0.6276718853733887, 0.18198184751905022, -0.13280792824589227, 0.8117477950824208, -0.6379563810623741, -0.9120997241786815, 0.701159014355941, -0.702946425366251, 0.62715140207074, -0.8345976338829806, -0.042458733608784494, -0.03884391339260507, -0.6111321375813761, -0.2886191017386306, -0.11214828508783214, 0.07068643398267693, 0.5759410513055818, -0.4621059845879032, 0.08026554581098888, -0.05076861319119241, 0.5359099351132015, 0.22204023768488756, 0.8494272918886927, 0.4337208461717901, -0.2414373694437908, 0.3360915554081987, 0.7685098514904034, 0.8050392283738061, -0.6335496763378478, -0.9844699618850095, 0.04230511608223586, 0.1222711272523864, 0.16116355930569148, -0.9239988048077841, 0.4437044685291587, -0.06544117132421334, 0.6839247460068234, -0.5427148545964202, 0.22012559381477365, 0.740797548563551, 0.7396827435086515, -0.7672953730540049, -0.8751575173009796, -0.4286026763933781, 0.759956597261332, 0.5308324053266071, -0.4133466166294394, 0.03180907403622113, 0.4823819238204461, -0.9371714239904825, -0.34656289980057586, -0.6114114127505603, 0.641641776373221, -0.5280525159435882, -0.47516959273550485, -0.4101935109413024, 0.8307500065321161, 0.06319334221007522, -0.6186300680354304, 0.413579062399444, 0.9636443645103692, -0.11008871550940436, 0.7321899151742299, -0.3158724911490746, -0.6006601253041491, -0.3704347207991958, -0.39655588744405157, -0.811474693291835, -0.14695353869386985, 0.518887748519705, -0.4724338627220963, 0.6993013393057939, -0.22068652020844068, -0.6015519490200893, 0.5776454481380977, -0.9425632565210529, -0.1040143019338815, 0.756435927128275, -0.46872659517234205, 0.9478783699279154, 2.42315435425855e-05, -0.7169083459429269, -0.168546806292562, 0.1159935534149028, 0.0643530823189713, 0.11159342181347065, 0.5672062786576018, -0.08677595419667328, -0.5139715981786663, -0.5124692705565774, -0.16440841998600764, 0.34237422029307996, -0.8681108226583556, 0.8644328887033732, 0.14693791271155776, -0.2547912513018822, -0.8904956554959678, 0.08306133316618754, 0.8345511497451248, -1, 0.886207000011072, 0.34404747355018506, -0.7874174219525809, 0.32900355485390254, 0.13646161297444315, 0.19683791431108058, 0.7298659778653378, 0.9707661213412018, -0.9558554062386444, 0.05830449953505945, -0.5409528814186586, -0.8921587328714462, 0.9175066826291245, 0.38645669989267906]
-21.019824981689453	(8, 12, 2)	[0.049435452144762526, 0.5665778240174133, -0.7098050628895377, -0.47229950958795475, -0.08888851930701676, 0.8579333308316539, 0.6276718853733887, 0.18198184751905022, -0.13280792824589227, 0.8117477950824208, -0.6379563810623741, -0.9120997241786815, 0.701159014355941, -0.702946425366251, 0.62715140207074, -0.8345976338829806, -0.042458733608784494, -0.03884391339260507, -0.6111321375813761, -0.2886191017386306, -0.11214828508783214, 0.07068643398267693, 0.5759410513055818, -0.4621059845879032, 0.08026554581098888, -0.05076861319119241, 0.5359099351132015, 0.22204023768488756, 0.8494272918886927, 0.4369034379358793, -0.2414373694437908, 0.3360915554081987, 0.7685098514904034, 0.8050392283738061, -0.6335496763378478, -0.9844699618850095, 0.04230511608223586, 0.1222711272523864, 0.16116355930569148, -0.9239988048077841, 0.4437044685291587, -0.06544117132421334, 0.5509139795500246, -0.5427148545964202, 0.1541553331097958, 0.9819876460503517, 0.7396827435086515, -0.7672953730540049, -0.8751575173009796, -0.4286026763933781, 0.759956597261332, 0.5308324053266071, -0.2212505431081484, 0.0940441072724304, 0.4823819238204461, -0.9371714239904825, -0.34656289980057586, -0.6114114127505603, 0.641641776373221, -0.5280525159435882, -0.47516959273550485, -0.4101935109413024, 0.8307500065321161, 0.06319334221007522, -0.6186300680354304, 0.413579062399444, 0.9636443645103692, -0.11008871550940436, 0.7321899151742299, -0.3158724911490746, -0.6006601253041491, -0.3704347207991958, -0.39655588744405157, -0.811474693291835, -0.14695353869386985, 0.5075687623372585, -0.4724338627220963, 0.6993013393057939, -0.22068652020844068, -0.6015519490200893, 0.5776454481380977, -0.9425632565210529, -0.1040143019338815, 0.756435927128275, -0.46872659517234205, 0.9478783699279154, 2.42315435425855e-05, -0.7169083459429269, -0.168546806292562, 0.1159935534149028, 0.2417562429491073, 0.11159342181347065, 0.5672062786576018, -0.08677595419667328, -0.5139715981786663, -0.5124692705565774, -0.16440841998600764, 0.34237422029307996, -0.8681108226583556, 0.8146259130802741, 0.14693791271155776, -0.2547912513018822, -0.8904956554959678, 0.17885427935649667, 0.8345511497451248, -1, 0.886207000011072, 0.34404747355018506, -0.7874174219525809, 0.32900355485390254, 0.13646161297444315, 0.3312099973547482, 0.2585264537007552, 0.9707661213412018, -0.9558554062386444, 0.05830449953505945, -0.5409528814186586, -0.8855507596277101, 0.9175066826291245, 0.38645669989267906]
-15.932280540466309	(8, 12, 2)	[0.049435452144762526, 0.5665778240174133, -0.7696071497954567, -0.29454177404133597, -0.08888851930701676, 0.8579333308316539, 0.6276718853733887, 0.18198184751905022, -0.13280792824589227, 0.8117477950824208, -0.6379563810623741, -0.9120997241786815, 0.701159014355941, -0.7431779426876661, 0.5381607737284482, -0.8345976338829806, -0.042458733608784494, -0.12173929176269162, -0.6111321375813761, -0.2886191017386306, -0.11214828508783214, 0.07068643398267693, 0.5759410513055818, -0.4621059845879032, 0.08026554581098888, -0.05076861319119241, 0.5359099351132015, 0.22204023768488756, 0.8494272918886927, 0.4337208461717901, -0.2414373694437908, 0.3360915554081987, 0.7685098514904034, 0.8050392283738061, -0.6335496763378478, -0.9844699618850095, 0.04230511608223586, 0.1222711272523864, 0.16116355930569148, -0.9239988048077841, 0.4437044685291587, -0.06544117132421334, 0.6839247460068234, -0.5427148545964202, 0.22012559381477365, 0.740797548563551, 0.7396827435086515, -0.7672953730540049, -0.8751575173009796, -0.4286026763933781, 0.759956597261332, 0.5308324053266071, -0.4133466166294394, -0.0024284139218664347, 0.4823819238204461, -0.9371714239904825, -0.34656289980057586, -0.6114114127505603, 0.641641776373221, -0.6580996135368649, -0.47516959273550485, -0.4101935109413024, 0.8307500065321161, 0.06319334221007522, -0.6186300680354304, 0.413579062399444, 0.9636443645103692, -0.11008871550940436, 0.7102221651863263, -0.05875439274517458, -0.8056706659222332, -0.3704347207991958, -0.34560784444541887, -0.7898464594824295, 0.034686164462971014, 0.518887748519705, -0.4724338627220963, 0.7130399586427483, -0.22068652020844068, -0.6015519490200893, 0.5776454481380977, -0.9425632565210529, -0.1040143019338815, 0.756435927128275, -0.46872659517234205, 0.9648852697104159, 2.42315435425855e-05, -0.7169083459429269, -0.168546806292562, 0.1159935534149028, 0.2417562429491073, 0.11159342181347065, 0.5672062786576018, -0.16116537781337414, -0.5139715981786663, -0.5124692705565774, -0.16440841998600764, 0.34237422029307996, -0.8681108226583556, 0.8644328887033732, 0.14693791271155776, -0.2547912513018822, -0.8904956554959678, 0.08306133316618754, 0.8345511497451248, -1, 0.886207000011072, 0.34404747355018506, -0.7874174219525809, 0.32900355485390254, 0.13646161297444315, 0.26409890184019835, 0.2585264537007552, 0.9707661213412018, -0.9558554062386444, 0.053200701894447075, -0.5648441368419763, -0.8921587328714462, 0.9175066826291245, 0.38645669989267906]
-11.189531326293945	(8, 12, 2)	[0.049435452144762526, 0.5665778240174133, -0.7696071497954567, -0.29454177404133597, -0.08888851930701676, 0.8579333308316539, 0.6276718853733887, 0.18198184751905022, -0.13280792824589227, 0.8117477950824208, -0.6379563810623741, -0.9120997241786815, 0.701159014355941, -0.7431779426876661, 0.5381607737284482, -0.8345976338829806, -0.042458733608784494, -0.12173929176269162, -0.6111321375813761, -0.2886191017386306, -0.11214828508783214, 0.07068643398267693, 0.5759410513055818, -0.4621059845879032, 0.08026554581098888, -0.05076861319119241, 0.5359099351132015, 0.22204023768488756, 0.8494272918886927, 0.4337208461717901, -0.2414373694437908, 0.3360915554081987, 0.7685098514904034, 0.8050392283738061, -0.6335496763378478, -0.9844699618850095, 0.04230511608223586, 0.1222711272523864, 0.16116355930569148, -0.9239988048077841, 0.4437044685291587, -0.06544117132421334, 0.6839247460068234, -0.5427148545964202, 0.22012559381477365, 0.740797548563551, 0.7396827435086515, -0.7672953730540049, -0.8751575173009796, -0.4286026763933781, 0.759956597261332, 0.5308324053266071, -0.4133466166294394, -0.0024284139218664347, 0.4823819238204461, -0.9371714239904825, -0.34656289980057586, -0.6114114127505603, 0.641641776373221, -0.6580996135368649, -0.47516959273550485, -0.4101935109413024, 0.8307500065321161, 0.06319334221007522, -0.6186300680354304, 0.413579062399444, 0.9636443645103692, -0.11008871550940436, 0.7102221651863263, -0.05875439274517458, -0.8056706659222332, -0.3704347207991958, -0.34560784444541887, -0.7898464594824295, 0.034686164462971014, 0.518887748519705, -0.4724338627220963, 0.7130399586427483, -0.22068652020844068, -0.6015519490200893, 0.5776454481380977, -0.9425632565210529, -0.1040143019338815, 0.756435927128275, -0.46872659517234205, 0.9478783699279154, 2.42315435425855e-05, -0.7169083459429269, -0.168546806292562, 0.1159935534149028, 0.0643530823189713, 0.11159342181347065, 0.5672062786576018, -0.16116537781337414, -0.5139715981786663, -0.5124692705565774, -0.16440841998600764, 0.34237422029307996, -0.8681108226583556, 0.8644328887033732, 0.14693791271155776, -0.2547912513018822, -0.8904956554959678, 0.08306133316618754, 0.8345511497451248, -1, 0.886207000011072, 0.34404747355018506, -0.7874174219525809, 0.32900355485390254, 0.13646161297444315, 0.3312099973547482, 0.2585264537007552, 0.9707661213412018, -0.9558554062386444, 0.053200701894447075, -0.5648441368419763, -0.8921587328714462, 0.9175066826291245, 0.38645669989267906]
-23.097591400146484	(8, 12, 2)	[0.049435452144762526, 0.5665778240174133, -0.7696071497954567, -0.29454177404133597, -0.08888851930701676, 0.8579333308316539, 0.6276718853733887, 0.18198184751905022, -0.13280792824589227, 0.8117477950824208, -0.6379563810623741, -0.9120997241786815, 0.701159014355941, -0.7431779426876661, 0.5381607737284482, -0.8345976338829806, -0.042458733608784494, -0.12173929176269162, -0.6111321375813761, -0.2886191017386306, -0.11214828508783214, 0.07068643398267693, 0.5759410513055818, -0.4621059845879032, 0.08026554581098888, -0.05076861319119241, 0.5359099351132015, 0.22204023768488756, 0.8494272918886927, 0.4337208461717901, -0.2414373694437908, 0.3360915554081987, 0.7685098514904034, 0.8050392283738061, -0.6335496763378478, -0.9844699618850095, 0.04230511608223586, 0.1222711272523864, 0.16116355930569148, -0.9239988048077841, 0.4437044685291587, -0.06544117132421334, 0.6839247460068234, -0.5427148545964202, 0.22012559381477365, 0.740797548563551, 0.7396827435086515, -0.7672953730540049, -0.8751575173009796, -0.4286026763933781, 0.759956597261332, 0.5308324053266071, -0.4133466166294394, -0.0024284139218664347, 0.4823819238204461, -0.9371714239904825, -0.34656289980057586, -0.6114114127505603, 0.641641776373221, -0.6580996135368649, -0.47516959273550485, -0.4101935109413024, 0.8307500065321161, 0.06319334221007522, -0.6186300680354304, 0.413579062399444, 0.9636443645103692, -0.11008871550940436, 0.7102221651863263, -0.05875439274517458, -0.8056706659222332, -0.3704347207991958, -0.34560784444541887, -0.7898464594824295, 0.034686164462971014, 0.518887748519705, -0.4724338627220963, 0.7130399586427483, -0.22068652020844068, -0.6015519490200893, 0.5776454481380977, -0.9425632565210529, -0.1040143019338815, 0.756435927128275, -0.46872659517234205, 0.9478783699279154, 2.42315435425855e-05, -0.7169083459429269, -0.168546806292562, 0.1159935534149028, 0.0643530823189713, 0.11159342181347065, 0.5672062786576018, -0.16116537781337414, -0.5139715981786663, -0.5124692705565774, -0.16440841998600764, 0.34237422029307996, -0.8681108226583556, 0.8644328887033732, 0.14693791271155776, -0.2547912513018822, -0.8904956554959678, 0.08306133316618754, 0.8345511497451248, -1, 0.886207000011072, 0.34404747355018506, -0.7874174219525809, 0.32900355485390254, 0.13646161297444315, 0.3312099973547482, 0.2585264537007552, 0.9707661213412018, -0.9558554062386444, 0.053200701894447075, -0.5648441368419763, -0.8921587328714462, 0.9175066826291245, 0.38645669989267906]
476.5515441894531	(8, 12, 2)	[0.049435452144762526, 0.5665778240174133, -0.7696071497954567, -0.29454177404133597, -0.08888851930701676, 0.8579333308316539, 0.6276718853733887, 0.18198184751905022, -0.13280792824589227, 0.8117477950824208, -0.6379563810623741, -0.9120997241786815, 0.701159014355941, -0.7431779426876661, 0.5381607737284482, -0.8345976338829806, -0.042458733608784494, -0.12173929176269162, -0.6111321375813761, -0.2886191017386306, -0.11214828508783214, 0.07068643398267693, 0.5759410513055818, -0.4621059845879032, 0.08026554581098888, -0.05076861319119241, 0.5359099351132015, 0.22204023768488756, 0.8494272918886927, 0.4337208461717901, -0.2414373694437908, 0.3360915554081987, 0.7685098514904034, 0.8050392283738061, -0.6335496763378478, -0.9844699618850095, 0.04230511608223586, 0.1222711272523864, 0.16116355930569148, -0.9239988048077841, 0.4437044685291587, -0.06544117132421334, 0.6839247460068234, -0.5427148545964202, 0.22012559381477365, 0.740797548563551, 0.7396827435086515, -0.7672953730540049, -0.8751575173009796, -0.4286026763933781, 0.759956597261332, 0.5308324053266071, -0.4133466166294394, -0.0024284139218664347, 0.4823819238204461, -0.9371714239904825, -0.34656289980057586, -0.6114114127505603, 0.641641776373221, -0.6580996135368649, -0.47516959273550485, -0.4101935109413024, 0.8307500065321161, 0.06319334221007522, -0.6186300680354304, 0.413579062399444, 0.9636443645103692, -0.11008871550940436, 0.7321899151742299, -0.3158724911490746, -0.6006601253041491, -0.42437095664157787, -0.39655588744405157, -0.811474693291835, -0.14695353869386985, 0.518887748519705, -0.4724338627220963, 0.6993013393057939, -0.22068652020844068, -0.6015519490200893, 0.5776454481380977, -0.9425632565210529, -0.1040143019338815, 0.756435927128275, -0.46872659517234205, 0.9478783699279154, 2.42315435425855e-05, -0.7169083459429269, -0.168546806292562, 0.1159935534149028, 0.0643530823189713, 0.11159342181347065, 0.5672062786576018, -0.08677595419667328, -0.5139715981786663, -0.5124692705565774, -0.16440841998600764, 0.34237422029307996, -0.8681108226583556, 0.8644328887033732, 0.14693791271155776, -0.2547912513018822, -0.8904956554959678, 0.04815025941895801, 0.7302991979642944, -1, 0.886207000011072, 0.34404747355018506, -0.7874174219525809, 0.32900355485390254, 0.13646161297444315, 0.3312099973547482, 0.2585264537007552, 0.9707661213412018, -0.9558554062386444, 0.053200701894447075, -0.5648441368419763, -0.8921587328714462, 0.9175066826291245, 0.38645669989267906]
486.3626403808594	(8, 12, 2)	[0.049435452144762526, 0.5665778240174133, -0.7098050628895377, -0.47229950958795475, -0.08888851930701676, 0.8579333308316539, 0.6276718853733887, 0.18198184751905022, -0.13280792824589227, 0.8117477950824208, -0.6379563810623741, -0.9120997241786815, 0.701159014355941, -0.702946425366251, 0.62715140207074, -0.8345976338829806, -0.042458733608784494, -0.03884391339260507, -0.6169337762455146, -0.2886191017386306, -0.11214828508783214, 0.07068643398267693, 0.5759410513055818, -0.4621059845879032, 0.08026554581098888, -0.05076861319119241, 0.5359099351132015, 0.22204023768488756, 0.8494272918886927, 0.4337208461717901, -0.2414373694437908, 0.17541042439478052, 0.7685098514904034, 0.8050392283738061, -0.6335496763378478, -0.9844699618850095, 0.04230511608223586, 0.1222711272523864, 0.16116355930569148, -0.9239988048077841, 0.4437044685291587, -0.06544117132421334, 0.6839247460068234, -0.5427148545964202, 0.22012559381477365, 0.740797548563551, 0.7396827435086515, -0.7672953730540049, -0.8751575173009796, -0.4286026763933781, 0.759956597261332, 0.5308324053266071, -0.4133466166294394, -0.0024284139218664347, 0.4823819238204461, -0.7717415578000907, -0.34656289980057586, -0.6114114127505603, 0.641641776373221, -0.6580996135368649, -0.47516959273550485, -0.4101935109413024, 0.8307500065321161, 0.06319334221007522, -0.6186300680354304, 0.413579062399444, 0.9636443645103692, -0.11008871550940436, 0.7102221651863263, -0.05875439274517458, -0.8056706659222332, -0.3704347207991958, -0.34560784444541887, -0.7898464594824295, 0.034686164462971014, 0.518887748519705, -0.4724338627220963, 0.7130399586427483, -0.22068652020844068, -0.6015519490200893, 0.5776454481380977, -0.9425632565210529, -0.1040143019338815, 0.756435927128275, -0.46872659517234205, 0.9478783699279154, 2.42315435425855e-05, -0.7169083459429269, -0.168546806292562, 0.1159935534149028, 0.2417562429491073, 0.11159342181347065, 0.5672062786576018, -0.08677595419667328, -0.5139715981786663, -0.5124692705565774, -0.16440841998600764, 0.34237422029307996, -0.8681108226583556, 0.8644328887033732, 0.14693791271155776, -0.2547912513018822, -0.8904956554959678, 0.17885427935649667, 0.8345511497451248, -1, 0.8582167933051816, 0.34404747355018506, -0.7874174219525809, 0.32900355485390254, 0.13646161297444315, 0.19683791431108058, 0.7298659778653378, 0.9707661213412018, -0.9558554062386444, 0.05830449953505945, -0.5409528814186586, -0.8921587328714462, 0.9175066826291245, 0.38645669989267906]
-21.842893600463867	(8, 12, 2)	[0.049435452144762526, 0.5665778240174133, -0.7696071497954567, -0.29454177404133597, -0.08888851930701676, 0.8579333308316539, 0.6276718853733887, 0.18198184751905022, -0.13280792824589227, 0.8117477950824208, -0.6379563810623741, -0.9120997241786815, 0.701159014355941, -0.7431779426876661, 0.5381607737284482, -0.8345976338829806, -0.042458733608784494, -0.12173929176269162, -0.6111321375813761, -0.2886191017386306, -0.11214828508783214, -0.12409132477005538, 0.5759410513055818, -0.4621059845879032, 0.08026554581098888, -0.05076861319119241, 0.5359099351132015, 0.22204023768488756, 0.8494272918886927, 0.4337208461717901, -0.2414373694437908, 0.3360915554081987, 0.7685098514904034, 0.8050392283738061, -0.6335496763378478, -0.9844699618850095, 0.04230511608223586, 0.1222711272523864, 0.16116355930569148, -0.9239988048077841, 0.4437044685291587, -0.06544117132421334, 0.6839247460068234, -0.5427148545964202, 0.22012559381477365, 0.740797548563551, 0.7396827435086515, -0.7672953730540049, -0.8751575173009796, -0.4286026763933781, 0.759956597261332, 0.5308324053266071, -0.4133466166294394, -0.0024284139218664347, 0.4823819238204461, -0.9371714239904825, -0.34656289980057586, -0.6114114127505603, 0.641641776373221, -0.6580996135368649, -0.47516959273550485, -0.4101935109413024, 0.8307500065321161, 0.06319334221007522, -0.6186300680354304, 0.413579062399444, 0.9636443645103692, -0.11008871550940436, 0.7102221651863263, -0.05875439274517458, -0.8056706659222332, -0.3704347207991958, -0.34560784444541887, -0.7898464594824295, 0.034686164462971014, 0.518887748519705, -0.4724338627220963, 0.7130399586427483, -0.22068652020844068, -0.6015519490200893, 0.5776454481380977, -0.9425632565210529, -0.1040143019338815, 0.756435927128275, -0.46872659517234205, 0.9478783699279154, 2.42315435425855e-05, -0.7169083459429269, -0.168546806292562, 0.1159935534149028, 0.0643530823189713, 0.11159342181347065, 0.5672062786576018, -0.16116537781337414, -0.5139715981786663, -0.5124692705565774, -0.16440841998600764, 0.34237422029307996, -0.8681108226583556, 0.8644328887033732, 0.14693791271155776, -0.2547912513018822, -0.8904956554959678, 0.08306133316618754, 0.8345511497451248, -1, 0.886207000011072, 0.34404747355018506, -0.7874174219525809, 0.32900355485390254, 0.13646161297444315, 0.3312099973547482, 0.2585264537007552, 0.9707661213412018, -0.9558554062386444, 0.05830449953505945, -0.5409528814186586, -0.8921587328714462, 0.9175066826291245, 0.38645669989267906]
478.3406677246094	(8, 12, 2)	[0.049435452144762526, 0.5665778240174133, -0.7696071497954567, -0.29454177404133597, -0.08888851930701676, 0.8579333308316539, 0.6276718853733887, 0.18198184751905022, -0.13280792824589227, 0.8117477950824208, -0.6379563810623741, -0.9120997241786815, 1, -0.7431779426876661, 0.5381607737284482, -0.8345976338829806, -0.042458733608784494, -0.12173929176269162, -0.6111321375813761, -0.2886191017386306, -0.11214828508783214, 0.07068643398267693, 0.5759410513055818, -0.4621059845879032, 0.08026554581098888, -0.05076861319119241, 0.5359099351132015, 0.22204023768488756, 0.8494272918886927, 0.4337208461717901, -0.1215177048539102, 0.3360915554081987, 0.7685098514904034, 0.8050392283738061, -0.6335496763378478, -0.9844699618850095, 0.04230511608223586, 0.1222711272523864, 0.16116355930569148, -0.9239988048077841, 0.5622153544564501, -0.06544117132421334, 0.6839247460068234, -0.5427148545964202, 0.22012559381477365, 0.740797548563551, 0.7396827435086515, -0.7672953730540049, -0.8751575173009796, -0.4286026763933781, 0.759956597261332, 0.5308324053266071, -0.4133466166294394, -0.0024284139218664347, 0.4823819238204461, -0.7475897635665086, -0.34656289980057586, -0.6114114127505603, 0.641641776373221, -0.6580996135368649, -0.47516959273550485, -0.4101935109413024, 0.8307500065321161, -0.08129921316598143, -0.6186300680354304, 0.413579062399444, 0.9636443645103692, -0.11008871550940436, 0.7102221651863263, -0.05875439274517458, -0.8056706659222332, -0.3704347207991958, -0.34560784444541887, -0.8300166213460999, -0.14695353869386985, 0.518887748519705, -0.4724338627220963, 0.6993013393057939, -0.22068652020844068, -0.6015519490200893, 0.5776454481380977, -1, -0.1040143019338815, 0.756435927128275, -0.46872659517234205, 0.9478783699279154, 2.42315435425855e-05, -0.7169083459429269, -0.168546806292562, 0.1159935534149028, 0.0643530823189713, 0.11159342181347065, 0.5672062786576018, -0.08677595419667328, -0.5675040932837493, -0.5124692705565774, -0.16440841998600764, 0.34237422029307996, -0.8681108226583556, 0.8644328887033732, 0.14693791271155776, -0.2547912513018822, -0.8904956554959678, 0.17885427935649667, 0.8345511497451248, -1, 0.8582167933051816, -0.082056966269761, -0.7874174219525809, 0.32900355485390254, 0.13646161297444315, 0.3312099973547482, 0.2585264537007552, 0.9707661213412018, -0.9558554062386444, 0.053200701894447075, -0.5648441368419763, -0.8921587328714462, 0.9175066826291245, 0.38645669989267906]
-9.616795539855957	(8, 12, 2)	[0.049435452144762526, 0.5665778240174133, -0.7098050628895377, -0.47229950958795475, -0.08888851930701676, 0.8579333308316539, 0.6276718853733887, 0.18198184751905022, -0.13280792824589227, 0.8117477950824208, -0.6379563810623741, -0.9120997241786815, 0.701159014355941, -0.702946425366251, 0.5349964842624738, -0.8345976338829806, -0.042458733608784494, -0.03884391339260507, -0.6111321375813761, -0.2886191017386306, -0.11214828508783214, 0.07068643398267693, 0.5759410513055818, -0.4621059845879032, 0.08026554581098888, -0.05076861319119241, 0.5359099351132015, 0.22204023768488756, 0.8494272918886927, 0.4337208461717901, -0.1215177048539102, 0.3360915554081987, 0.7685098514904034, 0.8050392283738061, -0.6335496763378478, -0.9844699618850095, 0.04230511608223586, 0.1222711272523864, 0.16116355930569148, -0.9239988048077841, 0.5622153544564501, -0.06544117132421334, 0.6839247460068234, -0.9619459886990334, 0.22012559381477365, 0.740797548563551, 0.7396827435086515, -0.7672953730540049, -0.8751575173009796, -0.4286026763933781, 0.7469121971390856, 0.5308324053266071, -0.4133466166294394, -0.0024284139218664347, 0.4823819238204461, -0.7475897635665086, -0.34656289980057586, -0.6114114127505603, 0.641641776373221, -0.6580996135368649, -0.47516959273550485, -0.4101935109413024, 0.8307500065321161, -0.08129921316598143, -0.6186300680354304, 0.413579062399444, 0.9636443645103692, -0.11008871550940436, 0.7102221651863263, -0.05875439274517458, -0.8056706659222332, -0.3704347207991958, -0.34560784444541887, -0.8300166213460999, -0.14695353869386985, 0.518887748519705, -0.4724338627220963, 0.7130399586427483, -0.22068652020844068, -0.6015519490200893, 0.5776454481380977, -0.9425632565210529, -0.1040143019338815, 0.756435927128275, -0.46872659517234205, 0.9478783699279154, 2.42315435425855e-05, -0.7169083459429269, -0.168546806292562, 0.1159935534149028, 0.0643530823189713, 0.11159342181347065, 0.5672062786576018, -0.16116537781337414, -0.520288048342353, -0.5124692705565774, -0.16440841998600764, 0.34237422029307996, -0.8681108226583556, 0.8644328887033732, 0.14693791271155776, -0.2547912513018822, -0.8904956554959678, 0.08306133316618754, 0.8345511497451248, -1, 0.886207000011072, 0.34404747355018506, -0.7874174219525809, 0.32900355485390254, 0.13646161297444315, 0.3312099973547482, 0.20593699274719068, 0.9707661213412018, -0.9558554062386444, 0.05830449953505945, -0.5409528814186586, -0.8921587328714462, 0.9175066826291245, 0.38645669989267906]
-22.656843185424805	(8, 12, 2)	[0.049435452144762526, 0.5665778240174133, -0.7696071497954567, -0.29454177404133597, -0.08888851930701676, 0.8579333308316539, 0.6276718853733887, 0.18198184751905022, -0.13280792824589227, 0.8117477950824208, -0.6379563810623741, -0.9120997241786815, 0.701159014355941, -0.7431779426876661, 0.5381607737284482, -0.8345976338829806, -0.042458733608784494, -0.12173929176269162, -0.6111321375813761, -0.2886191017386306, -0.11214828508783214, -0.12409132477005538, 0.5759410513055818, -0.4621059845879032, 0.08026554581098888, -0.05076861319119241, 0.790950901282957, 0.22204023768488756, 0.8494272918886927, 0.4337208461717901, 0.028242934055407898, 0.3360915554081987, 0.7685098514904034, 0.8050392283738061, -0.6335496763378478, -0.9844699618850095, 0.04230511608223586, 0.1222711272523864, 0.16116355930569148, -0.9239988048077841, 0.4437044685291587, -0.12816337882985493, 0.6839247460068234, -0.5427148545964202, 0.22012559381477365, 0.740797548563551, 0.7396827435086515, -0.7672953730540049, -0.8751575173009796, -0.4286026763933781, 0.759956597261332, 0.5308324053266071, -0.4133466166294394, -0.0024284139218664347, 0.4823819238204461, -0.9371714239904825, -0.34656289980057586, -0.6114114127505603, 0.641641776373221, -0.6580996135368649, -0.47516959273550485, -0.4101935109413024, 0.8307500065321161, 0.06319334221007522, -0.6186300680354304, 0.413579062399444, 0.9636443645103692, -0.11008871550940436, 0.7102221651863263, -0.05875439274517458, -0.8056706659222332, -0.3704347207991958, -0.34560784444541887, -0.7898464594824295, 0.034686164462971014, 0.518887748519705, -0.4724338627220963, 0.7130399586427483, -0.22068652020844068, -0.6015519490200893, 0.5776454481380977, -0.9425632565210529, -0.1040143019338815, 0.9665509552856, -0.46872659517234205, 0.9478783699279154, 2.42315435425855e-05, -0.7169083459429269, -0.168546806292562, 0.1159935534149028, 0.0643530823189713, 0.11159342181347065, 0.5672062786576018, -0.16116537781337414, -0.5139715981786663, -0.5124692705565774, -0.16440841998600764, 0.34237422029307996, -0.8681108226583556, 0.8644328887033732, 0.14693791271155776, -0.2547912513018822, -0.8904956554959678, 0.17885427935649667, 0.8345511497451248, -1, 0.8582167933051816, 0.34404747355018506, -0.9996386860197309, 0.32900355485390254, 0.13646161297444315, 0.19683791431108058, 0.7298659778653378, 0.9707661213412018, -0.9558554062386444, 0.05830449953505945, -0.5409528814186586, -0.8921587328714462, 0.9175066826291245, 0.38645669989267906]
-15.602476119995117	(8, 12, 2)	[0.049435452144762526, 0.5665778240174133, -0.7098050628895377, -0.47229950958795475, -0.08888851930701676, 0.8579333308316539, 0.6276718853733887, 0.18198184751905022, -0.13280792824589227, 0.8117477950824208, -0.6379563810623741, -0.9120997241786815, 0.701159014355941, -0.702946425366251, 0.62715140207074, -0.8345976338829806, -0.042458733608784494, -0.03884391339260507, -0.6169337762455146, -0.2886191017386306, -0.11214828508783214, 0.07068643398267693, 0.5759410513055818, -0.4621059845879032, 0.08026554581098888, -0.05076861319119241, 0.5359099351132015, 0.22204023768488756, 0.8494272918886927, 0.4337208461717901, -0.2414373694437908, 0.3360915554081987, 0.7685098514904034, 0.8050392283738061, -0.6335496763378478, -0.9844699618850095, 0.04230511608223586, 0.1222711272523864, 0.16116355930569148, -0.9239988048077841, 0.4437044685291587, -0.06544117132421334, 0.6839247460068234, -0.5427148545964202, 0.1023057084867066, 0.740797548563551, 0.7396827435086515, -0.7672953730540049, -0.8751575173009796, -0.4286026763933781, 0.759956597261332, 0.5308324053266071, -0.4133466166294394, -0.0024284139218664347, 0.4823819238204461, -0.9371714239904825, -0.34656289980057586, -0.6114114127505603, 0.641641776373221, -0.6580996135368649, -0.47516959273550485, -0.4101935109413024, 0.8307500065321161, 0.06319334221007522, -0.6186300680354304, 0.413579062399444, 0.9636443645103692, -0.15040638952287189, 0.7321899151742299, -0.3158724911490746, -0.6006601253041491, -0.42437095664157787, -0.39655588744405157, -0.811474693291835, -0.14695353869386985, 0.518887748519705, -0.4724338627220963, 0.6993013393057939, -0.22068652020844068, -0.6015519490200893, 0.5776454481380977, -0.9425632565210529, -0.1040143019338815, 0.756435927128275, -0.46872659517234205, 0.9478783699279154, 2.42315435425855e-05, -0.7169083459429269, -0.168546806292562, 0.1159935534149028, 0.2417562429491073, 0.11159342181347065, 0.5672062786576018, -0.08677595419667328, -0.5139715981786663, -0.27820601517001187, -0.16440841998600764, 0.34237422029307996, -0.8681108226583556, 0.8644328887033732, 0.14693791271155776, -0.2547912513018822, -0.8904956554959678, 0.17885427935649667, 0.8345511497451248, -1, 0.8582167933051816, -0.082056966269761, -0.5899798193556861, 0.32900355485390254, 0.13646161297444315, 0.3312099973547482, 0.2585264537007552, 0.9707661213412018, -0.9558554062386444, 0.053200701894447075, -0.5648441368419763, -0.8921587328714462, 0.9175066826291245, 0.38645669989267906]
-10.212844848632812	(8, 12, 2)	[0.049435452144762526, 0.5665778240174133, -0.7696071497954567, -0.29454177404133597, -0.08888851930701676, 0.8579333308316539, 0.6276718853733887, 0.18198184751905022, -0.13280792824589227, 0.8117477950824208, -0.6379563810623741, -0.9120997241786815, 0.701159014355941, -0.7431779426876661, 0.5381607737284482, -0.8345976338829806, -0.042458733608784494, -0.03884391339260507, -0.6111321375813761, -0.2886191017386306, -0.11214828508783214, 0.07068643398267693, 0.5759410513055818, -0.4621059845879032, 0.08026554581098888, -0.05076861319119241, 0.5359099351132015, 0.22204023768488756, 0.8494272918886927, 0.4369034379358793, -0.2414373694437908, 0.3360915554081987, 0.7685098514904034, 0.8050392283738061, -0.6335496763378478, -0.9844699618850095, 0.04230511608223586, 0.1222711272523864, 0.10254414156146985, -0.9239988048077841, 0.5622153544564501, -0.06544117132421334, 0.6839247460068234, -0.5427148545964202, 0.22012559381477365, 0.9819876460503517, 0.7396827435086515, -0.7672953730540049, -0.8751575173009796, -0.4286026763933781, 0.759956597261332, 0.5974938583409514, -0.4133466166294394, -0.0024284139218664347, 0.4823819238204461, -0.9371714239904825, -0.34656289980057586, -0.6114114127505603, 0.641641776373221, -0.6580996135368649, -0.47516959273550485, -0.4101935109413024, 0.8307500065321161, 0.06319334221007522, -0.6186300680354304, 0.413579062399444, 0.9636443645103692, -0.11008871550940436, 0.7102221651863263, -0.05875439274517458, -0.8056706659222332, -0.3704347207991958, -0.34560784444541887, -0.7898464594824295, 0.034686164462971014, 0.518887748519705, -0.4724338627220963, 0.7130399586427483, -0.22068652020844068, -0.6015519490200893, 0.5776454481380977, -0.9425632565210529, -0.1040143019338815, 0.756435927128275, -0.46872659517234205, 0.9478783699279154, 2.42315435425855e-05, -0.7169083459429269, -0.168546806292562, 0.1159935534149028, 0.2417562429491073, 0.11159342181347065, 0.5672062786576018, -0.08677595419667328, -0.5139715981786663, -0.27820601517001187, -0.16440841998600764, 0.34237422029307996, -0.8681108226583556, 0.8644328887033732, 0.14693791271155776, -0.2547912513018822, -0.8904956554959678, 0.17885427935649667, 0.8345511497451248, -1, 0.8582167933051816, 0.34404747355018506, -0.9996386860197309, 0.32900355485390254, 0.13646161297444315, 0.3312099973547482, 0.2585264537007552, 0.9707661213412018, -0.9558554062386444, 0.053200701894447075, -0.5648441368419763, -0.8921587328714462, 0.9175066826291245, 0.38645669989267906]
481.010986328125	(8, 12, 2)	[0.049435452144762526, 0.5665778240174133, -0.7696071497954567, -0.29454177404133597, -0.08888851930701676, 0.8579333308316539, 0.6276718853733887, 0.18198184751905022, -0.13280792824589227, 0.8117477950824208, -0.6379563810623741, -0.9120997241786815, 0.701159014355941, -0.702946425366251, 0.62715140207074, -0.8345976338829806, -0.042458733608784494, -0.03884391339260507, -0.6169337762455146, -0.2886191017386306, -0.11214828508783214, 0.07068643398267693, 0.5759410513055818, -0.4621059845879032, 0.08026554581098888, -0.05076861319119241, 0.5359099351132015, 0.22204023768488756, 0.8494272918886927, 0.4337208461717901, -0.2414373694437908, 0.3360915554081987, 0.7685098514904034, 0.8050392283738061, -0.8261268248386067, -0.9844699618850095, 0.04230511608223586, 0.1222711272523864, 0.16116355930569148, -0.9239988048077841, 0.4437044685291587, -0.06544117132421334, 0.6839247460068234, -0.5427148545964202, 0.1023057084867066, 0.740797548563551, 0.7396827435086515, -0.7672953730540049, -0.8751575173009796, -0.4286026763933781, 0.759956597261332, 0.5308324053266071, -0.4133466166294394, -0.0024284139218664347, 0.4823819238204461, -0.9371714239904825, -0.34656289980057586, -0.6114114127505603, 0.641641776373221, -0.6580996135368649, -0.47516959273550485, -0.4101935109413024, 0.8307500065321161, 0.06319334221007522, -0.6186300680354304, 0.413579062399444, 0.9636443645103692, -0.15040638952287189, 0.7321899151742299, -0.05875439274517458, -0.8056706659222332, -0.3704347207991958, -0.34560784444541887, -0.7898464594824295, 0.034686164462971014, 0.518887748519705, -0.4724338627220963, 0.6993013393057939, -0.22068652020844068, -0.6015519490200893, 0.5776454481380977, -0.9425632565210529, -0.1040143019338815, 0.9665509552856, -0.46872659517234205, 0.9478783699279154, 2.42315435425855e-05, -0.7169083459429269, -0.168546806292562, 0.1159935534149028, 0.0643530823189713, 0.11159342181347065, 0.5672062786576018, -0.16116537781337414, -0.5139715981786663, -0.5124692705565774, -0.16440841998600764, 0.34237422029307996, -0.8681108226583556, 0.8644328887033732, 0.14693791271155776, -0.2547912513018822, -0.8904956554959678, 0.17885427935649667, 0.8345511497451248, -1, 0.8582167933051816, 0.34404747355018506, -0.9996386860197309, 0.32900355485390254, 0.13646161297444315, 0.19683791431108058, 0.7298659778653378, 0.9707661213412018, -0.9558554062386444, 0.05830449953505945, -0.5409528814186586, -0.8921587328714462, 0.9175066826291245, 0.38645669989267906]
-11.46286392211914	(8, 12, 2)	[0.049435452144762526, 0.5075603515815436, -0.7098050628895377, -0.47229950958795475, -0.08888851930701676, 0.8579333308316539, 0.6276718853733887, 0.18198184751905022, -0.13280792824589227, 0.8117477950824208, -0.6379563810623741, -0.9120997241786815, 0.701159014355941, -0.702946425366251, 0.5349964842624738, -0.8345976338829806, -0.042458733608784494, -0.12173929176269162, -0.6111321375813761, -0.2886191017386306, -0.2047722095619156, -0.12409132477005538, 0.5759410513055818, -0.4621059845879032, 0.08026554581098888, -0.05076861319119241, 0.790950901282957, 0.22204023768488756, 0.8494272918886927, 0.4337208461717901, 0.028242934055407898, 0.3360915554081987, 0.7685098514904034, 0.8050392283738061, -0.6335496763378478, -0.9844699618850095, 0.04230511608223586, 0.03384973811701461, 0.16116355930569148, -0.9239988048077841, 0.4437044685291587, -0.12816337882985493, 0.6839247460068234, -0.5427148545964202, 0.22012559381477365, 0.40474717255840553, 0.7396827435086515, -0.7672953730540049, -0.8751575173009796, -0.4286026763933781, 0.759956597261332, 0.5974938583409514, -0.4133466166294394, -0.0024284139218664347, 0.4823819238204461, -0.9371714239904825, -0.34656289980057586, -0.6114114127505603, 0.641641776373221, -0.6580996135368649, -0.47516959273550485, -0.4101935109413024, 0.8307500065321161, 0.06319334221007522, -0.6186300680354304, 0.413579062399444, 0.9636443645103692, -0.11008871550940436, 0.7102221651863263, -0.05875439274517458, -0.8056706659222332, -0.3704347207991958, -0.34560784444541887, -0.7898464594824295, 0.034686164462971014, 0.518887748519705, -0.4724338627220963, 0.7130399586427483, -0.22068652020844068, -0.6015519490200893, 0.5776454481380977, -0.9425632565210529, -0.1040143019338815, 0.9665509552856, -0.46872659517234205, 0.9478783699279154, 2.42315435425855e-05, -0.7169083459429269, -0.168546806292562, 0.1159935534149028, 0.0643530823189713, 0.11159342181347065, 0.5672062786576018, -0.16116537781337414, -0.5139715981786663, -0.5124692705565774, -0.16440841998600764, 0.4083462169315247, -0.8681108226583556, 0.8644328887033732, 0.14693791271155776, -0.2547912513018822, -1, 0.17885427935649667, 0.8345511497451248, -1, 0.8582167933051816, 0.34404747355018506, -0.7874174219525809, 0.32900355485390254, 0.13646161297444315, 0.19683791431108058, 0.7298659778653378, 0.9707661213412018, -0.9558554062386444, 0.05830449953505945, -0.5409528814186586, -0.8921587328714462, 0.9175066826291245, 0.38645669989267906]
-10.9500150680542	(8, 12, 2)	[0.049435452144762526, 0.5665778240174133, -0.7098050628895377, -0.47229950958795475, -0.08888851930701676, 0.8579333308316539, 0.6276718853733887, 0.18198184751905022, -0.13280792824589227, 0.8117477950824208, -0.6379563810623741, -0.9120997241786815, 0.701159014355941, -0.702946425366251, 0.5349964842624738, -0.8345976338829806, -0.042458733608784494, -0.03884391339260507, -0.6111321375813761, -0.2886191017386306, -0.11214828508783214, 0.07068643398267693, 0.5759410513055818, -0.4621059845879032, 0.08026554581098888, -0.13743645738763793, 0.5359099351132015, 0.22204023768488756, 0.8494272918886927, 0.4337208461717901, -0.1215177048539102, 0.299785190412307, 0.7685098514904034, 0.8050392283738061, -0.6335496763378478, -0.9844699618850095, 0.04230511608223586, 0.1222711272523864, 0.10254414156146985, -0.9239988048077841, 0.5622153544564501, -0.06544117132421334, 0.6839247460068234, -0.5427148545964202, 0.22012559381477365, 0.9819876460503517, 0.7396827435086515, -0.7672953730540049, -0.8751575173009796, -0.4286026763933781, 0.759956597261332, 0.5974938583409514, -0.4133466166294394, -0.0024284139218664347, 0.4823819238204461, -0.9371714239904825, -0.34656289980057586, -0.6114114127505603, 0.641641776373221, -0.6580996135368649, -0.47516959273550485, -0.4101935109413024, 0.8307500065321161, 0.026377461643690654, -0.6186300680354304, 0.413579062399444, 0.9636443645103692, -0.11008871550940436, 0.7102221651863263, -0.05875439274517458, -0.8056706659222332, -0.3704347207991958, -0.34560784444541887, -0.8300166213460999, -0.14695353869386985, 0.518887748519705, -0.4724338627220963, 0.7130399586427483, -0.2774317774880847, -0.6015519490200893, 0.5776454481380977, -0.9425632565210529, -0.1040143019338815, 0.9665509552856, -0.46872659517234205, 0.9478783699279154, 2.42315435425855e-05, -0.7169083459429269, -0.168546806292562, 0.1159935534149028, 0.0643530823189713, 0.11159342181347065, 0.5672062786576018, -0.16116537781337414, -0.5139715981786663, -0.5124692705565774, -0.16440841998600764, 0.34237422029307996, -0.8681108226583556, 0.8644328887033732, 0.14693791271155776, -0.2547912513018822, -0.8904956554959678, 0.08306133316618754, 0.8345511497451248, -1, 0.886207000011072, 0.34404747355018506, -0.7874174219525809, 0.32900355485390254, 0.13646161297444315, 0.3312099973547482, 0.20593699274719068, 0.9707661213412018, -0.9558554062386444, 0.05830449953505945, -0.5409528814186586, -0.8921587328714462, 0.9175066826291245, 0.38645669989267906]
-14.842985153198242	(8, 12, 2)	[0.049435452144762526, 0.5075603515815436, -0.7098050628895377, -0.47229950958795475, -0.08888851930701676, 0.8579333308316539, 0.6276718853733887, 0.18198184751905022, -0.13280792824589227, 0.8117477950824208, -0.6379563810623741, -0.9120997241786815, 0.701159014355941, -0.702946425366251, 0.5349964842624738, -0.8345976338829806, -0.042458733608784494, -0.12173929176269162, -0.6111321375813761, -0.2886191017386306, -0.2047722095619156, -0.12409132477005538, 0.5759410513055818, -0.4621059845879032, 0.08026554581098888, -0.05076861319119241, 0.790950901282957, 0.22204023768488756, 0.8494272918886927, 0.4337208461717901, 0.028242934055407898, 0.3360915554081987, 0.8608192737321421, 0.8050392283738061, -0.6335496763378478, -0.9844699618850095, 0.04230511608223586, 0.1222711272523864, 0.41410025769364767, -0.9239988048077841, 0.4437044685291587, -0.12816337882985493, 0.6839247460068234, -0.5427148545964202, 0.22012559381477365, 0.40474717255840553, 0.7396827435086515, -0.7672953730540049, -0.8751575173009796, -0.4286026763933781, 0.759956597261332, 0.5974938583409514, -0.4133466166294394, -0.0024284139218664347, 0.4823819238204461, -0.9371714239904825, -0.34656289980057586, -0.6114114127505603, 0.641641776373221, -0.6580996135368649, -0.47516959273550485, -0.4101935109413024, 0.8307500065321161, 0.06319334221007522, -0.6186300680354304, 0.413579062399444, 0.9636443645103692, -0.11008871550940436, 0.7102221651863263, -0.05875439274517458, -0.8056706659222332, -0.3704347207991958, -0.34560784444541887, -0.7898464594824295, 0.034686164462971014, 0.518887748519705, -0.4724338627220963, 0.7130399586427483, -0.4543518744378017, -0.6015519490200893, 0.5776454481380977, -0.9425632565210529, -0.1040143019338815, 0.9665509552856, -0.46872659517234205, 0.9478783699279154, 2.42315435425855e-05, -0.7169083459429269, -0.168546806292562, 0.1159935534149028, 0.0643530823189713, 0.11159342181347065, 0.5672062786576018, -0.16116537781337414, -0.5139715981786663, -0.5124692705565774, -0.16440841998600764, 0.4083462169315247, -0.8681108226583556, 0.8644328887033732, 0.14693791271155776, -0.2547912513018822, -1, 0.17885427935649667, 0.8345511497451248, -1, 0.8582167933051816, 0.34404747355018506, -0.7874174219525809, 0.32900355485390254, 0.050350022187406904, 0.19683791431108058, 0.7298659778653378, 0.9707661213412018, -0.9558554062386444, 0.05830449953505945, 0.03842749382088606, -0.8921587328714462, 0.9175066826291245, 0.38645669989267906]
472.4516906738281	(8, 12, 2)	[0.049435452144762526, 0.5075603515815436, -0.7098050628895377, -0.47229950958795475, -0.08888851930701676, 0.8579333308316539, 0.6276718853733887, 0.18198184751905022, -0.13280792824589227, 0.8117477950824208, -0.6379563810623741, -0.9120997241786815, 0.701159014355941, -0.702946425366251, 0.5349964842624738, -0.8345976338829806, -0.042458733608784494, -0.12173929176269162, -0.6111321375813761, -0.2886191017386306, -0.2047722095619156, -0.12409132477005538, 0.5759410513055818, -0.4621059845879032, 0.08026554581098888, -0.05076861319119241, 0.790950901282957, 0.22204023768488756, 0.8494272918886927, 0.4337208461717901, 0.028242934055407898, 0.3360915554081987, 0.8608192737321421, 0.8050392283738061, -0.6335496763378478, -0.9844699618850095, 0.04230511608223586, 0.1222711272523864, 0.41410025769364767, -0.9239988048077841, 0.4437044685291587, -0.12816337882985493, 0.6839247460068234, -0.5427148545964202, 0.22012559381477365, 0.40474717255840553, 0.7396827435086515, -0.7672953730540049, -0.8751575173009796, -0.4286026763933781, 0.759956597261332, 0.5974938583409514, -0.4133466166294394, -0.0024284139218664347, 0.4823819238204461, -0.9371714239904825, -0.34656289980057586, -0.6114114127505603, 0.641641776373221, -0.6580996135368649, -0.47516959273550485, -0.4101935109413024, 0.8307500065321161, 0.06319334221007522, -0.6186300680354304, 0.413579062399444, 0.9636443645103692, -0.11008871550940436, 0.7102221651863263, -0.05875439274517458, -0.8056706659222332, -0.3704347207991958, -0.34560784444541887, -0.8300166213460999, -0.14695353869386985, 0.518887748519705, -0.4724338627220963, 0.7130399586427483, -0.22068652020844068, -0.6015519490200893, 0.5776454481380977, -0.9425632565210529, -0.1040143019338815, 0.9665509552856, -0.46872659517234205, 0.9478783699279154, 2.42315435425855e-05, -0.7169083459429269, -0.168546806292562, 0.1159935534149028, 0.0643530823189713, 0.11159342181347065, 0.5672062786576018, -0.16116537781337414, -0.5139715981786663, -0.5124692705565774, -0.16440841998600764, 0.34237422029307996, -0.8681108226583556, 0.8644328887033732, 0.14693791271155776, -0.2547912513018822, -0.8904956554959678, 0.08306133316618754, 0.8345511497451248, -1, 0.886207000011072, 0.34404747355018506, -0.7874174219525809, 0.32900355485390254, 0.13646161297444315, 0.3312099973547482, 0.20593699274719068, 0.9707661213412018, -0.9558554062386444, 0.23594324559347826, -0.5409528814186586, -0.8921587328714462, 0.9175066826291245, 0.38645669989267906]
-22.967771530151367	(8, 12, 2)	[0.049435452144762526, 0.5075603515815436, -0.7098050628895377, -0.47229950958795475, -0.08888851930701676, 0.8579333308316539, 0.6276718853733887, 0.18198184751905022, -0.13280792824589227, 0.8117477950824208, -0.6379563810623741, -0.9120997241786815, 0.701159014355941, -0.702946425366251, 0.5349964842624738, -0.8345976338829806, -0.042458733608784494, -0.12173929176269162, -0.6111321375813761, -0.2886191017386306, -0.2047722095619156, -0.12409132477005538, 0.5759410513055818, -0.4621059845879032, 0.08026554581098888, -0.05076861319119241, 0.790950901282957, 0.20802636299177507, 0.8494272918886927, 0.4337208461717901, 0.028242934055407898, 0.3360915554081987, 0.8608192737321421, 0.8050392283738061, -0.6335496763378478, -0.9844699618850095, 0.04230511608223586, 0.1222711272523864, 0.41410025769364767, -0.9239988048077841, 0.4437044685291587, -0.12816337882985493, 0.6839247460068234, -0.5427148545964202, 0.22012559381477365, 0.40474717255840553, 0.7396827435086515, -0.7672953730540049, -0.8751575173009796, -0.4286026763933781, 0.759956597261332, 0.5974938583409514, -0.4133466166294394, -0.0024284139218664347, 0.4823819238204461, -0.9371714239904825, -0.34656289980057586, -0.6114114127505603, 0.641641776373221, -0.6580996135368649, -0.47516959273550485, -0.4101935109413024, 0.8307500065321161, 0.026377461643690654, -0.6186300680354304, 0.413579062399444, 0.9636443645103692, -0.11008871550940436, 0.7102221651863263, -0.05875439274517458, -0.8056706659222332, -0.3704347207991958, -0.34560784444541887, -0.8300166213460999, -0.14695353869386985, 0.518887748519705, -0.4724338627220963, 0.7130399586427483, -0.22068652020844068, -0.6015519490200893, 0.5776454481380977, -0.9425632565210529, -0.1040143019338815, 0.9665509552856, -0.46872659517234205, 0.9478783699279154, 2.42315435425855e-05, -0.7169083459429269, -0.168546806292562, 0.1159935534149028, 0.0643530823189713, 0.11159342181347065, 0.5672062786576018, -0.16116537781337414, -0.5139715981786663, -0.5124692705565774, -0.16440841998600764, 0.34237422029307996, -0.8681108226583556, 0.8644328887033732, 0.14693791271155776, -0.2547912513018822, -0.8904956554959678, 0.08306133316618754, 0.8345511497451248, -1, 0.886207000011072, 0.34404747355018506, -0.7874174219525809, 0.32900355485390254, 0.13646161297444315, 0.3312099973547482, 0.20593699274719068, 0.9707661213412018, -0.9558554062386444, 0.23594324559347826, -0.5409528814186586, -0.8921587328714462, 0.9175066826291245, 0.38645669989267906]
-16.01998519897461	(8, 12, 2)	[0.049435452144762526, 0.6292952651348144, -0.7098050628895377, -0.47229950958795475, -0.219982596166252, 0.8579333308316539, 0.6276718853733887, 0.18198184751905022, -0.13280792824589227, 0.8117477950824208, -0.6379563810623741, -0.9120997241786815, 0.701159014355941, -0.4399668298222004, 0.5349964842624738, -0.8345976338829806, -0.042458733608784494, -0.03884391339260507, -0.6111321375813761, -0.2886191017386306, -0.11214828508783214, 0.07068643398267693, 0.5759410513055818, -0.4621059845879032, 0.08026554581098888, -0.13743645738763793, 0.5359099351132015, 0.22204023768488756, 0.8494272918886927, 0.4337208461717901, -0.1215177048539102, 0.299785190412307, 0.7685098514904034, 0.8050392283738061, -0.6335496763378478, -0.9844699618850095, 0.04230511608223586, 0.1222711272523864, 0.10254414156146985, -0.9239988048077841, 0.5622153544564501, -0.06544117132421334, 0.6839247460068234, -0.5427148545964202, 0.22012559381477365, 0.9819876460503517, 0.7396827435086515, -0.7672953730540049, -0.8751575173009796, -0.4286026763933781, 0.759956597261332, 0.5974938583409514, -0.4133466166294394, -0.0024284139218664347, 0.4823819238204461, -0.9371714239904825, -0.34656289980057586, -0.6114114127505603, 0.641641776373221, -0.6580996135368649, -0.47516959273550485, -0.4101935109413024, 0.8307500065321161, 0.026377461643690654, -0.6186300680354304, 0.413579062399444, 0.9636443645103692, -0.11008871550940436, 0.7102221651863263, -0.05875439274517458, -0.8056706659222332, -0.3704347207991958, -0.6866502592848358, -0.8300166213460999, -0.14695353869386985, 0.518887748519705, -0.4724338627220963, 0.7130399586427483, -0.22068652020844068, -0.6015519490200893, 0.5776454481380977, -0.9425632565210529, -0.1040143019338815, 0.9665509552856, -0.46872659517234205, 0.9478783699279154, 2.42315435425855e-05, -0.7169083459429269, -0.168546806292562, 0.1159935534149028, 0.0643530823189713, 0.11159342181347065, 0.5672062786576018, -0.16116537781337414, -0.5139715981786663, -0.5124692705565774, -0.16440841998600764, 0.34237422029307996, -0.8681108226583556, 0.8644328887033732, 0.14693791271155776, -0.2547912513018822, -0.8904956554959678, 0.08306133316618754, 0.8345511497451248, -1, 0.886207000011072, 0.34404747355018506, -0.7874174219525809, 0.32900355485390254, 0.13646161297444315, 0.3312099973547482, 0.20593699274719068, 0.9707661213412018, -0.9558554062386444, 0.05830449953505945, -0.5409528814186586, -0.8921587328714462, 0.9175066826291245, 0.38645669989267906]
482.6972351074219	(8, 12, 2)	[0.049435452144762526, 0.5075603515815436, -0.7098050628895377, -0.47229950958795475, -0.08888851930701676, 0.8579333308316539, 0.6276718853733887, 0.18198184751905022, -0.13280792824589227, 0.8117477950824208, -0.6379563810623741, -0.9120997241786815, 0.701159014355941, -0.702946425366251, 0.5349964842624738, -0.8345976338829806, -0.042458733608784494, -0.12173929176269162, -0.6111321375813761, -0.2886191017386306, -0.2047722095619156, -0.12409132477005538, 0.5759410513055818, -0.4621059845879032, 0.08026554581098888, -0.05076861319119241, 0.790950901282957, 0.22204023768488756, 0.8494272918886927, 0.4337208461717901, 0.028242934055407898, 0.3360915554081987, 0.8608192737321421, 0.8050392283738061, -0.6335496763378478, -0.9844699618850095, 0.04230511608223586, 0.1222711272523864, 0.41410025769364767, -0.9239988048077841, 0.4437044685291587, -0.12816337882985493, 0.6839247460068234, -0.5427148545964202, 0.22012559381477365, 0.40474717255840553, 0.7396827435086515, -0.7672953730540049, -0.8751575173009796, -0.4286026763933781, 0.759956597261332, 0.5974938583409514, -0.4133466166294394, -0.0024284139218664347, 0.4823819238204461, -0.9371714239904825, -0.22321699487170554, -0.6114114127505603, 0.641641776373221, -0.6580996135368649, -0.47516959273550485, -0.4101935109413024, 0.8307500065321161, 0.026377461643690654, -0.6186300680354304, 0.413579062399444, 0.9636443645103692, -0.11008871550940436, 0.7102221651863263, -0.05875439274517458, -0.8056706659222332, -0.3704347207991958, -0.34560784444541887, -0.8300166213460999, -0.14695353869386985, 0.518887748519705, -0.4724338627220963, 0.7130399586427483, -0.22068652020844068, -0.6015519490200893, 0.5776454481380977, -0.9425632565210529, -0.1040143019338815, 0.9665509552856, -0.46872659517234205, 0.9478783699279154, 2.42315435425855e-05, -0.7169083459429269, -0.168546806292562, 0.1159935534149028, 0.0643530823189713, 0.11159342181347065, 0.5672062786576018, -0.16116537781337414, -0.5139715981786663, -0.5124692705565774, -0.16440841998600764, 0.34237422029307996, -0.8681108226583556, 0.8644328887033732, 0.14693791271155776, -0.2547912513018822, -0.8904956554959678, 0.08306133316618754, 0.8345511497451248, -1, 0.886207000011072, 0.34404747355018506, -0.7874174219525809, 0.32900355485390254, 0.13646161297444315, 0.3312099973547482, 0.20593699274719068, 0.9707661213412018, -0.9558554062386444, 0.05830449953505945, -0.5409528814186586, -0.8921587328714462, 0.9175066826291245, 0.38645669989267906]
-13.767226219177246	(8, 12, 2)	[0.049435452144762526, 0.5075603515815436, -0.7098050628895377, -0.47229950958795475, -0.08888851930701676, 0.8579333308316539, 0.6276718853733887, 0.18198184751905022, -0.13280792824589227, 0.8117477950824208, -0.6379563810623741, -0.9120997241786815, 0.701159014355941, -0.702946425366251, 0.5349964842624738, -0.8345976338829806, -0.042458733608784494, -0.12173929176269162, -0.6111321375813761, -0.2886191017386306, -0.2047722095619156, -0.12409132477005538, 0.5759410513055818, -0.4621059845879032, 0.08026554581098888, -0.05076861319119241, 0.790950901282957, 0.22204023768488756, 0.8494272918886927, 0.4337208461717901, 0.028242934055407898, 0.3360915554081987, 0.8608192737321421, 0.8050392283738061, -0.6335496763378478, -0.9844699618850095, 0.04230511608223586, 0.1222711272523864, 0.41410025769364767, -0.9239988048077841, 0.4437044685291587, -0.12816337882985493, 0.6839247460068234, -0.5427148545964202, 0.22012559381477365, 0.40474717255840553, 0.7396827435086515, -0.7672953730540049, -0.8751575173009796, -0.4286026763933781, 0.759956597261332, 0.5974938583409514, -0.4133466166294394, -0.0024284139218664347, 0.4823819238204461, -0.9371714239904825, -0.22321699487170554, -0.6114114127505603, 0.641641776373221, -0.6580996135368649, -0.47516959273550485, -0.4101935109413024, 0.8307500065321161, 0.026377461643690654, -0.6186300680354304, 0.413579062399444, 0.9636443645103692, -0.11008871550940436, 0.7102221651863263, -0.05875439274517458, -0.8056706659222332, -0.3704347207991958, -0.34560784444541887, -0.8300166213460999, -0.14695353869386985, 0.518887748519705, -0.4724338627220963, 0.7130399586427483, -0.22068652020844068, -0.6015519490200893, 0.5776454481380977, -0.9425632565210529, -0.1040143019338815, 0.9665509552856, -0.46872659517234205, 0.9478783699279154, 2.42315435425855e-05, -0.7169083459429269, -0.168546806292562, 0.1159935534149028, 0.0643530823189713, 0.11159342181347065, 0.5672062786576018, -0.16116537781337414, -0.5139715981786663, -0.5124692705565774, -0.16440841998600764, 0.34237422029307996, -0.8681108226583556, 0.8644328887033732, 0.14693791271155776, -0.2547912513018822, -0.8904956554959678, 0.08306133316618754, 0.8345511497451248, -1, 0.886207000011072, 0.34404747355018506, -0.7874174219525809, 0.32900355485390254, 0.13646161297444315, 0.3312099973547482, 0.20593699274719068, 0.9707661213412018, -0.9558554062386444, 0.05830449953505945, -0.5409528814186586, -0.8921587328714462, 0.9175066826291245, 0.38645669989267906]
-18.891998291015625	(8, 12, 2)	[0.049435452144762526, 0.5075603515815436, -0.7098050628895377, -0.47229950958795475, -0.08888851930701676, 0.8579333308316539, 0.6276718853733887, 0.18198184751905022, -0.13280792824589227, 0.8117477950824208, -0.6379563810623741, -0.9120997241786815, 0.701159014355941, -0.702946425366251, 0.5349964842624738, -0.8345976338829806, -0.042458733608784494, -0.12173929176269162, -0.6111321375813761, -0.2886191017386306, -0.2047722095619156, -0.12409132477005538, 0.5759410513055818, -0.4621059845879032, 0.08026554581098888, -0.05076861319119241, 0.790950901282957, 0.22204023768488756, 0.8494272918886927, 0.4337208461717901, 0.028242934055407898, 0.3360915554081987, 0.8608192737321421, 0.8050392283738061, -0.6335496763378478, -0.9844699618850095, 0.04230511608223586, 0.1222711272523864, 0.41410025769364767, -0.9239988048077841, 0.4437044685291587, -0.12816337882985493, 0.6839247460068234, -0.5427148545964202, 0.22012559381477365, 0.40474717255840553, 0.7396827435086515, -0.7672953730540049, -0.8751575173009796, -0.4286026763933781, 0.759956597261332, 0.5974938583409514, -0.4133466166294394, -0.0024284139218664347, 0.4823819238204461, -0.9371714239904825, -0.22321699487170554, -0.6114114127505603, 0.641641776373221, -0.6580996135368649, -0.47516959273550485, -0.4101935109413024, 0.8307500065321161, 0.06319334221007522, -0.6186300680354304, 0.413579062399444, 0.9636443645103692, -0.11008871550940436, 0.7102221651863263, -0.05875439274517458, -0.8056706659222332, -0.3704347207991958, -0.34560784444541887, -0.8300166213460999, -0.14695353869386985, 0.518887748519705, -0.4724338627220963, 0.7130399586427483, -0.22068652020844068, -0.6015519490200893, 0.5776454481380977, -0.9425632565210529, -0.1040143019338815, 0.9665509552856, -0.46872659517234205, 0.9478783699279154, 2.42315435425855e-05, -0.7169083459429269, -0.168546806292562, 0.1159935534149028, 0.0643530823189713, 0.11159342181347065, 0.5672062786576018, -0.16116537781337414, -0.5139715981786663, -0.5124692705565774, -0.16440841998600764, 0.34237422029307996, -0.8681108226583556, 0.8644328887033732, 0.14693791271155776, -0.2547912513018822, -0.8904956554959678, 0.08306133316618754, 0.8345511497451248, -1, 0.886207000011072, 0.34404747355018506, -0.7874174219525809, 0.32900355485390254, 0.13646161297444315, 0.3312099973547482, 0.20593699274719068, 0.9707661213412018, -0.9558554062386444, 0.05830449953505945, -0.5409528814186586, -0.8921587328714462, 0.9175066826291245, 0.38645669989267906]
-29.429527282714844	(8, 12, 2)	[0.049435452144762526, 0.5075603515815436, -0.7098050628895377, -0.47229950958795475, -0.08888851930701676, 0.8579333308316539, 0.6276718853733887, 0.18198184751905022, -0.13280792824589227, 0.8117477950824208, -0.6379563810623741, -0.771579941432059, 0.701159014355941, -0.702946425366251, 0.5349964842624738, -0.8345976338829806, -0.042458733608784494, -0.12173929176269162, -0.6111321375813761, -0.2886191017386306, -0.2047722095619156, -0.12409132477005538, 0.5759410513055818, -0.4621059845879032, 0.08026554581098888, -0.05076861319119241, 0.790950901282957, 0.22204023768488756, 0.8494272918886927, 0.4337208461717901, 0.028242934055407898, 0.3360915554081987, 0.8608192737321421, 0.8050392283738061, -0.6335496763378478, -0.9844699618850095, 0.04230511608223586, 0.1222711272523864, 0.41410025769364767, -0.9239988048077841, 0.4437044685291587, -0.12816337882985493, 0.6839247460068234, -0.5427148545964202, 0.22012559381477365, 0.40474717255840553, 0.7396827435086515, -0.7672953730540049, -0.8751575173009796, -0.4286026763933781, 0.759956597261332, 0.5974938583409514, -0.4133466166294394, -0.0024284139218664347, 0.4823819238204461, -0.9371714239904825, -0.22321699487170554, -0.6114114127505603, 0.641641776373221, -0.6580996135368649, -0.47516959273550485, -0.4101935109413024, 0.8307500065321161, 0.026377461643690654, -0.8378440082610468, 0.413579062399444, 0.9636443645103692, -0.11008871550940436, 0.7102221651863263, -0.05875439274517458, -0.8056706659222332, -0.3704347207991958, -0.34560784444541887, -0.8300166213460999, -0.14695353869386985, 0.518887748519705, -0.4724338627220963, 0.7130399586427483, -0.22068652020844068, -0.6015519490200893, 0.5776454481380977, -0.9425632565210529, -0.1040143019338815, 0.8479691819471037, -0.46872659517234205, 0.9478783699279154, 2.42315435425855e-05, -0.7169083459429269, -0.168546806292562, 0.1159935534149028, 0.0643530823189713, 0.11159342181347065, 0.5672062786576018, -0.16116537781337414, -0.5139715981786663, -0.5124692705565774, -0.16440841998600764, 0.34237422029307996, -0.8681108226583556, 0.8644328887033732, 0.14693791271155776, -0.2547912513018822, -0.8904956554959678, 0.08306133316618754, 0.8345511497451248, -1, 0.886207000011072, 0.34404747355018506, -0.7874174219525809, 0.32900355485390254, 0.13646161297444315, 0.3312099973547482, 0.20593699274719068, 0.9707661213412018, -0.9558554062386444, 0.05830449953505945, -0.5409528814186586, -0.8921587328714462, 0.9175066826291245, 0.38645669989267906]
468.59100341796875	(8, 12, 2)	[0.049435452144762526, 0.5075603515815436, -0.7098050628895377, -0.47229950958795475, -0.08888851930701676, 0.8579333308316539, 0.6276718853733887, 0.18198184751905022, -0.13280792824589227, 0.8117477950824208, -0.6379563810623741, -0.9120997241786815, 0.701159014355941, -0.702946425366251, 0.5349964842624738, -0.8345976338829806, -0.042458733608784494, -0.12173929176269162, -0.6111321375813761, -0.2886191017386306, -0.2047722095619156, -0.12409132477005538, 0.5759410513055818, -0.4621059845879032, 0.08026554581098888, -0.05076861319119241, 0.790950901282957, 0.22204023768488756, 0.8494272918886927, 0.4337208461717901, 0.028242934055407898, 0.3360915554081987, 0.8608192737321421, 0.8050392283738061, -0.6335496763378478, -0.9844699618850095, 0.04230511608223586, 0.1222711272523864, 0.41410025769364767, -0.9239988048077841, 0.4437044685291587, -0.12816337882985493, 0.6839247460068234, -0.5427148545964202, 0.22012559381477365, 0.40474717255840553, 0.7396827435086515, -0.7672953730540049, -0.8751575173009796, -0.4286026763933781, 0.759956597261332, 0.5974938583409514, -0.4133466166294394, -0.0024284139218664347, 0.4823819238204461, -0.9371714239904825, -0.22321699487170554, -0.6114114127505603, 0.641641776373221, -0.6580996135368649, -0.47516959273550485, -0.4101935109413024, 0.8307500065321161, 0.06319334221007522, -0.6186300680354304, 0.413579062399444, 0.9636443645103692, -0.11008871550940436, 0.7102221651863263, -0.05875439274517458, -0.8056706659222332, -0.3704347207991958, -0.34560784444541887, -0.8300166213460999, -0.14695353869386985, 0.5098608044258016, -0.4724338627220963, 0.7130399586427483, -0.22068652020844068, -0.6015519490200893, 0.5776454481380977, -0.9425632565210529, -0.1040143019338815, 0.9665509552856, -0.46872659517234205, 0.9478783699279154, 2.42315435425855e-05, -0.7169083459429269, -0.168546806292562, 0.1159935534149028, 0.0643530823189713, 0.11159342181347065, 0.5672062786576018, -0.16116537781337414, -0.5139715981786663, -0.5124692705565774, -0.16440841998600764, 0.34237422029307996, -0.8681108226583556, 0.8644328887033732, 0.14693791271155776, -0.2547912513018822, -0.8904956554959678, 0.08306133316618754, 0.8345511497451248, -1, 0.886207000011072, 0.34404747355018506, -0.7874174219525809, 0.32900355485390254, 0.13646161297444315, 0.3312099973547482, 0.20593699274719068, 0.9707661213412018, -0.9558554062386444, 0.05830449953505945, -0.5409528814186586, -0.8921587328714462, 0.9175066826291245, 0.38645669989267906]
482.6065979003906	(8, 12, 2)	[0.049435452144762526, 0.5075603515815436, -0.7098050628895377, -0.47229950958795475, -0.08888851930701676, 0.8579333308316539, 0.6276718853733887, 0.18198184751905022, -0.13280792824589227, 0.8117477950824208, -0.6379563810623741, -0.9120997241786815, 0.701159014355941, -0.702946425366251, 0.5349964842624738, -0.8345976338829806, -0.042458733608784494, -0.12173929176269162, -0.6111321375813761, -0.2886191017386306, -0.2047722095619156, -0.12409132477005538, 0.5759410513055818, -0.4621059845879032, 0.08026554581098888, -0.05076861319119241, 0.790950901282957, 0.22204023768488756, 0.8494272918886927, 0.4337208461717901, 0.028242934055407898, 0.3360915554081987, 0.8608192737321421, 0.8050392283738061, -0.6335496763378478, -0.9844699618850095, 0.04230511608223586, 0.1222711272523864, 0.41410025769364767, -0.9239988048077841, 0.4437044685291587, -0.12816337882985493, 0.6839247460068234, -0.5427148545964202, 0.22012559381477365, 0.40474717255840553, 0.7396827435086515, -0.7672953730540049, -0.8751575173009796, -0.4286026763933781, 0.759956597261332, 0.5974938583409514, -0.4133466166294394, -0.0024284139218664347, 0.4823819238204461, -0.9371714239904825, -0.22321699487170554, -0.6114114127505603, 0.641641776373221, -0.6580996135368649, -0.47516959273550485, -0.4101935109413024, 0.8307500065321161, 0.06319334221007522, -0.6186300680354304, 0.413579062399444, 0.9636443645103692, -0.11008871550940436, 0.7102221651863263, -0.05875439274517458, -0.8056706659222332, -0.3704347207991958, -0.34560784444541887, -0.8300166213460999, -0.14695353869386985, 0.5098608044258016, -0.4724338627220963, 0.7130399586427483, -0.22068652020844068, -0.6015519490200893, 0.5776454481380977, -0.9425632565210529, -0.1040143019338815, 0.9665509552856, -0.46872659517234205, 0.9478783699279154, 2.42315435425855e-05, -0.7169083459429269, -0.168546806292562, 0.1159935534149028, 0.0643530823189713, 0.11159342181347065, 0.5672062786576018, -0.16116537781337414, -0.5139715981786663, -0.5124692705565774, -0.16440841998600764, 0.34237422029307996, -0.8681108226583556, 0.8644328887033732, 0.14693791271155776, -0.2547912513018822, -0.8904956554959678, 0.08306133316618754, 0.8345511497451248, -1, 0.886207000011072, 0.34404747355018506, -0.7874174219525809, 0.32900355485390254, 0.13646161297444315, 0.3312099973547482, 0.20593699274719068, 0.9707661213412018, -0.9558554062386444, 0.05830449953505945, -0.5409528814186586, -0.8921587328714462, 0.9175066826291245, 0.38645669989267906]
-16.115446090698242	(8, 12, 2)	[0.049435452144762526, 0.5075603515815436, -0.7098050628895377, -0.47229950958795475, -0.08888851930701676, 0.8579333308316539, 0.6276718853733887, 0.18198184751905022, -0.13280792824589227, 0.8117477950824208, -0.6379563810623741, -0.9120997241786815, 0.701159014355941, -0.702946425366251, 0.5349964842624738, -0.8345976338829806, -0.042458733608784494, -0.12173929176269162, -0.6111321375813761, -0.2886191017386306, -0.2047722095619156, -0.12409132477005538, 0.6582822520611613, -0.4621059845879032, 0.08026554581098888, -0.05076861319119241, 0.790950901282957, 0.22204023768488756, 0.8494272918886927, 0.4337208461717901, 0.028242934055407898, 0.3360915554081987, 0.8608192737321421, 0.8050392283738061, -0.6335496763378478, -0.9844699618850095, 0.04230511608223586, 0.1222711272523864, 0.41410025769364767, -0.9239988048077841, 0.4437044685291587, -0.12816337882985493, 0.6839247460068234, -0.5427148545964202, 0.22012559381477365, 0.40474717255840553, 0.7396827435086515, -0.7672953730540049, -0.8751575173009796, -0.4286026763933781, 0.7839909553453899, 0.5974938583409514, -0.4133466166294394, 0.05792369926152226, 0.4823819238204461, -0.9371714239904825, -0.22321699487170554, -0.6114114127505603, 0.641641776373221, -0.6580996135368649, -0.47516959273550485, -0.4101935109413024, 0.8307500065321161, 0.06319334221007522, -0.6186300680354304, 0.413579062399444, 0.9636443645103692, -0.11008871550940436, 0.7102221651863263, -0.05875439274517458, -0.8056706659222332, -0.3704347207991958, -0.34560784444541887, -0.8300166213460999, -0.14695353869386985, 0.518887748519705, -0.464312592905348, 0.7130399586427483, -0.22068652020844068, -0.6015519490200893, 0.5776454481380977, -0.9425632565210529, -0.1040143019338815, 0.9665509552856, -0.46872659517234205, 0.9478783699279154, 2.42315435425855e-05, -0.7169083459429269, -0.168546806292562, 0.1159935534149028, 0.0643530823189713, 0.11159342181347065, 0.5672062786576018, -0.16116537781337414, -0.5497694131032818, -0.5124692705565774, -0.16440841998600764, 0.4083462169315247, -0.8681108226583556, 0.8644328887033732, 0.14693791271155776, -0.2547912513018822, -0.8362205134299117, 0.17885427935649667, 0.8345511497451248, -1, 1, 0.34404747355018506, -0.7874174219525809, 0.32900355485390254, 0.13646161297444315, 0.3312099973547482, 0.20593699274719068, 0.9707661213412018, -0.9558554062386444, 0.05830449953505945, -0.5409528814186586, -0.8921587328714462, 0.9175066826291245, 0.38645669989267906]
472.509765625	(8, 12, 2)	[0.049435452144762526, 0.5075603515815436, -0.7098050628895377, -0.47229950958795475, -0.08888851930701676, 0.8579333308316539, 0.6276718853733887, 0.18198184751905022, -0.13280792824589227, 0.8117477950824208, -0.6379563810623741, -0.9120997241786815, 0.701159014355941, -0.702946425366251, 0.5349964842624738, -0.8345976338829806, -0.042458733608784494, -0.12173929176269162, -0.6111321375813761, -0.2886191017386306, -0.2047722095619156, -0.12409132477005538, 0.6582822520611613, -0.4621059845879032, 0.08026554581098888, -0.05076861319119241, 0.790950901282957, 0.22204023768488756, 0.8494272918886927, 0.4337208461717901, 0.028242934055407898, 0.3360915554081987, 0.8608192737321421, 0.8050392283738061, -0.6335496763378478, -0.9844699618850095, 0.04230511608223586, 0.1222711272523864, 0.41410025769364767, -0.9239988048077841, 0.4437044685291587, -0.12816337882985493, 0.6839247460068234, -0.5427148545964202, 0.22012559381477365, 0.40474717255840553, 0.7396827435086515, -0.7672953730540049, -0.8751575173009796, -0.4286026763933781, 0.759956597261332, 0.5974938583409514, -0.4133466166294394, -0.0024284139218664347, 0.4823819238204461, -0.9371714239904825, -0.22321699487170554, -0.6114114127505603, 0.641641776373221, -0.6580996135368649, -0.47516959273550485, -0.4101935109413024, 0.8307500065321161, 0.06319334221007522, -0.6186300680354304, 0.413579062399444, 0.9636443645103692, -0.11008871550940436, 0.7102221651863263, -0.05875439274517458, -0.8056706659222332, -0.3704347207991958, -0.34560784444541887, -0.8300166213460999, -0.14695353869386985, 0.518887748519705, -0.4724338627220963, 0.7130399586427483, -0.22068652020844068, -0.6015519490200893, 0.5776454481380977, -0.9425632565210529, -0.1040143019338815, 0.9665509552856, -0.46872659517234205, 0.9478783699279154, 2.42315435425855e-05, -0.7169083459429269, -0.168546806292562, 0.1159935534149028, 0.0643530823189713, 0.11159342181347065, 0.5672062786576018, -0.16116537781337414, -0.5139715981786663, -0.5124692705565774, -0.16440841998600764, 0.4083462169315247, -0.8681108226583556, 0.8644328887033732, 0.14693791271155776, -0.2547912513018822, -0.8362205134299117, 0.08306133316618754, 0.8345511497451248, -1, 0.886207000011072, 0.34404747355018506, -0.7874174219525809, 0.32900355485390254, 0.13646161297444315, 0.3312099973547482, 0.20593699274719068, 0.9707661213412018, -0.9558554062386444, 0.23594324559347826, -0.5409528814186586, -0.8921587328714462, 0.9175066826291245, 0.38645669989267906]
482.6856384277344	(8, 12, 2)	[0.049435452144762526, 0.5075603515815436, -0.7098050628895377, -0.47229950958795475, -0.08888851930701676, 0.8579333308316539, 0.6276718853733887, 0.18198184751905022, -0.13280792824589227, 0.8117477950824208, -0.6379563810623741, -0.9120997241786815, 0.701159014355941, -0.702946425366251, 0.5349964842624738, -0.8345976338829806, -0.042458733608784494, -0.12173929176269162, -0.6111321375813761, -0.2886191017386306, -0.2047722095619156, -0.12409132477005538, 0.6582822520611613, -0.4621059845879032, 0.08026554581098888, -0.05076861319119241, 0.790950901282957, 0.22204023768488756, 0.8494272918886927, 0.4337208461717901, 0.028242934055407898, 0.3360915554081987, 0.8608192737321421, 0.8050392283738061, -0.6335496763378478, -0.9844699618850095, 0.04230511608223586, 0.1222711272523864, 0.41410025769364767, -0.9239988048077841, 0.4437044685291587, -0.12816337882985493, 0.6839247460068234, -0.5427148545964202, 0.22012559381477365, 0.40474717255840553, 0.7396827435086515, -0.7672953730540049, -0.8751575173009796, -0.4286026763933781, 0.759956597261332, 0.5974938583409514, -0.4133466166294394, -0.0024284139218664347, 0.4823819238204461, -0.9371714239904825, -0.22321699487170554, -0.6114114127505603, 0.641641776373221, -0.6580996135368649, -0.47516959273550485, -0.4101935109413024, 0.8307500065321161, 0.06319334221007522, -0.6186300680354304, 0.413579062399444, 0.9636443645103692, -0.11008871550940436, 0.7102221651863263, -0.05875439274517458, -0.8056706659222332, -0.3704347207991958, -0.34560784444541887, -0.8300166213460999, -0.14695353869386985, 0.518887748519705, -0.4724338627220963, 0.7130399586427483, -0.22068652020844068, -0.6015519490200893, 0.5776454481380977, -0.9425632565210529, -0.1040143019338815, 0.9665509552856, -0.46872659517234205, 0.9478783699279154, 2.42315435425855e-05, -0.7169083459429269, -0.168546806292562, 0.1159935534149028, 0.0643530823189713, 0.11159342181347065, 0.5672062786576018, -0.16116537781337414, -0.5139715981786663, -0.5124692705565774, -0.16440841998600764, 0.4083462169315247, -0.8681108226583556, 0.8644328887033732, 0.14693791271155776, -0.2547912513018822, -0.8362205134299117, 0.08306133316618754, 0.8345511497451248, -1, 0.886207000011072, 0.34404747355018506, -0.7874174219525809, 0.32900355485390254, 0.13646161297444315, 0.3312099973547482, 0.20593699274719068, 0.9707661213412018, -0.9558554062386444, 0.23594324559347826, -0.5409528814186586, -0.8921587328714462, 0.9175066826291245, 0.38645669989267906]
474.8021240234375	(8, 12, 2)	[0.049435452144762526, 0.5075603515815436, -0.7098050628895377, -0.47229950958795475, -0.08888851930701676, 0.8579333308316539, 0.6276718853733887, 0.18198184751905022, -0.13280792824589227, 0.8117477950824208, -0.6379563810623741, -0.9120997241786815, 0.701159014355941, -0.702946425366251, 0.5349964842624738, -0.8345976338829806, -0.042458733608784494, -0.12173929176269162, -0.6111321375813761, -0.2886191017386306, -0.2047722095619156, -0.12409132477005538, 0.6582822520611613, -0.4621059845879032, 0.08026554581098888, -0.05076861319119241, 0.790950901282957, 0.22204023768488756, 0.8494272918886927, 0.4337208461717901, 0.028242934055407898, 0.3360915554081987, 0.8608192737321421, 0.8050392283738061, -0.6335496763378478, -0.9844699618850095, 0.04230511608223586, 0.1222711272523864, 0.41410025769364767, -0.9239988048077841, 0.4437044685291587, -0.12816337882985493, 0.6839247460068234, -0.5427148545964202, 0.22012559381477365, 0.40474717255840553, 0.7396827435086515, -0.7672953730540049, -0.8751575173009796, -0.4286026763933781, 0.7839909553453899, 0.5974938583409514, -0.4133466166294394, 0.05792369926152226, 0.4823819238204461, -0.9371714239904825, -0.22321699487170554, -0.6114114127505603, 0.641641776373221, -0.6580996135368649, -0.47516959273550485, -0.4101935109413024, 0.8307500065321161, 0.06319334221007522, -0.6186300680354304, 0.413579062399444, 0.9636443645103692, -0.11008871550940436, 0.7102221651863263, -0.05875439274517458, -0.8056706659222332, -0.3704347207991958, -0.34560784444541887, -0.8300166213460999, -0.14695353869386985, 0.518887748519705, -0.464312592905348, 0.7130399586427483, -0.22068652020844068, -0.6015519490200893, 0.5776454481380977, -0.9425632565210529, -0.1040143019338815, 0.9665509552856, -0.46872659517234205, 0.9478783699279154, 2.42315435425855e-05, -0.7169083459429269, -0.168546806292562, 0.1159935534149028, 0.0643530823189713, 0.11159342181347065, 0.5672062786576018, -0.16116537781337414, -0.5497694131032818, -0.5124692705565774, -0.16440841998600764, 0.4083462169315247, -0.8681108226583556, 0.8644328887033732, 0.14693791271155776, -0.2547912513018822, -0.8362205134299117, 0.08306133316618754, 0.8345511497451248, -1, 0.886207000011072, 0.34404747355018506, -0.7874174219525809, 0.32900355485390254, 0.13646161297444315, 0.3312099973547482, 0.20593699274719068, 0.9707661213412018, -0.9558554062386444, 0.23594324559347826, -1, -0.8921587328714462, 0.9175066826291245, 0.38645669989267906]
-23.58265495300293	(8, 12, 2)	[0.049435452144762526, 0.5075603515815436, -0.7098050628895377, -0.47229950958795475, -0.08888851930701676, 0.8579333308316539, 0.6276718853733887, 0.18198184751905022, -0.13280792824589227, 0.8117477950824208, -0.6379563810623741, -0.9120997241786815, 0.6241235504539451, -0.702946425366251, 0.5349964842624738, -0.8345976338829806, -0.042458733608784494, -0.12173929176269162, -0.6111321375813761, -0.2886191017386306, -0.2047722095619156, -0.12409132477005538, 0.393180662333435, -0.4621059845879032, 0.08026554581098888, 0.0893941832130011, 0.790950901282957, 0.22204023768488756, 0.8494272918886927, 0.4337208461717901, 0.028242934055407898, 0.3360915554081987, 0.8608192737321421, 0.8050392283738061, -0.6335496763378478, -0.9844699618850095, 0.04230511608223586, 0.1222711272523864, 0.41410025769364767, -0.9239988048077841, 0.4437044685291587, -0.12816337882985493, 0.6839247460068234, -0.5427148545964202, 0.22012559381477365, 0.40474717255840553, 0.7396827435086515, -0.7672953730540049, -0.8751575173009796, -0.4286026763933781, 0.7839909553453899, 0.5974938583409514, -0.4133466166294394, 0.05792369926152226, 0.4823819238204461, -0.9371714239904825, 0.1146095373326379, -0.6114114127505603, 0.641641776373221, -0.6580996135368649, -0.47516959273550485, -0.4101935109413024, 0.8307500065321161, 0.06319334221007522, -0.6186300680354304, 0.413579062399444, 0.9636443645103692, -0.11008871550940436, 0.7102221651863263, -0.05875439274517458, -0.8056706659222332, -0.3704347207991958, -0.34560784444541887, -0.8300166213460999, -0.14695353869386985, 0.518887748519705, -0.464312592905348, 0.7130399586427483, -0.22068652020844068, -0.6015519490200893, 0.5776454481380977, -0.9425632565210529, -0.1040143019338815, 0.9665509552856, -0.46872659517234205, 0.9478783699279154, 2.42315435425855e-05, -0.7169083459429269, -0.168546806292562, 0.1159935534149028, 0.0643530823189713, 0.11159342181347065, 0.5672062786576018, -0.16116537781337414, -0.5497694131032818, -0.5124692705565774, -0.16440841998600764, 0.4083462169315247, -0.8681108226583556, 0.8644328887033732, 0.14693791271155776, -0.2547912513018822, -0.8362205134299117, 0.17885427935649667, 0.8345511497451248, -1, 1, 0.34404747355018506, -0.7874174219525809, 0.32900355485390254, 0.13646161297444315, 0.3312099973547482, 0.20593699274719068, 0.9707661213412018, -0.8873400019644415, 0.23594324559347826, -0.5409528814186586, -0.8921587328714462, 0.9175066826291245, 0.38645669989267906]
-16.98932456970215	(8, 12, 2)	[0.049435452144762526, 0.5075603515815436, -0.7098050628895377, -0.47229950958795475, -0.08888851930701676, 0.8579333308316539, 0.6276718853733887, 0.18198184751905022, -0.13280792824589227, 0.8117477950824208, -0.6379563810623741, -0.9120997241786815, 0.701159014355941, -0.702946425366251, 0.5349964842624738, -0.8345976338829806, -0.042458733608784494, -0.12173929176269162, -0.6111321375813761, -0.2886191017386306, -0.21480861507940135, -0.12409132477005538, 0.393180662333435, -0.4621059845879032, 0.08026554581098888, -0.05076861319119241, 0.790950901282957, 0.22204023768488756, 0.8494272918886927, 0.4337208461717901, 0.028242934055407898, 0.3360915554081987, 0.8608192737321421, 0.8050392283738061, -0.6335496763378478, -0.9844699618850095, 0.04230511608223586, 0.1222711272523864, 0.41410025769364767, -0.9239988048077841, 0.4437044685291587, -0.12816337882985493, 0.6839247460068234, -0.5427148545964202, 0.22012559381477365, 0.40474717255840553, 0.7396827435086515, -0.7672953730540049, -0.8751575173009796, -0.4286026763933781, 0.7839909553453899, 0.5974938583409514, -0.4133466166294394, 0.05792369926152226, 0.4823819238204461, -0.9371714239904825, -0.22321699487170554, -0.6114114127505603, 0.641641776373221, -0.6580996135368649, -0.47516959273550485, -0.4101935109413024, 0.8307500065321161, 0.06319334221007522, -0.6186300680354304, 0.413579062399444, 0.9636443645103692, -0.11008871550940436, 0.7102221651863263, -0.05875439274517458, -0.8056706659222332, -0.3704347207991958, -0.34560784444541887, -0.8300166213460999, -0.14695353869386985, 0.518887748519705, -0.464312592905348, 0.7130399586427483, -0.22068652020844068, -0.6015519490200893, 0.5776454481380977, -0.9425632565210529, -0.1040143019338815, 0.9665509552856, -0.46872659517234205, 0.9478783699279154, 2.42315435425855e-05, -0.7169083459429269, -0.168546806292562, 0.1159935534149028, 0.0643530823189713, 0.11159342181347065, 0.5672062786576018, -0.16116537781337414, -0.5497694131032818, -0.5124692705565774, -0.16440841998600764, 0.46372266644259547, -0.8681108226583556, 0.8644328887033732, 0.14693791271155776, -0.2547912513018822, -0.8362205134299117, 0.08306133316618754, 0.8345511497451248, -1, 0.886207000011072, 0.34404747355018506, -0.7874174219525809, 0.32900355485390254, 0.13646161297444315, 0.3312099973547482, 0.20593699274719068, 0.9707661213412018, -0.9558554062386444, 0.23594324559347826, -1, -0.8921587328714462, 0.9175066826291245, 0.38645669989267906]
-21.20025062561035	(8, 12, 2)	[0.049435452144762526, 0.5075603515815436, -0.7098050628895377, -0.47229950958795475, -0.08888851930701676, 0.8579333308316539, 0.6276718853733887, 0.18198184751905022, -0.13280792824589227, 0.8117477950824208, -0.6379563810623741, -0.9120997241786815, 0.701159014355941, -0.702946425366251, 0.5349964842624738, -0.8345976338829806, -0.042458733608784494, -0.12173929176269162, -0.6111321375813761, -0.2886191017386306, -0.21480861507940135, -0.12409132477005538, 0.393180662333435, -0.4621059845879032, 0.08026554581098888, -0.05076861319119241, 0.790950901282957, 0.22204023768488756, 0.8494272918886927, 0.4337208461717901, 0.028242934055407898, 0.3360915554081987, 0.8608192737321421, 0.8050392283738061, -0.6335496763378478, -0.9844699618850095, 0.04230511608223586, 0.1222711272523864, 0.41410025769364767, -0.9239988048077841, 0.4437044685291587, -0.12816337882985493, 0.6839247460068234, -0.5427148545964202, 0.22012559381477365, 0.40474717255840553, 0.7396827435086515, -0.7672953730540049, -0.8751575173009796, -0.4286026763933781, 0.7839909553453899, 0.5974938583409514, -0.4133466166294394, 0.05792369926152226, 0.4823819238204461, -0.9371714239904825, -0.22321699487170554, -0.6114114127505603, 0.641641776373221, -0.6580996135368649, -0.47516959273550485, -0.4101935109413024, 0.8307500065321161, 0.06319334221007522, -0.6186300680354304, 0.413579062399444, 0.9636443645103692, -0.11008871550940436, 0.7102221651863263, -0.05875439274517458, -0.8056706659222332, -0.3704347207991958, -0.34560784444541887, -0.8300166213460999, -0.14695353869386985, 0.518887748519705, -0.464312592905348, 0.7130399586427483, -0.22068652020844068, -0.6015519490200893, 0.5776454481380977, -0.9425632565210529, -0.1040143019338815, 0.9665509552856, -0.46872659517234205, 0.9478783699279154, 2.42315435425855e-05, -0.7169083459429269, -0.168546806292562, 0.1159935534149028, 0.0643530823189713, 0.11159342181347065, 0.5672062786576018, -0.16116537781337414, -0.5497694131032818, -0.5124692705565774, -0.16440841998600764, 0.46372266644259547, -0.8681108226583556, 0.8644328887033732, 0.14693791271155776, -0.2547912513018822, -0.8362205134299117, 0.08306133316618754, 0.8345511497451248, -1, 0.886207000011072, 0.34404747355018506, -0.7874174219525809, 0.32900355485390254, 0.13646161297444315, 0.3312099973547482, 0.20593699274719068, 0.9707661213412018, -0.9558554062386444, 0.23594324559347826, -1, -0.8921587328714462, 0.9175066826291245, 0.38645669989267906]
483.3074035644531	(8, 12, 2)	[0.049435452144762526, 0.5075603515815436, -0.7098050628895377, -0.47229950958795475, -0.08888851930701676, 0.8579333308316539, 0.6276718853733887, 0.18198184751905022, -0.13280792824589227, 0.8117477950824208, -0.6379563810623741, -0.9263597866067436, 0.701159014355941, -0.702946425366251, 0.5349964842624738, -0.8345976338829806, -0.042458733608784494, -0.12173929176269162, -0.6111321375813761, -0.2886191017386306, -0.2047722095619156, -0.12409132477005538, 0.6582822520611613, -0.4621059845879032, 0.08026554581098888, -0.05076861319119241, 0.790950901282957, 0.22204023768488756, 0.8494272918886927, 0.4337208461717901, 0.028242934055407898, 0.3360915554081987, 0.8608192737321421, 0.8050392283738061, -0.6335496763378478, -0.9844699618850095, 0.04230511608223586, 0.1222711272523864, 0.41410025769364767, -0.9239988048077841, 0.4437044685291587, -0.12816337882985493, 0.6839247460068234, -0.5427148545964202, 0.22012559381477365, 0.40474717255840553, 0.7396827435086515, -0.7672953730540049, -0.8751575173009796, -0.4286026763933781, 0.7839909553453899, 0.5974938583409514, -0.4133466166294394, 0.05792369926152226, 0.4823819238204461, -0.9371714239904825, -0.22321699487170554, -0.6114114127505603, 0.641641776373221, -0.6580996135368649, -0.47516959273550485, -0.4101935109413024, 0.8307500065321161, 0.06319334221007522, -0.6186300680354304, 0.413579062399444, 0.9636443645103692, -0.11008871550940436, 0.7102221651863263, -0.05875439274517458, -0.8056706659222332, -0.3704347207991958, -0.34560784444541887, -0.8300166213460999, -0.14695353869386985, 0.5098608044258016, -0.4724338627220963, 0.7130399586427483, -0.22068652020844068, -0.6015519490200893, 0.5776454481380977, -0.9425632565210529, -0.1040143019338815, 0.9665509552856, -0.46872659517234205, 0.9478783699279154, 2.42315435425855e-05, -0.7169083459429269, -0.168546806292562, 0.1159935534149028, 0.0643530823189713, 0.11159342181347065, 0.5672062786576018, -0.16116537781337414, -0.5497694131032818, -0.5124692705565774, -0.16440841998600764, 0.46372266644259547, -0.8681108226583556, 0.8644328887033732, 0.14693791271155776, -0.2547912513018822, -0.8362205134299117, 0.08306133316618754, 0.8345511497451248, -1, 0.886207000011072, 0.34404747355018506, -0.7874174219525809, 0.32900355485390254, 0.13646161297444315, 0.3312099973547482, 0.20593699274719068, 0.9707661213412018, -0.9558554062386444, 0.23594324559347826, -1, -0.8921587328714462, 0.9175066826291245, 0.38645669989267906]
478.4914245605469	(8, 12, 2)	[0.049435452144762526, 0.5075603515815436, -0.7098050628895377, -0.47229950958795475, -0.08888851930701676, 0.8579333308316539, 0.6276718853733887, 0.18198184751905022, -0.13280792824589227, 0.8117477950824208, -0.6379563810623741, -0.9120997241786815, 0.701159014355941, -0.702946425366251, 0.5349964842624738, -0.8345976338829806, -0.042458733608784494, -0.12173929176269162, -0.6111321375813761, -0.2886191017386306, -0.21480861507940135, -0.12409132477005538, 0.393180662333435, -0.4621059845879032, 0.08026554581098888, -0.05076861319119241, 0.790950901282957, 0.22204023768488756, 0.8494272918886927, 0.4337208461717901, 0.028242934055407898, 0.3360915554081987, 0.8608192737321421, 0.8050392283738061, -0.6335496763378478, -0.9844699618850095, 0.04230511608223586, 0.1222711272523864, 0.41410025769364767, -0.9239988048077841, 0.4437044685291587, -0.12816337882985493, 0.6839247460068234, -0.5427148545964202, 0.22012559381477365, 0.40474717255840553, 0.7396827435086515, -0.7672953730540049, -0.8751575173009796, -0.4286026763933781, 0.7839909553453899, 0.5974938583409514, 0.14571569873986867, 0.05792369926152226, 0.4823819238204461, -0.9371714239904825, -0.22321699487170554, -0.6114114127505603, 0.641641776373221, -0.6580996135368649, -0.47516959273550485, -0.4101935109413024, 0.8307500065321161, 0.06319334221007522, -0.6186300680354304, 0.413579062399444, 0.9636443645103692, -0.11008871550940436, 0.7102221651863263, -0.05875439274517458, -0.8056706659222332, -0.3704347207991958, -0.34560784444541887, -0.8300166213460999, -0.14695353869386985, 0.518887748519705, -0.464312592905348, 0.7130399586427483, -0.22068652020844068, -0.6015519490200893, 0.5776454481380977, -0.9425632565210529, -0.1040143019338815, 0.9665509552856, -0.46872659517234205, 0.9478783699279154, -0.07044141889684867, -0.7169083459429269, -0.168546806292562, 0.1159935534149028, 0.0643530823189713, 0.11159342181347065, 0.5672062786576018, -0.16116537781337414, -0.5497694131032818, -0.5124692705565774, -0.16440841998600764, 0.4083462169315247, -0.8681108226583556, 0.8644328887033732, 0.14693791271155776, -0.2547912513018822, -0.8362205134299117, 0.08306133316618754, 0.8345511497451248, -1, 0.886207000011072, 0.34404747355018506, -0.7874174219525809, 0.32900355485390254, 0.13646161297444315, 0.3312099973547482, 0.20593699274719068, 0.9707661213412018, -0.9558554062386444, 0.23594324559347826, -1, -0.8921587328714462, 0.9175066826291245, 0.38645669989267906]
477.958984375	(8, 12, 2)	[0.049435452144762526, 0.5075603515815436, -0.7098050628895377, -0.47229950958795475, -0.08888851930701676, 0.8579333308316539, 0.6276718853733887, 0.18198184751905022, -0.13280792824589227, 0.8117477950824208, -0.6379563810623741, -0.9120997241786815, 0.701159014355941, -0.702946425366251, 0.5349964842624738, -0.8345976338829806, -0.042458733608784494, -0.12173929176269162, -0.6111321375813761, -0.2886191017386306, -0.21480861507940135, -0.12409132477005538, 0.393180662333435, -0.4621059845879032, 0.08026554581098888, -0.05076861319119241, 0.790950901282957, 0.22204023768488756, 0.8494272918886927, 0.4337208461717901, 0.028242934055407898, 0.3360915554081987, 0.8608192737321421, 0.8050392283738061, -0.6335496763378478, -0.9844699618850095, 0.04230511608223586, 0.1222711272523864, 0.41410025769364767, -0.9239988048077841, 0.4437044685291587, -0.12816337882985493, 0.6839247460068234, -0.5427148545964202, 0.05721932750709843, 0.40474717255840553, 0.7396827435086515, -0.7672953730540049, -0.8751575173009796, -0.4286026763933781, 0.7839909553453899, 0.5974938583409514, -0.4133466166294394, 0.05792369926152226, 0.4823819238204461, -0.9371714239904825, -0.22321699487170554, -0.6114114127505603, 0.641641776373221, -0.6580996135368649, -0.47516959273550485, -0.4101935109413024, 0.8307500065321161, 0.06319334221007522, -0.6186300680354304, 0.413579062399444, 0.9636443645103692, -0.11008871550940436, 0.7102221651863263, -0.05875439274517458, -0.8056706659222332, -0.3704347207991958, -0.34560784444541887, -0.8300166213460999, -0.14695353869386985, 0.518887748519705, -0.464312592905348, 0.7130399586427483, -0.22068652020844068, -0.6015519490200893, 0.5776454481380977, -0.9425632565210529, -0.1040143019338815, 0.9665509552856, -0.46872659517234205, 0.9478783699279154, 2.42315435425855e-05, -0.7169083459429269, -0.168546806292562, 0.1159935534149028, 0.0643530823189713, 0.11159342181347065, 0.5672062786576018, -0.16116537781337414, -0.5497694131032818, -0.5124692705565774, -0.16440841998600764, 0.4083462169315247, -0.8681108226583556, 0.8644328887033732, 0.14693791271155776, -0.2547912513018822, -0.8362205134299117, 0.08306133316618754, 0.8345511497451248, -1, 0.886207000011072, 0.34404747355018506, -0.7874174219525809, 0.32900355485390254, 0.13646161297444315, 0.3312099973547482, 0.20593699274719068, 0.9707661213412018, -0.9558554062386444, 0.23594324559347826, -1, -0.8921587328714462, 0.9175066826291245, 0.38645669989267906]
-24.848487854003906	(8, 12, 2)	[0.049435452144762526, 0.5075603515815436, -0.7098050628895377, -0.47229950958795475, -0.08888851930701676, 0.8579333308316539, 0.6276718853733887, 0.3606941603228946, -0.13280792824589227, 0.8117477950824208, -0.6379563810623741, -0.9120997241786815, 0.701159014355941, -0.702946425366251, 0.5349964842624738, -0.8345976338829806, 0.20697873350231433, -0.12173929176269162, -0.6111321375813761, -0.29198783718779453, -0.21480861507940135, -0.12409132477005538, 0.393180662333435, -0.4621059845879032, 0.08026554581098888, -0.05076861319119241, 0.790950901282957, 0.22204023768488756, 0.8494272918886927, 0.4337208461717901, 0.028242934055407898, 0.3360915554081987, 0.8608192737321421, 0.8050392283738061, -0.6335496763378478, -0.9844699618850095, 0.04230511608223586, 0.1222711272523864, 0.41410025769364767, -0.9239988048077841, 0.4437044685291587, -0.12816337882985493, 0.6839247460068234, -0.5427148545964202, 0.22012559381477365, 0.40474717255840553, 0.7396827435086515, -0.7672953730540049, -0.8751575173009796, -0.4286026763933781, 0.7839909553453899, 0.5974938583409514, -0.4133466166294394, 0.05792369926152226, 0.4823819238204461, -0.9371714239904825, -0.22321699487170554, -0.6114114127505603, 0.641641776373221, -0.6580996135368649, -0.47516959273550485, -0.4101935109413024, 0.8307500065321161, 0.06319334221007522, -0.6186300680354304, 0.413579062399444, 0.9636443645103692, -0.11008871550940436, 0.7102221651863263, -0.05875439274517458, -0.8056706659222332, -0.07623164226081991, -0.34560784444541887, -0.8300166213460999, -0.14695353869386985, 0.518887748519705, -0.464312592905348, 0.7130399586427483, -0.22068652020844068, -0.6015519490200893, 0.5776454481380977, -0.9425632565210529, -0.1040143019338815, 0.9665509552856, -0.46872659517234205, 0.9478783699279154, 2.42315435425855e-05, -0.7169083459429269, -0.168546806292562, 0.1159935534149028, 0.0643530823189713, 0.11159342181347065, 0.5672062786576018, -0.16116537781337414, -0.5497694131032818, -0.5124692705565774, -0.16440841998600764, 0.46372266644259547, -0.8681108226583556, 0.8644328887033732, 0.14693791271155776, -0.2547912513018822, -0.8362205134299117, 0.08306133316618754, 0.8345511497451248, -1, 0.886207000011072, 0.34404747355018506, -0.7874174219525809, 0.32900355485390254, 0.13646161297444315, 0.3312099973547482, 0.20593699274719068, 0.9707661213412018, -0.9558554062386444, 0.23594324559347826, -1, -0.8921587328714462, 0.9175066826291245, 0.38645669989267906]
-19.606441497802734	(8, 12, 2)	[0.049435452144762526, 0.5075603515815436, -0.7098050628895377, -0.47229950958795475, -0.08888851930701676, 0.8579333308316539, 0.6276718853733887, 0.18198184751905022, -0.13280792824589227, 0.8117477950824208, -0.6379563810623741, -0.9120997241786815, 0.701159014355941, -0.702946425366251, 0.5349964842624738, -0.8345976338829806, -0.042458733608784494, -0.12173929176269162, -0.6111321375813761, -0.2886191017386306, -0.21480861507940135, -0.12409132477005538, 0.393180662333435, -0.4621059845879032, 0.08026554581098888, -0.05076861319119241, 0.790950901282957, 0.22204023768488756, 0.8494272918886927, 0.4337208461717901, 0.028242934055407898, 0.3360915554081987, 0.8608192737321421, 0.8050392283738061, -0.6335496763378478, -0.9844699618850095, 0.04230511608223586, 0.1222711272523864, 0.41410025769364767, -0.9239988048077841, 0.4437044685291587, -0.12816337882985493, 0.6839247460068234, -0.5427148545964202, 0.22012559381477365, 0.40474717255840553, 0.7396827435086515, -0.7672953730540049, -0.8751575173009796, -0.4286026763933781, 0.7839909553453899, 0.5974938583409514, 0.14571569873986867, 0.05792369926152226, 0.4823819238204461, -0.9371714239904825, -0.22321699487170554, -0.6114114127505603, 0.641641776373221, -0.6580996135368649, -0.47516959273550485, -0.23471827670946957, 0.8307500065321161, 0.06319334221007522, -0.6186300680354304, 0.413579062399444, 0.9636443645103692, -0.11008871550940436, 0.7102221651863263, -0.05875439274517458, -0.8056706659222332, -0.3704347207991958, -0.34560784444541887, -1, -0.14695353869386985, 0.518887748519705, -0.464312592905348, 0.7130399586427483, -0.22068652020844068, -0.6015519490200893, 0.5776454481380977, -0.9425632565210529, -0.1040143019338815, 0.9665509552856, -0.46872659517234205, 0.9478783699279154, -0.07044141889684867, -0.7169083459429269, -0.168546806292562, 0.1159935534149028, 0.0643530823189713, 0.11159342181347065, 0.5672062786576018, -0.16116537781337414, -0.5497694131032818, -0.5124692705565774, -0.16440841998600764, 0.4083462169315247, -0.8681108226583556, 0.8644328887033732, 0.14693791271155776, -0.2547912513018822, -0.8362205134299117, 0.08306133316618754, 0.8345511497451248, -1, 0.886207000011072, 0.34404747355018506, -0.7874174219525809, 0.32900355485390254, 0.13646161297444315, 0.3312099973547482, 0.20593699274719068, 0.9707661213412018, -0.9558554062386444, 0.23594324559347826, -1, -0.8921587328714462, 0.9175066826291245, 0.38645669989267906]
-11.602534294128418	(8, 12, 2)	[0.049435452144762526, 0.5075603515815436, -0.7098050628895377, -0.47229950958795475, -0.08888851930701676, 0.8579333308316539, 0.6276718853733887, 0.18198184751905022, -0.13280792824589227, 0.8117477950824208, -0.6379563810623741, -0.9120997241786815, 0.701159014355941, -0.42868059216710824, 0.5349964842624738, -0.811310273057071, -0.042458733608784494, -0.12173929176269162, -0.6111321375813761, -0.2886191017386306, -0.21480861507940135, -0.12409132477005538, 0.393180662333435, -0.4621059845879032, 0.08026554581098888, -0.05076861319119241, 0.790950901282957, 0.22204023768488756, 0.8494272918886927, 0.4337208461717901, 0.028242934055407898, 0.3360915554081987, 0.8608192737321421, 0.8050392283738061, -0.6335496763378478, -0.9844699618850095, 0.04230511608223586, 0.1222711272523864, 0.41410025769364767, -0.9239988048077841, 0.4437044685291587, -0.12816337882985493, 0.6839247460068234, -0.5427148545964202, 0.22012559381477365, 0.40474717255840553, 0.7396827435086515, -0.858536526121118, -0.8751575173009796, -0.4286026763933781, 0.7839909553453899, 0.5974938583409514, -0.4133466166294394, 0.05792369926152226, 0.4823819238204461, -0.9371714239904825, -0.22321699487170554, -0.6114114127505603, 0.641641776373221, -0.6580996135368649, -0.47516959273550485, -0.4101935109413024, 0.8307500065321161, 0.06319334221007522, -0.6186300680354304, 0.413579062399444, 0.9636443645103692, -0.11008871550940436, 0.7102221651863263, -0.05875439274517458, -0.8056706659222332, -0.3704347207991958, -0.34560784444541887, -0.8300166213460999, -0.14695353869386985, 0.518887748519705, -0.464312592905348, 0.7130399586427483, -0.22068652020844068, -0.6015519490200893, 0.5776454481380977, -0.9425632565210529, -0.1040143019338815, 0.9665509552856, -0.46872659517234205, 0.9478783699279154, -0.07044141889684867, -0.7169083459429269, -0.168546806292562, 0.1159935534149028, 0.0643530823189713, 0.11159342181347065, 0.5672062786576018, -0.16116537781337414, -0.5497694131032818, -0.5124692705565774, -0.16440841998600764, 0.4083462169315247, -0.8681108226583556, 0.8644328887033732, 0.14693791271155776, -0.2547912513018822, -0.8362205134299117, 0.08306133316618754, 0.8345511497451248, -1, 0.886207000011072, 0.34404747355018506, -0.7874174219525809, 0.32900355485390254, 0.09979563566253616, 0.3312099973547482, 0.20593699274719068, 0.9707661213412018, -0.9468434138473724, 0.23594324559347826, -1, -0.8921587328714462, 0.9175066826291245, 0.38645669989267906]
-9.540750503540039	(8, 12, 2)	[0.049435452144762526, 0.5075603515815436, -0.7098050628895377, -0.47229950958795475, -0.08888851930701676, 0.8579333308316539, 0.6276718853733887, 0.18198184751905022, -0.13280792824589227, 0.8117477950824208, -0.6379563810623741, -0.9120997241786815, 0.701159014355941, -0.42868059216710824, 0.5349964842624738, -0.8345976338829806, 0.20697873350231433, -0.12173929176269162, -0.6111321375813761, -0.29198783718779453, -0.21480861507940135, -0.12409132477005538, 0.393180662333435, -0.4621059845879032, 0.08026554581098888, -0.05076861319119241, 0.790950901282957, 0.22204023768488756, 0.8494272918886927, 0.4337208461717901, 0.028242934055407898, 0.3360915554081987, 0.8608192737321421, 0.8050392283738061, -0.6335496763378478, -0.9844699618850095, 0.04230511608223586, 0.1222711272523864, 0.41410025769364767, -0.9239988048077841, 0.4437044685291587, -0.12816337882985493, 0.6839247460068234, -0.5427148545964202, 0.05721932750709843, 0.40474717255840553, 0.7396827435086515, -0.7672953730540049, -0.8751575173009796, -0.4286026763933781, 0.7839909553453899, 0.5974938583409514, -0.7069374094441612, 0.05792369926152226, 0.4823819238204461, -0.9371714239904825, -0.22321699487170554, -0.6114114127505603, 0.641641776373221, -0.6580996135368649, -0.47516959273550485, -0.4101935109413024, 0.8307500065321161, 0.06319334221007522, -0.6186300680354304, 0.413579062399444, 0.9636443645103692, -0.11008871550940436, 0.7102221651863263, -0.05875439274517458, -0.8056706659222332, -0.3704347207991958, -0.34560784444541887, -0.8300166213460999, -0.14695353869386985, 0.518887748519705, -0.464312592905348, 0.7130399586427483, -0.22068652020844068, -0.6015519490200893, 0.5776454481380977, -0.9425632565210529, -0.1040143019338815, 0.9665509552856, -0.46872659517234205, 0.9478783699279154, -0.07044141889684867, -0.7169083459429269, -0.168546806292562, 0.1159935534149028, 0.0643530823189713, 0.11159342181347065, 0.5672062786576018, -0.16116537781337414, -0.5497694131032818, -0.5124692705565774, -0.16440841998600764, 0.4083462169315247, -0.8681108226583556, 0.8644328887033732, 0.14693791271155776, -0.2547912513018822, -0.8362205134299117, 0.08306133316618754, 0.8345511497451248, -1, 0.886207000011072, 0.34404747355018506, -0.7874174219525809, 0.32900355485390254, 0.09979563566253616, 0.3312099973547482, 0.20593699274719068, 0.9707661213412018, -0.9468434138473724, 0.23594324559347826, -1, -0.8921587328714462, 0.9175066826291245, 0.38645669989267906]
-8.008502006530762	(8, 12, 2)	[0.049435452144762526, 0.5075603515815436, -0.7098050628895377, -0.47229950958795475, -0.08888851930701676, 0.8579333308316539, 0.6276718853733887, 0.3606941603228946, -0.13280792824589227, 0.8117477950824208, -0.6379563810623741, -0.9120997241786815, 0.701159014355941, -0.702946425366251, 0.5349964842624738, -0.8345976338829806, 0.20697873350231433, -0.12173929176269162, -0.6111321375813761, -0.2886191017386306, -0.2047722095619156, -0.12409132477005538, 0.5759410513055818, -0.4621059845879032, 0.08026554581098888, -0.05076861319119241, 0.790950901282957, 0.22204023768488756, 0.8494272918886927, 0.4337208461717901, 0.028242934055407898, 0.3360915554081987, 0.7453328512206571, 0.8050392283738061, -0.6335496763378478, -0.9844699618850095, 0.04230511608223586, 0.1222711272523864, 0.41410025769364767, -0.9239988048077841, 0.4437044685291587, -0.12816337882985493, 0.6839247460068234, -0.5427148545964202, 0.1754296564125024, 0.40474717255840553, 0.7396827435086515, -0.7672953730540049, -0.8751575173009796, -0.4286026763933781, 0.759956597261332, 0.8037833096686908, -0.4133466166294394, 0.05792369926152226, 0.4823819238204461, -0.9371714239904825, -0.22321699487170554, -0.6114114127505603, 0.641641776373221, -0.6580996135368649, -0.47516959273550485, -0.4101935109413024, 1, 0.06319334221007522, -0.3118107210244438, 0.413579062399444, 0.9636443645103692, -0.11008871550940436, 0.7102221651863263, 0.3052532252429847, -0.8056706659222332, -0.3704347207991958, -0.34560784444541887, -0.8300166213460999, -0.14695353869386985, 0.518887748519705, -0.464312592905348, 0.7130399586427483, -0.22068652020844068, -0.6015519490200893, 0.5776454481380977, -0.9425632565210529, -0.1040143019338815, 0.9665509552856, -0.46872659517234205, 0.9478783699279154, 2.42315435425855e-05, -0.7169083459429269, -0.1802618926380841, 0.1159935534149028, 0.0643530823189713, 0.11159342181347065, 0.5672062786576018, -0.16116537781337414, -0.5377397830760797, -0.5124692705565774, -0.16440841998600764, 0.46372266644259547, -0.8681108226583556, 0.8644328887033732, 0.14693791271155776, -0.2547912513018822, -0.8362205134299117, 0.08306133316618754, 0.8345511497451248, -1, 0.886207000011072, 0.34404747355018506, -0.7874174219525809, 0.32900355485390254, 0.13646161297444315, 0.3312099973547482, 0.20593699274719068, 0.9707661213412018, -0.9558554062386444, 0.23594324559347826, -1, -0.8921587328714462, 0.9175066826291245, 0.38645669989267906]
-11.319668769836426	(8, 12, 2)	[0.049435452144762526, 0.5075603515815436, -0.7098050628895377, -0.47229950958795475, -0.08888851930701676, 0.8579333308316539, 0.6276718853733887, 0.3606941603228946, -0.13280792824589227, 0.8117477950824208, -0.6379563810623741, -0.9120997241786815, 0.701159014355941, -0.702946425366251, 0.5162673759844851, -0.8345976338829806, 0.20697873350231433, -0.12173929176269162, -0.6111321375813761, -0.2886191017386306, -0.2047722095619156, -0.12409132477005538, 0.5759410513055818, -0.4621059845879032, 0.08026554581098888, -0.05076861319119241, 0.790950901282957, 0.22204023768488756, 0.8494272918886927, 0.4337208461717901, 0.028242934055407898, 0.3360915554081987, 0.7453328512206571, 0.8050392283738061, -0.6335496763378478, -0.9844699618850095, 0.04230511608223586, 0.1222711272523864, 0.41410025769364767, -0.9239988048077841, 0.4437044685291587, -0.12816337882985493, 0.6839247460068234, -0.5427148545964202, 0.1754296564125024, 0.40474717255840553, 0.7396827435086515, -0.7672953730540049, -0.8751575173009796, -0.4286026763933781, 0.7839909553453899, 0.5974938583409514, 0.14571569873986867, 0.05792369926152226, 0.4823819238204461, -0.9371714239904825, -0.22321699487170554, -0.6114114127505603, 0.641641776373221, -0.6580996135368649, -0.47516959273550485, -0.23471827670946957, 0.8307500065321161, 0.06319334221007522, -0.6186300680354304, 0.413579062399444, 0.9636443645103692, -0.11008871550940436, 0.7102221651863263, -0.05875439274517458, -0.8056706659222332, -0.3704347207991958, -0.34560784444541887, -1, -0.14695353869386985, 0.518887748519705, -0.464312592905348, 0.7130399586427483, -0.22068652020844068, -0.6015519490200893, 0.5776454481380977, -0.9425632565210529, -0.1040143019338815, 0.9665509552856, -0.46872659517234205, 0.9478783699279154, 2.42315435425855e-05, -0.7169083459429269, -0.168546806292562, 0.1159935534149028, 0.0643530823189713, 0.11159342181347065, 0.5672062786576018, -0.16116537781337414, -0.5377397830760797, -0.5124692705565774, -0.16440841998600764, 0.46372266644259547, -0.8681108226583556, 0.8644328887033732, 0.14693791271155776, -0.2547912513018822, -0.8362205134299117, 0.08306133316618754, 0.8345511497451248, -1, 0.886207000011072, 0.34404747355018506, -0.7874174219525809, 0.32900355485390254, 0.13646161297444315, 0.3312099973547482, 0.20593699274719068, 0.9707661213412018, -0.9558554062386444, 0.23594324559347826, -1, -0.8921587328714462, 0.9175066826291245, 0.38645669989267906]
-22.423355102539062	(8, 12, 2)	[0.049435452144762526, 0.5075603515815436, -0.7098050628895377, -0.47229950958795475, -0.08888851930701676, 0.8579333308316539, 0.6276718853733887, 0.18198184751905022, -0.13280792824589227, 0.8117477950824208, -0.6379563810623741, -0.9120997241786815, 0.701159014355941, -0.702946425366251, 0.32114515714170466, -0.8345976338829806, -0.042458733608784494, -0.12173929176269162, -0.6111321375813761, -0.2886191017386306, 0.20140734146928635, -0.3624113387586372, 0.5759410513055818, -0.4621059845879032, 0.08026554581098888, -0.05076861319119241, 0.790950901282957, 0.22204023768488756, 0.8494272918886927, 0.4337208461717901, 0.028242934055407898, 0.3360915554081987, 0.7453328512206571, 0.8050392283738061, -0.6335496763378478, -0.9844699618850095, 0.04230511608223586, 0.1222711272523864, 0.41410025769364767, -0.9239988048077841, 0.4437044685291587, -0.12816337882985493, 0.6839247460068234, -0.5427148545964202, 0.2027518735571971, 0.40474717255840553, 0.7396827435086515, -0.7672953730540049, -0.8751575173009796, -0.4286026763933781, 0.7839909553453899, 0.5974938583409514, 0.14571569873986867, 0.05792369926152226, 0.4823819238204461, -0.9371714239904825, -0.22321699487170554, -0.6114114127505603, 0.641641776373221, -0.6580996135368649, -0.47516959273550485, -0.23471827670946957, 0.8307500065321161, 0.06319334221007522, -0.6186300680354304, 0.413579062399444, 0.9636443645103692, -0.11008871550940436, 0.7102221651863263, -0.05875439274517458, -0.8056706659222332, -0.3704347207991958, -0.34560784444541887, -1, -0.14695353869386985, 0.518887748519705, -0.464312592905348, 0.7130399586427483, -0.22068652020844068, -0.6015519490200893, 0.5776454481380977, -0.9425632565210529, -0.1040143019338815, 0.9665509552856, -0.46872659517234205, 0.9478783699279154, 2.42315435425855e-05, -0.7169083459429269, -0.168546806292562, 0.1159935534149028, 0.0643530823189713, 0.11159342181347065, 0.5672062786576018, -0.16116537781337414, -0.5377397830760797, -0.5124692705565774, -0.16440841998600764, 0.46372266644259547, -0.8681108226583556, 0.8644328887033732, 0.14693791271155776, -0.2547912513018822, -0.8362205134299117, 0.08306133316618754, 0.8345511497451248, -1, 0.886207000011072, 0.34404747355018506, -0.7874174219525809, 0.32900355485390254, 0.13646161297444315, 0.3312099973547482, 0.20593699274719068, 0.9707661213412018, -0.9558554062386444, 0.23594324559347826, -1, -0.8921587328714462, 0.9175066826291245, 0.38645669989267906]
-22.373334884643555	(8, 12, 2)	[0.049435452144762526, 0.5075603515815436, -0.7098050628895377, -0.47229950958795475, -0.08888851930701676, 0.8579333308316539, 0.6276718853733887, 0.18198184751905022, -0.16396928214763432, 0.8117477950824208, -0.6379563810623741, -0.9120997241786815, 0.701159014355941, -0.702946425366251, 0.5349964842624738, -0.8345976338829806, -0.19732640497916176, -0.12173929176269162, -0.6111321375813761, -0.2886191017386306, -0.21480861507940135, -0.12409132477005538, 0.393180662333435, -0.4621059845879032, 0.08026554581098888, -0.05076861319119241, 0.790950901282957, 0.22204023768488756, 0.8494272918886927, 0.4337208461717901, 0.028242934055407898, 0.3360915554081987, 0.8608192737321421, 0.8050392283738061, -0.6335496763378478, -0.9844699618850095, 0.04230511608223586, 0.1222711272523864, 0.41410025769364767, -0.9239988048077841, 0.5982456944418976, -0.12816337882985493, 0.6839247460068234, -0.5427148545964202, 0.22012559381477365, 0.40474717255840553, 0.7396827435086515, -0.7672953730540049, -0.8751575173009796, -0.4286026763933781, 0.7839909553453899, 0.5974938583409514, -0.7069374094441612, 0.05792369926152226, 0.4823819238204461, -0.9371714239904825, -0.22321699487170554, -0.6114114127505603, 0.641641776373221, -0.6580996135368649, -0.47516959273550485, -0.4101935109413024, 0.8307500065321161, 0.06319334221007522, -0.6186300680354304, 0.413579062399444, 0.9636443645103692, -0.11008871550940436, 0.7102221651863263, -0.05875439274517458, -0.8056706659222332, -0.3704347207991958, -0.34560784444541887, -0.8300166213460999, -0.14695353869386985, 0.518887748519705, -0.464312592905348, 0.7130399586427483, -0.22068652020844068, -0.6015519490200893, 0.5776454481380977, -0.9425632565210529, -0.1040143019338815, 0.9665509552856, -0.46872659517234205, 0.7115539236122793, 2.42315435425855e-05, -0.7169083459429269, -0.168546806292562, 0.1159935534149028, 0.0643530823189713, 0.11159342181347065, 0.5672062786576018, -0.16116537781337414, -0.5497694131032818, -0.5124692705565774, -0.16440841998600764, 0.5895263865507745, -0.8681108226583556, 0.8644328887033732, 0.14693791271155776, -0.2547912513018822, -0.8362205134299117, 0.08306133316618754, 0.8345511497451248, -1, 0.886207000011072, 0.34404747355018506, -0.7874174219525809, 0.32900355485390254, 0.13646161297444315, 0.3312099973547482, 0.20593699274719068, 0.9707661213412018, -0.9558554062386444, 0.23594324559347826, -1, -0.8921587328714462, 0.9175066826291245, 0.38645669989267906]
-21.474634170532227	(8, 12, 2)	[0.049435452144762526, 0.5075603515815436, -0.7098050628895377, -0.47229950958795475, -0.08888851930701676, 0.8579333308316539, 0.6276718853733887, 0.5126240919014077, -0.13280792824589227, 0.8117477950824208, -0.6379563810623741, -0.9120997241786815, 0.701159014355941, -0.702946425366251, 0.5349964842624738, -0.8345976338829806, 0.20697873350231433, -0.12173929176269162, -0.6111321375813761, -0.2886191017386306, -0.2047722095619156, -0.12409132477005538, 0.5759410513055818, -0.4621059845879032, 0.08026554581098888, -0.05076861319119241, 0.790950901282957, 0.22204023768488756, 0.8494272918886927, 0.4337208461717901, 0.028242934055407898, 0.3360915554081987, 0.7453328512206571, 0.8050392283738061, -0.6335496763378478, -0.9844699618850095, 0.04230511608223586, 0.1222711272523864, 0.41410025769364767, -0.9239988048077841, 0.4437044685291587, -0.12816337882985493, 0.6839247460068234, -0.5427148545964202, 0.22012559381477365, 0.40474717255840553, 0.7396827435086515, -0.7672953730540049, -0.8751575173009796, -0.4286026763933781, 0.7839909553453899, 0.5974938583409514, 0.14571569873986867, 0.05792369926152226, 0.4823819238204461, -0.9371714239904825, -0.22321699487170554, -0.6114114127505603, 0.641641776373221, -0.6580996135368649, -0.47516959273550485, -0.23471827670946957, 0.8307500065321161, 0.06319334221007522, -0.6186300680354304, 0.413579062399444, 0.9636443645103692, -0.12543043988128352, 0.7102221651863263, -0.02840747561387688, -0.8056706659222332, -0.3704347207991958, -0.4298958933492538, -1, -0.14695353869386985, 0.518887748519705, -0.464312592905348, 0.7130399586427483, -0.22068652020844068, -0.6015519490200893, 0.5776454481380977, -0.9425632565210529, -0.1040143019338815, 0.9665509552856, -0.46872659517234205, 0.9478783699279154, 2.42315435425855e-05, -0.7169083459429269, -0.168546806292562, 0.1159935534149028, 0.0643530823189713, 0.11159342181347065, 0.5672062786576018, -0.16116537781337414, -0.5377397830760797, -0.5124692705565774, -0.16440841998600764, 0.46372266644259547, -0.8681108226583556, 0.8644328887033732, -0.20397069159864922, -0.2547912513018822, -0.8362205134299117, 0.1398505675641022, 0.8345511497451248, -1, 0.886207000011072, 0.34404747355018506, -0.7874174219525809, 0.2608715948502143, 0.13646161297444315, 0.3312099973547482, 0.20593699274719068, 0.9707661213412018, -0.9558554062386444, 0.23594324559347826, -1, -0.8921587328714462, 0.9175066826291245, 0.38645669989267906]
471.09356689453125	(8, 12, 2)	[0.049435452144762526, 0.5075603515815436, -0.7098050628895377, -0.46433698888428376, -0.08888851930701676, 0.8579333308316539, 0.6276718853733887, 0.3606941603228946, -0.13280792824589227, 0.8117477950824208, -0.6379563810623741, -0.9120997241786815, 0.701159014355941, -0.702946425366251, 0.5162673759844851, -0.8345976338829806, 0.20697873350231433, -0.12173929176269162, -0.6111321375813761, -0.2886191017386306, -0.2047722095619156, -0.12409132477005538, 0.5759410513055818, -0.4621059845879032, 0.08026554581098888, -0.05076861319119241, 0.790950901282957, 0.22204023768488756, 0.8494272918886927, 0.4337208461717901, 0.028242934055407898, 0.3360915554081987, 0.7453328512206571, 0.8050392283738061, -0.6335496763378478, -0.9844699618850095, 0.04230511608223586, 0.1222711272523864, 0.41410025769364767, -0.9239988048077841, 0.4437044685291587, -0.12816337882985493, 0.6839247460068234, -0.5427148545964202, 0.1754296564125024, 0.40474717255840553, 0.7396827435086515, -0.7672953730540049, -0.8751575173009796, -0.4286026763933781, 0.7839909553453899, 0.5974938583409514, 0.14571569873986867, 0.05792369926152226, 0.4823819238204461, -0.9371714239904825, -0.22321699487170554, -0.6114114127505603, 0.641641776373221, -0.6580996135368649, -0.47516959273550485, -0.23471827670946957, 0.8307500065321161, 0.06319334221007522, -0.6186300680354304, 0.413579062399444, 0.9636443645103692, -0.11008871550940436, 0.7102221651863263, -0.05875439274517458, -0.8056706659222332, -0.3704347207991958, -0.34560784444541887, -1, -0.14695353869386985, 0.518887748519705, -0.464312592905348, 0.7130399586427483, -0.22068652020844068, -0.6015519490200893, 0.5776454481380977, -0.9425632565210529, -0.1040143019338815, 0.9665509552856, -0.46872659517234205, 0.9478783699279154, 2.42315435425855e-05, -0.7169083459429269, -0.168546806292562, 0.1159935534149028, 0.0643530823189713, 0.11159342181347065, 0.5672062786576018, -0.16116537781337414, -0.5377397830760797, -0.5124692705565774, -0.16440841998600764, 0.46372266644259547, -0.8681108226583556, 0.8644328887033732, 0.14693791271155776, -0.2547912513018822, -0.8362205134299117, 0.08306133316618754, 0.8345511497451248, -1, 0.886207000011072, 0.34404747355018506, -0.7874174219525809, 0.32900355485390254, 0.39992462314755056, 0.3312099973547482, 0.20593699274719068, 0.9707661213412018, -0.9558554062386444, 0.23594324559347826, -1, -0.8274825053088573, 0.9175066826291245, 0.38645669989267906]
477.12274169921875	(8, 12, 2)	[0.049435452144762526, 0.5075603515815436, -0.7098050628895377, -0.47229950958795475, -0.08888851930701676, 0.8579333308316539, 0.6276718853733887, 0.5126240919014077, -0.13280792824589227, 0.8117477950824208, -0.6379563810623741, -0.9120997241786815, 0.701159014355941, -0.702946425366251, 0.5349964842624738, -0.8345976338829806, 0.20697873350231433, -0.12173929176269162, -0.6111321375813761, -0.2886191017386306, -0.2047722095619156, -0.12409132477005538, 0.5759410513055818, -0.4621059845879032, 0.08026554581098888, -0.05076861319119241, 0.790950901282957, 0.22204023768488756, 0.8494272918886927, 0.4337208461717901, 0.028242934055407898, 0.3360915554081987, 0.7453328512206571, 0.8050392283738061, -0.6335496763378478, -0.9844699618850095, 0.04230511608223586, 0.1222711272523864, 0.41410025769364767, -0.9239988048077841, 0.4437044685291587, -0.12816337882985493, 0.6839247460068234, -0.5427148545964202, 0.1754296564125024, 0.40474717255840553, 0.7396827435086515, -0.7672953730540049, -0.8751575173009796, -0.4286026763933781, 0.7839909553453899, 0.5974938583409514, 0.14571569873986867, 0.05792369926152226, 0.4823819238204461, -0.9371714239904825, -0.22321699487170554, -0.6114114127505603, 0.641641776373221, -0.6580996135368649, -0.47516959273550485, -0.23471827670946957, 0.8307500065321161, 0.06319334221007522, -0.3118107210244438, 0.413579062399444, 0.9636443645103692, -0.11008871550940436, 0.3003914340564205, 0.3052532252429847, -0.4914561824646708, -0.3704347207991958, -0.34560784444541887, -0.8300166213460999, -0.14695353869386985, 0.518887748519705, -0.464312592905348, 0.7130399586427483, 0.16806393324402338, -0.6015519490200893, 0.5776454481380977, -0.9425632565210529, -0.1040143019338815, 0.9665509552856, -0.46872659517234205, 0.9478783699279154, 2.42315435425855e-05, -0.7169083459429269, -0.168546806292562, 0.1159935534149028, 0.0643530823189713, 0.11159342181347065, 0.5672062786576018, -0.16116537781337414, -0.5377397830760797, -0.5124692705565774, -0.16440841998600764, 0.46372266644259547, -0.8681108226583556, 0.8644328887033732, 0.16361193947067587, -0.2547912513018822, -0.8542203502218134, 0.08306133316618754, 0.8345511497451248, -0.9213254727006452, 0.886207000011072, 0.34404747355018506, -0.7874174219525809, 0.32900355485390254, 0.13646161297444315, 0.3312099973547482, 0.11252002849602145, 0.9707661213412018, -0.9558554062386444, 0.23594324559347826, -1, -0.9705314789589106, 0.9175066826291245, 0.38645669989267906]
-24.537405014038086	(8, 12, 2)	[0.049435452144762526, 0.5075603515815436, -0.7098050628895377, -0.47229950958795475, -0.08888851930701676, 0.8579333308316539, 0.6276718853733887, 0.5126240919014077, -0.13280792824589227, 0.8117477950824208, -0.6379563810623741, -0.9120997241786815, 0.701159014355941, -0.702946425366251, 0.5349964842624738, -0.8345976338829806, 0.20697873350231433, -0.12173929176269162, -0.6111321375813761, -0.2886191017386306, -0.2047722095619156, -0.12409132477005538, 0.5759410513055818, -0.4621059845879032, 0.08026554581098888, -0.05076861319119241, 0.790950901282957, 0.22204023768488756, 0.8494272918886927, 0.4337208461717901, 0.028242934055407898, 0.3360915554081987, 0.7453328512206571, 0.8050392283738061, -0.6335496763378478, -0.9844699618850095, 0.04230511608223586, 0.1222711272523864, 0.41410025769364767, -0.9239988048077841, 0.4437044685291587, -0.12816337882985493, 0.6839247460068234, -0.5427148545964202, 0.22012559381477365, 0.40474717255840553, 0.7396827435086515, -0.7672953730540049, -0.8751575173009796, -0.4286026763933781, 0.7839909553453899, 0.5974938583409514, 0.14571569873986867, 0.05792369926152226, 0.4823819238204461, -0.9371714239904825, -0.22321699487170554, -0.6114114127505603, 0.641641776373221, -0.7953536867840849, -0.47516959273550485, -0.4101935109413024, 0.8307500065321161, 0.06319334221007522, -0.3118107210244438, 0.413579062399444, 0.9636443645103692, -0.11008871550940436, 0.3003914340564205, 0.3052532252429847, -0.4914561824646708, -0.3704347207991958, -0.34560784444541887, -0.8300166213460999, -0.14695353869386985, 0.518887748519705, -0.464312592905348, 0.7130399586427483, 0.16806393324402338, -0.6015519490200893, 0.5776454481380977, -0.9425632565210529, -0.1040143019338815, 0.9665509552856, -0.46872659517234205, 0.9478783699279154, 2.42315435425855e-05, -0.7169083459429269, -0.168546806292562, 0.1159935534149028, 0.0643530823189713, 0.11159342181347065, 0.5672062786576018, -0.16116537781337414, -0.5377397830760797, -0.5124692705565774, -0.16440841998600764, 0.46372266644259547, -0.8681108226583556, 0.8644328887033732, 0.16361193947067587, -0.2547912513018822, -0.8542203502218134, 0.08306133316618754, 0.8345511497451248, -0.9213254727006452, 0.886207000011072, 0.34404747355018506, -0.7874174219525809, 0.32900355485390254, 0.13646161297444315, 0.3312099973547482, 0.11252002849602145, 0.9707661213412018, -0.9558554062386444, 0.23594324559347826, -1, -0.9705314789589106, 0.9175066826291245, 0.38645669989267906]
479.79425048828125	(8, 12, 2)	[0.049435452144762526, 0.5075603515815436, -0.7098050628895377, -0.47229950958795475, -0.08888851930701676, 0.8579333308316539, 0.6276718853733887, 0.5126240919014077, -0.13280792824589227, 0.8117477950824208, -0.6379563810623741, -0.9120997241786815, 0.701159014355941, -1, 0.5349964842624738, -0.8345976338829806, 0.20697873350231433, -0.12173929176269162, -0.6111321375813761, -0.2886191017386306, -0.2047722095619156, -0.12409132477005538, 0.5759410513055818, -0.4621059845879032, 0.08026554581098888, -0.05076861319119241, 0.790950901282957, 0.22204023768488756, 0.8494272918886927, 0.4337208461717901, 0.028242934055407898, 0.3360915554081987, 0.7453328512206571, 0.8050392283738061, -0.6335496763378478, -0.9844699618850095, 0.04230511608223586, 0.1222711272523864, 0.41410025769364767, -0.9239988048077841, 0.4437044685291587, -0.12816337882985493, 0.6839247460068234, -0.5427148545964202, 0.22012559381477365, 0.40474717255840553, 0.7396827435086515, -0.7672953730540049, -0.8751575173009796, -0.4286026763933781, 0.7839909553453899, 0.5974938583409514, 0.14571569873986867, -0.0010149494261750061, 0.4823819238204461, -0.9371714239904825, -0.22321699487170554, -0.6114114127505603, 0.641641776373221, -0.7953536867840849, -0.47516959273550485, -0.23471827670946957, 0.8307500065321161, 0.06319334221007522, -0.6186300680354304, 0.413579062399444, 0.9636443645103692, -0.12543043988128352, 0.7102221651863263, -0.02840747561387688, -0.8056706659222332, -0.3704347207991958, -0.4298958933492538, -1, -0.14695353869386985, 0.518887748519705, -0.464312592905348, 0.7130399586427483, -0.22068652020844068, -0.6015519490200893, 0.5776454481380977, -0.9425632565210529, -0.1040143019338815, 0.9665509552856, -0.46872659517234205, 0.9478783699279154, 2.42315435425855e-05, -0.7169083459429269, -0.168546806292562, 0.1159935534149028, 0.0643530823189713, 0.11159342181347065, 0.5672062786576018, -0.16116537781337414, -0.5377397830760797, -0.5124692705565774, -0.16440841998600764, 0.46372266644259547, -0.8681108226583556, 0.8644328887033732, -0.20397069159864922, -0.2547912513018822, -0.8362205134299117, 0.1398505675641022, 0.8345511497451248, -1, 0.886207000011072, 0.34404747355018506, -0.7874174219525809, 0.2608715948502143, 0.13646161297444315, 0.3312099973547482, 0.20593699274719068, 0.9707661213412018, -0.9558554062386444, 0.23594324559347826, -1, -0.8921587328714462, 0.9175066826291245, 0.38645669989267906]
486.1257019042969	(8, 12, 2)	[0.049435452144762526, 0.5075603515815436, -0.7098050628895377, -0.47229950958795475, -0.08888851930701676, 1, 0.6276718853733887, 0.3606941603228946, -0.13280792824589227, 0.8117477950824208, -0.6379563810623741, -0.9120997241786815, 0.701159014355941, -0.702946425366251, 0.32114515714170466, -0.8345976338829806, -0.042458733608784494, -0.1252336666848737, -0.6111321375813761, -0.2886191017386306, 0.20140734146928635, -0.3624113387586372, 0.5759410513055818, -0.4621059845879032, 0.08026554581098888, -0.05076861319119241, 0.790950901282957, 0.22204023768488756, 0.8494272918886927, 0.4337208461717901, 0.028242934055407898, 0.3360915554081987, 0.7453328512206571, 0.8050392283738061, -0.6335496763378478, -0.9844699618850095, 0.04230511608223586, 0.1222711272523864, 0.41410025769364767, -0.9239988048077841, 0.4437044685291587, -0.12816337882985493, 0.6839247460068234, -0.5427148545964202, 0.22012559381477365, 0.3284115806039675, 0.7396827435086515, -0.7672953730540049, -0.8751575173009796, -0.4286026763933781, 0.7839909553453899, 0.5974938583409514, 0.14571569873986867, 0.05792369926152226, 0.4823819238204461, -0.9371714239904825, -0.22321699487170554, -0.6114114127505603, 0.641641776373221, -0.7953536867840849, -0.47516959273550485, -0.4101935109413024, 0.8307500065321161, 0.06319334221007522, -0.3118107210244438, 0.413579062399444, 0.9636443645103692, -0.11008871550940436, 0.3003914340564205, 0.3052532252429847, -0.4914561824646708, -0.3704347207991958, -0.34560784444541887, -0.8300166213460999, -0.14695353869386985, 0.518887748519705, -0.464312592905348, 0.7130399586427483, 0.16806393324402338, -0.6015519490200893, 0.5776454481380977, -0.9425632565210529, -0.1040143019338815, 0.9665509552856, -0.46872659517234205, 0.9478783699279154, 2.42315435425855e-05, -0.7169083459429269, -0.168546806292562, 0.1159935534149028, 0.22995420502998437, 0.11159342181347065, 0.5672062786576018, -0.16116537781337414, -0.5377397830760797, -0.5124692705565774, -0.16440841998600764, 0.46372266644259547, -0.8681108226583556, 0.8644328887033732, 0.16361193947067587, -0.2547912513018822, -0.8542203502218134, 0.08306133316618754, 0.8345511497451248, -1, 0.886207000011072, 0.34404747355018506, -0.7874174219525809, 0.2608715948502143, 0.13646161297444315, 0.3312099973547482, -0.049411726844793946, 0.8863176415826884, -0.9558554062386444, 0.23594324559347826, -1, -0.8921587328714462, 0.9175066826291245, 0.38645669989267906]
473.6699523925781	(8, 12, 2)	[0.049435452144762526, 0.5075603515815436, -0.7098050628895377, -0.47229950958795475, -0.08888851930701676, 0.8579333308316539, 0.6276718853733887, 0.5126240919014077, -0.13280792824589227, 0.8117477950824208, -0.6379563810623741, -0.9120997241786815, 0.701159014355941, -1, 0.5349964842624738, -0.8345976338829806, 0.20697873350231433, -0.12173929176269162, -0.6111321375813761, -0.2886191017386306, -0.2047722095619156, -0.12409132477005538, 0.5759410513055818, -0.4621059845879032, 0.08026554581098888, -0.05076861319119241, 0.790950901282957, 0.22204023768488756, 0.8494272918886927, 0.4337208461717901, 0.028242934055407898, 0.3360915554081987, 0.7453328512206571, 0.8050392283738061, -0.6335496763378478, -0.9844699618850095, 0.04230511608223586, 0.1222711272523864, 0.41410025769364767, -0.9239988048077841, 0.4437044685291587, -0.12816337882985493, 0.6839247460068234, -0.5427148545964202, 0.22012559381477365, 0.40474717255840553, 0.7396827435086515, -0.7672953730540049, -0.8751575173009796, -0.4286026763933781, 0.7839909553453899, 0.5974938583409514, 0.14571569873986867, -0.0010149494261750061, 0.4823819238204461, -0.9371714239904825, -0.22321699487170554, -0.6114114127505603, 0.641641776373221, -0.7953536867840849, -0.47516959273550485, -0.23471827670946957, 0.8307500065321161, 0.06319334221007522, -0.6186300680354304, 0.413579062399444, 0.9636443645103692, -0.12543043988128352, 0.7102221651863263, -0.02840747561387688, -0.8056706659222332, -0.3704347207991958, -0.4298958933492538, -1, -0.14695353869386985, 0.518887748519705, -0.464312592905348, 0.7130399586427483, -0.22068652020844068, -0.6015519490200893, 0.5776454481380977, -0.9425632565210529, -0.1040143019338815, 0.9665509552856, -0.46872659517234205, 0.9478783699279154, 2.42315435425855e-05, -0.7169083459429269, -0.168546806292562, 0.1159935534149028, 0.0643530823189713, 0.11159342181347065, 0.5672062786576018, -0.16116537781337414, -0.5377397830760797, -0.5124692705565774, -0.16440841998600764, 0.46372266644259547, -0.8681108226583556, 0.8644328887033732, -0.20397069159864922, -0.2547912513018822, -0.8362205134299117, 0.1398505675641022, 0.8345511497451248, -1, 0.886207000011072, 0.34404747355018506, -0.7874174219525809, 0.2608715948502143, 0.13646161297444315, 0.3312099973547482, 0.20593699274719068, 0.9707661213412018, -0.9558554062386444, 0.23594324559347826, -1, -0.8921587328714462, 0.9175066826291245, 0.38645669989267906]
-21.554832458496094	(8, 12, 2)	[0.049435452144762526, 0.5075603515815436, -0.7098050628895377, -0.47229950958795475, -0.08888851930701676, 0.8579333308316539, 0.6276718853733887, 0.5126240919014077, -0.13280792824589227, 0.8117477950824208, -0.6379563810623741, -0.9120997241786815, 0.701159014355941, -0.702946425366251, 0.5349964842624738, -0.8345976338829806, 0.2396160585500694, -0.12173929176269162, -0.6111321375813761, -0.2886191017386306, -0.2047722095619156, -0.12409132477005538, 0.5759410513055818, -0.4621059845879032, 0.08026554581098888, -0.05076861319119241, 0.790950901282957, 0.22204023768488756, 0.8494272918886927, 0.4337208461717901, 0.028242934055407898, 0.3360915554081987, 0.7453328512206571, 0.8050392283738061, -0.6335496763378478, -0.9844699618850095, 0.04230511608223586, 0.1222711272523864, 0.5716652640051512, -0.9239988048077841, 0.4437044685291587, -0.12816337882985493, 0.6839247460068234, -0.5427148545964202, 0.22012559381477365, 0.40474717255840553, 0.7396827435086515, -0.7672953730540049, -0.8751575173009796, -0.4286026763933781, 0.7839909553453899, 0.5974938583409514, 0.14571569873986867, 0.05792369926152226, 0.4823819238204461, -0.9371714239904825, -0.22321699487170554, -0.6114114127505603, 0.641641776373221, -0.6580996135368649, -0.47516959273550485, -0.23471827670946957, 0.8307500065321161, 0.06319334221007522, -0.6186300680354304, 0.413579062399444, 0.9636443645103692, -0.12543043988128352, 0.7102221651863263, -0.02840747561387688, -0.8056706659222332, -0.3704347207991958, -0.4298958933492538, -1, -0.14695353869386985, 0.518887748519705, -0.464312592905348, 0.7130399586427483, -0.22068652020844068, -0.6015519490200893, 0.5776454481380977, -0.9425632565210529, -0.1040143019338815, 0.9665509552856, -0.46872659517234205, 0.9478783699279154, 2.42315435425855e-05, -0.7169083459429269, -0.168546806292562, 0.1159935534149028, 0.0643530823189713, 0.11159342181347065, 0.5672062786576018, 0.08408012824495101, -0.5377397830760797, -0.5124692705565774, -0.16440841998600764, 0.46372266644259547, -0.8681108226583556, 0.8644328887033732, -0.20397069159864922, -0.2547912513018822, -0.8362205134299117, 0.1398505675641022, 0.8345511497451248, -1, 0.886207000011072, 0.34404747355018506, -0.7874174219525809, 0.2608715948502143, 0.13646161297444315, 0.3312099973547482, -0.049411726844793946, 0.8863176415826884, -0.9558554062386444, 0.23594324559347826, -1, -0.8921587328714462, 1, 0.38645669989267906]
-15.608777046203613	(8, 12, 2)	[0.049435452144762526, 0.5075603515815436, -0.7098050628895377, -0.47229950958795475, -0.08888851930701676, 0.8579333308316539, 0.6276718853733887, 0.5126240919014077, -0.13280792824589227, 0.8117477950824208, -0.6379563810623741, -0.9120997241786815, 0.701159014355941, -1, 0.5349964842624738, -0.8345976338829806, 0.20697873350231433, -0.12173929176269162, -0.6111321375813761, -0.2886191017386306, -0.2047722095619156, -0.12409132477005538, 0.5759410513055818, -0.4621059845879032, 0.08026554581098888, -0.05076861319119241, 0.790950901282957, 0.22204023768488756, 0.8494272918886927, 0.4337208461717901, 0.028242934055407898, 0.3360915554081987, 1, 1, -0.6335496763378478, -0.9844699618850095, -0.053726837004405795, 0.1222711272523864, 0.41410025769364767, -0.9239988048077841, 0.4437044685291587, -0.12816337882985493, 0.6839247460068234, -0.5427148545964202, 0.22012559381477365, 0.40474717255840553, 0.7396827435086515, -0.7672953730540049, -0.8751575173009796, -0.4286026763933781, 0.7839909553453899, 0.5974938583409514, 0.14571569873986867, -0.0010149494261750061, 0.4823819238204461, -0.9371714239904825, -0.22321699487170554, -0.6114114127505603, 0.641641776373221, -0.7953536867840849, -0.47516959273550485, -0.23471827670946957, 0.8307500065321161, 0.06319334221007522, -0.6186300680354304, 0.413579062399444, 0.9636443645103692, -0.12543043988128352, 0.7102221651863263, -0.02840747561387688, -0.8056706659222332, -0.3704347207991958, -0.4298958933492538, -1, -0.14695353869386985, 0.518887748519705, -0.464312592905348, 0.7130399586427483, -0.22068652020844068, -0.6015519490200893, 0.5776454481380977, -0.9425632565210529, -0.1040143019338815, 0.9665509552856, -0.46872659517234205, 0.9478783699279154, 2.42315435425855e-05, -0.7169083459429269, -0.168546806292562, 0.1159935534149028, 0.0643530823189713, 0.11159342181347065, 0.5672062786576018, -0.16116537781337414, -0.5377397830760797, -0.5124692705565774, -0.16440841998600764, 0.46372266644259547, -0.8681108226583556, 0.8644328887033732, -0.20397069159864922, -0.2547912513018822, -0.8362205134299117, 0.1398505675641022, 0.8345511497451248, -1, 0.886207000011072, 0.34404747355018506, -0.7874174219525809, 0.2608715948502143, 0.13646161297444315, 0.3312099973547482, 0.20593699274719068, 0.9707661213412018, -0.9558554062386444, 0.23594324559347826, -1, -0.8921587328714462, 0.9175066826291245, 0.38645669989267906]
-15.445958137512207	(8, 12, 2)	[0.049435452144762526, 0.5075603515815436, -0.7098050628895377, -0.47229950958795475, -0.08888851930701676, 0.8579333308316539, 0.6276718853733887, 0.5126240919014077, -0.13280792824589227, 0.8117477950824208, -0.6379563810623741, -0.9120997241786815, 0.701159014355941, -1, 0.5349964842624738, -0.8345976338829806, 0.20697873350231433, -0.12173929176269162, -0.6111321375813761, -0.2886191017386306, -0.2047722095619156, -0.12409132477005538, 0.5759410513055818, -0.4621059845879032, 0.08026554581098888, -0.05076861319119241, 0.790950901282957, 0.22204023768488756, 0.8494272918886927, 0.4337208461717901, 0.028242934055407898, 0.3360915554081987, 1, 1, -0.6335496763378478, -0.9844699618850095, 0.04230511608223586, 0.1222711272523864, 0.41410025769364767, -0.9239988048077841, 0.4437044685291587, -0.12816337882985493, 0.6839247460068234, -0.5427148545964202, 0.22012559381477365, 0.40474717255840553, 0.7396827435086515, -0.7672953730540049, -0.8751575173009796, -0.4286026763933781, 0.7839909553453899, 0.5974938583409514, 0.14571569873986867, -0.0010149494261750061, 0.4823819238204461, -0.9371714239904825, -0.039808934175711436, -0.6114114127505603, 0.641641776373221, -0.7953536867840849, -0.47516959273550485, -0.23471827670946957, 0.8307500065321161, 0.06319334221007522, -0.6186300680354304, 0.413579062399444, 0.9636443645103692, -0.12543043988128352, 0.7102221651863263, -0.02840747561387688, -0.8056706659222332, -0.3704347207991958, -0.4298958933492538, -1, -0.14695353869386985, 0.518887748519705, -0.464312592905348, 0.7130399586427483, -0.22068652020844068, -0.6015519490200893, 0.5776454481380977, -0.9425632565210529, -0.1040143019338815, 0.9665509552856, -0.46872659517234205, 0.9478783699279154, 2.42315435425855e-05, -0.7169083459429269, -0.168546806292562, 0.1159935534149028, 0.0643530823189713, 0.11159342181347065, 0.5672062786576018, -0.16116537781337414, -0.5377397830760797, -0.5124692705565774, -0.16440841998600764, 0.46372266644259547, -0.8681108226583556, 0.8644328887033732, -0.20397069159864922, -0.2547912513018822, -0.8362205134299117, 0.1398505675641022, 0.8345511497451248, -1, 0.886207000011072, 0.34404747355018506, -0.7874174219525809, 0.2608715948502143, 0.13646161297444315, 0.3312099973547482, 0.20593699274719068, 0.9707661213412018, -0.9558554062386444, 0.23594324559347826, -1, -0.8921587328714462, 0.9175066826291245, 0.38645669989267906]
480.29425048828125	(8, 12, 2)	[0.049435452144762526, 0.5075603515815436, -0.7883366078550716, -0.47229950958795475, -0.08888851930701676, 0.8579333308316539, 0.6276718853733887, 0.5126240919014077, -0.13280792824589227, 0.8117477950824208, -0.6379563810623741, -0.9120997241786815, 0.701159014355941, -1, 0.5349964842624738, -0.8345976338829806, 0.20697873350231433, -0.12173929176269162, -0.6111321375813761, -0.2886191017386306, -0.2047722095619156, -0.12409132477005538, 0.5759410513055818, -0.4621059845879032, 0.08026554581098888, -0.05076861319119241, 0.790950901282957, 0.22204023768488756, 0.8494272918886927, 0.4337208461717901, 0.028242934055407898, 0.3360915554081987, 1, 1, -0.6335496763378478, -0.9844699618850095, 0.04230511608223586, 0.1222711272523864, 0.41410025769364767, -0.9239988048077841, 0.4437044685291587, -0.12816337882985493, 0.6839247460068234, -0.5427148545964202, 0.22012559381477365, 0.40474717255840553, 0.7396827435086515, -0.7672953730540049, -0.8751575173009796, -0.4286026763933781, 0.7839909553453899, 0.5974938583409514, 0.14571569873986867, -0.0010149494261750061, 0.4823819238204461, -0.9371714239904825, -0.039808934175711436, -0.6114114127505603, 0.641641776373221, -0.7953536867840849, -0.47516959273550485, -0.23471827670946957, 0.8307500065321161, 0.06319334221007522, -0.6186300680354304, 0.413579062399444, 0.9636443645103692, -0.12543043988128352, 0.7102221651863263, -0.02840747561387688, -0.8056706659222332, -0.3704347207991958, -0.4298958933492538, -1, -0.14695353869386985, 0.518887748519705, -0.464312592905348, 0.7130399586427483, -0.22068652020844068, -0.6015519490200893, 0.5776454481380977, -0.9425632565210529, -0.1040143019338815, 0.9665509552856, -0.46872659517234205, 0.9478783699279154, 2.42315435425855e-05, -0.7169083459429269, -0.168546806292562, 0.1159935534149028, 0.0643530823189713, 0.11159342181347065, 0.5672062786576018, -0.16116537781337414, -0.5377397830760797, -0.5124692705565774, -0.16440841998600764, 0.46372266644259547, -0.8681108226583556, 0.8644328887033732, -0.20397069159864922, -0.2547912513018822, -0.8362205134299117, 0.1398505675641022, 0.8345511497451248, -1, 0.886207000011072, 0.34404747355018506, -0.7874174219525809, 0.2608715948502143, 0.13646161297444315, 0.3312099973547482, -0.049411726844793946, 0.8863176415826884, -0.9558554062386444, 0.23594324559347826, -1, -0.8921587328714462, 0.9175066826291245, 0.38645669989267906]
482.818603515625	(8, 12, 2)	[0.049435452144762526, 0.5075603515815436, -0.7883366078550716, -0.47229950958795475, -0.08888851930701676, 0.8579333308316539, 0.6276718853733887, 0.5126240919014077, -0.13280792824589227, 0.8117477950824208, -0.6379563810623741, -0.9120997241786815, 0.701159014355941, -1, 0.5349964842624738, -0.8345976338829806, 0.20697873350231433, -0.12173929176269162, -0.6111321375813761, -0.2886191017386306, -0.2047722095619156, -0.12409132477005538, 0.5759410513055818, -0.4621059845879032, 0.08026554581098888, -0.05076861319119241, 0.790950901282957, 0.22204023768488756, 0.8494272918886927, 0.4337208461717901, 0.028242934055407898, 0.3360915554081987, 1, 1, -0.6335496763378478, -0.9844699618850095, 0.04230511608223586, 0.1222711272523864, 0.41410025769364767, -0.9239988048077841, 0.4437044685291587, -0.12816337882985493, 0.6839247460068234, -0.5427148545964202, 0.22012559381477365, 0.40474717255840553, 0.7396827435086515, -0.7672953730540049, -0.8751575173009796, -0.4286026763933781, 0.7839909553453899, 0.5974938583409514, 0.14571569873986867, -0.0010149494261750061, 0.4823819238204461, -0.9371714239904825, -0.039808934175711436, -0.6114114127505603, 0.641641776373221, -0.7953536867840849, -0.47516959273550485, -0.23471827670946957, 0.8307500065321161, 0.06319334221007522, -0.6186300680354304, 0.413579062399444, 0.9636443645103692, -0.12543043988128352, 0.7102221651863263, -0.02840747561387688, -0.8056706659222332, -0.3704347207991958, -0.4298958933492538, -1, -0.14695353869386985, 0.518887748519705, -0.464312592905348, 0.7130399586427483, -0.22068652020844068, -0.6015519490200893, 0.5776454481380977, -0.9425632565210529, -0.1040143019338815, 0.9665509552856, -0.46872659517234205, 0.9478783699279154, 2.42315435425855e-05, -0.7169083459429269, -0.168546806292562, 0.1159935534149028, 0.0643530823189713, 0.11159342181347065, 0.5672062786576018, -0.16116537781337414, -0.5377397830760797, -0.5124692705565774, -0.16440841998600764, 0.46372266644259547, -0.8681108226583556, 0.8644328887033732, -0.20397069159864922, -0.2547912513018822, -0.8362205134299117, 0.1398505675641022, 0.8345511497451248, -1, 0.886207000011072, 0.34404747355018506, -0.7874174219525809, 0.2608715948502143, 0.13646161297444315, 0.3312099973547482, -0.049411726844793946, 0.8863176415826884, -0.9558554062386444, 0.23594324559347826, -1, -0.8921587328714462, 0.9175066826291245, 0.38645669989267906]
-12.554561614990234	(8, 12, 2)	[0.049435452144762526, 0.5075603515815436, -0.7883366078550716, -0.47229950958795475, -0.08888851930701676, 0.8579333308316539, 0.6276718853733887, 0.5126240919014077, -0.13280792824589227, 0.8117477950824208, -0.6379563810623741, -0.9120997241786815, 0.701159014355941, -1, 0.5349964842624738, -0.8345976338829806, 0.20697873350231433, -0.12173929176269162, -0.6111321375813761, -0.2886191017386306, -0.2047722095619156, -0.12409132477005538, 0.5759410513055818, -0.4621059845879032, 0.08026554581098888, -0.05076861319119241, 0.790950901282957, 0.22204023768488756, 0.8494272918886927, 0.4337208461717901, 0.028242934055407898, 0.3360915554081987, 1, 1, -0.6335496763378478, -0.9844699618850095, 0.04230511608223586, 0.1222711272523864, 0.41410025769364767, -0.9239988048077841, 0.4437044685291587, -0.12816337882985493, 0.6839247460068234, -0.5427148545964202, 0.22012559381477365, 0.40474717255840553, 0.7396827435086515, -0.7672953730540049, -0.8751575173009796, -0.4286026763933781, 0.7839909553453899, 0.5974938583409514, 0.14571569873986867, -0.0010149494261750061, 0.4823819238204461, -0.9371714239904825, -0.039808934175711436, -0.6114114127505603, 0.641641776373221, -0.7953536867840849, -0.47516959273550485, -0.23471827670946957, 0.8307500065321161, 0.06319334221007522, -0.6186300680354304, 0.413579062399444, 0.9636443645103692, -0.12543043988128352, 0.7102221651863263, -0.02840747561387688, -0.8056706659222332, -0.3704347207991958, -0.4298958933492538, -1, -0.14695353869386985, 0.518887748519705, -0.464312592905348, 0.7130399586427483, -0.22068652020844068, -0.6015519490200893, 0.5776454481380977, -0.9425632565210529, -0.1040143019338815, 0.9665509552856, -0.46872659517234205, 0.9478783699279154, 2.42315435425855e-05, -0.7169083459429269, -0.168546806292562, 0.1159935534149028, 0.0643530823189713, 0.11159342181347065, 0.5672062786576018, -0.039822984594587635, -0.5377397830760797, -0.5124692705565774, -0.16440841998600764, 0.46372266644259547, -0.8681108226583556, 0.8644328887033732, -0.20397069159864922, -0.2547912513018822, -0.8362205134299117, 0.1398505675641022, 0.8345511497451248, -1, 0.886207000011072, 0.34404747355018506, -0.7874174219525809, 0.2608715948502143, 0.13646161297444315, 0.3312099973547482, -0.049411726844793946, 0.8863176415826884, -0.9558554062386444, 0.23594324559347826, -1, -0.8921587328714462, 0.9175066826291245, 0.38645669989267906]
-11.46418285369873	(8, 12, 2)	[0.049435452144762526, 0.5075603515815436, -0.7098050628895377, -0.47229950958795475, -0.08888851930701676, 0.9393468878631436, 0.6276718853733887, 0.5126240919014077, -0.13280792824589227, 0.8117477950824208, -0.6379563810623741, -0.982469806169213, 0.701159014355941, -1, 0.5349964842624738, -0.8345976338829806, 0.20697873350231433, -0.12173929176269162, -0.6111321375813761, -0.2886191017386306, -0.2047722095619156, -0.12409132477005538, 0.5759410513055818, -0.4621059845879032, 0.08026554581098888, -0.05076861319119241, 0.790950901282957, 0.22204023768488756, 0.8494272918886927, 0.4337208461717901, 0.028242934055407898, 0.3360915554081987, 0.7453328512206571, 0.8050392283738061, -0.6335496763378478, -0.9844699618850095, 0.04230511608223586, 0.1222711272523864, 0.41410025769364767, -0.651411405010753, 0.4437044685291587, -0.12816337882985493, 0.6839247460068234, -0.5427148545964202, 0.22012559381477365, 0.40474717255840553, 0.7396827435086515, -0.7672953730540049, -0.8751575173009796, -0.4286026763933781, 0.7839909553453899, 0.5974938583409514, 0.14571569873986867, 0.05792369926152226, 0.32578822191651413, -0.9371714239904825, -0.22321699487170554, -0.6114114127505603, 0.641641776373221, -0.7153158105501485, -0.47516959273550485, -0.4101935109413024, 0.8307500065321161, 0.06319334221007522, -0.3118107210244438, 0.413579062399444, 0.9636443645103692, -0.11008871550940436, 0.3003914340564205, 0.3052532252429847, -0.4914561824646708, -0.3704347207991958, -0.34560784444541887, -0.8300166213460999, -0.14695353869386985, 0.518887748519705, -0.464312592905348, 0.7130399586427483, -0.22068652020844068, -0.6015519490200893, 0.5776454481380977, -0.9425632565210529, -0.1040143019338815, 0.9665509552856, -0.46872659517234205, 0.9478783699279154, 2.42315435425855e-05, -0.7169083459429269, -0.168546806292562, 0.1159935534149028, 0.0643530823189713, 0.11159342181347065, 0.5672062786576018, -0.16116537781337414, -0.5377397830760797, -0.5124692705565774, -0.16440841998600764, 0.46372266644259547, -0.8681108226583556, 0.8041530349546793, -0.20397069159864922, -0.2547912513018822, -0.8362205134299117, 0.1398505675641022, 0.5540004709291022, -1, 0.886207000011072, 0.34404747355018506, -0.7874174219525809, 0.2608715948502143, 0.13646161297444315, 0.3637126309922829, -0.049411726844793946, 0.8863176415826884, -0.9558554062386444, 0.23594324559347826, -1, -0.8921587328714462, 1, 0.38645669989267906]
476.66790771484375	(8, 12, 2)	[0.049435452144762526, 0.5075603515815436, -0.7883366078550716, -0.47229950958795475, -0.08888851930701676, 0.8579333308316539, 0.6276718853733887, 0.5126240919014077, -0.13280792824589227, 0.8117477950824208, -0.6379563810623741, -0.9120997241786815, 0.701159014355941, -1, 0.5349964842624738, -0.8345976338829806, 0.20697873350231433, -0.12173929176269162, -0.6111321375813761, -0.2886191017386306, -0.2047722095619156, -0.12409132477005538, 0.43605601899717406, -0.4621059845879032, 0.08026554581098888, 0.07499753885031393, 0.790950901282957, 0.22204023768488756, 0.8494272918886927, 0.4337208461717901, 0.028242934055407898, 0.3360915554081987, 1, 1, -0.6335496763378478, -0.9844699618850095, 0.04230511608223586, 0.1222711272523864, 0.41410025769364767, -0.9239988048077841, 0.4437044685291587, -0.12816337882985493, 0.6839247460068234, -0.5427148545964202, 0.22012559381477365, 0.40474717255840553, 0.7396827435086515, -0.7672953730540049, -0.8751575173009796, -0.4286026763933781, 0.7839909553453899, 0.5974938583409514, 0.14571569873986867, -0.0010149494261750061, 0.4823819238204461, -0.9371714239904825, -0.039808934175711436, -0.6114114127505603, 0.641641776373221, -0.7953536867840849, -0.47516959273550485, -0.23471827670946957, 0.8307500065321161, 0.06319334221007522, -0.6186300680354304, 0.413579062399444, 0.9636443645103692, -0.16545888309150042, 0.6280951663623058, -0.02840747561387688, -0.8056706659222332, -0.3704347207991958, -0.4298958933492538, -1, -0.14695353869386985, 0.518887748519705, -0.464312592905348, 0.7130399586427483, -0.22068652020844068, -0.6015519490200893, 0.5776454481380977, -0.9425632565210529, -0.1040143019338815, 0.9665509552856, -0.46872659517234205, 0.9478783699279154, 2.42315435425855e-05, -0.7169083459429269, -0.168546806292562, 0.1159935534149028, 0.0643530823189713, 0.11159342181347065, 0.5672062786576018, -0.16116537781337414, -0.5377397830760797, -0.5124692705565774, -0.16440841998600764, 0.46372266644259547, -0.8681108226583556, 0.8644328887033732, -0.3928892918728347, -0.2547912513018822, -0.8362205134299117, 0.1398505675641022, 0.6588847870942623, -1, 0.886207000011072, 0.34404747355018506, -0.7874174219525809, 0.2608715948502143, 0.10612750316205939, 0.3312099973547482, -0.049411726844793946, 0.8863176415826884, -0.9558554062386444, 0.23594324559347826, -1, -0.8921587328714462, 0.9175066826291245, 0.38645669989267906]
