-64.10978698730469	(8, 12, 2)	[-0.786081184327954, 0.19839201018767927, 0.2566677110676543, 0.3461685464377042, -0.1599149350379272, -0.4632565472524257, 0.29776341309018184, 0.07629920339384122, -0.4047324192726556, -0.9070969318247664, -0.22109917538554713, -0.2936786703424994, 0.5434310682191901, 0.9321386837589474, 0.09741529071371913, -0.37871403537756776, -0.8676471220918323, 0.3093320389974379, 0.8729323591356606, -0.10177301129167104, -0.3820802112630455, 0.9388554548747499, -0.5890084615751483, 0.11183478214532183, -0.3406132314941892, -0.7463016751689684, 0.6253525788750935, -0.7228857125813617, 0.6761466720427383, 0.26436835685569204, -0.545142148383601, -0.3500259205426508, 0.3737893932251428, -0.1590176492362705, -0.9222099329483566, -0.7760715157217439, -0.36223854606383776, -0.721662390466741, 0.42988658487562037, 0.046926228922965274, -0.725191139451058, -0.7468604652451472, 0.5021027130530387, 0.51529443923671, 0.4603191549510537, -0.8763474231665884, -0.28672667879470093, 0.09522999172727475, 0.9357718909077757, 0.9080363332892405, 0.2195101462105431, 0.9777377386993795, -0.21495116605214282, -0.8969327035311507, -0.6665407973467856, 0.8862605590085324, -0.15754365356086208, 0.6048877550000871, 0.5063762494969013, -0.32714475508177787, -0.0693929132868607, -0.7610132662634372, -0.6465485918419875, 0.005696918456604694, -0.6694680858497053, -0.056849478630679684, -0.27252180141533633, -0.4350402657959176, -0.6780357953521061, 0.9647119300327833, -0.19751369103762717, -0.1144676365508257, -0.5587546655503348, 0.879913341776859, -0.2813660464750247, 0.06507942158583813, 0.5488421388420097, 0.8895592226553757, -0.04140870836707733, -0.5445348601737559, -0.46521548025510184, -0.5088085527958628, -0.6037525319373251, 0.3530065330548564, -0.6939404018579169, 0.14335769074515792, -0.23911377146348545, -0.7098922810044341, -0.29341203910144786, -0.9523342848990861, 0.6064487012132027, 0.5038349523429295, 0.6829566085503256, -0.8960720490369822, 0.9619334902573968, 0.8957074094885507, -0.45077489272939775, -0.12156244449494968, 0.02633379365480848, -0.6781039577635721, 0.6090371503547851, -0.6790487928177764, 0.561123783807137, -0.20315051460895805, 0.3915973468185019, -0.9260078561045308, 0.015293039530388963, -0.560413542440831, 0.6983818337339498, 0.7969770034794776, 0.34993481433030027, -0.3305292740364907, 0.6203799840370892, -0.32327439667568036, 0.5743107893328823, -0.6300095609993575, 0.019103919218377063, 0.6195894015302748, 0.03403303799844548, 0.3241284919918799]
-41.749019622802734	(8, 12, 2)	[0.1689233506236767, -0.9140181198660096, 0.4427706690452413, -0.5118467222370091, 0.27703021110310666, 0.46977391239825383, 0.4884281855496837, -0.3980485506620095, 0.07095384606005228, 0.7280011971915092, 0.28124087320430213, -0.8817730769001673, 0.10133877398557001, 0.027024554819403204, 0.9147501123254242, 0.8687537276037731, 0.7721232275448939, -0.6411806720097131, -0.5003506343240396, -0.13812663383692514, -0.9540012801482227, 0.2864465282194515, 0.5482881307124023, 0.4823506575640568, 0.09213077385981272, -0.7336912453974966, 0.555435396939592, -0.24195161701089773, -0.634363498824952, -0.04366267813872504, -0.13616072076001706, -0.7169879103407915, -0.09083821989218444, 0.16821691557047047, -0.5615170444095983, -0.008785796598673665, -0.5531552819525818, 0.5505350942911185, -0.9736387425045505, -0.166623567207351, -0.12931864691743167, 0.8262232435520012, -0.5519034816609951, -0.2841426458403207, -0.7202159507082322, -0.49413751067104084, 0.7870740714791211, 0.5450887111821257, -0.6450909129314792, -0.9886902190525009, 0.4924952337386681, 0.6785610634108548, -0.46475261964757575, -0.3602964677493772, -0.33519371980654, -0.08740235153818876, -0.43503300888648155, -0.09603216988580243, -0.9184995276931776, 0.5481648753645914, 0.5700036242235063, -0.5112444388451827, 0.9707512971849064, -0.8948758222118094, -0.22945669612998576, -0.5212582821197438, -0.8911109505600447, 0.3332269205873475, 0.013995358474149011, -0.7639591876006901, -0.012873026187943282, 0.18472529866019038, 0.3514129392478966, -0.26073008035275347, 0.9830698921207821, 0.6907105696835891, -0.3673993316899735, -0.7332076766011739, -0.7584099522115908, -0.5969452997302085, -0.6868081840197908, 0.14172829293342787, -0.3714817472572285, 0.9077940762916721, -0.34867048626632674, -0.6469622438662637, 0.5878224537221455, -0.8173699461739661, 0.3876281457647195, 0.898940086937329, -0.6057762647055331, -0.8076785893649203, -0.41579115451907, 0.8134407975504565, -0.3661347563556723, -0.12368033221525643, 0.4539771797408394, -0.8667113424468114, -0.04175916230657825, -0.21133799287845112, -0.6467285160428087, 0.16006142656387512, -0.8255329582628537, -0.09148352909851631, 0.6851348845355894, -0.05279182363068369, -0.28990307559450335, 0.35190799724576016, -0.9131820357709501, 0.7771675756446343, 0.9675866052142585, -0.06926463340528177, -0.3315293189490356, -0.1750325601140823, -0.8865991025961397, -0.7021910412438066, 0.6435460627727725, -0.9406274311234166, -0.5310203220317649, 0.05003237588882037]
-63.250858306884766	(8, 12, 2)	[0.7514581811974685, -0.8520300908914884, 0.6385290089051172, -0.5511963078973379, -0.6307833260959295, 0.4923664084738604, 0.2260923455381798, 0.5651542993218592, 0.4609268530553774, -0.7773110789747169, -0.21407222298517725, 0.2980775233414339, 0.32062324430330924, -0.1711020138628283, -0.1674320350774534, 0.7106899749033722, 0.591680030564945, -0.4262396799247048, -0.74217791120254, 0.706111563482849, -0.13539362770025543, -0.19771130226843026, -0.687847323585923, -0.4088970206260085, -0.479554763468665, -0.3627815290915726, 0.7036671813404147, -0.6863291781535465, -0.480785050364926, 0.9701513397781316, 0.47344820645859365, 0.9388628225048941, -0.6832115294321426, 1, -0.3342940540819954, -0.9456575462440311, 0.5871654288117014, -0.0802425522652006, 0.7426364737720241, -0.17846866559649466, -0.32021365609798824, -0.34463365243314525, 0.3644817364675952, 0.32979863915625507, -0.3569135626238147, -0.583900363545703, 0.3553717632797173, -0.516735539950504, 0.7650046118977121, 0.3148157734009214, -0.7896679431895621, 0.051460738896792035, 0.5824467501872763, 0.11641617381177105, 0.10278610641969088, 0.44323970481402175, -0.24014850370436247, 0.6637213930440458, -0.5594376277266582, 0.7404174807675229, -0.29361118968261074, 0.790404998739836, 0.8545373940047571, 0.2479815161427661, -0.6658639680547231, -0.6786583725831596, -0.2859158427572557, 0.7673193495510082, 0.030735105944519336, -0.7365342402702544, -0.42813258530658604, 0.8866948852657046, -0.8702156125867182, -0.8088391530881547, 0.11591073037874455, 0.8014413126425199, -0.7854070464443053, -0.17179065268203253, -0.2108676577625257, -0.05742029817068306, -0.5593259079634719, 0.5836432966303635, -0.7020411678048637, -0.7401489464160291, 0.5135871464766306, 0.25794477540346894, -0.4571865573453192, -0.40102490017416903, 0.0873486891673827, 0.4550513838934409, -0.728709107325209, -0.7943921008938772, -0.8030998393314377, -0.7366672111573567, 0.8060603891530471, 0.8169203463579291, -0.09371784550351259, 0.8488166716981491, 0.35670325998907226, -0.21779013719141993, -0.2200565093128617, -0.5601554210349018, -0.24164379780156753, 0.47954727290436394, -0.200675980129414, 0.9406788436313085, -0.9615624183874043, 0.008898235476122007, 0.8060570493974959, 0.4010248299998218, 0.3464690895613485, -0.1907359053343689, -0.3581886403157122, -0.9166090896135446, -0.7887235390216196, 0.18804712479162955, -0.7527669589354229, 0.19739736863789403, 0.596562576477236, -0.7530007736805548]
-41.35060119628906	(8, 12, 2)	[-0.660287029249661, 0.7729356346146763, 0.2766609794550383, -0.7089854199061945, -0.4387238590748581, 0.9598107165638703, 0.2401022425706083, -0.532312690453425, -0.012179966206144366, 0.8790518499228441, 0.0818567379601749, -0.7564277476974914, -0.6145672849663921, 0.8620993153743763, -0.6836664565798924, -0.6032313464982928, 0.43800975083964366, -0.016120226829677342, -0.9533524456665525, -0.14808090454642242, -0.4999489662766874, 0.9582615521390632, -1, 0.03293741196460287, -0.2547215722110352, -0.6645500863035301, -0.6928208669149037, 0.2773592492520618, -0.41961079802131224, 0.7353219618154219, 0.8520566988000127, 0.8526637952281662, 0.08608783493309025, -0.6103508976078686, -0.48621116333272574, -0.926385930823225, -0.12464934892636714, 0.3972098847991954, -0.5485313287304814, -0.6432958237659312, -0.7687475145276502, -0.25796851460498615, 0.2103133083374055, -0.4048456288240936, -0.5057992365371684, -0.5290072736100142, 0.42033148261056197, 0.7920007105362152, 0.4793375673625142, -0.9897429361589727, 0.08743386830578584, -0.24305595455861884, -0.3119695394291728, 0.638281825228487, 0.7233397938717523, 0.557417614030562, 0.9469149778772861, -0.037076482860166404, -0.5499672296238078, -0.5512680511170527, -0.8088078569720161, 0.41438025550574675, 0.5330415018911305, 0.9580724252579627, -0.5388021826993884, -0.2974879960496792, -0.9362817041635842, -0.7675024830869109, 0.21085749302855955, -0.0778885118225825, -0.7336845110960748, 0.5176351322560455, 0.6225426305891657, -0.7906567745505697, -0.14903627021881327, -0.7362186115772738, -0.21566058962590895, 0.6427286300042312, -0.5729023288004449, 0.30210947883660033, -0.11913184906282859, 0.24584079390084335, -0.4210224169096244, -0.5031746109045998, 0.740441774307374, 0.13521173489177274, 0.6563351575122767, 0.4847047922565966, 0.21758332532728963, 0.6857064457094268, 0.8345617911467524, -0.3565812145285252, -0.8682353110903884, -0.37908849712719306, 1, 0.3328455733471911, 0.3566425683483318, 0.3523333144034655, -0.9400181267731567, 0.8295340049115918, 0.02826069282452126, 0.47822716459674863, -0.47166682008678396, -0.10200435567701072, -0.16692539244889604, 0.4631718966488365, 0.6977962719914554, -0.6266862653487686, -0.878381184962153, -0.1511110728158469, 0.8319191476037888, -0.549273461821651, -0.37442429878901673, 0.18477816746128184, -0.6816900326519992, -0.013267604159974855, 0.3852782141528863, -0.14700965874660632, 0.5433054154533918, 0.5289633059845837]
-65.16354370117188	(8, 12, 2)	[-0.8357723736165685, 0.25635123569697593, 0.5967445843140207, -0.8461227171063159, -0.8399528373375558, -0.07688540308669212, 0.992300667542396, -0.7804587836753236, 0.0037650277173275626, 0.5229076172480962, -0.33255766674377285, -0.3689279849471021, -0.6824933222627803, 0.18821259127306944, 0.018425154923954024, 0.3922942576916171, -0.6184064515304268, 0.024309842824491446, -0.9177877502371778, 0.34351690561905834, -0.6278946972056483, -0.5975409578947704, -0.12057616158206241, 0.05493834536135167, 0.5221379039259328, -0.3488991620906996, -0.6105305473502318, -0.8157449846814968, 0.2633067694694835, 0.4012130175425037, -0.8718372887829076, -0.21496782754272759, -0.763433191590615, 0.47490008223344016, -0.22479370361273765, 0.6999528073357939, -0.9837992251782117, -0.021809175720065355, 0.8056011805944157, -0.18577529874093357, 0.7542210425372076, -0.4516355275191277, 0.2940937420918115, 0.5989506247862226, 0.8821724463252711, 0.4958620790022825, -0.16455774846078652, -0.6998764885055596, 0.8646652502573978, 0.1887949431244594, -0.3577507686705965, 0.37597678517934763, -0.9661458613891252, -1, -0.5528284134179254, -0.19266872801923407, -0.5149489717125633, -0.8183223763578292, -0.204426382324945, 0.8643595375879631, -0.25695140914508996, -0.7607903684066561, 0.35491562873686244, -0.05906282748057179, -0.4806912670411767, 0.4543861736457362, 0.2553706017222379, -0.6002011903709221, 0.5921224970264907, 0.8963742944095778, 0.9260325385997397, -0.7833984820794919, -0.10730910124755799, -0.859370618783214, 0.6953836174410468, -0.6800273408849807, -0.42087938627777577, -0.43870260627894875, -0.9179533510626259, 0.990804730033352, -0.6048628190934342, -0.8655296803710488, 0.39164075764096906, 0.7672812404177893, 0.8727270429879355, 0.9127833388234825, -0.03723397700925157, 0.4282436328594881, -0.1275874699325407, -0.0988745132705211, 0.8252284519941524, 0.27256693532898857, -0.6909326070440207, 0.9043732340751303, -0.5326709738960806, -0.9148066005338493, -0.8578638848911277, -0.676807453800415, 0.600965107572887, -0.7515757942543986, 0.17712501346692067, 0.5031797539550897, 0.9795931988677837, -0.30112027751748927, 0.06304223970460598, 0.743055731561141, 0.05053032722056949, -0.6709042976058235, -1, 0.9582191955039308, 0.5628172100527808, 0.9483698860049129, 0.8289687474999672, 0.42675922087854534, 0.5908001495655524, 0.9203222217276625, 0.7475190831860925, -0.14423150530020323, 0.8879999156425895, -0.1939428656061052]
-72.63029479980469	(8, 12, 2)	[0.1689233506236767, -0.9140181198660096, 0.4427706690452413, -0.9088627510449221, 0.11341567383684742, 0.46977391239825383, 0.4884281855496837, -0.3980485506620095, 0.07095384606005228, 0.8909946159048048, 0.28124087320430213, -0.8817730769001673, 0.2760162849269472, 0.027024554819403204, 0.9147501123254242, 0.8687537276037731, 0.8072851566835197, -0.6411806720097131, -0.5003506343240396, -0.13812663383692514, -1, 0.2864465282194515, 0.5482881307124023, 0.4823506575640568, 0.08321343052281768, -0.7336912453974966, 0.555435396939592, -0.24195161701089773, -0.634363498824952, -0.04366267813872504, -0.13616072076001706, -0.7169879103407915, -0.09083821989218444, 0.2879421244527339, -0.5615170444095983, -0.008785796598673665, -0.5531552819525818, 0.5505350942911185, -0.9736387425045505, -0.166623567207351, -0.12931864691743167, 0.8262232435520012, -0.5519034816609951, -0.2841426458403207, -0.7202159507082322, -0.49413751067104084, 0.7811808748438186, 0.5450887111821257, -0.6450909129314792, -0.9886902190525009, 0.4924952337386681, 0.7200899771361545, -0.46475261964757575, -0.3602964677493772, -0.33519371980654, -0.1377778846292177, -0.43503300888648155, -0.09603216988580243, -0.9184995276931776, 0.5481648753645914, 0.5700036242235063, -0.048020442744666936, 0.9707512971849064, -0.8948758222118094, -0.22945669612998576, -0.5212582821197438, -0.8911109505600447, 0.3332269205873475, 0.013995358474149011, -0.7787777855360868, -0.15120112852104495, 0.18472529866019038, 0.3514129392478966, -0.26073008035275347, 1, 0.6907105696835891, -0.3673993316899735, -0.7332076766011739, -0.7584099522115908, -0.5969452997302085, -0.6868081840197908, 0.14172829293342787, -0.3714817472572285, 0.9077940762916721, -0.6795832771183523, 0.5156636967604711, 0.5898013893945526, -0.32868304771061646, 0.14003966902411147, 0.24311901631704158, -0.7048125990075664, -0.7522766074401426, 0.26980073499250773, 1, -0.3661347563556723, -0.12368033221525643, 0.4539771797408394, -0.8667113424468114, -0.04175916230657825, -0.21133799287845112, -0.6467285160428087, 0.3577939820599515, -0.8255329582628537, -0.09148352909851631, 0.784839525286628, -0.7965087765969343, 0.9213876199127786, -0.7512768692796747, -0.9131820357709501, 0.7771675756446343, 1, -0.06926463340528177, -0.3315293189490356, -0.1750325601140823, -0.8865991025961397, -0.7340242221575146, 0.6435460627727725, -0.9406274311234166, -0.5310203220317649, 0.05003237588882037]
-46.768951416015625	(8, 12, 2)	[-0.8357723736165685, 0.5051079021463049, 0.5967445843140207, -0.8461227171063159, -0.7602703979659791, -0.07688540308669212, 0.992300667542396, -0.6206008237748386, 0.0037650277173275626, 0.5229076172480962, -0.33255766674377285, -0.3689279849471021, -0.6824933222627803, 0.18821259127306944, 0.018425154923954024, 0.3922942576916171, -0.8756472652229637, 0.024309842824491446, -0.8171041489911357, 0.34351690561905834, -0.6278946972056483, -0.5975409578947704, -0.12057616158206241, 0.05493834536135167, 0.5221379039259328, -0.3488991620906996, -0.6105305473502318, -0.8157449846814968, 0.2633067694694835, 0.4012130175425037, -1, -0.21496782754272759, -0.763433191590615, 0.47490008223344016, -0.22479370361273765, 0.6999528073357939, -0.9837992251782117, -0.021809175720065355, 0.8056011805944157, -0.18577529874093357, 0.7542210425372076, -0.4516355275191277, 0.2940937420918115, 0.5989506247862226, 0.8821724463252711, 0.4958620790022825, -0.20730907342426202, -0.6998764885055596, 0.8646652502573978, 0.1887949431244594, -0.3577507686705965, 0.37597678517934763, -0.7101591135702106, -0.3602964677493772, -0.33519371980654, -0.08740235153818876, -0.43503300888648155, -0.09603216988580243, -0.9184995276931776, 0.5481648753645914, 0.5700036242235063, -0.048020442744666936, 0.9707512971849064, -0.8948758222118094, -0.22945669612998576, -0.5212582821197438, -0.8911109505600447, 0.3332269205873475, 0.013995358474149011, -0.7639591876006901, -0.012873026187943282, 0.18472529866019038, 0.3514129392478966, -0.26073008035275347, 1, 0.6907105696835891, -0.08697042903793184, -0.4788334000216781, -0.9045218908547398, -0.5969452997302085, -0.7587934926920585, 0.14172829293342787, -0.3263602420517125, 1, -0.34867048626632674, -0.6469622438662637, 0.5878224537221455, 0.5873900795093254, 0.3876281457647195, 0.898940086937329, -0.6057762647055331, -0.6871357262935639, -0.34114732446864543, 0.8134407975504565, -0.3661347563556723, -0.9148066005338493, -0.8578638848911277, -0.676807453800415, 0.600965107572887, -0.7515757942543986, 0.17712501346692067, 0.5031797539550897, 0.9795931988677837, -0.30112027751748927, 0.06304223970460598, 1, 0.05053032722056949, -0.6709042976058235, -1, 0.9582191955039308, 0.5628172100527808, 0.9483698860049129, 0.8289687474999672, 0.42675922087854534, 0.5908001495655524, 0.9203222217276625, 0.7475190831860925, 0.21230849433011484, 0.8879999156425895, -0.1939428656061052]
-62.460243225097656	(8, 12, 2)	[-0.5921792911287985, 0.5834127148135899, 0.8734335285659021, 0.5215390799531374, -0.2927857035693737, 0.1199858787543866, -0.26698240119116945, 0.1926167778643392, -0.39465500315953705, -0.022426168860757795, -0.8455008640181947, -0.4400443150405535, -0.8473968430703884, 0.790518953504756, 0.7076120683214375, 0.007982445913759337, 0.23041863764007142, -0.02676082945136264, 0.8247230166082107, 0.16129652298057584, 0.5062459425376289, 0.5636452217309722, 0.5885247166082352, -0.40583004773634457, 0.815229398258674, -0.07678602452278, -0.8716085469349266, 0.26936175781014504, -0.3068870575601541, -0.29701843648536297, -0.5513123316304456, 0.36354615974792326, -0.9511226518185836, 0.4281449274178937, 0.10040619051724953, -0.28429020864884025, -0.2298727628521502, -0.34697064190171595, -0.27273330311552724, 0.34305170016877184, -0.12748866047482532, 0.4709906637274174, -0.5574221446262915, -0.07754208241209803, -0.07481725882248336, -0.05234990421996108, -0.6353350593225007, -0.0940425134110334, 0.6827045434995926, -0.9917874963167364, 0.6411394007062925, 0.792714206951445, -0.5354217475811784, -0.4487959984712745, -0.30339910402710174, -0.2935283213315927, -0.8002163195092274, -0.6484388070824532, 0.7143141158314024, -0.7549917442812519, 0.5745985102459388, 0.3606019012397108, 0.0692333098807425, 0.614239849840972, 0.8208501996073008, 0.18618101054534542, 0.17532915370621982, -0.5135084037574329, 0.8435591077932686, -0.7185720651397522, -1, 0.5463880044066551, 0.5037978162132404, -0.07869201623250643, -0.9340049657664229, 0.4559605101250228, 0.7646362020828898, 0.34511429122817616, -0.332497856565011, 0.4415437414133032, -0.2975889002897691, 0.39409648923732554, -0.46326809877545727, -0.1292056073486785, -0.8947375340151748, 0.13836657598743418, -0.19932052790238353, 0.970425251144603, 0.8240738795890656, -0.0012558323808921773, -0.8478395600084532, -0.0822390351769211, -0.416641246173878, -0.13302313273459054, -0.17770880614105966, 0.6782077380436643, 0.9266968383795646, 0.3175050273632747, -0.8352770726745116, 0.7931331062527343, 0.5414408374695863, -0.04041650177173439, -0.05224164913563012, -0.32630857601333196, 0.8344720964157495, -0.47173515977395614, -0.38542143267657375, -0.8228329750448555, 0.15344701535854993, 0.7363943519298639, -0.6821485158134029, -0.9426678166207387, -0.6623945361709471, -0.777461641035875, 0.37667117667848266, -0.14954178716591437, 0.11820782983131428, -0.45080034672821045, -0.22825864790251038, -0.24000332096247967]
-32.096038818359375	(8, 12, 2)	[-0.5921792911287985, 0.25158449498608304, 1, 1, -1, -0.7999824968489351, 0.6947893276555055, 0.9903729188997119, -0.39465500315953705, -0.1122663759724914, -0.8455008640181947, -0.4400443150405535, -0.8473968430703884, 0.7034103980517443, 0.7076120683214375, -0.014284536783539137, 0.23041863764007142, -0.13351520586422705, 0.8247230166082107, 0.16535907429371172, 0.2570785443656415, 0.5636452217309722, 0.5885247166082352, -0.49210833938025805, 0.8498252871539658, -0.07678602452278, -0.8716085469349266, 0.26936175781014504, -0.21347988576253818, -0.29701843648536297, -0.5513123316304456, 0.36354615974792326, -0.9511226518185836, 0.5433850075660651, 0.10040619051724953, -0.07725414678992223, 0.03099185370219182, 0.27351395944855583, 0.6279238900331715, -0.7073534516397277, -0.8513460945190685, 0.6266944970784665, -0.2248093156721256, -0.370414309128894, -0.22595944865040818, 0.23109453558750953, 0.19655387666997526, 0.9801995027988262, -0.6826507752618749, 0.2839181854665911, -0.9499078594161855, -0.3216767593366676, 0.823223118483132, -0.25193475234527163, 0.3645834589930592, 0.1235710943332855, 0.2141345725663102, 0.07998699549535382, -0.08748466637985791, 0.5696990506955256, 0.5455118164465407, 0.36664611717343987, 0.7757381444608411, 0.3864303629244139, 0.5919656392381787, -1, -1, 0.07971108129827065, 0.38837283536449596, -0.7837569268968235, -0.5916899209414489, 0.2776022540614125, -0.5755276809110661, 0.2028870314857285, -0.05141271454607882, 0.6047780379115866, -0.4652772795714641, -0.22397594313074268, -0.8489231882965942, 0.6316909371548951, -0.7117616325007281, -0.9767272699125917, 0.6891949738240286, -0.5796306521209114, 0.6056870274114738, -0.9494244855573473, 0.39780906579698205, 0.4282436328594881, -0.4626509731982622, -0.7888487768809149, 0.2705103708694516, -0.6256444994421528, -0.5342103643914222, 0.7296045652412633, -0.25926360152239436, 0.2848059007046473, 0.853784666117366, 0.4066188635392694, -0.7943445320507019, -0.24591047405997668, 0.7184015837599997, 0.5397027270877874, -0.918619314160491, 0.5501517721138403, 0.2645755927918705, -0.9796688809121978, -0.8471365512470506, -1, 0.8396467317416791, -0.08871876291165276, 0.49887826361952514, -0.2474492078177224, -0.2547709500321971, -0.8184917470798252, -0.09830061285071245, 0.10114501127319986, 0.0673629411918164, -0.7929072063731504, -0.32556429268801923, -0.1769008722382563]
-58.949615478515625	(8, 12, 2)	[-0.41421962114356137, -0.3316885149071196, 0.599771598725678, 0.5875769572873627, -0.8546443207527532, 0.4121818563728936, 0.9275388823895552, 0.22358400219622063, 0.8043606725784749, 0.7296286730956765, -0.21898136767739618, 0.4995957145016636, 0.718866133017785, 0.6154068136367117, -0.7339561672336519, 0.1171157653331465, -0.4075554067530418, -0.9933046155050447, -0.9145483005600838, -0.13812663383692514, -0.9540012801482227, 0.2864465282194515, 0.5482881307124023, 0.4823506575640568, 0.09213077385981272, -0.7336912453974966, 0.05528901099059352, -0.24195161701089773, -0.634363498824952, -0.04366267813872504, -0.13616072076001706, -1, -0.09083821989218444, -0.15673483470125738, -0.5663627304261256, -0.028737276408944194, -0.2930741975945489, 0.3923533347068531, -0.9736387425045505, -0.3415007829336729, -0.12931864691743167, 0.8262232435520012, -0.5519034816609951, -0.2841426458403207, -0.7202159507082322, -0.6694276045321308, 0.7870740714791211, 0.5450887111821257, -0.6450909129314792, -0.9886902190525009, 0.5575779411064743, 0.6785610634108548, -0.674577666741108, -0.5229031955611791, -0.33519371980654, -0.3337472178994313, -0.5245403093861418, -0.09603216988580243, -0.9184995276931776, 0.7909988853118652, 0.5700036242235063, -0.5112444388451827, 1, -0.8948758222118094, -0.22945669612998576, -0.5212582821197438, -0.8911109505600447, 0.5130319396624881, 0.013995358474149011, -0.8223831614309003, -0.012873026187943282, 0.18472529866019038, 0.3514129392478966, -0.26073008035275347, 1, 0.9463014804228669, -0.3673993316899735, -0.7332076766011739, -0.3116603283059512, -0.5969452997302085, -0.6868081840197908, 0.14172829293342787, -0.2815392536744642, 1, -0.2774511632195576, -0.493763634959274, 0.6316504208128944, -0.033158310164166926, 0.05262975434912909, 0.5269873800829726, -0.7180825327747952, -0.7522766074401426, 0.19133772055936338, 0.8306270228850221, 0.561575522612374, 0.03593259274384941, -0.9575219532701655, -0.7578192610933593, -0.5104917570750986, 0.8150889812797619, 0.7184015837599997, 0.5397027270877874, -0.918619314160491, 0.748539242897029, 0.2645755927918705, 0.5817981731309549, -0.6081003338332132, 0.19284597167922912, -0.13276414791926294, -0.28846130805025316, 0.42883417183286454, -0.03595717460259798, -0.44299341787683194, -0.4823324491091543, -0.07563207095946334, 0.4575863473631818, 0.8728014132384834, 0.3767718309099435, -0.7527230628371959, -0.2828291867416354]
-48.93717575073242	(8, 12, 2)	[-0.8357723736165685, 0.25635123569697593, 0.5967445843140207, -0.7431411432857308, 0.27703021110310666, 0.9058708107324591, 0.4884281855496837, -0.3980485506620095, 0.07095384606005228, 0.4893308569429068, 0.4252633038275886, -0.8817730769001673, 0.10133877398557001, 0.027024554819403204, 0.6435116802152054, 0.6905000279361582, 0.7721232275448939, -0.6411806720097131, -0.7329688746095908, -0.13812663383692514, -0.8649756423145556, 0.2864465282194515, 0.32578503319778385, 0.4823506575640568, -0.11574133727957917, -0.7336912453974966, 0.555435396939592, -0.24195161701089773, -0.634363498824952, -0.04366267813872504, -0.13616072076001706, -0.5016980530932511, -0.06686572439746184, 0.16821691557047047, -0.5615170444095983, -0.008785796598673665, -0.4532836997118904, 0.5556151385898733, -0.9736387425045505, -0.1626230450752699, -0.12931864691743167, 0.8262232435520012, -0.5519034816609951, -0.2841426458403207, -0.7202159507082322, -0.906686459433788, -0.06922507345977702, 0.771567263612428, -0.642633868488957, -0.6995407956713109, 0.4924952337386681, 0.6785610634108548, -0.46475261964757575, -0.3602964677493772, -0.33519371980654, -0.18054126465859677, -0.43503300888648155, -0.09603216988580243, -0.9456694762683482, 0.5481648753645914, 0.5700036242235063, -0.5112444388451827, 0.7577468687498238, -0.8948758222118094, -0.22945669612998576, -0.35761062319842707, -0.8911109505600447, 0.3332269205873475, 0.01319559058455022, -0.7639591876006901, -0.012873026187943282, 0.07576080451716206, 0.3514129392478966, -0.26073008035275347, 0.9830698921207821, 0.6907105696835891, -0.2862974865554835, -0.7332076766011739, -0.467809189089964, -0.5969452997302085, -0.6868081840197908, 0.017643549741546055, -1, 1, -0.34867048626632674, -0.6469622438662637, 0.5878224537221455, -0.8173699461739661, 0.3876281457647195, 0.898940086937329, -0.3638022649692536, -0.8076785893649203, -0.41579115451907, 0.8914541394441359, -0.3661347563556723, -0.3275191822533505, 0.4539771797408394, -0.8667113424468114, 0.2734815538816652, -0.21133799287845112, -0.6467285160428087, 0.16006142656387512, 0.88444887418592, 0.4518649938491137, 0.11770744038741765, -0.05279182363068369, -0.28990307559450335, 0.35190799724576016, -1, 0.9026666363075379, -0.11589148905546409, 0.11568929985716725, -0.9685610484643623, -0.3470305690320715, 0.78805414767089, 0.27796295426859974, -0.8649371587117476, -0.14423150530020323, 0.8879999156425895, -0.1939428656061052]
-66.207763671875	(8, 12, 2)	[0.1689233506236767, -0.9140181198660096, 0.4427706690452413, -0.9088627510449221, 0.11341567383684742, 0.46977391239825383, 0.4884281855496837, -0.5773112715288765, 0.09164975648649698, 0.8900170808025957, 0.28124087320430213, -0.8817730769001673, 0.2760162849269472, 0.027024554819403204, 0.9147501123254242, 0.8687537276037731, 0.6668044845122889, -0.6411806720097131, -0.5003506343240396, -0.13812663383692514, -0.8114525359505077, 0.2864465282194515, 0.7434468135590488, 0.4823506575640568, 0.08321343052281768, -0.4499106105392244, 0.555435396939592, -0.24195161701089773, -0.634363498824952, -0.04366267813872504, -0.13616072076001706, -0.7169879103407915, -0.09083821989218444, 0.2879421244527339, -0.5550156987860595, -0.008785796598673665, -0.47581013383330695, 0.5505350942911185, -0.9736387425045505, -0.166623567207351, -0.12931864691743167, 1, -0.5519034816609951, -0.2841426458403207, -0.7202159507082322, -0.005615443689198918, 0.7811808748438186, 0.5450887111821257, -0.6450909129314792, -0.9886902190525009, 0.4924952337386681, 0.7200899771361545, -0.46475261964757575, -0.15537717680619823, -0.3351895901030874, -0.1377778846292177, -0.43503300888648155, -0.09603216988580243, -0.807694294051205, 0.8898548530533974, 0.5700036242235063, -0.048020442744666936, 0.8174848927377311, -0.8948758222118094, -0.22945669612998576, -0.5212582821197438, -0.8911109505600447, 0.3332269205873475, 0.013995358474149011, -0.7787777855360868, -0.15120112852104495, 0.18472529866019038, 0.3514129392478966, -0.39843642053510864, 1, 0.4700373198129957, -0.3673993316899735, -1, -0.7584099522115908, -0.8592436479179619, -0.6868081840197908, 0.14172829293342787, -0.3714817472572285, 1, -0.6795832771183523, 0.5156636967604711, 0.7300725229384513, 0.19309541097507288, 0.14310166630868912, 0.24311901631704158, -0.7048125990075664, -0.7522766074401426, 0.26980073499250773, 1, -0.3661347563556723, -0.20325326039686378, 0.528680143431688, -0.8667113424468114, 0.13440001681960637, -0.21133799287845112, -0.6467285160428087, 0.16006142656387512, -0.8662521742464226, -0.5772711678361495, -0.2880306621484583, -0.6461812674882892, -0.46602176086895125, -0.24505082245909673, -0.5938938833380885, -0.0798413138665004, 0.2006455403775549, 0.5739532694287817, -0.6122126122627671, -0.5230202356211279, 0.4890973644905226, -0.24600593311621632, -0.03540649605773738, 1, -0.5310203220317649, 0.18421209417000145]
-16.478961944580078	(8, 12, 2)	[-0.5921792911287985, 0.25158449498608304, 0.9356656780012196, 0.8872857967523704, -1, -0.6035316809231229, 0.9544751751504, 0.9903729188997119, -0.31179964960424045, -0.1933124941129225, -0.8455008640181947, -0.6174450172386675, -0.8473968430703884, 0.790518953504756, 0.8814353091838718, 0.13030838964615102, 0.23041863764007142, -0.02676082945136264, 0.5673568177824561, 0.16129652298057584, 0.5062459425376289, 0.5636452217309722, 0.5885247166082352, -0.40583004773634457, 0.8729623898333115, -0.28369941147904465, -0.9266168637415969, 0.1666229239815088, -0.4985029610837454, -0.2530009206304422, -0.11877039740283074, 0.36354615974792326, -0.9511226518185836, 0.5085026276129774, 0.10040619051724953, -0.28429020864884025, -0.2857840862421723, -0.1819422108573565, -0.27273330311552724, 0.34305170016877184, -0.12748866047482532, 0.3291985013800911, -0.6394252274232339, -0.8860094349477752, 0.8091814945080773, 0.02115278122300479, 0.7766040403664358, -0.41529906694051544, 0.5405689855102489, 0.7626815661636717, -0.6579625718726819, 0.27170580718678783, 0.14959449549163437, -0.038190114156426785, 0.7483239263361097, -0.5851120604273907, -0.20657880628924574, 0.7591749218552851, 0.34752910345700494, -0.9560046226338083, 0.11690163279470951, -0.892022410976339, -0.2414883961968184, -0.3712648597100485, -0.6523317398506285, 0.7556142216017281, -0.9895327395506417, 0.3332269205873475, 0.06700166733909343, -0.7639591876006901, -0.012873026187943282, 0.07576080451716206, 0.21896164600999188, -0.26073008035275347, 0.9830698921207821, 0.819955844621223, -0.3788625834455813, -0.7332076766011739, -0.467809189089964, -0.5969452997302085, -0.6868081840197908, 0.14172829293342787, -0.8116253584433955, 1, -0.34867048626632674, -0.6469622438662637, 0.5878224537221455, -0.8173699461739661, 0.3876281457647195, 0.898940086937329, -0.3638022649692536, -0.8076785893649203, -0.41579115451907, 0.8914541394441359, -0.3661347563556723, -0.3275191822533505, 0.4539771797408394, -0.8667113424468114, 0.05560858714577323, -0.21133799287845112, -0.5588458777568407, 0.16006142656387512, 0.88444887418592, 0.4518649938491137, 0.11770744038741765, -0.05279182363068369, -0.28990307559450335, 0.35190799724576016, -1, 0.9026666363075379, -0.06916460395588978, 0.11568929985716725, -0.9685610484643623, -0.3470305690320715, -0.6214342450009844, 0.5667240127724991, -0.8294922167884295, -0.7729132318689045, -0.22825864790251038, -0.24000332096247967]
-51.23311996459961	(8, 12, 2)	[-1, 0.25635123569697593, 0.5967445843140207, -0.9340713828909819, -0.6804120613801408, -0.07688540308669212, 1, -1, 0.0037650277173275626, 0.5229076172480962, -0.33255766674377285, -0.6855631503082222, -0.6824933222627803, 0.3082491572114496, 0.018425154923954024, 0.3922942576916171, -0.6184064515304268, 0.22200659350503998, -0.9177877502371778, 0.41701304742737433, -0.953573704217483, -0.4108658247257054, 0.10024624308243879, 0.05493834536135167, 0.35595776589437345, -0.6027822871752337, -0.6105305473502318, -0.6468341434354714, 0.2633067694694835, 0.4029265019470274, -0.8718372887829076, -0.39699480753318783, -0.763433191590615, 0.47490008223344016, -0.22479370361273765, 0.6999528073357939, -0.8684374920235345, -0.021809175720065355, 0.9628139157830239, -0.18577529874093357, 0.7542210425372076, -0.4516355275191277, 0.30884209189404976, 0.36518559171285325, -0.51856374689167, 0.6926833228538957, 0.25014554038764136, 0.39576083422489616, 0.388166085620605, -0.783855581533409, 0.4924952337386681, 0.6517741000110403, -0.46475261964757575, -0.3602964677493772, -0.33519371980654, -0.08740235153818876, -0.43503300888648155, -0.09603216988580243, -0.9184995276931776, 0.7515224964440707, 0.7140304989171469, -0.2155344461925739, 0.9707512971849064, -0.8948758222118094, -0.22945669612998576, -0.5212582821197438, -0.8911109505600447, 0.3332269205873475, 0.013995358474149011, -0.7582481893194333, -0.012873026187943282, 0.18472529866019038, 0.5746485522163485, -0.26073008035275347, 0.9830698921207821, 0.6907105696835891, -0.3673993316899735, -0.49573282757630066, -0.7584099522115908, -0.5905331677011397, -0.8155624597270303, -0.21484902516042792, -0.3714817472572285, 0.9077940762916721, -0.34867048626632674, -0.686442469074573, 0.8610132213979014, 0.34777444595550144, -0.7049037825371027, -0.9728062735789094, 0.23286839689269012, 0.41092713628824895, 0.5099635532781908, -0.26754796029537786, -0.9460208883493069, -0.49080175435985307, -0.6941328465256277, -0.7583063273979196, -0.27643080505435114, -0.16691773215052444, 0.19602093088757927, -0.4205415807806059, -0.24197380663131243, -1, 0.10303775467647658, 0.9338827444449638, 0.6585379438146544, 1, -0.9506731851371125, 0.7836414124646678, -0.11589148905546409, 0.11568929985716725, -1, -0.718004734373128, 0.7053004038741434, 0.27796295426859974, -0.8649371587117476, -0.14423150530020323, 0.9321852629272808, -0.15493891774147456]
-58.29191207885742	(8, 12, 2)	[0.1689233506236767, -0.8295851135172072, 0.6551342747112592, 0.4622417338194778, 0.2757882971676107, 0.8337517070295759, 0.4884281855496837, -0.2946401979839262, 0.07095384606005228, 0.7280011971915092, 0.3496028996454763, -0.5348293810198648, 0.1683188510036387, 0.027024554819403204, 0.7104191227204182, 0.8687537276037731, 0.7721232275448939, -0.24769478494014646, -0.5003506343240396, -0.13812663383692514, -0.9540012801482227, 0.5794125558305351, 0.8033625538070577, 0.4823506575640568, 0.171873618721552, -0.7336912453974966, 0.6845775478551128, -0.24195161701089773, -0.634363498824952, -0.32943022588744136, -0.13616072076001706, -0.24604164844763787, 0.13293617881337538, 0.3590026712510034, -0.5615170444095983, -0.008785796598673665, -0.5531552819525818, 0.5556151385898733, -0.9736387425045505, -0.18577529874093357, 0.7542210425372076, 0.8262232435520012, -0.5519034816609951, -0.2841426458403207, -0.7202159507082322, -0.30740037342209203, -0.22386037453155938, 1, -0.642633868488957, -0.9886902190525009, 0.6476343402812524, 0.9216399113732916, -0.6011707315059597, -0.3602964677493772, -0.33519371980654, -0.08740235153818876, -0.43503300888648155, -0.09603216988580243, -0.9184995276931776, 0.6476616081570988, 0.6680442057595903, 0.30615193377575817, -0.0212683761376522, -0.019661396810448206, -0.992293588476767, -0.44283300996520925, 0.4877201224375351, -0.6039704340863647, -0.4055252537516071, -0.7639591876006901, -0.012873026187943282, 0.0993334938027641, 0.6834706189526347, -0.26073008035275347, 1, 0.7671785860847264, -0.4289915884944219, -0.7433716511328607, -0.7584099522115908, -0.6993846441499697, -0.9286512107450884, -0.5081626851169612, -0.6304460046913327, -0.6340462099505244, -0.4243337352573553, 0.7412027139644193, 1, -0.4890472373703967, -0.29341203910144786, -0.653098695478216, 0.7798962010904251, 0.5518908824734954, 0.6829566085503256, -0.8960720490369822, -0.4319098597601186, -0.12368033221525643, 0.3514879043360638, -0.8667113424468114, -0.014987016841155637, -0.20938057826723444, 0.5906347151368154, -1, 0.561123783807137, 0.17233955285712801, 0.266187853856554, -0.9386138312262314, -0.057097899996321255, -0.560413542440831, 0.6983818337339498, 0.7969770034794776, 0.34993481433030027, -0.4319399869157282, 0.6203799840370892, -0.5706163546314516, 0.4703868248580553, -0.6300095609993575, 0.5872448991723975, -0.9406274311234166, -0.46252284936208393, 0.05003237588882037]
-62.427490234375	(8, 12, 2)	[0.1689233506236767, -0.9140181198660096, 0.7176045257912127, -0.5118467222370091, 0.27703021110310666, 0.9058708107324591, 0.8521254162519118, -0.6206008237748386, 0.0037650277173275626, 0.16075632921336924, -0.33255766674377285, -0.3689279849471021, -1, 0.31412133197031417, 0.32627736278874575, 0.3922942576916171, -0.6572619292519204, 0.024309842824491446, -0.8171041489911357, 0.45331932551352705, -0.6278946972056483, -0.5975409578947704, -0.12057616158206241, -0.02400661675833897, 0.350115474841209, -0.4743033718462965, -0.7064998359568482, -0.8157449846814968, 0.4004209043877411, 0.4012130175425037, -1, -0.21496782754272759, -0.6718225482121097, 0.47490008223344016, -0.6735118324067039, 0.6999528073357939, -0.9837992251782117, -0.021809175720065355, 0.6992031434911822, -0.18577529874093357, 0.7542210425372076, -0.4516355275191277, 0.17160891854752197, 0.29198614787409705, 0.8821724463252711, 0.4958620790022825, -0.20730907342426202, -0.6998764885055596, 0.8646652502573978, 0.17433729084011743, -0.5382737399058471, 0.37597678517934763, -0.6061505142658081, -0.46417199213404325, -0.20108652977968947, 0.006203112916244868, -1, -0.6484388070824532, 0.6573033190491888, -0.5147586437495179, 0.5745985102459388, 0.24211069824365472, 0.0692333098807425, 0.4549860361483633, 0.8208501996073008, 0.06359978555000129, 0.3739224731112126, -0.44412651876054743, 1, -0.779930584527653, -0.8256872428996316, 0.6945420635430292, 0.5037978162132404, -0.23412939597628848, 0.6953836174410468, -0.4997204474766709, 0.32505254116060933, -0.35699752207161844, -0.5155969934177695, -0.5754759101657112, 0.11124286742601375, 0.8012386652229198, 0.6553869057883988, 0.9563094584724638, -0.34867048626632674, -0.9631169856465231, 0.4196406536372218, -0.7793586321993997, 0.5451440439692555, 0.4611476334801001, -0.7178745494343058, -0.8674417939372217, 0.26980073499250773, 0.6961448267362903, -0.3661347563556723, 0.04888376645640946, 0.0994606550546096, -0.8667113424468114, -0.1312880002133896, 0.19405405282025212, -0.6467285160428087, -0.04041650177173439, -0.05224164913563012, -0.32630857601333196, 0.8344720964157495, -0.47173515977395614, -0.38542143267657375, -0.8228329750448555, 0.15344701535854993, 0.7363943519298639, -0.6821485158134029, -0.6260266635680132, -0.6623945361709471, -0.777461641035875, -0.6524382625685512, -0.5683143847174694, 0.6435460627727725, 0.30817181073897126, -0.5144903075731346, 0.05003237588882037]
-45.842529296875	(8, 12, 2)	[-0.5921792911287985, 0.8639195408016125, 0.8734335285659021, 0.5215390799531374, -0.19595574480922434, 0.03321690497889558, -0.26698240119116945, 0.30285003028073776, -0.39465500315953705, -0.12811252978055776, 0.28124087320430213, -1, 0.10133877398557001, -0.08493936255146675, 0.9147501123254242, 0.7150645398189461, 0.6250309955858206, -0.6411806720097131, -0.5003506343240396, -0.13812663383692514, -0.9540012801482227, 0.2864465282194515, 0.33786677721815983, 0.2927831015283058, 0.09213077385981272, -0.7336912453974966, 0.329570457543919, -0.24195161701089773, -0.5696442207744188, -0.04366267813872504, -0.13616072076001706, -0.9095791944229416, -0.09083821989218444, -0.15673483470125738, -0.6012784316475651, 0.08767958438577307, 0.9250031570485318, 0.13208590957878205, 0.8056011805944157, -0.18577529874093357, 0.7542210425372076, -0.4516355275191277, 0.2940937420918115, 0.487612195371226, -0.981529342976923, 0.6678208081284891, 0.25014554038764136, 0.2638525982478126, 0.6235772858683932, -1, -0.3577507686705965, 0.37597678517934763, -0.9661458613891252, -1, -0.3950404472520258, -0.17945929433746374, -0.5149489717125633, -0.28828528033322587, -0.9456694762683482, 0.43116025892453536, 0.5700036242235063, -0.2155344461925739, 0.9707512971849064, -0.48817418612478536, 0.031283157902055436, -0.5212582821197438, -0.6684230467034264, 0.6116216249010837, 0.013995358474149011, -0.5218162686452009, -0.054867855015282976, 0.18472529866019038, 0.31247240411362737, -0.5504037411599729, 1, 0.6907105696835891, -0.7340239278603209, -0.7494236128642071, -0.7584099522115908, -0.24343340178767603, -0.4849282586071513, 0.14172829293342787, -0.3714817472572285, 0.8970405740661833, -0.5556846160869249, 0.5156636967604711, 0.5724497833818473, -0.32868304771061646, 0.09162262743146402, 0.24311901631704158, -0.7048125990075664, 0.14963718124287279, -0.7767393672334493, 0.3204704201202331, -0.7290379449800235, 0.5491419830827913, -0.31299136303235087, -0.10887725629864686, 0.18178416802588004, 0.977944367011099, -0.9649020875755855, 0.8032060033491097, -0.9574236314209316, -0.7692327081106353, -0.5704948689978875, -0.6573968210463695, 1, -0.5820740647782401, 0.15344701535854993, 0.7363943519298639, -0.6821485158134029, -0.9426678166207387, -0.48711604707802014, 0.01659684680781301, -0.6942363607908743, -1, 0.315693614619999, -0.7929072063731504, -0.19705803703079763, -0.24000332096247967]
-43.257904052734375	(8, 12, 2)	[-0.5921792911287985, 0.8639195408016125, 0.8734335285659021, 0.5215390799531374, -0.19595574480922434, 0.03321690497889558, -0.26698240119116945, 0.30285003028073776, -0.39465500315953705, -0.12811252978055776, 0.28124087320430213, -1, 0.10133877398557001, -0.08493936255146675, 0.9147501123254242, 0.7150645398189461, 0.6250309955858206, -0.6411806720097131, -0.5003506343240396, -0.13812663383692514, -0.9540012801482227, 0.2864465282194515, 0.33786677721815983, 0.2927831015283058, 0.09213077385981272, -0.7336912453974966, 0.329570457543919, -0.24195161701089773, -0.5696442207744188, -0.04366267813872504, -0.13616072076001706, -0.9095791944229416, -0.09083821989218444, -0.15673483470125738, -0.6012784316475651, 0.08767958438577307, 0.9250031570485318, 0.13208590957878205, 0.8056011805944157, -0.18577529874093357, 0.7542210425372076, -0.4516355275191277, 0.2940937420918115, 0.487612195371226, -0.981529342976923, 0.6678208081284891, 0.25014554038764136, 0.2638525982478126, 0.6235772858683932, -1, -0.3577507686705965, 0.37597678517934763, -0.9661458613891252, -1, -0.3950404472520258, -0.17945929433746374, -0.5149489717125633, -0.28828528033322587, -0.9456694762683482, 0.43116025892453536, 0.5700036242235063, -0.2155344461925739, 0.9707512971849064, -0.48817418612478536, 0.031283157902055436, -0.5212582821197438, -0.6684230467034264, 0.6116216249010837, 0.013995358474149011, -0.5218162686452009, -0.054867855015282976, 0.18472529866019038, 0.31247240411362737, -0.5504037411599729, 1, 0.6907105696835891, -0.7340239278603209, -0.7494236128642071, -0.7584099522115908, -0.24343340178767603, -0.4849282586071513, 0.14172829293342787, -0.3714817472572285, 0.8970405740661833, -0.5556846160869249, 0.5156636967604711, 0.5724497833818473, -0.32868304771061646, 0.09162262743146402, 0.24311901631704158, -0.7048125990075664, 0.14963718124287279, -0.7767393672334493, 0.3204704201202331, -0.7290379449800235, 0.5491419830827913, -0.31299136303235087, -0.10887725629864686, 0.18178416802588004, 0.977944367011099, -0.9649020875755855, 0.8032060033491097, -0.9574236314209316, -0.7692327081106353, -0.5704948689978875, -0.6573968210463695, 1, -0.5820740647782401, 0.15344701535854993, 0.7363943519298639, -0.6821485158134029, -0.9426678166207387, -0.48711604707802014, 0.01659684680781301, -0.6942363607908743, -1, 0.315693614619999, -0.7929072063731504, -0.19705803703079763, -0.24000332096247967]
-35.0629997253418	(8, 12, 2)	[-0.5921792911287985, 0.8639195408016125, 0.8734335285659021, 0.5215390799531374, 0.028460477068063594, 0.03321690497889558, -0.26698240119116945, 0.30285003028073776, -0.39465500315953705, -0.12811252978055776, 0.28124087320430213, -1, 0.10133877398557001, -0.22960096532724977, 0.9147501123254242, 0.7150645398189461, 0.6250309955858206, -0.6411806720097131, -0.5003506343240396, -0.13812663383692514, -0.9540012801482227, 0.2864465282194515, 0.33786677721815983, 0.2927831015283058, 0.09213077385981272, -0.7336912453974966, 0.329570457543919, -0.24195161701089773, -0.5696442207744188, -0.04366267813872504, -0.13616072076001706, -0.9095791944229416, -0.09083821989218444, -0.15673483470125738, -0.6012784316475651, 0.08767958438577307, 0.9250031570485318, 0.13208590957878205, 0.8056011805944157, -0.18577529874093357, 0.7542210425372076, -0.5474007100928583, 0.2940937420918115, 0.49122315828819707, -0.981529342976923, 0.6678208081284891, -0.12269854277118392, 0.2638525982478126, 0.6235772858683932, -1, -0.3577507686705965, 0.45495541738851325, -0.9661458613891252, -1, -0.30401238364882543, -0.17945929433746374, -0.5149489717125633, -0.28828528033322587, -0.9456694762683482, 0.43116025892453536, 0.5700036242235063, -0.2155344461925739, 0.9707512971849064, -0.48817418612478536, 0.031283157902055436, -0.5212582821197438, -0.6684230467034264, 0.6116216249010837, 0.013995358474149011, -0.5218162686452009, -0.054867855015282976, 0.18472529866019038, 0.31247240411362737, -0.5504037411599729, 1, 0.6907105696835891, -0.7340239278603209, -0.7494236128642071, -0.7584099522115908, -0.24343340178767603, -0.4849282586071513, 0.14172829293342787, -0.3714817472572285, 0.8970405740661833, -0.5556846160869249, 0.5156636967604711, 0.5724497833818473, -0.32868304771061646, 0.09162262743146402, 0.24311901631704158, -0.7048125990075664, 0.14963718124287279, -0.7767393672334493, 0.3204704201202331, -0.7290379449800235, 0.5491419830827913, -0.31299136303235087, -0.10887725629864686, 0.18178416802588004, 0.977944367011099, -0.9649020875755855, 0.8032060033491097, -0.9574236314209316, -0.7692327081106353, -0.5704948689978875, -0.6573968210463695, 1, -0.5820740647782401, 0.15344701535854993, 0.4693679330952057, -0.6821485158134029, -0.9426678166207387, -0.48711604707802014, 0.01659684680781301, -0.6942363607908743, -1, 0.315693614619999, -0.7929072063731504, -0.19705803703079763, -0.24000332096247967]
-59.729251861572266	(8, 12, 2)	[0.1689233506236767, -0.9140181198660096, 0.7176045257912127, -0.5118467222370091, 0.27703021110310666, 0.9058708107324591, 0.8521254162519118, -0.6206008237748386, 0.0037650277173275626, 0.16075632921336924, -0.33255766674377285, -0.3689279849471021, -0.7957070471796417, 0.4304551490444939, 0.2886374090327663, 0.2193004765157275, -0.6572619292519204, 0.024309842824491446, -0.8171041489911357, 0.45331932551352705, -0.6278946972056483, -0.5201344876141843, -0.12057616158206241, -0.02400661675833897, 0.350115474841209, -0.7704867351488216, -0.7064998359568482, -0.8157449846814968, 0.4770464373397543, 0.4012130175425037, -1, -0.24681583092946202, -0.6718225482121097, 0.47490008223344016, -0.6735118324067039, 0.6999528073357939, -0.9837992251782117, -0.23293296217757936, 0.48595051900819103, -0.18577529874093357, 0.7542210425372076, -0.4516355275191277, 0.13837366513322444, 0.29198614787409705, 0.8821724463252711, 0.4958620790022825, -0.20730907342426202, -0.3610692593754324, 0.9809374848186, 0.18473741023087958, -0.7260264200011033, 0.37597678517934763, -0.7101591135702106, -0.46417199213404325, -0.28493117457525396, -0.08740235153818876, -1, -0.7417156870591708, 0.6573033190491888, -0.5147586437495179, 0.5745985102459388, 0.24211069824365472, 0.0692333098807425, 0.4549860361483633, 0.49552456503146813, 0.06359978555000129, 0.3129846030166116, -0.44412651876054743, 1, -0.779930584527653, -0.8645135933902056, 0.6945420635430292, 0.21896164600999188, -0.4621872005699011, 0.9830698921207821, 0.819955844621223, -0.3788625834455813, -0.7332076766011739, -0.467809189089964, -0.5969452997302085, -0.6868081840197908, 0.14172829293342787, -0.8116253584433955, 1, -0.5447350188083293, -0.6469622438662637, 0.5878224537221455, -0.8173699461739661, 0.3876281457647195, 0.898940086937329, -0.3912049435668788, -0.8076785893649203, -0.41579115451907, 0.8277922585303283, -0.3661347563556723, -0.3275191822533505, 0.4539771797408394, -0.91924265303916, 0.05560858714577323, -0.20493197502494925, -0.5588458777568407, 0.16006142656387512, -0.918619314160491, 0.748539242897029, 0.2645755927918705, -0.35397949395057077, -0.30297924009101695, -0.8228329750448555, 0.24386472470916576, 0.7363943519298639, -0.6821485158134029, -0.6260266635680132, -0.7033858701467922, -0.777461641035875, -0.6524382625685512, -0.5770997205686369, 0.6435460627727725, 0.30817181073897126, -0.5310203220317649, -0.004195758527971577]
-45.92472839355469	(8, 12, 2)	[-0.8098450922754221, 0.5802606302503948, 0.8734335285659021, 0.5215390799531374, -0.22714756296720395, 0.03321690497889558, -0.8764619499915886, 0.14302951125155827, -0.39465500315953705, -0.25020588696358037, -0.911706906395445, -0.4400443150405535, -0.5445099918668734, 0.4858619997601833, 0.2928874064725653, 0.7535330312320181, 0.4117131245423756, -0.49592366482784905, 0.7410821119276014, 0.6816649548235758, 0.3143728934809611, -0.4135644025208368, -0.5902722168740269, -0.40583004773634457, 0.9917864589053086, -0.42156970934708005, -0.7975798494385493, 0.06927133867075164, -0.279613939910135, -0.21544143954442013, -0.5513123316304456, 0.36354615974792326, -1, 0.42950976617314524, 0.10040619051724953, -0.11448319206686786, 0.03099185370219182, 0.4752120998533149, 0.6279238900331715, -0.6498102059896278, -0.712052903391077, 0.6266944970784665, -0.7973806193380029, -0.9781138657901635, 0.8091814945080773, 0.02115278122300479, 0.5574370364247095, -0.41529906694051544, 0.5405689855102489, 0.8861740651735238, -0.6579625718726819, 0.42671516454484115, 0.14959449549163437, -0.038190114156426785, 0.7483239263361097, -0.5851120604273907, -0.19060637527472576, 0.37724282099278794, 0.34752910345700494, -0.9903256790897754, -0.13113910880535085, -1, -0.1854220013755059, -0.6290512578644941, -0.5135096786852216, 0.7556142216017281, -0.1361242921672754, -0.6039704340863647, -0.4055252537516071, -0.7639591876006901, 0.34798807290201117, 0.0993334938027641, 0.5667136705433293, -0.03629382115132812, 0.8140082176957535, 0.8628838332385357, -0.9822159027848589, -0.7778761028532888, -0.7584099522115908, -0.5969452997302085, -0.6650907295001109, -0.18506974145988925, -0.6304460046913327, -0.1447932948634715, -0.4886665561406447, 0.7960900359065187, 0.492828993580454, -0.9129289337187496, -0.8490751900545639, 0.18593069592636366, -0.7209564196627136, 0.4343860743792402, -0.4374605909476821, -0.650442457334877, 0.8378677937956366, -0.17366248661563494, -0.296030777403973, -0.7583063273979196, -0.04880824529836769, -0.16691773215052444, 0.2262392497832073, 0.04108814995745025, -0.06924736203745022, -0.8902215761287794, 0.10303775467647658, -1, -1, -0.8254272686355513, -0.6872492727064669, 0.7771675756446343, 1, -0.2474492078177224, -0.2547709500321971, -0.7594534761166227, 0.38926242224976704, 0.15050893336976745, 0.0673629411918164, -0.6703950368455234, -0.3933981039495883, -0.38242774572301763]
-64.85526275634766	(8, 12, 2)	[-0.6938298801914752, 0.8639195408016125, 0.8734335285659021, 0.544831799805599, 0.028460477068063594, 0.03321690497889558, -0.26698240119116945, 0.30285003028073776, -0.39465500315953705, -0.12811252978055776, 0.44268191661822553, -1, 0.10133877398557001, -0.413005031799769, 0.9147501123254242, 0.7150645398189461, 0.6250309955858206, -0.5792418541136666, -0.5003506343240396, -0.13812663383692514, -0.9540012801482227, 0.2864465282194515, 0.33786677721815983, 0.2927831015283058, 0.09213077385981272, -0.7336912453974966, 0.329570457543919, -0.24195161701089773, -0.5696442207744188, -0.04366267813872504, -0.13616072076001706, -0.9095791944229416, -0.02069038299929478, -0.15673483470125738, -0.6012784316475651, 0.08767958438577307, 0.9250031570485318, 0.19357455841201004, 0.8056011805944157, -0.18577529874093357, 0.7542210425372076, -0.5474007100928583, 0.2940937420918115, 0.49122315828819707, -0.981529342976923, 0.6678208081284891, -0.12269854277118392, 0.2638525982478126, 0.15200703576424512, -1, -0.2803087184635281, 0.45495541738851325, -0.9661458613891252, -1, -0.30401238364882543, -0.17945929433746374, -0.5149489717125633, -0.28828528033322587, -1, 0.43116025892453536, 0.5700036242235063, -0.2155344461925739, 0.7076290206240037, -0.48817418612478536, 0.031283157902055436, -0.5212582821197438, -0.6684230467034264, 0.6116216249010837, 0.21180074936161356, -0.5218162686452009, -0.054867855015282976, 0.18472529866019038, 0.31247240411362737, -0.5504037411599729, 1, 0.8351789910303159, 1, 0.08234405923874655, -0.8591025125471291, 0.9352073554431181, -0.7074312027628592, -0.9767272699125917, 0.6387732674536377, -0.7096468568836969, 0.34338382144153223, -1, 0.779643534831928, 0.32930600011905475, 0.14310166630868912, 1, -0.9387253542686267, -0.16642956555909266, 0.30876151545615205, 0.5292970100507213, -0.16658981570946252, 0.659196599179914, 0.6190230620910915, -0.3540773881776169, -0.04175916230657825, 0.88207304292401, 0.09484877600973735, -0.3099691729377978, -0.24197380663131243, -1, -0.5704948689978875, -0.6573968210463695, 1, -0.5820740647782401, 0.15344701535854993, 0.4693679330952057, -0.6821485158134029, -0.9426678166207387, -0.48711604707802014, 0.01659684680781301, -0.6942363607908743, -1, 0.315693614619999, -0.7929072063731504, -0.19705803703079763, -0.24000332096247967]
-57.26045608520508	(8, 12, 2)	[-0.5921792911287985, 0.5802606302503948, 0.5451578669975372, 0.5215390799531374, -0.22714756296720395, 0.03321690497889558, -0.8764619499915886, 0.14302951125155827, -0.39465500315953705, -0.25020588696358037, -0.8455008640181947, -0.4400443150405535, -0.8473968430703884, 0.7209577405641878, 0.2928874064725653, 0.7535330312320181, 0.7370503930700542, -0.49592366482784905, 0.7410821119276014, 0.6816649548235758, 0.07697172663718263, -0.8272457762278551, -0.4579193585258805, -0.40583004773634457, 0.9917864589053086, -0.42156970934708005, -0.7975798494385493, 0.06927133867075164, -0.21347988576253818, -0.21544143954442013, -0.5513123316304456, 0.36354615974792326, -1, 0.1633954438160905, 0.10040619051724953, -0.11448319206686786, 0.9250031570485318, 0.13208590957878205, 1, -0.18577529874093357, 0.7542210425372076, -0.4516355275191277, 0.2940937420918115, 0.487612195371226, -0.981529342976923, 0.6678208081284891, 0.25014554038764136, -0.41529906694051544, 0.5405689855102489, 0.7626815661636717, -0.42665490553859364, 0.4888034034701335, 0.14959449549163437, 0.09613042945161676, 0.7483239263361097, -0.5851120604273907, -0.19060637527472576, 0.7591749218552851, 0.2363082733668433, -0.9560046226338083, -0.13113910880535085, -0.8775108965400286, -0.1854220013755059, -0.6751453836758543, -0.6523317398506285, 0.7556142216017281, -0.1361242921672754, -0.6039704340863647, -0.4055252537516071, -0.7639591876006901, 0.23856050673699292, 0.24668293974529393, 0.6747663608033057, -0.26073008035275347, 0.7178196970941848, 0.8362305609429027, -0.9822159027848589, -0.812993040710422, -0.7316829690430776, -0.5969452997302085, -0.6650907295001109, -0.18506974145988925, -0.6304460046913327, 0.8562394073616952, -0.09066643965645693, -0.47231001392790795, 0.5878224537221455, -0.5705273227986202, 0.018801534810490177, 1, -0.6057762647055331, -1, -0.5577649893923516, 0.30545421657614225, 0.563074192309923, 0.27902544533870954, 0.7178141456957412, 0.08603924642795352, 0.14067646845681617, -0.18423268407327387, -0.7172009791046241, 0.16006142656387512, -0.7386633338393942, -0.06981822789435096, 0.9381566528695919, -0.05279182363068369, -0.17248835775710358, 0.35190799724576016, -0.6872492727064669, 0.7771675756446343, 1, -0.2474492078177224, -0.2547709500321971, -0.8184917470798252, 0.38926242224976704, 0.10114501127319986, 0.0673629411918164, -0.6703950368455234, -0.3933981039495883, -0.44582269529915525]
-43.439815521240234	(8, 12, 2)	[0.5163406235034091, -0.9140181198660096, 0.7176045257912127, -0.5118467222370091, 0.19114745128650174, 1, 0.8521254162519118, -0.6206008237748386, 0.0037650277173275626, 0.16075632921336924, -0.33255766674377285, -0.3689279849471021, -0.6883860608199391, 0.24638688317825033, 0.23378099607263128, 0.2193004765157275, -0.6572619292519204, 0.024309842824491446, -0.7774153226519123, 0.45331932551352705, -0.6278946972056483, -0.5975409578947704, -0.12057616158206241, 0.18111658545677, 0.350115474841209, -0.3488991620906996, -0.6415255377644312, -0.8157449846814968, 0.4770464373397543, 0.4012130175425037, -0.5499998806488603, -0.28535263112122244, -0.36515950022255095, 0.47490008223344016, -0.6735118324067039, 0.6999528073357939, -0.9837992251782117, -0.7748125883076376, 0.3738851146047831, -0.18577529874093357, 0.7542210425372076, -0.4516355275191277, 0.17160891854752197, 0.29198614787409705, 0.8821724463252711, 0.4958620790022825, -0.20730907342426202, -0.3610692593754324, 0.9809374848186, 0.18473741023087958, -0.5382737399058471, 0.37597678517934763, -0.7101591135702106, -0.46417199213404325, -0.28493117457525396, -0.4283211109106581, -1, -0.7417156870591708, 0.6573033190491888, -0.5025129075457564, 0.5745985102459388, 0.1314323643546063, 0.0692333098807425, 0.4549860361483633, 0.8208501996073008, 0.06359978555000129, 0.3129846030166116, -0.44412651876054743, 1, -0.777405766700362, -0.8645135933902056, 0.6945420635430292, 0.6158660247539647, -0.4621872005699011, 0.9830698921207821, 0.6207059978428541, -0.3673993316899735, -0.7332076766011739, -1, -0.5969452997302085, -0.6868081840197908, -0.18506974145988925, 0.08116328834507391, 0.9077940762916721, -0.11388046036752411, -0.1259091940951712, 0.1459054742388805, -0.8173699461739661, 0.3876281457647195, 0.9244549311664458, -0.6400730596692301, 0.47729555677818225, -0.3341480582412494, -0.5541303459098992, -0.5656484882141612, -0.044612443936918655, -0.9575219532701655, -1, -0.5104917570750986, 0.5848813474768861, 0.5757866165801846, 0.5397027270877874, -0.918619314160491, 0.748539242897029, 0.2645755927918705, -0.9796688809121978, -0.833463984484363, 0.2195195763056086, -0.3036715569036305, 1, -0.5276385940908194, -0.6260266635680132, -0.7033858701467922, -0.777461641035875, -0.6524382625685512, -0.5770997205686369, 0.6435460627727725, 0.30817181073897126, -0.5310203220317649, -0.004195758527971577]
-65.05352783203125	(8, 12, 2)	[0.1689233506236767, -0.9140181198660096, 0.6882875769448202, -0.6113151575998016, 0.6125122364755835, 0.9058708107324591, 0.712652924126358, -0.6281386625036111, 0.18159809869624888, 0.6038490360138296, -0.209558661998079, -0.6342790420647368, -0.8069694846194649, 0.2828196376164308, 0.32627736278874575, 0.3922942576916171, -0.8756472652229637, 0.01893914150621561, -0.696782711154448, 0.45331932551352705, -0.7239271125220417, -0.20423466629414078, -0.255834594485653, -0.02400661675833897, 0.49182082012141537, 1, -0.8034579256043204, 0.7012908157834221, 0.6129494195576222, -0.2853520485150767, -0.9103376430016006, -0.6774988546310226, -0.8228384185684982, 0.23879926643460658, -0.0560227181605971, -0.11448319206686786, 0.03099185370219182, 0.4752120998533149, 0.6279238900331715, -0.6498102059896278, -0.712052903391077, 0.6266944970784665, -0.45410308504739216, -0.7848094463773596, 0.7141772972874856, 0.2625433826007475, 1, -0.41529906694051544, 0.5405689855102489, 0.7626815661636717, -0.5184747644967171, 0.2548835784307972, 0.14959449549163437, -0.038190114156426785, 0.7483239263361097, -0.39398907789339044, -0.19060637527472576, 0.7591749218552851, 0.34752910345700494, -0.9560046226338083, -0.13113910880535085, -0.892022410976339, -0.1854220013755059, -0.3712648597100485, -0.6523317398506285, 0.586243123105055, -0.1361242921672754, -0.6039704340863647, -0.4579033396473274, -0.779930584527653, -0.7713101870463498, 0.7203019285226883, 0.21896164600999188, -0.39761961205956325, 0.9830698921207821, 0.819955844621223, -0.3788625834455813, -0.596380541070107, -0.467809189089964, -0.6267113096741536, -1, 0.14172829293342787, -0.8116253584433955, 1, -0.5447350188083293, -0.6469622438662637, 0.5878224537221455, -0.5289141101473115, 0.3876281457647195, 0.898940086937329, -0.7048125990075664, 0.14963718124287279, 0.08116755889433555, 0.8262579542822781, -0.3661347563556723, 0.13509456263255393, 0.528680143431688, -0.8667113424468114, 0.35551404418261723, -0.43535354824938866, -0.7745762338877564, -0.04041650177173439, -0.05224164913563012, -0.32630857601333196, 0.8344720964157495, -0.5592025190861694, 0.07770143254617456, -0.9208278498154945, 0.15344701535854993, 0.8756290388788717, -0.6821485158134029, -0.729189395952373, -0.6623945361709471, -0.777461641035875, -0.474138459546554, -0.5683143847174694, 0.6435460627727725, 0.47337114896815913, -0.6133463702285445, 0.014920521127943065]
-64.68065643310547	(8, 12, 2)	[-0.5921792911287985, 0.5802606302503948, 0.7928759071380794, 0.5215390799531374, -0.11786457248059047, 0.03321690497889558, -0.8764619499915886, 0.14302951125155827, -0.39465500315953705, 0.4129686197337493, -0.3020350330700881, -0.3689279849471021, -0.7957070471796417, 0.4304551490444939, 0.32627736278874575, -0.02364917908916686, -0.6572619292519204, 0.039222548857557854, -0.8718404623543017, 0.9331045257226406, -1, -0.5201344876141843, -0.043769247432308964, -0.02400661675833897, 0.350115474841209, -0.3488991620906996, -0.7064998359568482, -0.7664842386796673, 0.4770464373397543, 0.6881314080655467, -1, -0.5740393944000777, -0.6718225482121097, 0.47490008223344016, -0.7243098863657546, 0.6999528073357939, -0.9837992251782117, -0.34018545143140744, 0.6938820241551431, -0.18577529874093357, 0.8042763612744706, -0.4516355275191277, -0.7419416653822521, -1, 0.8091814945080773, 0.11348351146859988, 0.777107544157852, 0.15416301422364764, -0.6490162348124136, 0.7626815661636717, -0.45539531805400835, 0.27170580718678783, 0.14959449549163437, -0.038190114156426785, 0.7483239263361097, -0.5851120604273907, -0.19060637527472576, 0.7591749218552851, 0.34752910345700494, -0.9560046226338083, -0.13113910880535085, -0.9454758532014698, -0.1854220013755059, -0.34082869195889426, -0.6523317398506285, 0.7163525888500116, -0.1361242921672754, -0.6039704340863647, -0.32698918242296937, -0.92138274201283, 0.2273080086976223, -0.15546681153665529, 0.6708408875467339, -0.26073008035275347, 0.415668629013622, 0.6204152054620736, -0.9822159027848589, -0.7778761028532888, -0.7316829690430776, -0.5969452997302085, -0.6650907295001109, -0.73120979323843, -0.6304460046913327, 0.8562394073616952, -0.09066643965645693, -0.47231001392790795, 0.5878224537221455, -0.5705273227986202, 0.018801534810490177, 1, -0.6057762647055331, -1, 0.015629638948928937, -0.13302313273459054, -0.17770880614105966, 0.46140311459976285, 0.9266968383795646, 0.3175050273632747, -1, 0.6559161184892552, 0.7343487465925874, -0.06049110268219586, 0.4867371612571868, -0.32630857601333196, 0.30108948620173637, -0.15828025003830593, -0.2823575480833679, -0.8228329750448555, -0.6872492727064669, 0.5567502230654972, 1, -0.2401497597267359, -0.2547709500321971, -0.8184917470798252, 0.38926242224976704, 0.10114501127319986, 0.0673629411918164, -0.6703950368455234, -0.3933981039495883, -0.38242774572301763]
-60.84719467163086	(8, 12, 2)	[-0.5921792911287985, 0.5802606302503948, 0.7928759071380794, 0.5215390799531374, -0.11786457248059047, 0.03321690497889558, -0.8764619499915886, 0.14302951125155827, -0.39465500315953705, 0.4129686197337493, -0.3020350330700881, -0.3689279849471021, -0.7957070471796417, 0.4304551490444939, 0.32627736278874575, -0.02364917908916686, -0.6572619292519204, 0.039222548857557854, -0.8718404623543017, 0.9331045257226406, -1, -0.5201344876141843, -0.043769247432308964, -0.02400661675833897, 0.350115474841209, -0.3488991620906996, -0.7064998359568482, -0.7664842386796673, 0.4770464373397543, 0.6881314080655467, -1, -0.5740393944000777, -0.6718225482121097, 0.47490008223344016, -0.7243098863657546, 0.6999528073357939, -0.9837992251782117, -0.34018545143140744, 0.6938820241551431, -0.18577529874093357, 0.8042763612744706, -0.4516355275191277, -0.7419416653822521, -1, 0.8091814945080773, 0.5073319754935552, 0.777107544157852, 0.15416301422364764, -0.6490162348124136, 0.7626815661636717, -0.45539531805400835, 0.27170580718678783, 0.14959449549163437, 0.36469758679292086, 0.7483239263361097, -0.5851120604273907, -0.16425699936666194, 0.7591749218552851, 0.34752910345700494, -0.9560046226338083, -0.13113910880535085, -0.9454758532014698, -0.1854220013755059, -0.34082869195889426, -0.6523317398506285, 0.7163525888500116, -0.1361242921672754, -0.6687311661919889, -0.32698918242296937, -0.92138274201283, 0.2273080086976223, -0.15546681153665529, 0.6708408875467339, -0.26073008035275347, 0.415668629013622, 0.5202358596754443, -0.9822159027848589, -0.7778761028532888, -0.7316829690430776, -0.5969452997302085, -0.6650907295001109, -0.73120979323843, -0.6304460046913327, 0.8562394073616952, -0.09066643965645693, -0.47231001392790795, 0.5878224537221455, -0.5705273227986202, 0.018801534810490177, 1, -0.6057762647055331, -1, 0.015629638948928937, -0.13302313273459054, -0.17770880614105966, 0.46140311459976285, 1, 0.3175050273632747, -1, 0.6559161184892552, 0.7343487465925874, -0.06049110268219586, 0.4867371612571868, -0.32630857601333196, 0.30108948620173637, -0.15828025003830593, -0.2823575480833679, -0.8228329750448555, -0.6872492727064669, 0.5567502230654972, 1, -0.2401497597267359, -0.2547709500321971, -0.8184917470798252, 0.38926242224976704, 0.10114501127319986, 0.11814232216283219, -0.6703950368455234, -0.3933981039495883, -0.6461379121043879]
-64.8680648803711	(8, 12, 2)	[-1, 0.5051079021463049, 0.5967445843140207, -1, -1, -0.07688540308669212, 0.5735464033350723, -0.6457272978932234, 0.16065479993460197, 0.6038490360138296, -0.5757027294809582, -0.3511072109138537, -0.8069694846194649, 0.2828196376164308, 0.32627736278874575, 0.3922942576916171, -0.8756472652229637, 0.01893914150621561, -0.696782711154448, 0.40687853934003176, -0.9233465993723553, -0.5975409578947704, -0.2831155769352149, -0.02400661675833897, 0.5221379039259328, 0.9411522995933659, -0.8034579256043204, 0.6938643830933167, 0.6129494195576222, -0.4883208905591995, -0.9103376430016006, -0.6774988546310226, -0.0003455586457160875, 0.6025639203572515, -0.03886962617369283, -0.4759982079041575, -0.9837992251782117, -0.021817014035236837, 0.5126620338699714, 0.0006409049393951982, 0.4379564610585467, -0.4516355275191277, 0.17160891854752197, 0.3810604535060218, 0.5897434187884424, 0.4958620790022825, -0.20730907342426202, -1, -0.9225148183195189, 0.09704913272312414, -0.921378397307778, 0.2562291757854158, 0.823223118483132, -0.2340869289164096, 0.3645834589930592, 0.1235710943332855, 0.45494070817350607, 0.07998699549535382, 0.016534585019094883, 0.6707578793130251, -0.39207000028912725, 0.11806897948550565, 0.8465957469845062, 0.6071465053757672, -0.20683889002400618, -0.5300787933596205, 0.934501813632038, 0.3332269205873475, 0.005140906560617544, -0.3900337318080953, 0.3872555201499688, 0.06327275281955773, 0.6510660229878185, -0.41294097103359084, 1, 0.589227509871452, -0.22065055410148796, -0.7332076766011739, -1, -0.5969452997302085, -0.6868081840197908, -0.18506974145988925, -0.09696747879263806, 0.9077940762916721, -0.2650316245542393, 0.5156636967604711, 0.9153822826842293, 0.9668710158027775, 1, 0.12416360042785028, -0.6821903389913326, -0.0822390351769211, 0.08116755889433555, 1, 0.073056092136839, 0.25997361407497455, 0.6307998003692441, -0.8667113424468114, 0.5021889154471013, -0.21133799287845112, -0.6467285160428087, -0.065709447440971, 0.1492909745385137, -0.32630857601333196, 0.8344720964157495, -0.47173515977395614, 0.07770143254617456, -0.9208278498154945, -0.6872492727064669, 0.7771675756446343, 1, -0.3470127458621977, -0.33845102066377747, -0.3693303931487203, -0.6918445546148467, 1, -0.3427082790560466, -0.32336548897447703, 0.9174255302789954, 0.045008053937265896]
-62.21332931518555	(8, 12, 2)	[0.16793271023705025, -0.9140181198660096, 0.6882875769448202, -0.6113151575998016, 0.6125122364755835, 0.8156540966658258, 0.8158386737710324, -0.6281386625036111, 0.5053359900024113, 0.6038490360138296, -0.209558661998079, -0.6342790420647368, -0.8069694846194649, 0.2828196376164308, 0.32627736278874575, 0.3922942576916171, -0.7944609316644222, 0.01893914150621561, -0.696782711154448, 0.45331932551352705, -0.7239271125220417, -0.3813389546381477, -0.255834594485653, -0.02400661675833897, 0.49182082012141537, 1, -0.8034579256043204, 0.7012908157834221, 0.6129494195576222, -0.2853520485150767, -0.9103376430016006, -0.6774988546310226, -0.8228384185684982, 0.23879926643460658, -0.0560227181605971, -0.11448319206686786, 0.03099185370219182, 0.4752120998533149, 0.6279238900331715, -0.6498102059896278, -0.712052903391077, 0.6266944970784665, -0.45410308504739216, -0.7848094463773596, 0.7141772972874856, 0.2625433826007475, 1, -0.45225679268327057, 0.5405689855102489, 0.7626815661636717, -0.15344574711894832, 0.3118539318530421, 0.14959449549163437, -0.038190114156426785, 0.7483239263361097, -0.39398907789339044, -0.19060637527472576, 0.7591749218552851, 0.34752910345700494, -0.9560046226338083, -0.13113910880535085, -0.892022410976339, -0.061021417688747484, -0.8211204922056665, -0.6523317398506285, 0.586243123105055, -0.1361242921672754, -0.6039704340863647, -0.4579033396473274, -0.779930584527653, -0.7713101870463498, 0.7203019285226883, 0.21896164600999188, -0.39761961205956325, 0.9830698921207821, 0.7633905606492657, -0.3788625834455813, -0.596380541070107, -0.467809189089964, -0.811762481838691, -1, 0.14172829293342787, -0.9647475397131897, 1, -0.5447350188083293, -0.4898076657047945, 0.5878224537221455, -0.5289141101473115, 0.3876281457647195, 1, -0.7048125990075664, 0.14963718124287279, -0.5577649893923516, 0.01079135748601906, -0.3661347563556723, 0.13509456263255393, 0.528680143431688, -0.8782804221501094, 0.35551404418261723, -0.43535354824938866, -0.7745762338877564, -0.04041650177173439, -0.05224164913563012, -0.32630857601333196, 0.9422909827091479, -0.6346542935710417, -0.07366406659894717, -0.9208278498154945, 0.21120396160631297, 0.8756290388788717, -0.6821485158134029, -0.5387992731532046, -0.6623945361709471, -0.777461641035875, -0.474138459546554, -0.652630463341927, 0.6435460627727725, 0.5629911129121976, -0.6277760523960842, 0.014920521127943065]
-33.569541931152344	(8, 12, 2)	[-0.5921792911287985, 0.5802606302503948, 0.8734335285659021, 0.6981164635088021, -0.22714756296720395, 0.04044527190398294, -0.8764619499915886, 0.14302951125155827, -0.6074997686574675, -0.25020588696358037, -0.8298630756593688, -0.2637491667071712, -0.8473968430703884, 0.7846407809412039, 0.34854285094742715, 0.6834263837168773, 0.3193266075305964, -0.7433997949068175, 0.5831246609052289, 0.6816649548235758, 0.0911908560255354, -0.26733319820073176, -0.10292288070200019, -0.40583004773634457, 0.9917864589053086, -0.5503008245761258, -0.7975798494385493, 0.23181383070905526, -0.21347988576253818, 0.023123045002496206, -0.5513123316304456, 0.36354615974792326, -1, 0.5233855876948167, 0.46868701857018724, -0.11448319206686786, 0.03099185370219182, 0.4752120998533149, 0.3588675620027389, -0.8779948231659034, -0.712052903391077, -1, -0.389719756384746, 0.0262362745883383, -0.41827737741997006, 0.02115278122300479, 1, -0.41529906694051544, -0.6490162348124136, 0.7626815661636717, -0.6776659148332658, 0.27170580718678783, 0.14959449549163437, -0.038190114156426785, 0.7483239263361097, -0.6308065216266111, -0.19060637527472576, 0.5841776381716658, 0.34752910345700494, -0.4378554284521913, 0.5745985102459388, 0.47998036506149244, 0.0692333098807425, 0.464957229876819, 0.49552456503146813, 0.03347976198016478, 0.3129846030166116, -0.44412651876054743, 1, -0.8175902600574341, -0.8645135933902056, 0.6264908357142664, 0.21896164600999188, -0.4621872005699011, 0.9830698921207821, 0.9705700399558045, -0.3788625834455813, -0.7332076766011739, -0.467809189089964, -0.5969452997302085, -0.6175572330711812, 0.14172829293342787, -0.834567857409201, 1, -0.5556846160869249, 0.3414925639044682, 0.26973171917249794, 0.19309541097507288, 0.07000219660195788, 1, -0.7139745793371505, -1, -0.5577649893923516, 0.30545421657614225, 0.563074192309923, 0.6350430177695068, 0.7178141456957412, 0.08603924642795352, 0.14067646845681617, -0.21240985203304857, -0.8447932228775267, 0.16006142656387512, -0.24197380663131243, -1, 0.4674846754964893, -1, -1, -0.8254272686355513, 0.968336063275334, -0.3065773647840367, 0.5692890535712036, 0.09619304039796983, 0.3992239317484834, -0.16813832015872376, -0.5717631672462333, 0.10114501127319986, 0.0673629411918164, -0.6429551704938411, -0.6531643054019973, -0.4857246923957037]
-50.730594635009766	(8, 12, 2)	[0.1689233506236767, -0.9140181198660096, 0.7176045257912127, -0.6561470429635149, 0.6125122364755835, 0.992716768062957, 0.712652924126358, -0.6457272978932234, 0.0037650277173275626, -0.9947569375343613, -0.4154424269464155, -0.1358984394387129, -0.020846267285688835, -0.41029319574078993, -0.11055056082942977, 0.47444470851578835, -0.48422786243985727, -0.3477293698584678, -0.41462231558309515, 0.15615895013015924, -0.3158479731524091, 0.8007968941225074, -0.5489477604291926, 0.3172846387165587, -0.17920078634559, 0.8496032631862402, 0.27648488363119655, -0.02164875368922592, -0.40992023256783405, 0.46553051601365053, 0.48379806146346377, 0.7562740537191418, -0.455231886574313, 0.22438812841928102, -0.12506434339528505, -0.879325460073441, -0.9202269664200603, -0.6816944186894944, -0.81054378546706, 0.2781550775649434, -0.3882806884535832, -0.8615005632588404, 0.8329232527584831, 1, 0.5224604693706691, 0.02115278122300479, 1, -0.41529906694051544, 0.5405689855102489, 0.7943308071215063, -0.6579625718726819, 0.42671516454484115, -0.018174241828470272, -0.038190114156426785, 0.7483239263361097, -0.5851120604273907, -0.8046613484584018, 0.7591749218552851, 0.34752910345700494, -1, -0.13113910880535085, -0.7334990272557556, -0.5538992425553806, -0.8282657092996695, -0.5057065486646093, 0.7556142216017281, -0.1361242921672754, -0.6039704340863647, -0.4055252537516071, -0.7639591876006901, 0.23856050673699292, 0.0993334938027641, 0.7891380964741337, -0.1455552299525006, 1, 0.7508809988272556, -1, -0.7778761028532888, -0.7584099522115908, -0.5969452997302085, -0.4735914850649778, 0.1472928590836049, -0.24621612086901098, 0.9839932755608755, -0.5556846160869249, 0.5156636967604711, 0.9153822826842293, 0.9668710158027775, 1, 0.12416360042785028, -0.7129661720995296, -0.0822390351769211, 0.08116755889433555, 1, 0.073056092136839, 0.25997361407497455, 0.6307998003692441, -0.8667113424468114, 0.5021889154471013, 0.31256928622937086, -0.5588458777568407, 0.14663392311619097, -0.918619314160491, 0.7865306465246031, 0.12685163844816197, -0.47173515977395614, -0.30297924009101695, -0.6403201662197302, 0.11666567152920654, 0.4371780542198385, 0.497618489361691, -0.7089618451166189, -0.33845102066377747, -0.39719437080492226, -0.582511446101011, -0.5683143847174694, -0.17349395076410928, 0.8503472784560344, -0.5310203220317649, 0.12241695167242306]
-50.760169982910156	(8, 12, 2)	[-0.5921792911287985, 0.5802606302503948, 1, 0.5215390799531374, -0.22714756296720395, 0.03321690497889558, -1, 0.361737893631454, -0.5745089304713079, 0.3488256408856165, -0.3600430723520075, -0.5365674406999807, -0.6824933222627803, -0.08519196912355981, 0.018425154923954024, 0.6071949156082255, -0.3422835392570305, -0.3477293698584678, -0.41462231558309515, 0.3643962620235949, -0.3158479731524091, 0.8007968941225074, -0.5489477604291926, 0.4602971663789056, -0.17920078634559, 0.9890884052800455, 0.27648488363119655, -0.02164875368922592, -0.40992023256783405, 0.09915800738403824, 0.4215670808471716, 1, -0.455231886574313, 0.0975220683516651, -0.01162086057609732, -0.879325460073441, -0.9202269664200603, -0.6563113289166527, -0.7651170408441881, -0.07339191275413205, 0.7542210425372076, -0.17335468654228126, 0.14533350579804852, 0.29038314298024437, 0.642033968010541, 0.4958620790022825, -0.16455774846078652, -0.3478160183419179, 0.5405689855102489, 0.8844397122220482, -0.6579625718726819, 0.2548835784307972, -0.9661458613891252, -1, -0.2637424124142437, -0.4323687834590171, -0.5149489717125633, -0.28828528033322587, -0.9351402523851069, 0.43116025892453536, 0.7778209267524668, -0.35415041778984974, 0.7076290206240037, -0.24468234156154273, 0.2522706211901743, -0.35266187375557434, -0.6684230467034264, 0.5469374659159701, 0.21180074936161356, 0.019522474982576237, 0.7634063545970899, 0.6870137536731011, 0.48790015809686027, 0.33560053643597576, -0.8486158852960163, 0.6246764114151064, 0.8606655932926542, -0.31974486888529285, -0.7584099522115908, -0.6431746622565326, -0.8021247958777538, 0.5088246475201521, 0.058756381722984585, -0.25018470300235474, -1, -0.6231164035553316, 0.4186410447863784, -0.36477993479780063, 0.6225877896405626, 0.3342298347376082, -0.3295872339303888, 0.47729555677818225, -0.13356939310845894, -0.5541303459098992, -0.44115689709561834, 0.2015493411411171, -0.9575219532701655, -0.809862468273847, -0.5104917570750986, 0.5848813474768861, 0.9527754696864092, 0.5397027270877874, -0.918619314160491, 0.8825046361613592, 0.2645755927918705, -1, -0.9101744939808489, 0.2195195763056086, -0.20025109041694106, 0.9026666363075379, -0.42329280008557035, 0.15556816708744342, -1, -0.47893887224992193, 0.9307814337467777, 0.09785786809546143, -0.8649371587117476, -0.6703950368455234, -0.3993443420040285, -0.7046796235959096]
-54.065338134765625	(8, 12, 2)	[-0.5921792911287985, 0.5802606302503948, 1, 0.5215390799531374, -0.22714756296720395, 0.03321690497889558, -1, 0.361737893631454, -0.5745089304713079, 0.3488256408856165, -0.3600430723520075, -0.5365674406999807, -0.6824933222627803, -0.08519196912355981, 0.018425154923954024, 0.6071949156082255, -0.3422835392570305, -0.3477293698584678, -0.41462231558309515, 0.3643962620235949, -0.3158479731524091, 0.8007968941225074, -0.5489477604291926, 0.4602971663789056, -0.17920078634559, 0.9890884052800455, 0.27648488363119655, -0.02164875368922592, -0.40992023256783405, 0.09915800738403824, 0.4215670808471716, 1, -0.455231886574313, 0.0975220683516651, -0.01162086057609732, -0.879325460073441, -0.9202269664200603, -0.6563113289166527, -0.7651170408441881, -0.07339191275413205, 0.7542210425372076, -0.17335468654228126, 0.14533350579804852, 0.29038314298024437, 0.642033968010541, 0.4958620790022825, -0.16455774846078652, -0.3478160183419179, 0.5405689855102489, 0.8844397122220482, -0.6579625718726819, 0.2548835784307972, -0.9661458613891252, -1, -0.2637424124142437, -0.4323687834590171, -0.5149489717125633, -0.28828528033322587, -0.9351402523851069, 0.43116025892453536, 0.7778209267524668, -0.35415041778984974, 0.7076290206240037, -0.24468234156154273, 0.2522706211901743, -0.35266187375557434, -0.6684230467034264, 0.5469374659159701, 0.21180074936161356, 0.019522474982576237, 0.7634063545970899, 0.6870137536731011, 0.48790015809686027, 0.33560053643597576, -0.8486158852960163, 0.6246764114151064, 0.8606655932926542, -0.31974486888529285, -0.7584099522115908, -0.6431746622565326, -0.8021247958777538, 0.5088246475201521, 0.058756381722984585, -0.25018470300235474, -1, -0.6231164035553316, 0.4186410447863784, -0.36477993479780063, 0.6225877896405626, 0.3342298347376082, -0.3295872339303888, 0.47729555677818225, -0.13356939310845894, -0.5541303459098992, -0.44115689709561834, 0.2015493411411171, -0.9575219532701655, -0.809862468273847, -0.5104917570750986, 0.5848813474768861, 0.9527754696864092, 0.5397027270877874, -0.918619314160491, 0.8825046361613592, 0.2645755927918705, -1, -0.9101744939808489, 0.2195195763056086, -0.20025109041694106, 0.9026666363075379, -0.42329280008557035, 0.15556816708744342, -1, -0.47893887224992193, 0.9307814337467777, 0.09785786809546143, -0.8649371587117476, -0.6703950368455234, -0.3993443420040285, -0.7046796235959096]
-49.83586502075195	(8, 12, 2)	[-0.5921792911287985, 0.5802606302503948, 1, 0.5215390799531374, -0.22714756296720395, 0.03321690497889558, -1, 0.361737893631454, -0.5745089304713079, 0.3488256408856165, -0.3600430723520075, -0.5365674406999807, -0.6824933222627803, -0.08519196912355981, 0.018425154923954024, 0.6071949156082255, -0.3422835392570305, -0.3477293698584678, -0.41462231558309515, 0.3643962620235949, -0.3158479731524091, 0.8007968941225074, -0.5489477604291926, 0.4602971663789056, -0.17920078634559, 0.9890884052800455, 0.27648488363119655, -0.02164875368922592, -0.40992023256783405, 0.09915800738403824, 0.4215670808471716, 1, -0.455231886574313, 0.0975220683516651, -0.01162086057609732, -0.879325460073441, -0.9202269664200603, -0.6563113289166527, -0.7651170408441881, -0.07339191275413205, 0.7542210425372076, -0.17335468654228126, 0.14533350579804852, 0.29038314298024437, 0.642033968010541, 0.4958620790022825, -0.16455774846078652, -0.3478160183419179, 0.5405689855102489, 0.8844397122220482, -0.6579625718726819, 0.2548835784307972, -0.9661458613891252, -1, -0.2637424124142437, -0.4323687834590171, -0.5149489717125633, -0.28828528033322587, -0.9351402523851069, 0.43116025892453536, 0.7778209267524668, -0.35415041778984974, 0.7076290206240037, -0.24468234156154273, 0.2522706211901743, -0.35266187375557434, -0.6684230467034264, 0.5469374659159701, 0.21180074936161356, 0.019522474982576237, 0.7634063545970899, 0.6870137536731011, 0.48790015809686027, 0.33560053643597576, -0.8486158852960163, 0.6246764114151064, 0.8606655932926542, -0.31974486888529285, -0.7584099522115908, -0.6431746622565326, -0.8021247958777538, 0.5088246475201521, 0.058756381722984585, -0.25018470300235474, -1, -0.6231164035553316, 0.4186410447863784, -0.36477993479780063, 0.6225877896405626, 0.3342298347376082, -0.3295872339303888, 0.47729555677818225, -0.13356939310845894, -0.5541303459098992, -0.44115689709561834, 0.2015493411411171, -0.9575219532701655, -0.809862468273847, -0.5104917570750986, 0.5848813474768861, 0.9527754696864092, 0.5397027270877874, -0.918619314160491, 0.8825046361613592, 0.2645755927918705, -1, -0.9101744939808489, 0.2195195763056086, -0.20025109041694106, 0.9026666363075379, -0.42329280008557035, 0.15556816708744342, -1, -0.47893887224992193, 0.9307814337467777, 0.09785786809546143, -0.8649371587117476, -0.6703950368455234, -0.3993443420040285, -0.7046796235959096]
-41.674068450927734	(8, 12, 2)	[-0.5921792911287985, 0.5802606302503948, 0.4560621310809261, 0.6268609716234246, -0.22714756296720395, 0.03321690497889558, -1, 0.361737893631454, -0.39465500315953705, 0.5229076172480962, -0.3600430723520075, -0.4521945612834533, -0.7957070471796417, 0.5030868098468725, 0.4061471266870745, 0.377637045744622, -0.5486184273411057, 0.8864599236211526, -0.7085652191442312, 0.5713775002253348, -0.6278946972056483, -0.5975409578947704, -0.12057616158206241, -0.02400661675833897, -0.20331547914854983, 0.8012260627373964, -0.8034579256043204, 0.48323229310693727, 0.4867648800277431, -0.3281450327965363, -0.9103376430016006, -0.4055819909688416, -0.14383544769548065, 0.6025639203572515, -0.03886962617369283, 0.6999528073357939, -1, -0.20306928308182876, 0.5913567176685975, -0.18577529874093357, 0.708345731037999, -0.4516355275191277, 0.17160891854752197, 0.29198614787409705, 0.8821724463252711, 0.4958620790022825, -0.35869606046375213, -0.3610692593754324, 1, 0.18771677959025074, -0.7647976959670928, 0.2548835784307972, 0.14959449549163437, 0.07580583033859681, 0.8783771183630306, -0.6738629108511094, -0.5598310586142277, 0.7591749218552851, 0.34752910345700494, -0.9060540002070961, -0.01672383839662433, -1, -0.1854220013755059, -0.36176398919170305, -0.6523317398506285, 0.7904520913531395, -0.08277147886525277, -0.6039704340863647, -0.4055252537516071, -0.92138274201283, -0.012891094066157127, -0.15546681153665529, 0.8300224765529562, -0.3865355551750864, 0.48948764776520204, 0.6204152054620736, -0.9822159027848589, -0.7778761028532888, -0.7316829690430776, -0.3145208945509259, -0.7030292280125839, -0.29406283936469463, -0.3714817472572285, 0.87730460241591, -0.5556846160869249, 0.6066724716393447, 0.8572202137342247, 0.19309541097507288, 0.5791930472422684, 0.17256087075545343, -0.8946416458441351, 0.34681458975076757, 0.08116755889433555, 1, 0.5830310311013869, -0.004813279118454361, 0.7178141456957412, 0.08603924642795352, 0.6515572721552265, 0.5115784351445236, -0.8928289526445021, 0.08050832924389528, -0.7386633338393942, -0.355718165684762, 0.9422909827091479, -0.5592025190861694, -0.07366406659894717, -0.6515807836539895, 0.49552121624252476, 0.917047729047834, -0.49186643037043454, 0.15556816708744342, -0.2547709500321971, -0.8184917470798252, 0.4228252238545159, 0.49921333746943286, 0.392035652172896, -0.8391394459662329, -0.2079052624441678, -0.5454142079615732]
-50.52262496948242	(8, 12, 2)	[-0.5921792911287985, 0.5802606302503948, 1, 0.5215390799531374, -0.22714756296720395, 0.03321690497889558, -1, 0.361737893631454, -0.5745089304713079, 0.3488256408856165, -0.3600430723520075, -0.5365674406999807, -0.6824933222627803, -0.08519196912355981, 0.018425154923954024, 0.6071949156082255, -0.3422835392570305, -0.3477293698584678, -0.41462231558309515, 0.3643962620235949, -0.3158479731524091, 0.8007968941225074, -0.5489477604291926, 0.4602971663789056, -0.17920078634559, 0.9890884052800455, 0.27648488363119655, -0.02164875368922592, -0.40992023256783405, 0.09915800738403824, 0.4215670808471716, 1, -0.455231886574313, 0.0975220683516651, -0.01162086057609732, -0.879325460073441, -0.9202269664200603, -0.9582379020809914, -0.7651170408441881, -0.07339191275413205, 0.7542210425372076, -0.17335468654228126, 0.14533350579804852, 0.29038314298024437, 0.642033968010541, 0.4958620790022825, -0.16455774846078652, -0.3478160183419179, 0.5405689855102489, 0.8844397122220482, -0.6579625718726819, 0.2548835784307972, -0.9661458613891252, -1, -0.2637424124142437, -0.4323687834590171, -0.5149489717125633, -0.28828528033322587, -0.9351402523851069, 0.43116025892453536, 0.7778209267524668, -0.35415041778984974, 0.7076290206240037, -0.24468234156154273, 0.2522706211901743, -0.35266187375557434, -0.6684230467034264, 0.5469374659159701, 0.21180074936161356, 0.019522474982576237, 0.7634063545970899, 0.6870137536731011, 0.48790015809686027, 0.33560053643597576, -0.8486158852960163, 0.6246764114151064, 0.8606655932926542, -0.31974486888529285, -0.7584099522115908, -0.6431746622565326, -0.8021247958777538, 0.5088246475201521, 0.058756381722984585, -0.25018470300235474, -1, -0.6231164035553316, 0.4186410447863784, -0.36477993479780063, 0.6225877896405626, 0.5419323424248647, -0.3295872339303888, 0.47729555677818225, -0.13356939310845894, -0.5541303459098992, -0.44115689709561834, 0.2015493411411171, -0.9575219532701655, -0.809862468273847, -0.5104917570750986, 0.5848813474768861, 0.9527754696864092, 0.5397027270877874, -0.918619314160491, 0.8825046361613592, 0.2645755927918705, -1, -0.9101744939808489, 0.2195195763056086, -0.20025109041694106, 0.9026666363075379, -0.42329280008557035, 0.15556816708744342, -1, -0.47893887224992193, 0.9307814337467777, 0.09785786809546143, -0.8649371587117476, -0.6703950368455234, -0.3993443420040285, -0.7046796235959096]
-22.726646423339844	(8, 12, 2)	[-0.5921792911287985, 0.5802606302503948, 0.4560621310809261, 0.6268609716234246, -0.22714756296720395, 0.03321690497889558, -1, 0.361737893631454, 0.18159809869624888, 0.6038490360138296, -0.209558661998079, -0.6342790420647368, -0.39295457076493945, 0.2828196376164308, 0.38444702563282496, 0.33096212633298905, -0.9563822735167299, 0.18761488722707803, -0.696782711154448, 0.45331932551352705, -0.8894431815446958, -0.5975409578947704, -0.45679373634095355, 0.16992750629293335, 0.5221379039259328, 0.9198500424058014, -0.9739203089692965, 0.37386816352365687, 0.5721854689959875, -0.4883208905591995, -0.9103376430016006, -0.6351175243979379, -0.3307924405166257, 0.6296305243971169, -0.17858734990276298, -0.6313227818973167, -0.5995777166477906, -0.24875132914995102, 1, -0.18577529874093357, 0.9070835080268457, -0.4758245302723543, -0.7419416653822521, -0.8535755815984107, 0.8091814945080773, 0.11348351146859988, 0.777107544157852, 0.15416301422364764, 0.48629701035942935, 0.458696389367127, -0.5184747644967171, 0.2548835784307972, 0.14959449549163437, -0.1202850286180736, 0.7483239263361097, -0.14201747946063842, -0.09769889385516248, 0.7591749218552851, 0.34752910345700494, -0.9060540002070961, -0.01672383839662433, -1, -0.1854220013755059, -0.36176398919170305, -0.6523317398506285, 0.7904520913531395, -0.08277147886525277, -0.6039704340863647, -0.4055252537516071, -1, -0.012891094066157127, -0.15546681153665529, 0.8300224765529562, -0.3865355551750864, 0.48948764776520204, 0.6204152054620736, -0.9822159027848589, -0.7778761028532888, -0.7316829690430776, -0.3145208945509259, -0.7030292280125839, -0.29406283936469463, -0.3714817472572285, 0.87730460241591, -0.5556846160869249, 0.6066724716393447, 0.8231651518600815, 0.19309541097507288, 0.5791930472422684, 0.17256087075545343, -0.8946416458441351, 0.34681458975076757, 0.08116755889433555, 1, 0.5830310311013869, -0.004813279118454361, 0.7178141456957412, 0.08603924642795352, 0.6515572721552265, 0.5115784351445236, -0.8928289526445021, 0.08050832924389528, -0.7386633338393942, -0.355718165684762, 0.9422909827091479, -0.5592025190861694, -0.07366406659894717, -0.6515807836539895, 0.49552121624252476, 0.917047729047834, -0.49186643037043454, 0.15556816708744342, -0.2547709500321971, -0.8184917470798252, 0.4228252238545159, 0.49921333746943286, 0.392035652172896, -0.8391394459662329, -0.2079052624441678, -0.5454142079615732]
-24.287818908691406	(8, 12, 2)	[-0.5921792911287985, 0.5802606302503948, 0.4560621310809261, 0.35924333915577417, -0.22714756296720395, 0.03321690497889558, -1, 0.361737893631454, -0.39465500315953705, 0.5229076172480962, -0.3600430723520075, -0.4521945612834533, -0.7957070471796417, 0.5030868098468725, 0.4061471266870745, 0.377637045744622, -0.11859980223291838, 0.8864599236211526, -0.7085652191442312, 0.7878560980989833, -0.6278946972056483, -0.5975409578947704, -0.12057616158206241, -0.02400661675833897, -0.20331547914854983, 0.8012260627373964, -0.8034579256043204, 0.48323229310693727, 0.4867648800277431, -0.3281450327965363, -0.9103376430016006, -0.5880752295908145, -0.14383544769548065, 0.6025639203572515, -0.03886962617369283, 0.6999528073357939, -1, -0.20306928308182876, 0.5913567176685975, -0.18577529874093357, 0.4303052889358333, -0.4516355275191277, 0.17160891854752197, 0.29198614787409705, 0.8821724463252711, 0.21385008732152933, -0.35869606046375213, -0.3610692593754324, 1, 0.18771677959025074, -0.7360594742557521, 0.2548835784307972, 0.14959449549163437, 0.07580583033859681, 0.8783771183630306, -0.6738629108511094, -0.5598310586142277, 0.7591749218552851, 0.34752910345700494, -0.9060540002070961, -0.01672383839662433, -1, -0.1854220013755059, -0.36176398919170305, -0.6523317398506285, 0.7904520913531395, -0.08277147886525277, -0.6039704340863647, -0.4055252537516071, -0.92138274201283, -0.012891094066157127, -0.15546681153665529, 0.8300224765529562, -0.3865355551750864, 0.48948764776520204, 0.6204152054620736, -0.8988130703571628, -0.7778761028532888, -0.7316829690430776, -0.3145208945509259, -0.439301951738507, -0.29406283936469463, -0.3714817472572285, 0.6078248184391251, -0.7304468467217285, 0.6066724716393447, 0.8572202137342247, 0.19309541097507288, 0.5791930472422684, 0.17256087075545343, -0.8946416458441351, 0.1651468140190509, 0.08116755889433555, 1, 0.5830310311013869, -0.004813279118454361, 0.7178141456957412, 0.08603924642795352, 0.6515572721552265, 0.5115784351445236, -0.8928289526445021, 0.08050832924389528, -0.7386633338393942, -0.355718165684762, 0.9422909827091479, -0.7122864745634085, -0.07366406659894717, -0.6515807836539895, 0.49552121624252476, 0.917047729047834, -0.49186643037043454, 0.15556816708744342, -0.2547709500321971, -0.8184917470798252, 0.4228252238545159, 0.37768715468997127, 0.392035652172896, -0.8391394459662329, -0.2079052624441678, -0.5454142079615732]
-37.729217529296875	(8, 12, 2)	[0.1689233506236767, -0.7401189383537283, 0.8304633414083407, -0.51480471730567, 0.3728490553047939, 0.9190718861308819, 0.8521254162519118, -0.5702461098160069, 0.0037650277173275626, 0.16075632921336924, -0.1248433418759336, -0.3689279849471021, -0.7957070471796417, 0.4304551490444939, 0.32627736278874575, 0.2984433660406847, -0.6640278176753674, 0.6680754721369189, -0.8171041489911357, 0.5713775002253348, -0.6962658687846948, -0.5975409578947704, -0.1540998416285357, -0.02400661675833897, 0.760310855219726, 1, -1, 0.6246491945374404, 0.49620796143833296, -0.4883208905591995, -0.9103376430016006, -0.4055819909688416, 0.06211953845546037, 0.43433913157367243, -0.03886962617369283, -0.3918894530619708, -0.2817038668784755, -0.39007877765672166, -0.4719231386160861, 0.2781550775649434, -0.3882806884535832, -1, 1, -1, 0.7959732592737824, -0.3604659361305038, 0.6121875579738645, 0.15416301422364764, -0.6490162348124136, 0.7033009136489117, -0.45539531805400835, 0.27170580718678783, 0.14959449549163437, -0.34002867288100924, 0.7483239263361097, -0.5851120604273907, -0.28457238536202745, -0.6484388070824532, -0.22142887995503874, 0.5670570950078033, -0.6354488662816253, -0.5404653182141315, -0.8432318217203689, 0.8739182607460352, 0.19346478467648898, -0.09545754400834976, 0.2438008105877531, 0.052801925039894004, -0.3758407609304878, -0.736745995440458, -0.370725959064144, -0.17402052905775645, -0.1065590971382964, -0.30217702350136383, 0.9830698921207821, 0.589227509871452, -0.01717997440340885, -0.4678157142721575, -0.467809189089964, -0.7926270402730595, -1, 0.14172829293342787, -0.9647475397131897, 1, -0.684686595261818, 0.5054027683297599, 0.6184259712134097, 0.28281383595228526, 0.12326038902918784, 0.8492969096027096, -0.6272861647164029, 0.032139727683202876, 0.5154242510849931, 0.5292970100507213, -0.16658981570946252, 0.3395734076495944, 0.05109560416919992, -0.8667113424468114, 0.58766095708693, -0.3574385653567779, -0.5523213250432528, 0.3993476595178609, 0.11037140229672171, -0.4454669149307837, 0.6218882171709263, -0.05279182363068369, 0.13318474267565453, -0.6694802408558234, 0.0967032920736837, 0.42547746722957286, -1, -0.03590234954401466, -0.6308276269091382, -0.8444942891990285, -0.8747718946400107, -0.06657786512753394, 0.914662044160621, 0.6079626804660083, -0.5310203220317649, -0.523774529809282]
-55.91912841796875	(8, 12, 2)	[-0.5921792911287985, 0.5802606302503948, 1, 0.5215390799531374, -0.22714756296720395, 0.26522344860431124, -1, 0.361737893631454, -0.5745089304713079, 0.3488256408856165, -0.3600430723520075, -0.3326447414158885, -0.6824933222627803, -0.1962935797010028, 0.030113113180684277, 0.6071949156082255, -0.3422835392570305, -0.3477293698584678, -0.41462231558309515, 0.1474635605873138, -0.3158479731524091, 0.8007968941225074, -0.5489477604291926, 0.4602971663789056, -0.17920078634559, 0.9890884052800455, 0.27648488363119655, -0.02164875368922592, -0.40992023256783405, -0.18330300846999176, -0.7848060005488083, -0.2975809371420893, -0.455231886574313, 0.0975220683516651, -0.01162086057609732, -0.879325460073441, -0.9202269664200603, -0.8047486153219514, -0.7651170408441881, -0.07339191275413205, 0.8015559350797478, -0.4568060817164774, 0.166485087317767, 0.29038314298024437, 0.6352579261419536, 0.4958620790022825, -0.16455774846078652, -0.3478160183419179, 0.5405689855102489, 0.8844397122220482, -0.6579625718726819, 0.455224488916009, -0.9661458613891252, -1, -0.2637424124142437, -0.4323687834590171, -0.3117346146410367, -0.28828528033322587, -1, 0.2683620205670989, 0.7836151322318515, -0.35415041778984974, 0.7076290206240037, -0.27942760915178944, 0.49552456503146813, 0.03347976198016478, 0.3129846030166116, -0.44412651876054743, 0.8625877319868998, -1, -1, 0.6264908357142664, 0.21896164600999188, -0.9803147694189421, 1, 0.6336790556785536, -0.3788625834455813, -0.7332076766011739, -0.31879337419083975, -0.4402665927602455, -0.6175572330711812, 0.14172829293342787, -0.9647475397131897, 1, -0.714587746684588, -0.6626987615499866, 1, -0.5289141101473115, 0.49703995947569857, 1, -0.5541331536414882, 0.14866484341944686, -0.5577649893923516, 0.01079135748601906, -0.3661347563556723, 0.13509456263255393, 0.528680143431688, -0.4238236535799662, 0.1739879205530153, -0.43535354824938866, 0.0995579277887213, -0.04041650177173439, -0.05224164913563012, 0.21341877817688473, 0.44201856057218303, -0.20799978577573405, -0.2823575480833679, -0.37113104411562425, -0.6872492727064669, 0.967308954677877, 0.6391206812152446, -1, -0.33845102066377747, -0.7736014351628615, 0.38926242224976704, 0.10114501127319986, 0.248804975596553, -0.6703950368455234, -0.5230233659504878, -0.8124091042709581]
-27.169099807739258	(8, 12, 2)	[-0.5921792911287985, 0.5802606302503948, 0.4560621310809261, 0.6268609716234246, -0.22714756296720395, 0.03321690497889558, -1, 0.361737893631454, 0.18159809869624888, 0.6038490360138296, -0.209558661998079, -0.6342790420647368, -0.39295457076493945, 0.22640957626266833, 0.38444702563282496, 0.33096212633298905, -0.9563822735167299, 0.18761488722707803, -0.696782711154448, 0.45331932551352705, -0.8894431815446958, -0.5975409578947704, -0.45679373634095355, 0.06429026766694089, 0.5221379039259328, 0.9198500424058014, -0.9739203089692965, 0.37386816352365687, 0.5721854689959875, -0.4883208905591995, -0.9103376430016006, -0.6351175243979379, -0.3307924405166257, 0.6296305243971169, -0.17858734990276298, -0.6313227818973167, -0.5995777166477906, -0.09005905216753946, 1, -0.21553436800748083, 0.9070835080268457, -0.4758245302723543, -0.7419416653822521, -0.9749932638427254, 0.8091814945080773, 0.3940752210837711, 0.777107544157852, 0.15416301422364764, 0.48629701035942935, 0.4700493151657472, -0.5184747644967171, 0.2548835784307972, 0.14959449549163437, -0.1202850286180736, 0.7483239263361097, -0.14201747946063842, -0.09769889385516248, 0.7591749218552851, 0.34752910345700494, -0.9060540002070961, -0.01672383839662433, -0.9422283822279655, -0.1854220013755059, -0.36176398919170305, -0.6523317398506285, 0.7904520913531395, -0.08277147886525277, -0.6039704340863647, -0.4055252537516071, -1, -0.15028593517193872, -0.15546681153665529, 0.8300224765529562, -0.3865355551750864, 0.48948764776520204, 0.4108564516940131, -0.9822159027848589, -0.7778761028532888, -0.7316829690430776, -0.3145208945509259, -0.7030292280125839, -0.743760144495591, -0.5654409849849028, 0.9558649799904579, -0.5556846160869249, 0.6066724716393447, 0.8231651518600815, 0.19309541097507288, 0.5791930472422684, 0.17256087075545343, -1, 0.34681458975076757, 0.08116755889433555, 1, 0.5830310311013869, -0.004813279118454361, 0.7178141456957412, 0.08603924642795352, 0.5835813492120463, 0.5115784351445236, -0.8928289526445021, 0.08050832924389528, -0.7386633338393942, -0.355718165684762, 0.9422909827091479, -0.5592025190861694, -0.07366406659894717, -0.6515807836539895, 0.49552121624252476, 0.917047729047834, -0.7069050742281124, 0.15556816708744342, -0.2547709500321971, -0.8184917470798252, 0.4228252238545159, 0.49921333746943286, 0.392035652172896, -0.8391394459662329, -0.2079052624441678, -0.43576623371874446]
-40.35388946533203	(8, 12, 2)	[-0.5921792911287985, 0.6505642291269098, 1, 0.5215390799531374, -0.22714756296720395, 0.03321690497889558, -1, 0.4482299917515112, -0.5745089304713079, 0.3488256408856165, -0.3600430723520075, -0.3326447414158885, -1, -0.08519196912355981, 0.02719467998050496, 0.6071949156082255, -0.505780019508859, -0.3477293698584678, -0.41462231558309515, 0.5599374232564092, -0.3158479731524091, 0.8007968941225074, -0.5489477604291926, 0.4602971663789056, -0.17920078634559, 0.9890884052800455, 0.27648488363119655, -0.02164875368922592, -0.40992023256783405, 0.2697159361980497, 0.4215670808471716, 1, -0.455231886574313, 0.0975220683516651, -0.01162086057609732, -0.879325460073441, -1, -0.8047486153219514, -0.7651170408441881, -0.07339191275413205, 0.8015559350797478, -0.20783061109852907, 0.30248873633384576, 0.29038314298024437, 0.6352579261419536, 0.4958620790022825, -0.16455774846078652, -0.3478160183419179, 0.5405689855102489, 0.8435558792716549, -0.33551125503821305, 0.2548835784307972, -0.9661458613891252, -1, -0.2556799238446591, -0.4323687834590171, -0.5149489717125633, -0.28828528033322587, -1, 0.43116025892453536, 0.35514776074796073, -0.23038323880474676, 0.7076290206240037, -0.27942760915178944, 0.33251767729070936, 0.03347976198016478, 0.3129846030166116, -0.30053169260232077, 0.7955882143428896, -1, -1, 0.8718248655917286, 0.3425494765162069, -0.9803147694189421, 1, 0.8247217384516677, -0.1419504025422063, -0.7332076766011739, -0.467809189089964, -0.7424761657584011, -1, 0.23066216279318563, -0.6724537158019125, 1, -0.6720699807936333, -1, 0.022901521382071105, 0.7096443402457111, 0.04094994686339362, 1, -0.45406083021309435, 0.14866484341944686, -0.5577649893923516, 1, -0.33864661287601505, 0.06358985572660346, 0.5151574193654234, -0.8705175471311598, 0.58766095708693, -0.8450362715214484, -0.4581480400898637, 0.3993476595178609, 0.019640119975695453, 0.21341877817688473, 0.44201856057218303, -0.20799978577573405, -0.2823575480833679, -0.5016490118425322, -0.6872492727064669, 0.967308954677877, 1, -0.2401497597267359, -0.2547709500321971, -0.7736014351628615, 0.38926242224976704, 0.10114501127319986, 0.0673629411918164, -0.6703950368455234, -0.5230233659504878, -1]
-54.977455139160156	(8, 12, 2)	[-0.8395215363714914, 0.5802606302503948, 1, 0.5215390799531374, -0.22714756296720395, 0.26522344860431124, -1, 0.361737893631454, -0.5745089304713079, 0.3488256408856165, -0.3600430723520075, -0.16011502032832328, -0.6824933222627803, -0.1962935797010028, 0.030113113180684277, 0.6071949156082255, -0.3422835392570305, -0.3477293698584678, -0.41462231558309515, 0.1474635605873138, -0.3158479731524091, 0.8007968941225074, -0.5489477604291926, 0.4602971663789056, -0.13878841067874093, 0.9131367806756734, 0.2546311845631441, -0.02164875368922592, 0.5721854689959875, -0.4883208905591995, -1, 0.9614172213455829, -0.9526917061263831, 0.22438812841928102, -0.20499545713685724, -0.39051742742157086, -0.9084783332274069, -0.6816944186894944, 0.5126620338699714, -0.18716919946910102, 0.708345731037999, -0.06471275709061536, 0.17160891854752197, -0.40278793354960485, 0.8091814945080773, 0.3940752210837711, 0.777107544157852, 0.15416301422364764, 0.48629701035942935, 0.458696389367127, -0.5184747644967171, 0.2548835784307972, 0.14959449549163437, -0.1202850286180736, 0.7483239263361097, -0.14201747946063842, 0.1566230057125649, 0.9042527551081697, 0.34752910345700494, -0.9060540002070961, -0.01672383839662433, -1, 0.7076290206240037, -0.27942760915178944, 0.49552456503146813, -0.01038850094524807, 0.3129846030166116, -0.44412651876054743, 0.8625877319868998, -1, -1, 0.5808037583701577, 0.10993293642773808, -0.9803147694189421, 1, 0.6336790556785536, -0.3788625834455813, -0.7332076766011739, -0.31879337419083975, -0.4402665927602455, -0.6175572330711812, 0.14172829293342787, -0.9647475397131897, 1, -0.714587746684588, -0.6626987615499866, 1, -0.5289141101473115, 0.21230340901821443, 1, -0.5541331536414882, 0.250919068653224, -0.5577649893923516, 0.01079135748601906, -0.3661347563556723, 0.13509456263255393, 0.528680143431688, -0.4238236535799662, 0.1739879205530153, -0.43535354824938866, -0.1827071956776064, 0.044744703646893466, -0.05224164913563012, 0.21341877817688473, 0.44201856057218303, -0.20799978577573405, -0.2823575480833679, -0.5016490118425322, -0.6872492727064669, 0.967308954677877, 1, -0.2401497597267359, -0.2547709500321971, -0.6955803128003545, 0.38926242224976704, 0.10114501127319986, 0.0673629411918164, -0.5750490699021347, -0.5230233659504878, -0.8124091042709581]
-39.54086685180664	(8, 12, 2)	[-0.8395215363714914, 0.5802606302503948, 1, 0.5215390799531374, -0.22714756296720395, 0.26522344860431124, -1, 0.361737893631454, -0.5745089304713079, 0.3488256408856165, -0.3600430723520075, -0.16011502032832328, -0.6824933222627803, -0.1962935797010028, 0.030113113180684277, 0.6071949156082255, -0.3422835392570305, -0.3477293698584678, -0.41462231558309515, 0.1474635605873138, -0.3158479731524091, 0.8007968941225074, -0.5489477604291926, 0.4602971663789056, -0.13878841067874093, 0.9131367806756734, 0.2546311845631441, -0.02164875368922592, 0.5721854689959875, -0.4883208905591995, -1, 0.9614172213455829, -0.9526917061263831, 0.22438812841928102, -0.20499545713685724, -0.39051742742157086, -0.9084783332274069, -0.6816944186894944, 0.5126620338699714, -0.18716919946910102, 0.708345731037999, -0.06471275709061536, 0.17160891854752197, -0.40278793354960485, 0.8091814945080773, 0.3940752210837711, 0.777107544157852, 0.15416301422364764, 0.48629701035942935, 0.458696389367127, -0.5184747644967171, 0.2548835784307972, 0.14959449549163437, -0.1202850286180736, 0.7483239263361097, -0.14201747946063842, 0.1566230057125649, 0.9042527551081697, 0.34752910345700494, -0.9060540002070961, -0.01672383839662433, -1, 0.7076290206240037, -0.27942760915178944, 0.49552456503146813, -0.01038850094524807, 0.3129846030166116, -0.44412651876054743, 0.8625877319868998, -1, -1, 0.5808037583701577, 0.10993293642773808, -0.9803147694189421, 1, 0.6336790556785536, -0.3788625834455813, -0.7332076766011739, -0.31879337419083975, -0.4402665927602455, -0.6175572330711812, 0.14172829293342787, -0.9647475397131897, 1, -0.714587746684588, -0.6626987615499866, 1, -0.5289141101473115, 0.21230340901821443, 1, -0.5541331536414882, 0.250919068653224, -0.5577649893923516, 0.01079135748601906, -0.3661347563556723, 0.13509456263255393, 0.528680143431688, -0.4238236535799662, 0.1739879205530153, -0.43535354824938866, -0.1827071956776064, 0.044744703646893466, -0.05224164913563012, 0.21341877817688473, 0.44201856057218303, -0.20799978577573405, -0.2823575480833679, -0.5016490118425322, -0.6872492727064669, 0.967308954677877, 1, -0.2401497597267359, -0.2547709500321971, -0.6955803128003545, 0.38926242224976704, 0.10114501127319986, 0.0673629411918164, -0.5750490699021347, -0.5230233659504878, -0.8124091042709581]
-45.15145492553711	(8, 12, 2)	[-0.5921792911287985, 0.5802606302503948, 1, 0.5215390799531374, -0.21879863196187285, 0.03321690497889558, 0.6446724865165073, -0.6281386625036111, -0.665795573335668, -0.13017749242314103, -0.3600430723520075, -0.5365674406999807, -0.6824933222627803, -0.08519196912355981, 0.22475469462239148, 0.22936568112605193, -0.3422835392570305, -0.3477293698584678, -0.41462231558309515, 0.3643962620235949, -0.22469648216061594, 0.8007968941225074, -0.5489477604291926, 0.4602971663789056, -0.17920078634559, 0.9890884052800455, 0.27648488363119655, -0.3258982551888323, -0.40992023256783405, 0.34243050856306645, 0.4215670808471716, 1, -0.455231886574313, 0.48078366492314817, 0.012056054322969662, -0.25000152595570274, -1, -0.021817014035236837, 0.5432573979341762, 0.0006409049393951982, 0.6207489376986892, -0.5131437632494543, 0.0974414386277766, -0.1849136231003673, 0.6904551798073063, 0.6068174694933489, -0.027739143958490087, -0.9827563108402382, 0.48629701035942935, 0.11356433336861449, -0.3577507686705965, 0.5307028723605527, -0.9359450302226539, -0.6513287936751587, -0.356777606090406, 0.1322227117426641, -0.28457238536202745, -0.7869915536267629, -0.22142887995503874, 0.5670570950078033, -0.4480894969681437, -0.7926159732259306, -0.8432318217203689, 0.8739182607460352, 0.19346478467648898, -0.09545754400834976, 0.2438008105877531, -0.32017663554856135, -0.3758407609304878, -0.736745995440458, -0.370725959064144, 0.0885577109368034, 0.053292271870027746, -0.41294097103359084, 0.9830698921207821, 0.589227509871452, -0.12285712807423285, -0.48401069210420977, -0.596506606791972, -0.6722868817635698, -0.027372542611429018, -0.18506974145988925, 0.08853388989805373, 0.8899303992221945, -0.5661403240767156, -0.6469622438662637, 0.5878224537221455, -0.5227968511321011, 0.4834908084930132, 0.53827228239763, -0.7048125990075664, 0.14963718124287279, 0.05056100149402286, 0.7692631343098445, -0.3661347563556723, 0.13509456263255393, 0.528680143431688, -0.9909103063121006, 0.35551404418261723, -0.5229885654595863, -0.8405628156495992, 0.17014169145926594, -0.5256645566755631, -0.4987562703360186, 1, -0.902226586515869, -0.1916461244454193, -1, -0.02287090755595405, 0.4566206941303431, -0.5963929498196685, -0.7353187679494602, -0.7412133136410222, -1, -0.8747718946400107, -0.10352226859438698, 1, 0.6079626804660083, -0.3529802052990393, -0.9334807220422718]
-22.018953323364258	(8, 12, 2)	[-0.24936563076397839, 0.5802606302503948, 0.486168272230282, 0.35924333915577417, -0.22714756296720395, 0.03321690497889558, -1, 0.361737893631454, -0.39465500315953705, 0.5229076172480962, -0.034638030424579414, -1, 0.2973753792346727, -0.8990255551648976, 0.8481545421629262, 0.9585364189122001, 0.4692196925363472, 0.005743618730722155, -1, 0.37622173518370233, -0.9169167203140122, -0.37879344311229346, -0.25912702660305004, -0.02400661675833897, 0.760310855219726, 0.9792994733166376, -1, 0.6246491945374404, 0.49620796143833296, -0.4883208905591995, -0.9103376430016006, -0.6850918696900941, -0.14383544769548065, 0.280315148295801, -0.021438588376369375, -0.24644792850534408, -0.9696831715911133, 0.7067733493909176, 0.9120087641020906, -0.6498102059896278, -0.712052903391077, 0.8392516076610975, -0.3605002682057193, -0.5030947533478007, 0.7141772972874856, 0.2625433826007475, 1, -0.45225679268327057, 0.20675630253845945, 1, -0.5184747644967171, 0.11113558484145752, 0.14959449549163437, -0.038190114156426785, 0.8968925832515582, -0.39398907789339044, -0.19060637527472576, 0.7591749218552851, 0.11873393994778567, -0.9560046226338083, -0.01672383839662433, -1, 0.7076290206240037, -0.3226536773627039, 0.49552456503146813, -0.01038850094524807, 0.3129846030166116, -0.44412651876054743, 0.8625877319868998, -1, -1, 0.5808037583701577, 0.10993293642773808, -0.5562485157538667, 1, 0.6336790556785536, -0.3788625834455813, -0.7332076766011739, -0.31879337419083975, -0.4402665927602455, -0.439301951738507, -0.3223983593029885, -0.2447152835466967, 0.6078248184391251, -0.7304468467217285, 0.6066724716393447, 0.8572202137342247, 0.19309541097507288, 0.46794447571903, 0.17256087075545343, -0.8946416458441351, 0.1651468140190509, 0.4470161514241403, 1, 0.5830310311013869, -0.0034778314299515824, 0.7178141456957412, 0.08603924642795352, 0.6515572721552265, 0.5115784351445236, -0.8928289526445021, -0.11111140307662817, -0.7386633338393942, -0.6793427555296181, 0.9422909827091479, -0.7122864745634085, -0.07366406659894717, -0.6515807836539895, 0.49552121624252476, 0.917047729047834, -0.49186643037043454, 0.15556816708744342, -0.2547709500321971, -0.8184917470798252, 0.4228252238545159, 0.37768715468997127, 0.392035652172896, -0.8391394459662329, -0.2079052624441678, -0.49891923365480817]
-47.558372497558594	(8, 12, 2)	[-0.24936563076397839, 0.5802606302503948, 0.486168272230282, 0.35924333915577417, -0.22714756296720395, 0.03321690497889558, -1, 0.361737893631454, -0.39465500315953705, 0.5229076172480962, -0.034638030424579414, -1, 0.2973753792346727, -0.8990255551648976, 0.8481545421629262, 0.9585364189122001, 0.4692196925363472, 0.005743618730722155, -1, 0.37622173518370233, -0.9169167203140122, -0.37879344311229346, -0.25912702660305004, -0.02400661675833897, 0.760310855219726, 0.9792994733166376, -1, 0.6246491945374404, 0.49620796143833296, -0.4883208905591995, -0.9103376430016006, -0.6850918696900941, -0.14383544769548065, 0.280315148295801, -0.021438588376369375, -0.24644792850534408, -0.9696831715911133, 0.7067733493909176, 0.9120087641020906, -0.6498102059896278, -0.712052903391077, 0.8392516076610975, -0.3605002682057193, -0.5030947533478007, 0.7141772972874856, 0.2625433826007475, 1, -0.45225679268327057, 0.20675630253845945, 1, -0.5184747644967171, 0.11113558484145752, 0.14959449549163437, -0.038190114156426785, 0.8968925832515582, -0.39398907789339044, -0.19060637527472576, 0.7591749218552851, 0.11873393994778567, -0.9560046226338083, -0.01672383839662433, -1, 0.7076290206240037, -0.3226536773627039, 0.49552456503146813, -0.01038850094524807, 0.3129846030166116, -0.44412651876054743, 0.8625877319868998, -1, -1, 0.5808037583701577, 0.10993293642773808, -0.5562485157538667, 1, 0.6336790556785536, -0.3788625834455813, -0.7332076766011739, -0.31879337419083975, -0.4402665927602455, -0.439301951738507, -0.3223983593029885, -0.2447152835466967, 0.6078248184391251, -0.7304468467217285, 0.6066724716393447, 0.8572202137342247, 0.19309541097507288, 0.46794447571903, 0.17256087075545343, -0.8946416458441351, 0.1651468140190509, 0.4470161514241403, 1, 0.5830310311013869, -0.0034778314299515824, 0.7178141456957412, 0.08603924642795352, 0.6515572721552265, 0.5115784351445236, -0.8928289526445021, -0.11111140307662817, -0.7386633338393942, -0.6793427555296181, 0.9422909827091479, -0.7122864745634085, -0.07366406659894717, -0.6515807836539895, 0.49552121624252476, 0.917047729047834, -0.49186643037043454, 0.15556816708744342, -0.2547709500321971, -0.8184917470798252, 0.4228252238545159, 0.37768715468997127, 0.392035652172896, -0.8391394459662329, -0.2079052624441678, -0.49891923365480817]
-37.52644729614258	(8, 12, 2)	[0.0832501954245342, -1, 0.38356745917707225, -0.745116099147374, 0.802572802542905, 0.9058708107324591, 0.712652924126358, -0.6281386625036111, 0.18159809869624888, 0.3255216868813449, -0.209558661998079, -0.6342790420647368, -0.8069694846194649, 0.3324090951047891, 0.4514158883721458, 0.09665477739735501, -1, 0.01893914150621561, -0.9354598256104638, 0.7937236102142564, -0.9300749473715677, -0.20423466629414078, -0.5003928481859341, -0.24274346164598876, 1, 1, -0.8034579256043204, 0.7826272158540619, 0.6129494195576222, -0.15519764275611514, -0.9103376430016006, -0.5720845324274011, -0.8228384185684982, 0.23879926643460658, -0.021438588376369375, -0.24644792850534408, -0.9696831715911133, 0.7067733493909176, 0.9120087641020906, -0.5601544991783316, -0.712052903391077, 0.8392516076610975, -0.3605002682057193, -0.5030947533478007, 0.7141772972874856, 0.2625433826007475, 1, -0.45225679268327057, 0.20675630253845945, 1, -0.5184747644967171, 0.11113558484145752, 0.14959449549163437, -0.08654350335165571, 0.8968925832515582, -0.39398907789339044, -0.19060637527472576, 0.8716559010975234, 0.11873393994778567, -0.9560046226338083, -0.13113910880535085, -0.47727174422819696, -0.624506874431656, -0.3190580587096695, -0.5801658115357632, 0.7364703702398789, 0.28974525153840314, -0.6039704340863647, -0.8952587557957452, -0.779930584527653, -0.6595510873656654, 0.7203019285226883, -0.17496674256325098, -0.5935406757973024, 1, 0.8802469513660806, -0.3788625834455813, -0.6422254027521711, -0.467809189089964, -1, -0.6868081840197908, 0.14172829293342787, -0.9075463709220111, 0.9994952184076873, -0.4672954206049599, -0.7235786943491178, 0.31792236509119337, -0.36477993479780063, 0.6225877896405626, 0.5419323424248647, -0.42039842787408943, 0.47729555677818225, -0.13356939310845894, 0.22730282454808193, -0.16658981570946252, 0.412503046588075, 0.05109560416919992, -0.664074850685791, 1, -0.3574385653567779, -0.8735476040800924, -0.1217677142286476, -0.12829316764964532, -0.32630857601333196, 0.8344720964157495, -0.43437555625097324, -0.1142124682963517, -0.8228329750448555, 0.12927529039386113, 1, -0.9726296309469846, 0.1893808732508783, -0.9685610484643623, -0.6161728819900828, 0.9307814337467777, -0.9826752912521958, 0.0673629411918164, 0.13605274047079502, -0.8952799066749325, 0.014920521127943065]
-40.61855697631836	(8, 12, 2)	[-0.8450549745114297, 0.3806388942269197, 0.7928759071380794, 0.4288830077112616, 0.0005015248445741222, 0.03321690497889558, -0.5321184780726446, 0.14302951125155827, -0.7333623272859409, 1, 0.09439853167070326, -0.3689279849471021, -0.8587805636299481, 0.1706893093746124, 0.329737044400137, -0.4462737452364783, -0.7107200598332467, 0.40946312330244317, -0.9000012715376929, 0.691244656505051, -0.22469648216061594, 0.4862937303517556, -0.6753461497896476, -0.02400661675833897, 0.753299543546793, 0.8028677804004425, -0.8034579256043204, 0.6845639131334726, 0.6410145297796347, -0.4791337150869916, -0.804979324291266, -0.6774988546310226, 0.12540071001943767, 0.7197065535902665, 0.5296345830960587, -0.012801359149187813, -0.9519087123655894, -0.919566885749, -0.5942773190303088, -0.23736458151177428, 0.7184229012477056, 0.44948318986546293, 0.17160891854752197, 0.1469116021511759, 0.3210286547040938, 0.674520751839257, 0.06011819581669403, -0.8711212775471286, 0.48629701035942935, 0.9110406487251851, -0.6579625718726819, 0.3845247260434114, 0.14959449549163437, -0.5500107495926925, 0.7816305645289122, -0.5851120604273907, -0.20878526404818715, 0.7591749218552851, 0.34752910345700494, -0.9560046226338083, 0.08980328126085185, -0.812235806621859, 0.23569753095178048, -0.4934795869160089, -0.6523317398506285, 0.7904520913531395, 0.06674747979712092, -0.6039704340863647, -0.17664554059278542, -0.92138274201283, -0.012891094066157127, 0.10641558763311479, 0.5251527901938413, -0.2798576247650604, 1, 1, -0.3788625834455813, -0.49770930357454, -0.7118790670237951, -0.5969452997302085, -0.9064510850903508, -0.11493548615848287, -0.9647475397131897, 0.9050581957735816, -0.8433496541948513, 0.10322031806538845, 0.6184259712134097, 0.28281383595228526, 0.12326038902918784, 1, -0.6272861647164029, -0.09352574578986604, 0.2517173482361802, 0.7150626409254456, -0.16658981570946252, 0.412503046588075, 0.5151574193654234, -1, 0.58766095708693, -0.35591337508562215, -0.3529607952581234, 0.5246940504706333, 0.19969892553058485, -0.8644092740418572, 1, -0.40113129753190296, -0.1916461244454193, -0.5418965309759898, 0.555353864349645, 0.5363047173884631, -1, -0.9267543789133351, -0.7630424365726604, -0.1013142122502875, 0.7683780724630587, 0.49921333746943286, 0.0673629411918164, -0.6429551704938411, -0.3933981039495883, -0.53450484934831]
-48.40132141113281	(8, 12, 2)	[-0.8758792445304378, 0.5802606302503948, 0.6882875769448202, -0.6113151575998016, 0.549508574195567, 0.8155839808187333, -1, 0.361737893631454, -0.009826425952013523, 0.8374225069403914, -0.4004919196245501, -0.4698948757054078, -0.6937494261691136, 0.32948759835323277, 0.4320556024765414, 0.3922942576916171, -0.6857027893197689, -0.3171693244187489, -0.40606573349177044, 1, -0.9716373162574714, -0.26562990482691856, -0.5974893177507701, -0.024025045466106815, 0.6208748068195955, 0.9792994733166376, -0.9244405463022766, 0.6246491945374404, 0.27630084179104114, -0.4883208905591995, -0.9103376430016006, 1, -0.455231886574313, 0.0975220683516651, -0.01162086057609732, -0.879325460073441, -0.5860674557537557, -0.8047486153219514, -0.7651170408441881, -0.07339191275413205, 0.8015559350797478, -0.266493644399116, 0.30248873633384576, 0.29038314298024437, 0.6352579261419536, 0.4958620790022825, -0.16455774846078652, -0.44149421286665824, 0.5405689855102489, 0.8014827310320654, -0.4497593921741991, 0.2548835784307972, -0.9661458613891252, -1, -0.2556799238446591, -0.4205728398157026, -0.1133361874469625, 0.9041072363490116, 0.34752910345700494, -0.7895223721663451, -0.009832153028232503, -1, -0.061021417688747484, -0.27942760915178944, 0.21564358924877386, 0.03347976198016478, 0.3129846030166116, -0.30053169260232077, 0.7955882143428896, -1, -1, 0.9136439580960027, 0.3425494765162069, -1, 1, 0.8247217384516677, -0.1419504025422063, -0.7332076766011739, -0.467809189089964, -0.7424761657584011, -1, 0.23066216279318563, -0.6724537158019125, 1, -0.6720699807936333, -0.9209477031737409, 0.04634490505236869, 0.28281383595228526, 0.12326038902918784, 1, -0.7320934857528343, -0.09352574578986604, 0.2517173482361802, 0.5279551583941992, -0.16658981570946252, 0.412503046588075, 0.4385025673067202, -1, 0.58766095708693, -0.35591337508562215, -0.3529607952581234, 0.3421623394947579, 0.019640119975695453, -0.8644092740418572, 1, -0.40113129753190296, -0.1916461244454193, -0.5418965309759898, 0.555353864349645, 0.6507945783373048, -0.4133045492163364, 0.15556816708744342, -1, -0.47893887224992193, 0.8460814087539044, 0.09785786809546143, -0.8649371587117476, -0.6703950368455234, -0.27493979815969133, -0.8982697889749938]
-40.67778778076172	(8, 12, 2)	[-0.8450549745114297, 0.5484370667400084, 0.7928759071380794, 0.4288830077112616, 0.0005015248445741222, 0.03321690497889558, -0.5321184780726446, 0.14302951125155827, -0.7333623272859409, 1, -0.02380847659116095, -0.3689279849471021, -0.8587805636299481, 0.1706893093746124, 0.329737044400137, -0.4462737452364783, -0.7107200598332467, 0.40946312330244317, -0.9000012715376929, 0.691244656505051, -0.22469648216061594, 0.4862937303517556, -0.6753461497896476, -0.02400661675833897, 0.753299543546793, 0.8028677804004425, -0.8034579256043204, 0.5227402899123931, 0.6410145297796347, -0.4791337150869916, -0.804979324291266, -0.6774988546310226, 0.12540071001943767, 0.9531838744286043, 0.5296345830960587, -0.012801359149187813, -0.9519087123655894, -0.919566885749, -0.5942773190303088, -0.23736458151177428, 0.9691671889879135, 0.44948318986546293, 0.17160891854752197, 0.1469116021511759, 0.3210286547040938, 0.674520751839257, 0.06011819581669403, -0.8711212775471286, 0.48629701035942935, 0.9110406487251851, -0.6579625718726819, 0.46350161495064346, 0.14959449549163437, -0.5500107495926925, 0.7816305645289122, -0.5851120604273907, -0.6356103143820268, 0.4511498907225816, 0.34752910345700494, -0.9560046226338083, 0.08980328126085185, -0.812235806621859, 0.23569753095178048, -0.4934795869160089, -0.6523317398506285, 0.7904520913531395, 0.06674747979712092, -0.6039704340863647, -0.17664554059278542, -0.92138274201283, -0.012891094066157127, 0.10641558763311479, 0.5251527901938413, -0.4946463476744598, 1, 1, -0.3788625834455813, -0.49770930357454, -0.7118790670237951, -0.5969452997302085, -0.9064510850903508, -0.11493548615848287, -0.9647475397131897, 0.9050581957735816, -0.8433496541948513, 0.10322031806538845, 0.5268534610352771, 0.3104906400163081, 0.12326038902918784, 1, -0.6272861647164029, -0.09352574578986604, 0.2517173482361802, 0.7150626409254456, -0.16658981570946252, 0.412503046588075, 0.5151574193654234, -1, 0.58766095708693, -0.35591337508562215, -0.3529607952581234, 0.5246940504706333, 0.19969892553058485, -0.8644092740418572, 1, -0.40113129753190296, -0.1916461244454193, -0.4373384236725929, 0.555353864349645, 0.5363047173884631, -1, -0.9267543789133351, -0.7630424365726604, -0.1013142122502875, 0.7683780724630587, 0.49921333746943286, 0.0673629411918164, -0.6429551704938411, -0.3933981039495883, -0.53450484934831]
-51.227508544921875	(8, 12, 2)	[-0.5921792911287985, 0.6505642291269098, 1, 0.5215390799531374, -0.3174815422685665, -0.3182147761647765, -1, 0.5151066780537786, -0.5745089304713079, 0.44987449592077383, -0.2684716983530768, -0.3326447414158885, -1, -0.08519196912355981, -0.13247575324281574, 0.8253199707159364, -0.5883293946747831, -0.3477293698584678, -0.6739300902357349, 0.5599374232564092, -0.2808611304670545, 1, -0.23244995053391349, 0.4602971663789056, -0.17920078634559, 0.9890884052800455, 0.03518036816068254, -0.02164875368922592, -0.40992023256783405, 0.2697159361980497, 0.29498055073410967, 1, -0.455231886574313, 0.0975220683516651, 0.38977529773193764, -0.879325460073441, -1, -0.8047486153219514, -0.7651170408441881, -0.07339191275413205, 0.6407862867594241, -0.3268930851071207, 0.30248873633384576, 0.29038314298024437, 0.6352579261419536, 0.4958620790022825, -0.16455774846078652, -0.21713647916072823, 0.5405689855102489, 0.8435558792716549, -0.33551125503821305, 0.2548835784307972, -0.9661458613891252, -1, -0.21208299049470924, -0.39398907789339044, 0.09319648474671278, 0.7591749218552851, 0.34752910345700494, -1, 0.030807398761723143, -1, 0.20666935013013565, -0.27942760915178944, 0.33251767729070936, -0.2627355375611613, 0.3087093639938043, -0.30053169260232077, 0.7955882143428896, -1, -1, 0.8718248655917286, 0.3425494765162069, -0.9803147694189421, 1, 0.8247217384516677, -0.1419504025422063, -0.9207883643653577, -0.7533317050289636, -0.7424761657584011, -1, 0.23066216279318563, -0.6724537158019125, 1, -0.6720699807936333, -0.9209477031737409, 0.24832873229847138, 0.8101380102813431, 0.04094994686339362, 1, -0.45406083021309435, 0.14866484341944686, -0.5577649893923516, 1, -0.2573778123050705, 0.13509456263255393, 0.8196398225269572, -0.8925530002659158, 0.17335725643726457, -0.038755377764574966, -0.541320604868117, 0.3993476595178609, 0.0191409938630285, -0.04126241625687431, 1, -0.902226586515869, 0.07770143254617456, -0.18958821369770346, -0.6872492727064669, 1, 0.655990473401536, -0.11867732761358483, 0.02116212601874925, -0.9532089664497901, 0.38926242224976704, 0.284482965694686, 0.0673629411918164, -0.6703950368455234, -0.5230233659504878, -1]
-63.17369842529297	(8, 12, 2)	[-0.5921792911287985, 0.3609695481880496, 1, 0.6157598407541822, -0.22714756296720395, 0.03321690497889558, -1, 0.19061193159190132, 0.18159809869624888, 1, -0.38969117151768606, -0.4130214439829343, -0.8069694846194649, 0.15931380998453093, 0.5372875306906765, 0.3922942576916171, -1, 0.01893914150621561, -0.43379988664431407, 0.4772972371099803, -0.6409117821783575, 0.14139332242702327, -0.40071142019062933, -0.02400661675833897, 0.6621526151436183, -0.3488991620906996, -0.7064998359568482, -0.5582288406787723, 0.4004209043877411, 0.9516455586421494, -0.7966651348323307, 0.023602836435439388, -0.7393454406449601, 0.47490008223344016, -0.6735118324067039, 0.6430960825249001, -1, -0.07880741022223109, 0.6992031434911822, -0.0023645016788507722, 1, -0.40302239961321557, 0.0974414386277766, 0.0715016407506357, 0.5367405445438329, 0.674520751839257, 0.13363185941286687, -0.8711212775471286, 0.8328556075043783, 0.5656488014604786, -0.5184747644967171, 0.28266249198800225, -0.6165314354841415, -0.6513287936751587, -0.52291541595202, 0.5179252137959169, -0.28457238536202745, -0.6484388070824532, -0.3747868010475669, 0.4158105883585088, -0.8710135337350401, -0.5404653182141315, -0.8432318217203689, 0.8739182607460352, 0.19346478467648898, -0.09545754400834976, 0.4100786052001206, -0.25304724090365704, -0.3758407609304878, -0.6114310544827183, -0.34442878967915985, -0.4540552337492809, 0.043161311499708366, -0.30217702350136383, 1, 0.589227509871452, 0.6261371763982693, -0.4678157142721575, -0.9218945605885531, -0.7424761657584011, -0.9200020250921287, 0.5113658288229335, -0.6724537158019125, 1, -0.6720699807936333, -0.6361266021326822, -0.26113155385274933, 0.7096443402457111, 0.04094994686339362, 1, -0.47404932692506857, -0.029170682980703633, -0.3640593640733575, 0.864113785431171, -0.33864661287601505, 0.06358985572660346, 0.5151574193654234, -0.8235274920890149, 0.9050113684556027, -0.8450362715214484, -0.11852239487756103, 0.27906036963586517, -0.16607987772548702, -0.06421535273867687, 0.44201856057218303, -0.20799978577573405, -0.2823575480833679, -0.5016490118425322, 0.3347515415803542, 0.4566206941303431, -0.6571240578484991, -0.5100134445070559, -0.17201309153416083, -0.7736014351628615, 0.0063031864944492755, 0.10114501127319986, 0.6435460627727725, 0.47337114896815913, -0.5230233659504878, -0.8124091042709581]
-40.033958435058594	(8, 12, 2)	[-0.8450549745114297, 0.2823234650944243, 0.9429586645838669, 0.4288830077112616, 0.0005015248445741222, 0.03321690497889558, -0.47722343149819135, 0.14302951125155827, -0.7333623272859409, 1, 0.08973203372213902, -0.3689279849471021, -0.7746991974064833, 0.28022438028075497, 0.14894574874441352, -0.4462737452364783, -0.7107200598332467, 0.40946312330244317, -0.9000012715376929, 0.691244656505051, -0.22469648216061594, 0.43208808281257527, -0.6753461497896476, -0.02400661675833897, 0.753299543546793, 0.8028677804004425, -0.8034579256043204, 0.6845639131334726, 0.5737555887254583, -0.4791337150869916, -0.56086420769533, -0.5998933577470349, -0.455231886574313, 0.22438812841928102, -0.0560227181605971, 0.11415487549841988, 0.04213284862934483, 0.7051574686921038, 0.32785920821570597, -1, -0.712052903391077, 0.12092011987109381, -0.3189166936706209, 0.5057120753971729, 0.5897434187884424, 0.1590538754807499, -0.07047065525241736, -1, 1, 1, -0.6579625718726819, 0.7418165335135098, 0.255318210625486, -0.2982737730303357, -0.2556799238446591, -0.39398907789339044, -0.1133361874469625, 0.8492965547243878, 0.4926673170840582, -0.7895223721663451, 0.030807398761723143, -1, -0.10585257697273183, -0.27942760915178944, 0.5191487825797088, 0.03347976198016478, 0.3129846030166116, -0.30053169260232077, 0.7955882143428896, -1, -1, 0.8718248655917286, 0.3425494765162069, -0.9803147694189421, 1, 0.8247217384516677, -0.2283497582470459, -0.7332076766011739, -0.467809189089964, -0.7424761657584011, -1, 0.23066216279318563, -0.6724537158019125, 1, -0.6720699807936333, -0.9209477031737409, 0.022901521382071105, 0.7096443402457111, -0.44280634051452666, 1, -0.16865513060745746, 0.14866484341944686, 0.4470161514241403, 0.9019727125455824, -0.33864661287601505, 0.06358985572660346, 0.5151574193654234, -0.8705175471311598, 0.6586113667932352, -0.8289085800691041, 0.786851905246332, 0.06012618747437584, -0.1458848501377109, 3.158443353790119e-05, 0.8344720964157495, -0.43437555625097324, -0.08420894463689166, -0.8228329750448555, 0.3963353184465848, 0.4566206941303431, -0.8441683141120977, -0.882586569975948, -1, -0.794278353640005, 0.6402564571083667, 0.49921333746943286, -0.2971684714091596, -0.6429551704938411, -0.3933981039495883, -0.3437901556355495]
-59.273658752441406	(8, 12, 2)	[-0.24936563076397839, 0.5802606302503948, 0.486168272230282, 0.35924333915577417, -0.22714756296720395, 0.03321690497889558, -1, 0.361737893631454, -0.39465500315953705, 0.5229076172480962, -0.22598575631946813, -0.5173082764152077, -0.6449123087820599, 0.4304551490444939, 0.1869028339602668, 0.37931288635166166, -0.9370401696829623, -0.196944627182725, -0.10745101799131884, 0.550605077360239, -0.5038913988675389, -0.008784550489677634, -0.16845187640772863, 0.15284812906879075, 0.6621526151436183, -0.3488991620906996, -0.7064998359568482, -0.5582288406787723, 0.4004209043877411, 0.8335963878155449, -0.9103376430016006, -0.6850918696900941, -0.34667729244156675, 0.280315148295801, -0.021438588376369375, -0.015260385982336006, -1, 0.4853396263006481, 0.9120087641020906, -0.6498102059896278, -0.712052903391077, 0.8392516076610975, -0.2837387262929295, 0.1469116021511759, 0.6592706178886507, 0.674520751839257, 1, -0.45225679268327057, 0.20675630253845945, 1, -0.5184747644967171, 0.028419144680949804, 0.14959449549163437, -0.038190114156426785, 0.8968925832515582, -0.3373434341340439, -0.23846424769182595, 0.7591749218552851, 0.11873393994778567, -0.9560046226338083, -0.01672383839662433, -1, 0.7076290206240037, -0.3226536773627039, 0.49552456503146813, -0.01038850094524807, 0.3129846030166116, -0.44412651876054743, 0.8625877319868998, -1, -1, 0.8510863851348194, 0.10993293642773808, -0.5562485157538667, 1, 0.910306404420266, -0.3788625834455813, -0.7332076766011739, -0.31879337419083975, -0.4754969799231726, -0.0148610168210076, 0.16845112270121426, -0.2447152835466967, 0.8474163014348636, -0.7304468467217285, 0.40387581741546685, 0.8572202137342247, 0.19309541097507288, 0.7573696526576831, 0.17256087075545343, -0.8946416458441351, 0.14670773194709308, 0.4470161514241403, 1, 0.5830310311013869, -0.0034778314299515824, 0.7178141456957412, 0.08603924642795352, 0.5491492222146628, 0.5115784351445236, -1, -0.11111140307662817, -0.7386633338393942, -0.19808481866558975, 0.9422909827091479, -0.7122864745634085, -0.07366406659894717, -0.6515807836539895, 0.49552121624252476, 0.917047729047834, -0.49186643037043454, 0.15556816708744342, -0.2547709500321971, -0.7574947745701284, 0.09348381990582594, 0.10114501127319986, 0.6435460627727725, 0.47337114896815913, -0.2079052624441678, -0.49891923365480817]
-41.1042594909668	(8, 12, 2)	[-0.8450549745114297, 0.3806388942269197, 1, 0.11088618699986205, 0.0005015248445741222, 0.03321690497889558, -0.5321184780726446, 0.24460036884810843, -1, 1, 0.09439853167070326, -0.3689279849471021, -0.8512316804529998, 0.02183947541490569, 0.329737044400137, -0.4462737452364783, -0.7814403697977085, 0.9993152820236471, -0.7396148493505308, 0.37622173518370233, -0.7947329969902664, -0.37879344311229346, -0.25912702660305004, -0.02400661675833897, 0.856474612454551, 0.9792994733166376, -0.9860934501525493, 0.5320060722496557, 0.6949309910344638, -0.44436568378209573, -0.6711393509970028, -0.5148918747281814, -0.5207002531972312, 0.43433913157367243, -0.12046010241112388, -0.718638649182813, -0.15489689106860527, -0.919566885749, -0.5942773190303088, -0.23736458151177428, 0.7184229012477056, 0.44948318986546293, 0.17160891854752197, 0.1469116021511759, 0.3210286547040938, 0.5057889075949639, 0.010741411375348592, -0.8711212775471286, 0.30110338159055106, 0.7844925780710233, -0.5184747644967171, -0.08333593072633577, -0.9661458613891252, -0.8820429836400282, -0.21208299049470924, -0.16407688615758298, -0.06198643985767732, 0.9171595986855045, 0.6297756250875066, -0.8926997309129338, 0.030807398761723143, -0.8884019878346726, 0.23569753095178048, -0.4934795869160089, -0.5574674345672365, 0.828082880045939, 0.06674747979712092, -0.6039704340863647, -0.17664554059278542, -0.92138274201283, -0.012891094066157127, 0.10641558763311479, 0.5251527901938413, -0.2798576247650604, 0.9207217307680521, 1, -0.3788625834455813, -0.49770930357454, -0.7118790670237951, -0.5969452997302085, -0.9064510850903508, -0.18506974145988925, 0.08853388989805373, 1, -0.5661403240767156, -0.49414558482548643, 0.3158230738512252, -0.692606341195529, 0.4834908084930132, 1, -0.6272861647164029, -0.09352574578986604, 0.14532105511804322, 0.45331210253624427, -0.1035053451245494, 0.412503046588075, 0.5151574193654234, -0.676003996318643, 1, -0.35591337508562215, -0.3529607952581234, 0.4854236929429521, 0.12630489898759267, -0.8644092740418572, 0.9938187076099539, -0.7426964481826762, -0.04503089357656059, -0.5418965309759898, 0.38582711026631267, 0.5363047173884631, -1, -0.700460915826459, -0.7630424365726604, -0.034014883978223984, 0.7683780724630587, -0.9826752912521958, 0.0673629411918164, -0.6429551704938411, -0.40745320082745884, -0.53450484934831]
-36.31141662597656	(8, 12, 2)	[-0.24936563076397839, 0.5802606302503948, 0.486168272230282, 0.3073888390692233, -0.22714756296720395, 0.09640101745846609, -1, 0.361737893631454, -0.5641659960034393, 0.5229076172480962, -0.14263444118616114, -1, 0.2973753792346727, -0.8990255551648976, 0.8481545421629262, 0.9585364189122001, 0.4692196925363472, 0.005743618730722155, -1, 0.47290832584523346, -0.9169167203140122, -0.37879344311229346, -0.25912702660305004, -0.09475999840999148, 0.676900644882704, 0.9792994733166376, -1, 0.5714364209126442, 0.49620796143833296, -0.3171045826580647, -0.9103376430016006, -0.928526415574061, -0.576323538356531, 0.3896986219461058, -0.021438588376369375, -0.24644792850534408, -1, 0.7619099072114056, 0.9120087641020906, -0.6498102059896278, -0.712052903391077, 0.7809127656898647, -0.3605002682057193, 0.1469116021511759, 0.769058271263273, 0.674520751839257, 1, -0.4200894083063081, 0.1581761349145624, 0.762333049835008, -0.6579625718726819, 0.455224488916009, -0.8977625523685837, -0.5472446588547649, -0.2637424124142437, -0.8825852019123741, -0.20878526404818715, 0.3292585435392362, 0.34752910345700494, -0.8380849966011102, 0.378653734660502, -0.8155025632251587, -0.030099126392156395, -0.5189382546939657, -0.6523317398506285, 0.7904520913531395, 0.2438008105877531, -0.7715466073109591, -0.3758407609304878, -0.9036853277026231, -0.24663870385275277, 0.06327275281955773, 0.37596901155347695, -0.8440766740573725, 1, 0.49975764324302613, -0.29421473189710545, -0.605314169425755, -0.7670521253936416, -0.2694496230325468, -0.439301951738507, 0.14172829293342787, -0.8788877006322675, 1, -0.6361113572659098, -1, 0.05815306935539653, 0.7197699873156436, 0.46794447571903, 0.17256087075545343, -0.8946416458441351, -0.5227776245568995, 0.4082510877209212, 1, 0.5830310311013869, -0.0034778314299515824, 0.7178141456957412, -0.08947354995401072, 0.5491492222146628, 0.5115784351445236, -0.8928289526445021, 0.09057360616643795, -0.7341493543682885, -0.19808481866558975, 1, -0.7122864745634085, -0.07366406659894717, -0.9981882613470732, 0.49552121624252476, 0.917047729047834, -0.49186643037043454, 0.14466292133048747, -0.2547709500321971, -0.8184917470798252, 0.4228252238545159, 0.5453425492441193, 0.392035652172896, -0.7190555720758641, -0.2079052624441678, -0.2749113271174819]
-42.27234649658203	(8, 12, 2)	[-0.8450549745114297, 0.3806388942269197, 0.5823843311579737, 0.2792289463104629, 0.0005015248445741222, 0.03321690497889558, -0.5321184780726446, 0.05444609765505537, -0.8616583749784239, 1, 0.09439853167070326, -0.3689279849471021, -0.8587805636299481, 0.1706893093746124, 0.329737044400137, -0.4462737452364783, -0.275720181976985, 0.5953374585514848, -0.7074318385153813, 0.730056191054562, -0.6962658687846948, -0.6202708517673583, -0.1540998416285357, -0.024025045466106815, 0.39967351077619695, 0.9792994733166376, -1, 0.6246491945374404, 0.6129494195576222, 0.25768674367244376, -0.9103376430016006, -0.6525953881934394, -0.014968891939607203, 1, 0.17551543954499232, -0.6873407026723337, -0.8133895423074342, 0.23015007352504568, 0.8108685402174405, -0.4605678366224015, 0.8796704328100082, -0.8814514948716663, -0.027122239586089197, -0.7848094463773596, 0.36876782237184474, 0.3763899451676999, 1, -0.4200894083063081, 0.1581761349145624, 0.762333049835008, -0.6579625718726819, 0.455224488916009, -0.8977625523685837, -0.5472446588547649, -0.28664417839601364, -0.8825852019123741, -0.20878526404818715, 0.3292585435392362, 0.34752910345700494, -0.9560046226338083, 0.378653734660502, -0.4277504368585574, -0.030099126392156395, -0.5189382546939657, -0.6523317398506285, 0.7904520913531395, 0.2438008105877531, -0.7715466073109591, -0.3758407609304878, -0.9036853277026231, -0.24663870385275277, 0.06327275281955773, 0.37596901155347695, -0.8440766740573725, 1, 0.49975764324302613, -0.29421473189710545, -0.27978278421236147, -0.7118790670237951, -0.5969452997302085, -1, -0.11493548615848287, -0.9647475397131897, 1, -0.8433496541948513, 0.10322031806538845, 0.6375594426715951, 0.28281383595228526, 0.12326038902918784, 1, -0.6272861647164029, -0.09352574578986604, 0.2517173482361802, 0.8649457875848254, -0.16658981570946252, 0.412503046588075, 0.5646684028348741, -0.9626166387209442, 0.58766095708693, -0.35591337508562215, -0.37305475286192086, 0.5246940504706333, 0.19969892553058485, -0.5933274474715415, 1, -0.40113129753190296, -0.1916461244454193, -0.6018903248947735, 0.5377527714963237, 0.5363047173884631, -0.987735330826701, -0.9267543789133351, -0.7630424365726604, -0.034014883978223984, 0.7683780724630587, 0.49921333746943286, 0.034446518337368566, -0.6703950368455234, -0.5230233659504878, -0.53450484934831]
-28.026424407958984	(8, 12, 2)	[-0.8450549745114297, 0.2987540841103653, 0.3574877393412616, 0.5215390799531374, 0.5270697513915845, -0.08305327766931825, -0.3574427528894981, 0.38429165611419824, 0.2892489525839403, 0.5875300247300094, -1, -0.5477110105541279, -0.6449123087820599, 0.026069276271543873, 0.1869028339602668, 0.37931288635166166, -0.9370401696829623, -0.0009302771733746829, -0.014244228651685356, 0.550605077360239, -0.7164086324634666, -0.008784550489677634, -0.33337375615912473, 0.2496437373936135, -0.24537498722253837, 0.8146309788668883, -1, 0.7012908157834221, 0.49620796143833296, -0.4791337150869916, -0.5674106958617012, -0.22727015329137973, 0.12540071001943767, 0.7197065535902665, -0.03886962617369283, 0.5838342750732974, -0.9837992251782117, 0.32250950083207913, 0.697848378417405, 0.3886675138496665, 0.9497364473602506, -0.5482444881387434, 0.16008564440657128, -0.028303708068720845, 0.6592706178886507, 0.7162889395606812, -0.30612345832271953, -0.769544611004438, 0.30110338159055106, 0.5272478834650016, -0.5184747644967171, -0.08333593072633577, -0.9661458613891252, -1, -0.4225414943190723, -0.17940440093025006, -0.21302642178004774, 0.7717051271343522, 0.6297756250875066, -0.8926997309129338, 0.030807398761723143, -0.892022410976339, 0.026716266527223073, 1, 0.19346478467648898, -0.09545754400834976, 0.3856043127698205, -0.30771366267385525, -0.3758407609304878, -0.6156510541844564, -0.370725959064144, 0.18268750793152533, 0.053292271870027746, -0.597997421123566, 0.8955387035964668, 0.589227509871452, -0.05718535867707793, -0.4678157142721575, -0.6542374585388897, -0.9250930002296719, -0.9200020250921287, 0.5113658288229335, -0.5365240850181059, 0.9198829351464877, -0.6720699807936333, -0.6361266021326822, -0.26113155385274933, 0.7096443402457111, 0.04094994686339362, 1, -0.28887382396206973, -0.029170682980703633, -0.3640593640733575, 0.864113785431171, -0.33864661287601505, 0.06358985572660346, 0.5151574193654234, -0.8235274920890149, 0.9050113684556027, -1, -0.39725800228278724, -0.3474611466269383, 0.32423659096522695, 0.21341877817688473, 0.9422909827091479, -0.8077755135685318, -0.22477379051031934, -0.6515807836539895, 0.49552121624252476, 0.917047729047834, -0.49186643037043454, 0.15556816708744342, -0.36593503691718615, -0.1741957621143085, 0.29639892240323007, 0.10928624896560127, -0.4739231002124565, 0.1024230044963276, -0.7518022016222834, -0.38242774572301763]
-48.930694580078125	(8, 12, 2)	[-0.5921792911287985, 0.17142715685722887, 0.8707826542018153, 0.4259486907700792, -0.10386490468745596, 0.03321690497889558, -0.5321184780726446, 0.8140117166597872, -0.2805757300773832, 0.38903872955367425, -0.21132611944367619, -0.3689279849471021, -0.9574626330824412, 0.08726828662557276, 0.329737044400137, -0.4559026471851959, -0.7107200598332467, 0.039222548857557854, -0.8549812539063915, 0.738436665784491, -1, -1, -0.42865088414973646, -0.17768703042061357, -0.24537498722253837, 1, -0.855004299775779, 0.7012908157834221, 0.5833043833981277, -0.4270294198460139, -0.45832072141400615, -0.4053160042591392, -0.7393454406449601, 0.47490008223344016, -0.9082183063418724, 0.6430960825249001, -0.6397803135045527, -0.07880741022223109, 0.6992031434911822, 0.41690739184080866, 1, -0.40302239961321557, 0.0974414386277766, -0.028303708068720845, 0.6592706178886507, 0.7162889395606812, -0.4768842115035176, -0.769544611004438, 0.30110338159055106, 0.7844925780710233, -0.5454814271848463, -0.08333593072633577, -0.9661458613891252, -0.3716649906376195, 0.19438671655427653, -0.5851120604273907, -0.20878526404818715, 0.38619851470055033, 0.34752910345700494, -0.9560046226338083, 0.378653734660502, -1, -0.045839430103716036, -0.21680981761380613, -0.6523317398506285, 0.7904520913531395, 0.2438008105877531, -0.28834363716766354, 0.7955882143428896, -1, -0.8398095616842318, 0.6294199234096299, 0.6529090763807035, -0.9803147694189421, 1, 0.8247217384516677, -0.1419504025422063, -0.9207883643653577, -0.5059629691905652, -0.7424761657584011, -1, 0.5115421323069614, -0.7531958876767233, 0.9198829351464877, -0.6720699807936333, -0.6361266021326822, -0.26113155385274933, 0.7096443402457111, 0.04094994686339362, 1, -0.26167660333649406, -0.029170682980703633, -0.41447586929872776, 0.864113785431171, -0.33864661287601505, 0.06358985572660346, 0.7610367074236217, -0.8235274920890149, 0.9050113684556027, -0.373605351918857, -0.3529607952581234, 0.5246940504706333, 0.3489711693120289, -0.8644092740418572, 1, -0.4633292379165246, -0.14886985886826604, -0.5418965309759898, 0.555353864349645, 1, -0.9726296309469846, 0.1893808732508783, -0.17201309153416083, -0.7736014351628615, 0.0063031864944492755, 0.2822070101590617, 0.6435460627727725, 0.35100480255033456, -0.5230233659504878, -0.8124091042709581]
-28.801122665405273	(8, 12, 2)	[-0.8450549745114297, 0.3806388942269197, 0.5823843311579737, 0.2792289463104629, 0.0005015248445741222, 0.03321690497889558, -0.4648883281183691, 0.05444609765505537, -0.8616583749784239, 1, 0.09439853167070326, 0.3339657449454998, -0.7559613763555539, 0.1706893093746124, 0.329737044400137, -0.4462737452364783, -0.275720181976985, 0.5953374585514848, -0.7074318385153813, 0.730056191054562, -0.6962658687846948, -0.5602068371415962, -0.1540998416285357, -0.024025045466106815, 0.39967351077619695, 1, -0.900873132129281, 0.5813203108945955, 0.6129494195576222, 0.25768674367244376, -0.9103376430016006, -0.6525953881934394, -0.014968891939607203, 1, 0.17551543954499232, -0.6873407026723337, -0.8133895423074342, 0.23015007352504568, 0.8108685402174405, -0.4605678366224015, 0.8796704328100082, -0.8814514948716663, -0.027122239586089197, -0.7848094463773596, 0.36876782237184474, 0.3763899451676999, 1, -0.4200894083063081, 0.40860808941165605, 0.16318481825833092, -0.4091441793398404, 0.4801792414634365, 0.32544675180495897, -0.849466980505669, 0.8008886959632397, 0.3798014434303537, 0.1941583750003788, 1, 0.6755307261076781, -0.9735005496117572, 0.030807398761723143, -0.892022410976339, 0.08107496211444534, 0.7858988993887724, 0.19346478467648898, 0.08781055781371477, 0.2854035780845833, -0.32017663554856135, -0.2790413102755807, -0.1567472552715113, -0.370725959064144, 0.4643327922578123, 0.11808049713527867, -0.6879519337131605, 1, 0.9501078190190777, -0.34121888021134206, -0.49770930357454, -0.3788604947152153, -0.7507565858351517, -0.6349155640425177, -0.4672070471590709, -0.9647475397131897, 0.9050581957735816, -1, 0.1461323044070417, 0.7445766978314711, 0.28281383595228526, 0.12326038902918784, 1, -0.6272861647164029, 0.06935992513601962, 0.2517173482361802, 0.6317770549403976, -0.16658981570946252, 0.412503046588075, 0.5151574193654234, -1, 0.5573031591617406, -0.7352278980936937, -0.37305475286192086, 0.5246940504706333, 0.19969892553058485, -0.5933274474715415, 1, -0.40113129753190296, -0.1916461244454193, -0.6018903248947735, 0.5377527714963237, 0.5363047173884631, -0.987735330826701, -0.9267543789133351, -0.7630424365726604, -0.034014883978223984, 0.7683780724630587, 0.49921333746943286, 0.11471721360581541, -0.6703950368455234, -0.5230233659504878, -0.53450484934831]
-66.99253845214844	(8, 12, 2)	[-0.5921792911287985, 0.17142715685722887, 0.8707826542018153, 0.4259486907700792, -0.10386490468745596, 0.03321690497889558, -0.5321184780726446, 0.8140117166597872, -0.2805757300773832, 0.38903872955367425, -0.21132611944367619, -0.3689279849471021, -0.9574626330824412, 0.08726828662557276, 0.329737044400137, -0.4559026471851959, -0.7107200598332467, 0.039222548857557854, -0.8549812539063915, 0.738436665784491, -1, -1, -0.42865088414973646, -0.17768703042061357, -0.34279101140612, 1, -0.855004299775779, 0.7012908157834221, 0.5833043833981277, -0.4270294198460139, -0.45832072141400615, -0.4053160042591392, -0.7393454406449601, 0.47490008223344016, -0.9082183063418724, 0.6430960825249001, -0.6397803135045527, -0.07880741022223109, 0.6992031434911822, 0.41690739184080866, 1, -0.40302239961321557, 0.0974414386277766, -0.028303708068720845, 0.6592706178886507, 0.7162889395606812, -0.4768842115035176, -0.769544611004438, 0.30110338159055106, 0.7844925780710233, -0.5454814271848463, -0.08333593072633577, -0.9661458613891252, -0.3716649906376195, 0.19438671655427653, -0.5851120604273907, -0.20878526404818715, 0.38619851470055033, 0.34752910345700494, -0.9560046226338083, 0.378653734660502, -1, -0.045839430103716036, -0.21680981761380613, -0.6523317398506285, 0.7904520913531395, 0.2438008105877531, -0.6039704340863647, -0.31873450108583745, -0.92138274201283, -0.537629391577858, -0.27160751087387824, 0.13569797660202437, -0.22546173925432322, 0.8955387035964668, 0.589227509871452, 0.18456394126279585, -0.49770930357454, -0.770254945688368, -0.7620512068477762, -1, -0.11493548615848287, -0.9647475397131897, 0.8088519161591152, -1, 0.10322031806538845, 0.7898305847130638, 0.23730752337482303, 0.12326038902918784, 1, -0.6272861647164029, -0.09352574578986604, 0.0866470757155022, 0.7546450267235701, -0.16658981570946252, 0.412503046588075, 0.5151574193654234, -1, 0.5573031591617406, -0.35591337508562215, -0.34695815263249524, 0.24886176496312468, 0.19969892553058485, -0.8644092740418572, 1, -0.40113129753190296, -0.1916461244454193, -0.30748236768992787, 0.38582711026631267, 0.5363047173884631, -1, 0.1893808732508783, -0.17201309153416083, -0.7528798835631881, 0.0063031864944492755, 0.2822070101590617, 0.6435460627727725, 0.35100480255033456, -0.4920073929929336, -0.8124091042709581]
-37.0477294921875	(8, 12, 2)	[-0.8450549745114297, 0.3806388942269197, 1, 0.11088618699986205, 0.07225956106063618, -0.36152170094578784, -0.6959501166027963, 0.24460036884810843, -0.9399081318820673, 1, 0.09439853167070326, -0.31787925481643187, -0.8512316804529998, -0.026365465587124957, 0.329737044400137, -0.4462737452364783, -0.7814403697977085, 0.9993152820236471, -0.4910907760720028, 0.317733266074336, -0.916003144699205, -0.6585048850492514, -0.34491375476920044, -0.196142861559767, 0.9264552662810512, 0.7498653008394316, -0.8034579256043204, 0.4746049068820492, 0.6410145297796347, -0.49952622609708996, -0.6711393509970028, -0.5148918747281814, -0.29410619367743895, 0.8393397368573792, -0.02545964782903724, 0.7934435240525015, -1, -0.20306928308182876, 0.6197327962383713, -0.5601544991783316, -0.607850258155767, 1, -0.3605002682057193, -0.5030947533478007, 0.7141772972874856, 0.2625433826007475, 0.06011819581669403, -0.21713647916072823, 0.3809811196089027, 0.8435558792716549, -0.13898471544681074, 0.6563259621933865, -0.7817637469134754, -1, -0.2677174503693942, -0.39398907789339044, 0.008833221789044415, 1, 0.11873393994778567, -1, -0.552361935542081, -1, -0.08783941291631503, 0.016593805641978543, -0.6335862576480049, 0.7904520913531395, 0.06674747979712092, -0.548699498650189, -0.17664554059278542, -0.8136588604261927, -0.5904419284371321, -0.07771251113704553, 0.5251527901938413, -0.2798576247650604, 0.8431202595121957, 0.9501078190190777, -0.34121888021134206, -0.49770930357454, -0.609834765405149, -0.7507565858351517, -0.9064510850903508, -0.11493548615848287, -0.9647475397131897, 0.9050581957735816, -1, 0.4273922409846544, 0.6161178697883785, 0.28281383595228526, -0.024483030633348474, 1, -0.6272861647164029, -0.12408720380319184, 0.14532105511804322, 0.45331210253624427, -0.1035053451245494, 0.5611021446923989, 0.8078923870956094, -0.41178313046421033, 1, -0.35591337508562215, -0.3529607952581234, 0.5246940504706333, 0.8523416991959185, -0.6390286947436751, 0.9938187076099539, -0.4633292379165246, -0.4081583539026402, -0.5418965309759898, 0.38582711026631267, 0.5363047173884631, -1, -0.700460915826459, -0.7630424365726604, -0.034014883978223984, 0.7683780724630587, -0.9826752912521958, 0.0673629411918164, -0.6429551704938411, -0.7758530618219927, -0.53450484934831]
-49.87709045410156	(8, 12, 2)	[-0.5921792911287985, 0.3609695481880496, 0.7900951240047478, 0.6157598407541822, -0.22714756296720395, -0.14482316028446657, -0.7746698149110386, 0.19061193159190132, 0.13561798487866972, 1, -0.38969117151768606, -0.8092915537473134, -0.8069694846194649, 0.2095234722680778, 0.5372875306906765, 0.3922942576916171, -1, 0.01893914150621561, -0.9763750455693431, 0.6511324702719006, -0.5285060745297557, -0.5975409578947704, 0.47006882191584143, -0.196142861559767, 0.754901058405426, 0.8989260725132731, -0.8034579256043204, 0.4746049068820492, 0.08785545217480145, -0.675894870010469, -0.48089639700375286, -0.22727015329137973, 0.12540071001943767, 0.7197065535902665, 0.08455542884065229, -0.11464382729299458, -1, 0.05725615390859298, 0.7701001154089712, -0.2900418010709121, 0.9404441040208933, 0.44948318986546293, 0.17160891854752197, 0.2332693674708135, 0.7178346708970694, 0.6104151679005364, -0.16703215016592166, -1, 0.40860808941165605, 0.29029468338003417, -0.4091441793398404, 0.4801792414634365, 0.32544675180495897, -0.849466980505669, 0.8008886959632397, 0.3798014434303537, 0.23977096754955737, 1, 0.6755307261076781, -0.9735005496117572, 0.030807398761723143, -0.670815679308823, 0.08107496211444534, 0.7328062285760127, 0.19346478467648898, 0.08781055781371477, 0.2854035780845833, -0.32017663554856135, -0.2790413102755807, -0.3743557589241958, -0.370725959064144, 0.4643327922578123, 0.19144018585327666, -0.21530923396364976, 0.9207217307680521, 0.589227509871452, -0.12285712807423285, -0.48401069210420977, -0.467809189089964, -0.9147939617138685, -1, 0.14172829293342787, -0.9193066297279676, 0.7040432741806371, -0.607162768675175, -0.6852978494783183, 0.7911081839291639, 0.39404274848399606, 0.46794447571903, 0.3195270986769342, -1, 0.1000531494840123, -0.3640593640733575, 1, -0.33864661287601505, 0.5529845289416284, 0.4644720655661694, -0.40461450410616756, 0.9050113684556027, -1, -0.1464671522589936, 0.27906036963586517, -0.23210506280404536, -0.06421535273867687, 0.32970377221839264, 0.08807752294614615, -0.4877290626217998, -1, 0.14104673274993143, 0.7911621941361722, -0.49186643037043454, 0.15556816708744342, 0.044475416955354174, -0.35585908167104185, 0.18036166734990416, 0.37768715468997127, 0.12359094184886055, 0.47337114896815913, -0.5230233659504878, -0.8581827305736935]
-46.342079162597656	(8, 12, 2)	[-0.8450549745114297, 0.20288160746000547, 0.7928759071380794, 0.2792289463104629, -0.22714756296720395, -0.04952187968303322, -1, 0.19061193159190132, 0.18159809869624888, 1, -0.29929734232434396, -0.8407730815188258, -0.8069694846194649, 0.17963251449858317, 0.550422705481145, 0.3922942576916171, -1, -0.11190253349445653, -0.6610626716625481, 0.6075712702935376, -0.6865914379152195, 0.5489564847743614, -0.40071142019062933, -0.02400661675833897, 0.6621526151436183, -0.0939529347867748, -0.7064998359568482, -0.5582288406787723, 0.5303088293051116, -0.4791337150869916, -0.5674106958617012, -0.22727015329137973, -0.057887995663393185, 0.9316568874719808, -0.02545964782903724, 0.6999528073357939, -0.8344179115039609, -0.20306928308182876, 0.6481405164537453, -0.6271200270315359, -0.607850258155767, 0.8392516076610975, -0.3605002682057193, -0.5030947533478007, 0.7141772972874856, 0.5351319121417735, 0.1307228104275014, -0.696624371311806, 0.3809811196089027, 0.8435558792716549, -0.13898471544681074, 0.4933443765536849, -0.5617835025598825, -1, -0.11726011601693845, -0.39398907789339044, 0.008833221789044415, 0.7717051271343522, 0.6297756250875066, -0.8926997309129338, 0.030807398761723143, -0.892022410976339, 0.026716266527223073, 1, 0.19346478467648898, -0.09545754400834976, 0.3856043127698205, -0.30969474565737865, -0.3758407609304878, -0.6156510541844564, -0.370725959064144, 0.5950256437228372, 0.053292271870027746, -0.597997421123566, 0.8955387035964668, 0.34867521710509797, -0.05718535867707793, -0.476797116834826, -0.6542374585388897, -0.9250930002296719, -0.9200020250921287, 0.5113658288229335, -0.5365240850181059, 0.9198829351464877, -0.6720699807936333, -0.6361266021326822, -0.26113155385274933, 0.7096443402457111, 0.04094994686339362, 1, -0.28887382396206973, -0.029170682980703633, -0.3640593640733575, 0.864113785431171, -0.33864661287601505, 0.06358985572660346, 0.9404980260197642, -0.8235274920890149, 1, -0.35591337508562215, -0.3529607952581234, 0.40938710008672163, 0.5140057251502737, -0.7802300001186012, 0.7556014555543034, -0.4633292379165246, -0.1916461244454193, -0.0225260694412684, 0.4929589475299241, 0.7400236856944348, -1, -0.9267543789133351, -0.7630424365726604, -0.03271523687870327, 0.4511140444989288, 0.49921333746943286, 0.0673629411918164, -0.6429551704938411, -0.3933981039495883, -0.53450484934831]
-37.91825485229492	(8, 12, 2)	[-0.5921792911287985, 0.3609695481880496, 0.7900951240047478, 0.6157598407541822, -0.22714756296720395, -0.14482316028446657, -0.7746698149110386, 0.19061193159190132, 0.13561798487866972, 1, -0.38969117151768606, -0.8092915537473134, -0.8069694846194649, 0.2095234722680778, 0.5372875306906765, 0.3922942576916171, -1, 0.01893914150621561, -0.9763750455693431, 0.6511324702719006, -0.2716234954842388, -0.5975409578947704, 0.47006882191584143, -0.196142861559767, 0.7767865945706026, 0.9870345871499239, -0.8034579256043204, 0.4746049068820492, 0.08785545217480145, -0.675894870010469, -0.48089639700375286, -0.22727015329137973, 0.12540071001943767, 0.7197065535902665, 0.08455542884065229, -0.11464382729299458, -1, -0.12195403438734576, 0.7701001154089712, -0.2900418010709121, 0.9404441040208933, 0.44948318986546293, 0.17160891854752197, 0.2332693674708135, 0.7178346708970694, 0.6104151679005364, -0.16703215016592166, -1, 0.40860808941165605, 0.23712559936378888, -0.4091441793398404, 0.4801792414634365, 0.32544675180495897, -0.849466980505669, 0.8008886959632397, 0.272655587326235, 0.23977096754955737, 1, 0.6755307261076781, -0.9735005496117572, 0.030807398761723143, -0.670815679308823, 0.08107496211444534, 0.7328062285760127, 0.19346478467648898, 0.08781055781371477, 0.2854035780845833, -0.32017663554856135, -0.2790413102755807, -0.3743557589241958, -0.370725959064144, 0.4643327922578123, 0.3786356289934932, -0.21530923396364976, 0.9207217307680521, 0.589227509871452, -0.12285712807423285, -0.48401069210420977, -0.467809189089964, -0.9147939617138685, -1, 0.14172829293342787, -0.9193066297279676, 0.7040432741806371, -0.607162768675175, -0.6852978494783183, 0.7911081839291639, 0.39404274848399606, 0.46794447571903, 0.3195270986769342, -1, 0.1000531494840123, -0.3640593640733575, 1, -0.33864661287601505, 0.5529845289416284, 0.5885423608375345, -0.40461450410616756, 0.9050113684556027, -0.8147025517885489, -0.1464671522589936, 0.27906036963586517, -0.23210506280404536, -0.06421535273867687, 0.32970377221839264, 0.08807752294614615, -0.4877290626217998, -1, 0.14104673274993143, 0.7911621941361722, -0.49186643037043454, 0.15556816708744342, 0.044475416955354174, -0.35585908167104185, 0.18036166734990416, 0.37768715468997127, 0.12359094184886055, 0.47337114896815913, -0.5230233659504878, -0.8581827305736935]
-41.027137756347656	(8, 12, 2)	[-0.8450549745114297, 0.2823234650944243, 0.26009563814971925, 0.4288830077112616, -0.47797422250614213, -0.21870354932612757, -0.609935426032591, 0.14302951125155827, -0.7333623272859409, 0.7572475853040864, -0.06072427823673411, -0.2013505356375693, -0.9502820897699402, 0.1590653252759136, 0.09869127653345632, 0.536162022658111, -1, 0.01893914150621561, -0.9019755595577498, 0.45331932551352705, -0.5285060745297557, -0.5975409578947704, 0.47006882191584143, -0.196142861559767, 0.754901058405426, 0.8989260725132731, -0.8034579256043204, -0.5582288406787723, 0.4004209043877411, 0.9516455586421494, -0.7966651348323307, 0.023602836435439388, -0.7544753382876936, 0.47490008223344016, -0.7904882540629281, 0.6430960825249001, -1, 0.2564224414189969, 0.6992031434911822, -0.0023645016788507722, 0.6514768956053407, -0.40302239961321557, 0.04770058988916767, -0.1694113176066028, 0.6592706178886507, 0.41855034878322, 0.08354662260773507, -0.8711212775471286, 0.46536122893430937, 0.4664557297105778, -0.3494890171329301, 0.7068076765100553, -0.7817637469134754, -1, -0.3079677517563898, -0.7008419503526956, 0.008833221789044415, 1, 0.34752910345700494, -0.9359281189154713, 0.1520741592285808, -1, -0.061021417688747484, -0.27942760915178944, 0.33251767729070936, -0.389235181507541, 0.3129846030166116, -0.6039704340863647, -0.31873450108583745, -0.92138274201283, -0.537629391577858, -0.27160751087387824, 0.11242267414710759, -0.22546173925432322, 0.8955387035964668, 0.589227509871452, -0.5802252891382895, -0.49770930357454, -0.7118790670237951, -0.5969452997302085, -0.9064510850903508, -0.18506974145988925, 0.08853388989805373, 0.7094280709223404, -0.16152160899789642, -0.49414558482548643, 0.3158230738512252, -0.692606341195529, 0.4254091607704274, 1, -0.6272861647164029, -0.09352574578986604, 0.4873158078817747, 0.45331210253624427, -0.1035053451245494, 0.13763978672253235, 0.8529857882644576, -0.676003996318643, 1, -0.41508084768453785, -0.700458163168514, 0.5246940504706333, 0.19969892553058485, -0.8367185905419084, 1, -0.8793582052420191, -0.4473844584739832, -0.5016490118425322, -0.07874844607775275, 0.4566206941303431, -0.5963929498196685, -0.5100134445070559, -0.30280673677276565, -0.7736014351628615, 0.0063031864944492755, 0.34666554662795246, -0.07503365816841692, -0.35845055246203206, -0.25433579156745245, -0.3437901556355495]
-43.482852935791016	(8, 12, 2)	[-0.5921792911287985, 0.17142715685722887, 1, 0.6053784450141766, -0.353900178393648, 0.10295423314229352, -1, 0.2107461863779424, 0.18159809869624888, 1, -0.38969117151768606, -0.47635553721517776, -0.8006308444205747, 0.15931380998453093, 0.8143433744826369, 0.3922942576916171, -0.9095890612152019, 0.08638082308917375, -0.43379988664431407, 0.4170370046953581, -0.5440157410366813, 0.14139332242702327, -0.4825082669226608, -0.02400661675833897, 0.6621526151436183, -0.1575061733477741, -0.7064998359568482, -0.5582288406787723, 0.4004209043877411, 0.9148749495622184, -0.8139887340369591, 0.2198429181151678, -0.7393454406449601, 0.8721074272783533, -0.6735118324067039, 0.6430960825249001, -0.41783481261158584, -0.048555650763378755, 0.633773864783384, -0.0023645016788507722, 1, -0.619937759094947, -0.027953487895074514, 0.0715016407506357, 0.7178346708970694, 0.6104151679005364, -0.16703215016592166, -1, 0.40860808941165605, 0.29029468338003417, -0.4091441793398404, 0.4801792414634365, 0.32544675180495897, -0.849466980505669, 0.8008886959632397, 0.37010910860685386, -0.13961097824625662, 1, 0.606075481026575, -0.7806657436899285, 0.030807398761723143, -0.670815679308823, 0.08107496211444534, 0.7328062285760127, 0.49336211128507435, 0.08781055781371477, 0.1916884521863212, 0.12351348546897117, -0.3598709193027211, -0.3743557589241958, -0.370725959064144, 0.4643327922578123, 0.01424916236067086, -0.21530923396364976, 0.9207217307680521, 1, -0.5802252891382895, -0.3460730012538341, -0.7118790670237951, -0.5969452997302085, -0.9064510850903508, -0.18506974145988925, 0.08853388989805373, 0.7094280709223404, -0.21796867282079027, -0.49414558482548643, 0.3158230738512252, -0.692606341195529, 0.23530005962850903, 1, -0.6272861647164029, -0.09352574578986604, 0.14532105511804322, 0.5197789408165766, -0.1035053451245494, 0.13763978672253235, 0.8529857882644576, -0.676003996318643, 1, -0.41508084768453785, -0.700458163168514, 0.5246940504706333, 0.2015348204380293, -0.8367185905419084, 1, -0.2358626670152772, 0.020914351960775818, -0.6034535995022088, 0.2163551693935878, 1, -0.9726296309469846, 0.1893808732508783, -0.17201309153416083, -0.7736014351628615, 0.0063031864944492755, 0.2822070101590617, 0.9274923857187423, 0.47337114896815913, -0.5993473925000942, -0.8124091042709581]
-59.575347900390625	(8, 12, 2)	[-0.21493841010043518, 0.045855320101446856, 1, 0.6157598407541822, -0.35744540775283373, -0.17739637503069705, -1, 0.19061193159190132, -0.02680332230245608, 1, -0.5649433333268423, -0.4130214439829343, -0.8069694846194649, 0.15931380998453093, 0.8263381108290355, 0.3922942576916171, -1, -0.16804215380791251, -0.43379988664431407, 0.4772972371099803, -1, 0.42346592750141376, -0.4924650808755379, 0.00850119027626356, 0.6621526151436183, -0.0939529347867748, -0.6749084354276078, -0.1295718712631876, 0.4004209043877411, 0.9806429617713387, -0.7966651348323307, -0.08636606685104403, -0.7393454406449601, 0.45347412728282405, -0.730406082351292, 0.9133832549005795, -1, -0.01478936594488367, 1, -0.0023645016788507722, 0.2633352318623619, -0.4356379043370067, 0.04770058988916767, -0.2282111262786797, 0.94115216159872, 0.5083303994403406, 0.11005414652207249, -0.7595730079761001, 0.46536122893430937, 0.681548984663205, -0.11200724231089224, 0.317355823905991, 0.20639597721276365, 0.25497635690510234, 0.5681490950987961, -0.31328727990216754, 0.008833221789044415, 1, 0.11873393994778567, -1, -0.4980250954921556, -1, -0.08783941291631503, 0.016593805641978543, -0.7310583335287004, 0.6666395772094554, 0.06674747979712092, -0.548699498650189, -0.24362022722201943, -0.3743557589241958, -0.370725959064144, 0.39294171359688523, 0.053292271870027746, -0.21530923396364976, 0.7174046854444713, 0.30131768058310787, -0.561296181356502, -0.6033427626708772, 0.060137356898006644, -0.6050865221458436, -0.9064510850903508, -0.11493548615848287, -0.9647475397131897, 0.9050581957735816, -1, 0.10322031806538845, 0.3622289612579302, -0.692606341195529, 0.4834908084930132, 0.9914310179783355, -0.6272861647164029, -0.09352574578986604, 0.14532105511804322, 0.8959080271990925, -0.1035053451245494, 0.13763978672253235, 0.8529857882644576, -0.676003996318643, 1, -0.4001778832872541, -0.5189778979372128, 0.5246940504706333, 0.19969892553058485, -0.8644092740418572, 0.9938187076099539, -0.09684556606781175, 0.15218068196594936, -1, 0.22203548687171862, 0.7999788746195176, -0.9726296309469846, 0.04236355372363912, -0.24798904935228672, -0.12515051767264274, -0.17656246637745768, 0.10114501127319986, 0.564158703634427, 0.47337114896815913, -0.5993473925000942, -0.656680781900182]
-55.550437927246094	(8, 12, 2)	[-0.7838654614452492, 0.2721293594375504, 0.41289439109295034, 0.31917440280980525, -0.8107100825377334, 0.03321690497889558, -0.8197500124532938, 0.24460036884810843, 0.18159809869624888, 1, -0.8320443396000979, -0.22867659626552544, -0.8098206679207229, 0.15931380998453093, 1, 0.5724470846891379, -0.9095890612152019, 0.08638082308917375, -0.43379988664431407, 0.4170370046953581, -0.5440157410366813, 0.14139332242702327, -0.4825082669226608, -0.02400661675833897, 0.6621526151436183, -0.1575061733477741, -0.7064998359568482, -0.5516186914413599, 0.4004209043877411, 0.9148749495622184, -0.45919411289622647, 0.2198429181151678, -0.7131507017920403, 0.8721074272783533, -0.6735118324067039, 0.9468661925854525, -0.25762194969574137, -0.07880741022223109, 0.6992031434911822, -0.0023645016788507722, 0.7589691490372524, -0.619937759094947, 0.16534202362463066, -0.6838781544344615, 0.7141772972874856, 0.2625433826007475, 0.06011819581669403, -0.21713647916072823, 0.3809811196089027, 0.8435558792716549, -0.13898471544681074, 0.36548022079279474, -0.7817637469134754, -1, -0.2677174503693942, -0.39398907789339044, 0.008833221789044415, 0.9995592846749376, 0.11873393994778567, -1, -0.7698218806040793, -1, -0.08783941291631503, 0.6025877203148551, -0.6335862576480049, 0.39172050996537466, 0.06674747979712092, -0.548699498650189, -0.17664554059278542, -1, -0.5904419284371321, -0.07771251113704553, 0.5251527901938413, -0.24518013409413364, 0.8431202595121957, 1, -0.23954685315718793, -0.49770930357454, -0.609834765405149, -0.7507565858351517, -0.9064510850903508, -0.2622929786747925, -0.9647475397131897, 0.9050581957735816, -1, 0.1888799569232672, 0.418384945351863, 0.39404274848399606, 0.3453683234947808, 0.8492969096027096, -0.6731553608677068, -0.1060685424266445, -0.5577649893923516, 1, -0.3644427968167558, -0.06393804898740127, 0.8196398225269572, -1, 0.3883600226551079, -0.7352278980936937, -0.3529607952581234, 0.5246940504706333, 1, -0.8243071042475671, 0.920058249419176, 0.14928944658260906, -0.2941050454836956, -0.5418965309759898, 0.4152911503334539, 0.6875505165365082, -0.5963929498196685, -0.5100134445070559, -0.6236386467125947, -0.13443433192544463, 0.7683780724630587, 0.793592732223314, -0.04491256395141663, -0.7129687660108022, -0.5957456538193391, -0.8924412077733146]
-38.156219482421875	(8, 12, 2)	[-0.882966156464876, 0.2823234650944243, 0.7618358138835424, 0.5111945376230292, 0.0005015248445741222, 0.2602866605787496, -0.4367964838603468, 0.20610371733215993, -0.7333623272859409, 1, 0.10453698826325697, -0.6233334706855893, -0.7746991974064833, 0.17246312359556976, 0.8263381108290355, 0.20819635799231556, -1, -0.08510046660410639, -0.8806768411936626, 0.738436665784491, -1, -0.7990161696076679, -0.42865088414973646, -0.17768703042061357, -0.24261417096310198, 1, -0.5056112993064625, 0.7012908157834221, 0.5833043833981277, -0.4270294198460139, -0.6711393509970028, -0.6687533973502053, -0.20961980638811936, 0.8393397368573792, -0.02545964782903724, 0.7934435240525015, -0.5705865934000716, -0.4398258287289772, 0.6481405164537453, -0.5601544991783316, -0.7086822988043099, 0.6756943423335442, -0.45925086622327815, -0.23483619863814204, 0.6021184808043458, 0.7083469567476638, 0.46486001490605344, -0.5910200028568772, 0.4247184792043517, 0.7637210993467484, -0.7145395851304868, 0.007996967032893598, -1, -0.5779879852646667, -0.3374572589476082, 0.5737910529702015, -0.28457238536202745, -1, -0.17101870811434297, 0.4158105883585088, -0.40742458137105386, -0.9588175205665785, -0.8432318217203689, 1, -0.13779309143277202, -0.09545754400834976, 0.4758158185629487, -0.47570573369290453, -0.26451535488995853, -0.4202939450621615, -0.15957326565275817, 0.39294171359688523, 0.053292271870027746, -0.21530923396364976, 0.8431202595121957, 1, -0.34121888021134206, -0.545776619557999, -0.609834765405149, -0.7507565858351517, -0.9064510850903508, -0.11493548615848287, -0.9647475397131897, 1, -1, 0.4273922409846544, 0.6161178697883785, 0.7197699873156436, 0.21974964265340874, 1, -0.45406083021309435, 0.14866484341944686, 0.4075364502853884, 1, 0.003569546917089564, 0.4925866699680419, 0.22544775257941357, -0.787487205006876, 0.9050113684556027, -0.8147025517885489, -0.1464671522589936, 0.27906036963586517, -0.260908523997182, -0.06421535273867687, 0.32970377221839264, 0.08807752294614615, -0.719621980148049, -0.5016490118425322, 0.9031691922572584, 1, -0.9726296309469846, 0.1893808732508783, -1, -0.1013142122502875, 0.7683780724630587, 0.49921333746943286, 0.0673629411918164, -0.4776607583732618, -0.45038391838629876, -0.7603785572662523]
-31.295368194580078	(8, 12, 2)	[-1, 0.3806388942269197, 0.7928759071380794, 0.2792289463104629, 0.031844339268544394, -0.4313533403764721, -0.40231647092523437, 0.5812826389785571, 0.662084140179294, 0.40806535599551125, -1, -0.39357500436405407, -0.6449123087820599, -0.1832376032678104, 0.1869028339602668, 0.4227252391593357, -0.8082827514397644, 0.32202522599775135, -0.014244228651685356, 0.5520920175894142, -0.8439886636384901, -0.008784550489677634, -0.33337375615912473, 0.5460434871797397, -0.31255924413138625, 0.8146309788668883, -1, 0.7012908157834221, 0.5303088293051116, -0.4791337150869916, -0.18668906112663347, -0.22727015329137973, -0.057887995663393185, 0.9316568874719808, -0.007901401266259267, 0.6999528073357939, -0.8344179115039609, -0.20306928308182876, 0.6481405164537453, -0.6271200270315359, -0.607850258155767, 0.8392516076610975, -0.3605002682057193, -0.5030947533478007, 0.7141772972874856, 0.5351319121417735, 0.11320805902306527, -0.4842221073114229, 0.20788788744206588, 0.8435558792716549, -0.13898471544681074, 0.4933443765536849, -0.5617835025598825, -1, -0.11726011601693845, -0.39398907789339044, 0.1812863497688336, 0.7717051271343522, 0.6297756250875066, -0.8926997309129338, 0.33590908473446923, -0.7638590550014503, 0.026716266527223073, 1, 0.19346478467648898, -0.09545754400834976, 0.3856043127698205, -0.30969474565737865, -0.4159434811960772, -0.6156510541844564, -0.3580668794470783, 0.5950256437228372, -0.040122519320536704, -0.7991260789504515, 0.9139778654693806, 0.34867521710509797, -0.05718535867707793, -0.5949554624582033, -0.6491799361930061, -0.9250930002296719, -0.9200020250921287, 0.5113658288229335, 0.04920490542945777, 0.9198829351464877, -0.7096857711596571, -0.6361266021326822, -0.26113155385274933, 0.7096443402457111, 0.04094994686339362, 1, -0.526301276729892, -0.255314578453462, -0.3640593640733575, 1, -0.28678640665387256, 0.15885617075174727, 0.06285448730904218, -0.8235274920890149, 1, -0.35591337508562215, -0.3529607952581234, 0.4299358416827483, 0.6161026118069297, -0.8644092740418572, 1, -0.0521600913381258, -0.37461444474896954, -0.8438716822772329, 0.6731648043229872, 1, -0.9726296309469846, 0.3571095814201799, -0.17201309153416083, -0.7736014351628615, 0.0063031864944492755, 0.2822070101590617, 0.0673629411918164, -0.3356905794021956, -0.3933981039495883, -0.30770711706982723]
-32.377891540527344	(8, 12, 2)	[-0.7838654614452492, -0.14257027716619391, 0.41289439109295034, 0.31917440280980525, -0.8107100825377334, 0.03321690497889558, -0.8197500124532938, 0.24460036884810843, 0.18159809869624888, 1, -0.9787496713043273, -0.22867659626552544, -1, 0.15931380998453093, 1, 0.5724470846891379, -0.9095890612152019, 0.08638082308917375, -0.43379988664431407, 0.4170370046953581, -0.5440157410366813, 0.27194028382008073, -0.4825082669226608, -0.02400661675833897, 0.6621526151436183, -0.1575061733477741, -0.7064998359568482, -0.16851489771075934, 0.4004209043877411, 0.9148749495622184, -0.45919411289622647, 0.2198429181151678, -0.7131507017920403, 0.8721074272783533, -0.6735118324067039, 0.9468661925854525, -0.25762194969574137, -0.07880741022223109, 0.6992031434911822, -0.0023645016788507722, 0.7589691490372524, -0.619937759094947, 0.47569386322219154, -0.6838781544344615, 0.7141772972874856, 0.2625433826007475, 0.06011819581669403, -0.21713647916072823, 0.3809811196089027, 0.8435558792716549, -0.13898471544681074, 0.36548022079279474, -0.7817637469134754, -1, -0.2677174503693942, -0.39398907789339044, 0.008833221789044415, 0.9995592846749376, -0.06084311148594293, -1, -0.7698218806040793, -1, -0.08783941291631503, 0.6025877203148551, -0.6335862576480049, 0.39172050996537466, 0.06674747979712092, -0.548699498650189, -0.17664554059278542, -1, -0.5904419284371321, -0.07771251113704553, 0.5251527901938413, -0.24518013409413364, 0.8431202595121957, 1, -0.23954685315718793, -0.49770930357454, -0.609834765405149, -0.7507565858351517, -0.9064510850903508, -0.2622929786747925, -0.9647475397131897, 0.9050581957735816, -1, 0.1888799569232672, 0.418384945351863, 0.39404274848399606, 0.3453683234947808, 0.8492969096027096, -0.6731553608677068, -0.1060685424266445, -0.5577649893923516, 1, -0.3644427968167558, -0.06393804898740127, 0.8196398225269572, -1, 0.3883600226551079, -0.7352278980936937, -0.3529607952581234, 0.5246940504706333, 1, -0.8243071042475671, 0.920058249419176, 0.14928944658260906, -0.2941050454836956, -0.5418965309759898, 0.4152911503334539, 0.6875505165365082, -0.6142831595633053, -0.5100134445070559, -0.6236386467125947, -0.13443433192544463, 0.7683780724630587, 0.793592732223314, -0.04491256395141663, -0.7129687660108022, -0.06893222510290152, -0.8924412077733146]
-53.91633224487305	(8, 12, 2)	[-1, 0.3806388942269197, 0.7928759071380794, 0.2792289463104629, 0.031844339268544394, -0.4313533403764721, -0.40231647092523437, 0.5812826389785571, 0.662084140179294, 0.40806535599551125, -1, -0.39357500436405407, -0.6449123087820599, -0.1832376032678104, 0.1869028339602668, 0.4227252391593357, -0.8082827514397644, 0.32202522599775135, -0.014244228651685356, 0.5520920175894142, -0.8439886636384901, -0.008784550489677634, -0.33337375615912473, 0.5460434871797397, -0.31255924413138625, 0.8146309788668883, -1, 0.7012908157834221, 0.5303088293051116, -0.4791337150869916, -0.18668906112663347, -0.22727015329137973, -0.057887995663393185, 0.9316568874719808, -0.007901401266259267, 0.6999528073357939, -0.8344179115039609, -0.12755175265086416, 0.6481405164537453, -0.6271200270315359, -0.607850258155767, 0.8392516076610975, -0.3605002682057193, -0.5030947533478007, 0.7141772972874856, 0.5351319121417735, 0.11320805902306527, -0.4842221073114229, 0.20788788744206588, 0.8435558792716549, -0.13898471544681074, 0.4933443765536849, -0.5617835025598825, -1, -0.11726011601693845, -0.39398907789339044, 0.1812863497688336, 0.7717051271343522, 0.6297756250875066, -0.8926997309129338, 0.33590908473446923, -0.7638590550014503, 0.026716266527223073, 1, 0.19346478467648898, -0.09545754400834976, 0.3856043127698205, -0.30969474565737865, -0.4159434811960772, -0.6156510541844564, -0.3580668794470783, 0.5950256437228372, -0.040122519320536704, -0.7991260789504515, 0.8938927963267453, 0.34867521710509797, -0.05718535867707793, -0.5949554624582033, -0.6491799361930061, -0.9250930002296719, -1, 0.5113658288229335, 0.04920490542945777, 0.9198829351464877, -0.7096857711596571, -0.6361266021326822, -0.26113155385274933, 0.7096443402457111, 0.04094994686339362, 0.7586864996678596, -0.526301276729892, -0.255314578453462, -0.3640593640733575, 1, -0.28678640665387256, 0.15885617075174727, 0.11239613879078142, -0.8235274920890149, 0.903333569366572, -0.35591337508562215, -0.3529607952581234, 0.4299358416827483, 0.6161026118069297, -0.8644092740418572, 1, -0.0521600913381258, -0.37461444474896954, -0.8438716822772329, 0.6731648043229872, 1, -0.731775679400569, 0.3571095814201799, -0.17201309153416083, -0.7736014351628615, 0.0063031864944492755, 0.2822070101590617, 0.0673629411918164, -0.3356905794021956, -0.5522668624859763, -0.34177543586055636]
-35.617923736572266	(8, 12, 2)	[-0.7838654614452492, -0.14257027716619391, 0.41289439109295034, 0.31917440280980525, -0.8107100825377334, 0.03321690497889558, -0.8197500124532938, 0.24460036884810843, 0.18159809869624888, 1, -0.9787496713043273, -0.22867659626552544, -1, 0.15931380998453093, 1, 0.5724470846891379, -0.9095890612152019, 0.08638082308917375, -0.43379988664431407, 0.4170370046953581, -0.5440157410366813, 0.27194028382008073, -0.4825082669226608, -0.02400661675833897, 0.6621526151436183, -0.1575061733477741, -0.7064998359568482, -0.04334617638512761, 0.4004209043877411, 0.9148749495622184, -0.45919411289622647, 0.2198429181151678, -0.7131507017920403, 0.8721074272783533, -0.672909279061175, 0.9468661925854525, -0.25762194969574137, -0.07880741022223109, 0.6992031434911822, -0.0023645016788507722, 0.7589691490372524, -0.619937759094947, 0.47569386322219154, -0.6838781544344615, 0.6195654844809165, 0.2625433826007475, 0.06011819581669403, -0.21713647916072823, 0.3809811196089027, 0.8435558792716549, -0.13898471544681074, 0.36548022079279474, -0.7817637469134754, -0.6930217521283716, -0.2677174503693942, -0.39398907789339044, 0.008833221789044415, 0.9995592846749376, -0.06084311148594293, -1, -0.7698218806040793, -1, -0.08783941291631503, 0.6025877203148551, -0.6335862576480049, 0.3736330189634013, 0.06674747979712092, -0.548699498650189, -0.17664554059278542, -1, -0.5904419284371321, -0.07771251113704553, 0.5251527901938413, -0.24518013409413364, 0.8431202595121957, 1, -0.15238166155499477, -0.49770930357454, -0.8422617394830815, -0.7507565858351517, -0.9064510850903508, -0.2622929786747925, -0.997941632069661, 0.9050581957735816, -1, 0.1888799569232672, 0.418384945351863, 0.39404274848399606, 0.3453683234947808, 0.8492969096027096, -0.6731553608677068, -0.1060685424266445, -0.569190736091811, 1, -0.3644427968167558, -0.06393804898740127, 0.8196398225269572, -0.6444843481670793, 0.3883600226551079, -0.7352278980936937, -0.3529607952581234, 0.5246940504706333, 1, -0.8243071042475671, 0.920058249419176, 0.14928944658260906, -0.2941050454836956, -0.5418965309759898, 0.4152911503334539, 0.4007553597393178, -0.6142831595633053, -0.5100134445070559, -0.6236386467125947, -0.13443433192544463, 0.7683780724630587, 0.793592732223314, -0.04491256395141663, -0.7129687660108022, -0.06893222510290152, -0.8924412077733146]
-35.1861457824707	(8, 12, 2)	[-0.7831844984295779, -0.14257027716619391, 0.41289439109295034, 0.31917440280980525, -0.8107100825377334, 0.03321690497889558, -0.8197500124532938, 0.03055155553797584, 0.18159809869624888, 1, -0.9991002932989851, -0.22867659626552544, -1, 0.15931380998453093, 1, 0.5724470846891379, -0.9095890612152019, 0.08638082308917375, -0.43379988664431407, 0.4170370046953581, -0.5440157410366813, 0.14139332242702327, -0.6644380600664894, -0.02400661675833897, 0.6621526151436183, -0.1575061733477741, -0.7064998359568482, -0.16851489771075934, 0.4004209043877411, 0.9148749495622184, -0.45919411289622647, 0.2198429181151678, -0.7131507017920403, 0.8721074272783533, -0.672909279061175, 0.9468661925854525, -0.25762194969574137, -0.07880741022223109, 0.7532045083006634, 0.3143533285215924, 0.7589691490372524, -0.619937759094947, 0.47569386322219154, -0.028303708068720845, 0.6592706178886507, 1, -0.590347831599846, -0.769544611004438, 0.30110338159055106, 0.7844925780710233, -0.4386800117156875, -0.08333593072633577, -0.5386673354143827, -0.5929384541474975, 0.057871373281403515, -0.33596394978759025, 0.008833221789044415, 0.8081582573890265, -0.17101870811434297, 0.4158105883585088, -0.3830498146211217, -0.9613855209764394, -0.8432318217203689, 1, -0.5183876495578956, 0.37153874475923665, 0.14371287625374216, -0.6039704340863647, -0.6841383574810302, -0.5019600719232875, -0.2089042894152777, 0.10641558763311479, 0.5477498984863252, 0.03795357598332731, 1, -0.06678600129630749, -0.2994146046165639, -0.6846684183977321, -0.08166050865580834, -1, -0.821459844716982, 0.14172829293342787, -0.8833736105243659, 0.6410651372878364, -0.6628747326043528, -0.6852978494783183, 0.28796341489485194, 0.39404274848399606, 0.3453683234947808, 0.6201412575130214, -0.6731553608677068, 0.09063415049829003, -0.4965401157227877, 1, -0.38569488767238663, -0.10510277151556806, 0.8196398225269572, -0.5627492855120089, 0.4100792127011042, -0.8266412532894021, -0.35293812640496114, 0.5246940504706333, 0.25246011863498796, -0.8644092740418572, 0.9303082603149317, -0.40113129753190296, -0.2941050454836956, -0.36940403744229044, 0.4152911503334539, 0.4460996523128466, -0.9326461127954245, -0.5100134445070559, -0.6236386467125947, -0.13443433192544463, 0.7683780724630587, 0.793592732223314, -0.04491256395141663, -0.7129687660108022, -0.06893222510290152, -0.8924412077733146]
-49.68352508544922	(8, 12, 2)	[-0.7831844984295779, -0.14257027716619391, 0.41289439109295034, 0.31917440280980525, -0.8107100825377334, 0.03321690497889558, -0.8197500124532938, 0.03055155553797584, 0.18159809869624888, 1, -0.9991002932989851, -0.22867659626552544, -1, 0.15931380998453093, 1, 0.5724470846891379, -0.9095890612152019, 0.08638082308917375, -0.43379988664431407, 0.4170370046953581, -0.5440157410366813, 0.14139332242702327, -0.6644380600664894, -0.02400661675833897, 0.6621526151436183, -0.1575061733477741, -0.7064998359568482, -0.16851489771075934, 0.4004209043877411, 0.9148749495622184, -0.45919411289622647, 0.2198429181151678, -0.7131507017920403, 0.8721074272783533, -0.672909279061175, 0.9468661925854525, -0.25762194969574137, -0.07880741022223109, 0.7532045083006634, 0.3143533285215924, 0.7589691490372524, -0.619937759094947, 0.47569386322219154, -0.028303708068720845, 0.6592706178886507, 1, -0.590347831599846, -0.769544611004438, 0.30110338159055106, 0.7844925780710233, -0.4386800117156875, -0.08333593072633577, -0.5386673354143827, -0.5929384541474975, 0.057871373281403515, -0.33596394978759025, 0.008833221789044415, 0.8081582573890265, -0.17101870811434297, 0.4158105883585088, -0.3830498146211217, -0.9613855209764394, -0.8432318217203689, 1, -0.5183876495578956, 0.37153874475923665, 0.14371287625374216, -0.6039704340863647, -0.6841383574810302, -0.5019600719232875, -0.2089042894152777, 0.10641558763311479, 0.5477498984863252, 0.03795357598332731, 1, -0.06678600129630749, -0.2994146046165639, -0.6846684183977321, -0.08166050865580834, -1, -0.821459844716982, 0.14172829293342787, -0.8833736105243659, 0.6410651372878364, -0.6628747326043528, -0.6852978494783183, 0.28796341489485194, 0.39404274848399606, 0.3453683234947808, 0.6201412575130214, -0.6731553608677068, 0.09063415049829003, -0.4965401157227877, 1, -0.38569488767238663, -0.10510277151556806, 0.8196398225269572, -0.5627492855120089, 0.4100792127011042, -0.8266412532894021, -0.35293812640496114, 0.5246940504706333, 0.25246011863498796, -0.8644092740418572, 0.9303082603149317, -0.40113129753190296, -0.2941050454836956, -0.36940403744229044, 0.4152911503334539, 0.4460996523128466, -0.9326461127954245, -0.5100134445070559, -0.6236386467125947, -0.13443433192544463, 0.7683780724630587, 0.793592732223314, -0.04491256395141663, -0.7129687660108022, -0.06893222510290152, -0.8924412077733146]
-22.19406509399414	(8, 12, 2)	[-1, 0.5101947154001689, 0.7928759071380794, 0.2792289463104629, -0.08187237046211543, -0.4313533403764721, -0.40231647092523437, 0.5772001859455916, 0.6705635057847176, 0.40806535599551125, -1, -0.39357500436405407, -0.5830218683164029, -0.1832376032678104, 0.1869028339602668, 0.43297802674902053, -0.8082827514397644, 0.2292212844832644, -0.014244228651685356, 0.550605077360239, -0.8439886636384901, -0.008784550489677634, -0.33337375615912473, 0.34593033906043413, 0.800126487665035, -0.1575061733477741, -0.7064998359568482, -0.1927098245636908, 0.4004209043877411, 0.9148749495622184, -1, 0.2198429181151678, -0.7170616754697844, 0.9472003525507748, -0.4902655933331803, 0.6430960825249001, -0.41783481261158584, -0.048555650763378755, 0.633773864783384, -0.0023645016788507722, 1, -0.5659037476512181, -0.027953487895074514, 0.0715016407506357, 0.7178346708970694, 0.6104151679005364, -0.16703215016592166, -1, 0.6142333355184548, 0.29029468338003417, -0.4091441793398404, 0.4801792414634365, 0.32544675180495897, -0.849466980505669, 1, 0.37010910860685386, 0.030573747818898045, 1, 0.606075481026575, -0.43500044536378946, 0.030807398761723143, -1, -0.8432318217203689, 1, 0.007980122649182575, -0.2959370212850468, 0.3856043127698205, -0.4339655722501983, 0.8625877319868998, -1, -1, 0.8510863851348194, -0.3398808663307842, -0.5562485157538667, 0.8281996066103412, 0.7212561708576056, -0.20361085257789502, -0.4678157142721575, -0.6542374585388897, -0.6219154816830132, -1, 0.6476859956123836, -0.5275748776498009, 1, -0.6453429419282646, -0.4966935454635565, -0.26113155385274933, 1, 0.04094994686339362, 0.7633694482608708, -0.2630010430888601, -0.029170682980703633, -0.3640593640733575, 0.8155158416741672, 0.2245237648157168, 0.6258393650443251, 0.7708348538527519, -0.787487205006876, -0.07460978464972476, -0.5045490205701322, -0.4918920806264986, 0.3369365032333167, 0.4363948154079475, -0.9117085061102376, 1, 0.30324755541976955, -0.5898746831842907, -0.5016490118425322, 0.9031691922572584, 0.958961357020156, -1, 0.21324142691399436, -0.8718442800757087, -0.1013142122502875, 0.7683780724630587, 0.10114501127319986, 0.564158703634427, 0.47337114896815913, -0.5993473925000942, -0.53450484934831]
-33.61351013183594	(8, 12, 2)	[-1, 0.3806388942269197, 0.7928759071380794, 0.2792289463104629, 0.031844339268544394, -0.21521637473383357, -0.40231647092523437, 0.4860403783326327, 1, 0.40806535599551125, -1, -0.39357500436405407, -0.41602811237090476, -0.5543828236891448, 0.1869028339602668, 0.4227252391593357, -0.8082827514397644, 0.32202522599775135, -0.1381978629796492, 0.5520920175894142, -0.8439886636384901, -0.22949060203392982, -0.33337375615912473, 0.5460434871797397, -0.31255924413138625, 0.8146309788668883, -1, 0.9173394072074015, 0.5303088293051116, -0.4791337150869916, 0.08730976505208982, -0.22727015329137973, -0.057887995663393185, 0.9316568874719808, 0.29334701125689805, 0.6268498501931343, -0.8344179115039609, -0.12755175265086416, 0.6481405164537453, -0.5428977247772865, -0.607850258155767, 0.8392516076610975, -0.3605002682057193, -0.5030947533478007, 0.7141772972874856, 0.5579329515617345, 0.11320805902306527, -0.4842221073114229, 0.20788788744206588, 0.8435558792716549, -0.46834381525759017, 0.4933443765536849, -0.5617835025598825, -0.8337498663245593, -0.11726011601693845, -0.39398907789339044, 0.1812863497688336, 0.7717051271343522, 0.6297756250875066, -0.8926997309129338, 0.40225308316195557, -0.7638590550014503, 0.026716266527223073, 1, 0.19346478467648898, -0.09545754400834976, 0.3856043127698205, -0.30969474565737865, -0.4159434811960772, -0.6156510541844564, -0.3580668794470783, 0.45692396048771194, -0.040122519320536704, -0.7991260789504515, 0.8938927963267453, 0.34867521710509797, -0.05718535867707793, -0.5385166066835166, -0.6491799361930061, -0.9250930002296719, -0.9632521752445125, 0.6515830680633414, 0.04920490542945777, 0.9198829351464877, -0.7096857711596571, -0.6361266021326822, -0.26113155385274933, 0.7096443402457111, 0.04094994686339362, 0.7586864996678596, -0.6260376353499024, -0.255314578453462, -0.3640593640733575, 1, -0.28678640665387256, 0.15885617075174727, 0.08523268000913052, -0.8235274920890149, 0.903333569366572, -0.35591337508562215, -0.3529607952581234, 0.4299358416827483, 0.6161026118069297, -0.8644092740418572, 0.8850535469733437, -0.3401119140831807, -0.17404837207338242, -1, 0.357644982286327, 0.4378526251403063, -0.24260041240764574, -0.9560237928311655, -0.24798904935228672, -0.12515051767264274, -0.5780238572002573, 0.10114501127319986, 0.7175233394907187, 0.39900023745167923, -0.3933981039495883, -0.04399406087939173]
-24.441984176635742	(8, 12, 2)	[-0.8088044781825462, 0.5101947154001689, 0.7928759071380794, 0.2792289463104629, -0.08187237046211543, -0.4313533403764721, -0.40231647092523437, 0.5772001859455916, 0.7451389771746944, 0.40806535599551125, -1, -0.39357500436405407, -0.5830218683164029, -0.1832376032678104, 0.1869028339602668, 0.43297802674902053, -0.8082827514397644, 0.2292212844832644, -0.014244228651685356, 0.550605077360239, -0.8439886636384901, -0.008784550489677634, -0.33337375615912473, 0.34593033906043413, 0.800126487665035, -0.1575061733477741, -0.7064998359568482, -0.1927098245636908, 0.4004209043877411, 1, -1, 0.2198429181151678, -0.7170616754697844, 0.9472003525507748, -0.4902655933331803, 0.2709195209701007, -0.41783481261158584, -0.13653114109696177, 0.633773864783384, -0.0023645016788507722, 1, -0.5659037476512181, -0.027953487895074514, 0.0715016407506357, 0.7178346708970694, 0.6104151679005364, -0.16703215016592166, -1, 0.6142333355184548, 0.29029468338003417, -0.4091441793398404, 0.4801792414634365, 0.32544675180495897, -0.849466980505669, 1, 0.37010910860685386, 0.030573747818898045, 1, 0.606075481026575, -0.43500044536378946, -0.1989734528384143, -1, -0.8432318217203689, 1, 0.007980122649182575, -0.2959370212850468, 0.3856043127698205, -0.4339655722501983, 0.8625877319868998, -1, -1, 0.8510863851348194, -0.3398808663307842, -0.5562485157538667, 0.8281996066103412, 0.7212561708576056, -0.20361085257789502, -0.1622771447383516, -0.6542374585388897, -0.6219154816830132, -1, 0.6476859956123836, -0.5275748776498009, 1, -0.6453429419282646, -0.4966935454635565, -0.26113155385274933, 1, 0.04094994686339362, 0.7633694482608708, -0.2630010430888601, -0.029170682980703633, -0.3640593640733575, 0.8155158416741672, 0.2245237648157168, 0.6258393650443251, 0.7708348538527519, -0.787487205006876, -0.07460978464972476, -0.5045490205701322, -0.4918920806264986, 0.3369365032333167, 0.4363948154079475, -1, 1, 0.30324755541976955, -0.5898746831842907, -0.5016490118425322, 0.9031691922572584, 0.958961357020156, -1, 0.21324142691399436, -0.8718442800757087, -0.1013142122502875, 0.7683780724630587, 0.10114501127319986, 0.564158703634427, 0.37037476122078766, -0.5993473925000942, -0.53450484934831]
-18.5401611328125	(8, 12, 2)	[-0.7838654614452492, -0.24996898365953663, 0.5450390394928363, 0.31917440280980525, -0.8107100825377334, 0.03321690497889558, -0.8572564678726744, 0.24460036884810843, -0.08564637810017856, 0.8281976731430531, -1, -0.22867659626552544, -1, 0.10607981964136809, 0.8902054548103966, 0.5724470846891379, -0.9095890612152019, -0.45200164173248836, -0.43379988664431407, 0.4170370046953581, -0.6484197430352547, 0.10181887354277229, -0.4825082669226608, -0.12634866859718843, 0.7305930846450835, -0.1575061733477741, -0.8759147903596595, -0.5516186914413599, 0.4004209043877411, 0.7648002876047677, -0.5941672389367532, -0.04792033076824034, -0.7131507017920403, 0.8721074272783533, -0.7544634583734876, 0.9468661925854525, -0.25762194969574137, -0.07880741022223109, 0.5195945406821264, -0.0023645016788507722, 0.7589691490372524, -0.619937759094947, 0.16534202362463066, -0.6838781544344615, 0.7141772972874856, 0.1259166748111481, -0.05244491992502626, 0.06516641914653723, 0.369803624586507, 0.8435558792716549, -0.20206308585999722, 0.21399975237027832, 0.20639597721276365, 0.49991767169254786, 0.5681490950987961, -0.2764763111949514, 0.008833221789044415, 1, 0.11873393994778567, -0.9630158715353725, -0.40742458137105386, -0.9588175205665785, -0.6171372468242299, 1, -0.14527894209928785, -0.08119860318626367, 0.47779252268327393, -0.47570573369290453, -0.1361965339811948, -0.6076112445613422, -0.2402374788027116, 0.10641558763311479, 0.2759408940055636, 0.03795357598332731, 1, -0.06678600129630749, -0.2994146046165639, -0.7938316216482548, -0.08166050865580834, -1, -0.5846701366766167, 0.14172829293342787, -0.8237133619291104, 0.6410651372878364, -0.5467880058582435, -0.6852978494783183, 0.28796341489485194, 0.39404274848399606, 0.3453683234947808, 0.6201412575130214, -0.6731553608677068, 0.09063415049829003, -0.3140767742368904, 0.840792652795949, -0.4338255275116367, -0.10510277151556806, 0.8196398225269572, -0.5627492855120089, 0.5274329512460002, -0.8266412532894021, -0.35293812640496114, 0.5246940504706333, 0.25246011863498796, -0.8644092740418572, 0.9303082603149317, -0.40113129753190296, -0.2941050454836956, -0.36940403744229044, 0.4605547742054336, 0.4460996523128466, -1, -0.5100134445070559, -0.6236386467125947, -0.7736014351628615, 0.9020217214549717, 0.7965041006609095, -0.04491256395141663, -0.7129687660108022, -0.06893222510290152, -0.8924412077733146]
-18.784509658813477	(8, 12, 2)	[-0.6388830960226013, -0.031051767803736113, 0.41289439109295034, 0.31917440280980525, -0.8107100825377334, 0.03321690497889558, -0.8197500124532938, 0.24460036884810843, 0.42334482992529743, 1, -0.9787496713043273, -0.22867659626552544, -1, 0.15931380998453093, 0.6788127226875469, 0.5724470846891379, -0.9095890612152019, 0.37095442241160825, -0.33996654801558623, 0.4170370046953581, -0.5440157410366813, 0.27194028382008073, -0.4825082669226608, -0.02400661675833897, 0.051877733250701, -0.1575061733477741, -0.5738461127630073, -0.16851489771075934, 0.4004209043877411, 1, -0.45919411289622647, -0.20726531457027172, -0.7131507017920403, 0.8721074272783533, -0.6735118324067039, 0.9468661925854525, -0.25762194969574137, -0.07880741022223109, 0.7744146577018847, -0.2584905225073557, 0.7589691490372524, -1, 0.36970497949993364, -0.5257163572639858, 0.8273343620305809, 0.12079790963713544, 0.07424141295069243, -0.08240765798834435, 0.46546521638904154, 0.8268420142516142, -0.13898471544681074, 0.35716474257346387, -0.7817637469134754, -1, -0.2677174503693942, -0.30973155645312456, 0.008833221789044415, 0.8081582573890265, 0.5074802742474388, -0.7400339002463936, 0.17629130158632023, -1, 0.012216832471543107, -0.27942760915178944, -0.04371667433342752, -0.6531165907936743, 0.4370867182525446, -1, -0.4184263381238736, -0.5019600719232875, -0.2089042894152777, 0.10641558763311479, 0.5477498984863252, -0.23371133544614425, 1, -0.22177654440887803, -0.2994146046165639, -0.7938316216482548, -0.08166050865580834, -1, -0.5846701366766167, 0.14172829293342787, -0.9546351956383267, 0.7277364884015448, -0.5447350188083293, -0.5047983825944564, 1, -0.3614906399909782, 0.4834908084930132, 0.9406347306249668, -0.6272861647164029, -0.09352574578986604, 0.2907860749984832, 0.4294221002644631, 0.10657107732718685, 0.08238584080313766, 0.3702694571246112, -1, 0.043300574472599385, -0.6737753558199464, -0.31774800648476725, 0.3573532768434736, 0.486715485526795, -0.6072305690729505, 0.7556014555543034, -0.6643214660656643, -0.198726453088231, -1, 0.357644982286327, 0.4378526251403063, -0.647853022122095, 0.07485680739976643, -0.5195195364654293, -0.12515051767264274, -0.3797918305806181, 0.10114501127319986, 0.564158703634427, -1, -0.4353867829403701, -0.8924412077733146]
481.80340576171875	(8, 12, 2)	[-0.8088044781825462, 0.5101947154001689, 0.8271191650075947, 0.2792289463104629, -0.08187237046211543, -0.4313533403764721, -0.40231647092523437, 0.6330073241618716, 0.7451389771746944, 0.40806535599551125, -1, -0.39357500436405407, -0.5830218683164029, -0.1832376032678104, 0.1869028339602668, 0.43297802674902053, -0.8082827514397644, -0.009023001604812064, -0.014244228651685356, 0.550605077360239, -0.8439886636384901, -0.008784550489677634, -0.33337375615912473, 0.34593033906043413, 0.800126487665035, -0.1575061733477741, -0.7064998359568482, -0.1927098245636908, 0.4004209043877411, 1, -1, 0.2198429181151678, -0.7170616754697844, 0.9472003525507748, -0.7509260355425769, 0.2709195209701007, -0.41783481261158584, -0.13653114109696177, 0.633773864783384, -0.0023645016788507722, 0.9320051765057878, -0.5659037476512181, -0.027953487895074514, 0.0715016407506357, 0.7178346708970694, 0.6104151679005364, -0.16703215016592166, -1, 0.7853420186886578, 0.29029468338003417, -0.4091441793398404, 0.4801792414634365, 0.32544675180495897, -0.849466980505669, 1, 0.37010910860685386, -0.1899637228407155, 1, 0.606075481026575, -0.4283472464358177, -0.43336570642108746, -1, -0.8432318217203689, 1, 0.007980122649182575, -0.2959370212850468, 0.5513463792271123, -0.4339655722501983, 0.8625877319868998, -1, -1, 0.8510863851348194, -0.3398808663307842, -0.5562485157538667, 0.8281996066103412, 0.7212561708576056, -0.20361085257789502, -0.1622771447383516, -0.6542374585388897, -0.6219154816830132, -1, 0.6476859956123836, -0.5275748776498009, 1, -0.6453429419282646, -0.4966935454635565, -0.26113155385274933, 1, 0.04094994686339362, 0.7633694482608708, -0.2630010430888601, -0.029170682980703633, -0.3640593640733575, 0.8155158416741672, -0.1542511709920218, 0.6258393650443251, 0.7708348538527519, -0.787487205006876, -0.07460978464972476, -0.5045490205701322, -0.4918920806264986, 0.3369365032333167, 0.4363948154079475, -1, 1, 0.30324755541976955, -0.5898746831842907, -0.5016490118425322, 0.9031691922572584, 0.9101378903664772, -1, 0.21324142691399436, -0.8718442800757087, -0.1013142122502875, 0.7683780724630587, 0.10114501127319986, 0.564158703634427, 0.37037476122078766, -0.5993473925000942, -0.53450484934831]
-27.882932662963867	(8, 12, 2)	[-1, 0.756154805966066, 0.7928759071380794, 0.4619490923609063, -0.000263068512613554, -0.4313533403764721, -0.5455387280582065, 0.323739023558127, 0.662084140179294, 0.40806535599551125, -1, -0.39357500436405407, -0.6449123087820599, -0.5543828236891448, 0.1869028339602668, 0.4227252391593357, -0.9983088355836607, 0.32202522599775135, 0.4433991507679449, 0.5520920175894142, -0.8439886636384901, -0.008784550489677634, -0.33337375615912473, 0.5460434871797397, -0.31255924413138625, 0.7482562404317123, -1, 0.7012908157834221, 0.5303088293051116, -0.4791337150869916, 0.059011844061546, -0.15476975133660748, -0.057887995663393185, 0.9316568874719808, 0.29334701125689805, 0.6999528073357939, -1, -0.12755175265086416, 0.6481405164537453, 0.20694424235756373, -0.7086822988043099, 0.6756943423335442, -0.635997543205082, -0.18366452741385703, 0.6021184808043458, 0.7362315712744341, 0.46486001490605344, -0.37521158389406867, 0.48629701035942935, 0.7637210993467484, -0.7676069498428606, -0.12567663125232215, -1, -0.5779879852646667, 0.5681490950987961, -0.4565269148705946, -0.02578534249378589, 1, 0.34752910345700494, 0.582078556177221, -0.7569886032849975, -0.4143265051317331, -1, 1, -0.12127153532720525, 0.1238835329397174, -0.5865351197829847, -0.6039704340863647, -0.009190411647495206, -0.9937620984302005, -0.012891094066157127, -0.006907706596121138, 0.7675861581704919, -0.2130977743778018, 0.7742784733984122, 1, -0.5802252891382895, -0.8030216331162644, -0.590731953759034, -0.5969452997302085, -1, -0.3058413282836253, 0.3553391623938748, 1, -0.36236616481031597, -0.9878992109093939, 0.3158230738512252, -0.692606341195529, 0.4834908084930132, 1, -0.3637257965307169, 0.045738889093484766, 0.14532105511804322, 0.3737957440117189, -0.1035053451245494, 0.13763978672253235, 0.20282220581628135, -0.8271123961645268, 0.4186743758631682, -0.7352278980936937, -0.3138062080005555, 0.5928437445544126, 0.5442845177415933, -0.952173961956612, 0.8850535469733437, 0.08269968534248716, -0.7583618701029793, 0.17690971390828397, 0.4152911503334539, 1, -0.731775679400569, 0.3571095814201799, -0.17201309153416083, -0.6292760078875325, 0.1285651898292794, 0.18231507409076114, 0.0673629411918164, -0.3356905794021956, -0.7089753573342733, -0.34177543586055636]
478.4740295410156	(8, 12, 2)	[-0.7838654614452492, -0.32595775584853653, 0.41289439109295034, 0.31917440280980525, -1, 0.221994745851961, -0.8089460834619008, 0.24460036884810843, 0.18159809869624888, 1, -0.9991002932989851, -0.22867659626552544, -0.9347718777806939, 0.15931380998453093, 1, 0.5724470846891379, -0.9095890612152019, 0.08638082308917375, -0.43379988664431407, 0.21295379808546056, -0.5440157410366813, 0.14350587848884946, -0.5285839529554897, 0.02318304781339363, 0.6621526151436183, -0.24774858120828736, -0.7064998359568482, -0.16851489771075934, 0.4004209043877411, 0.9148749495622184, -1, 0.5405517231568329, -0.7131507017920403, 0.6404590483899176, -0.007901401266259267, 0.7352103295558831, -0.7653545440942731, -0.3436038418852798, 0.971494083075872, -0.770498792235649, 0.7589691490372524, -0.4909705249938939, -0.37413872591586267, -0.028303708068720845, 0.6592706178886507, 1, -0.590347831599846, -0.769544611004438, -0.0303768361902787, 0.8880383480657128, -0.4386800117156875, -0.08333593072633577, -0.5386673354143827, -0.5929384541474975, 0.057871373281403515, -0.33596394978759025, -0.0011971031777864571, 0.8081582573890265, -0.17101870811434297, 0.4097763829928764, -0.3830498146211217, -0.8784383874660724, -0.8432318217203689, 1, 0.19346478467648898, 0.12128745503932292, 0.41147894929793205, -0.7389973010983388, -0.8952587557957452, -0.779930584527653, -0.6445891390235111, -0.4324697434585469, -0.09140145541800954, -0.4195195572720033, 0.8955387035964668, 0.6462214575584835, -0.5802252891382895, -0.9097568223355886, -0.420798824410061, -0.5969452997302085, -1, -0.18506974145988925, 0.17021629596455012, 0.9953317123668228, -0.5946449782817756, -1, 0.19451155233387407, -0.692606341195529, 0.7144535731080605, 1, -0.7304248882059375, 0.0794983075810992, 0.14532105511804322, 0.4188169068122869, -0.019092549875663, 0.38749586650260925, 0.3702694571246112, -1, 0.4186743758631682, -0.7352278980936937, -0.31774800648476725, 0.3281639421823439, 0.4834843882834664, -0.7499278410730977, 0.6110483998452081, -0.3401119140831807, -0.17404837207338242, -1, 0.357644982286327, 0.6780509643794845, -0.3615057982300254, -0.9560237928311655, -0.6236386467125947, -0.13443433192544463, 0.9584516080969121, 0.793592732223314, 0.2285746746935466, -0.7129687660108022, -0.06893222510290152, -0.8924412077733146]
474.8620910644531	(8, 12, 2)	[-0.7831844984295779, -0.14257027716619391, 0.41289439109295034, 0.31917440280980525, -0.8107100825377334, 0.03321690497889558, -0.8197500124532938, -0.003290414422458393, 0.14832511235484214, 0.8861283170194392, -0.9991002932989851, 0.021295625474071322, -1, 0.5840841410687165, 1, 0.35147982184310367, -0.9095890612152019, 0.08638082308917375, -0.36528435326297903, 0.4170370046953581, -0.32462776747318045, 0.14139332242702327, -0.6644380600664894, -0.02400661675833897, 0.624623824794967, -0.1575061733477741, -0.7064998359568482, -0.16851489771075934, 0.4004209043877411, 0.9148749495622184, -0.6052261317676249, 0.2198429181151678, -0.63354948131866, 0.8721074272783533, -0.808995138568374, 0.9468661925854525, -0.25762194969574137, -0.2977104751952004, 0.7532045083006634, 0.3143533285215924, 0.659230351965175, -0.619937759094947, 0.10632792963843413, -0.6838781544344615, 0.7141772972874856, -0.38174072029148554, -0.05244491992502626, 0.06516641914653723, 0.369803624586507, 0.8435558792716549, -0.20206308585999722, 0.21399975237027832, 0.20639597721276365, 0.49991767169254786, 0.057871373281403515, -0.33596394978759025, 0.05228838525038252, 0.8081582573890265, -0.17101870811434297, 0.4158105883585088, -0.12137769255426101, -0.9613855209764394, -1, 1, -0.09341922630940139, 0.37153874475923665, -0.16686308189204968, -0.6039704340863647, -0.6841383574810302, -0.5019600719232875, -0.2089042894152777, 0.10641558763311479, 0.5477498984863252, 0.672649563358011, 1, -0.5111208323187497, -0.2994146046165639, -0.6846684183977321, -0.08166050865580834, -1, -0.821459844716982, 0.14172829293342787, -0.8833736105243659, 0.6410651372878364, -0.8076586876123505, -0.6371152430517719, -0.12572614711813143, 0.39404274848399606, 0.3453683234947808, 0.6201412575130214, -0.2837885009053646, 0.09063415049829003, -0.4965401157227877, 0.9052259354003285, -0.38569488767238663, -0.06650914450954273, 0.9065389651788789, -0.2623023978354856, 0.4100792127011042, -0.8266412532894021, -0.35293812640496114, 0.5246940504706333, 0.24017382013266084, -0.8644092740418572, 0.9303082603149317, -0.40113129753190296, -0.2704863021536445, -0.309954318431698, 0.4152911503334539, 0.4460996523128466, -0.9326461127954245, -0.5100134445070559, -0.7851327476558421, 0.14368229115956144, 0.7683780724630587, 0.13524772378122002, -0.04491256395141663, -0.43767342924087876, -0.06893222510290152, -0.8924412077733146]
475.03619384765625	(8, 12, 2)	[-0.7831844984295779, -0.37219484754433124, 0.41289439109295034, 0.31917440280980525, -0.8107100825377334, 0.03321690497889558, -0.8197500124532938, -0.003290414422458393, 0.14832511235484214, 0.8861283170194392, -0.9991002932989851, 0.021295625474071322, -1, 0.5840841410687165, 1, 0.35147982184310367, -0.9095890612152019, 0.08638082308917375, -0.36528435326297903, 0.4170370046953581, -0.32462776747318045, 0.14139332242702327, -0.6644380600664894, -0.02400661675833897, 0.624623824794967, -0.1575061733477741, -0.7064998359568482, -0.16851489771075934, 0.4004209043877411, 0.9148749495622184, -0.6052261317676249, 0.2198429181151678, -0.63354948131866, 0.8721074272783533, -0.808995138568374, 0.9468661925854525, -0.25762194969574137, -0.2977104751952004, 0.7532045083006634, 0.3143533285215924, 0.659230351965175, -0.619937759094947, 0.10632792963843413, -0.6838781544344615, 0.7141772972874856, -0.38174072029148554, -0.05244491992502626, 0.06516641914653723, 0.369803624586507, 0.8435558792716549, -0.20206308585999722, 0.21399975237027832, 0.20639597721276365, 0.49991767169254786, 0.057871373281403515, -0.33596394978759025, 0.05228838525038252, 0.8081582573890265, -0.067729811197738, 0.4158105883585088, -0.12137769255426101, -0.9613855209764394, -1, 1, -0.09341922630940139, 0.37153874475923665, -0.16686308189204968, -0.6039704340863647, -0.6841383574810302, -0.5019600719232875, -0.2089042894152777, 0.10237778061118111, 0.5477498984863252, 0.672649563358011, 1, -0.5111208323187497, -0.2994146046165639, -0.6846684183977321, -0.08166050865580834, -1, -0.821459844716982, 0.14499060757988308, -0.8833736105243659, 0.6410651372878364, -0.8076586876123505, -0.6371152430517719, -0.12572614711813143, 0.39404274848399606, 0.3453683234947808, 0.6201412575130214, -0.2837885009053646, 0.09063415049829003, -0.4965401157227877, 0.9052259354003285, -0.38569488767238663, -0.06650914450954273, 0.9065389651788789, -0.2623023978354856, 0.4100792127011042, -0.8266412532894021, -0.35293812640496114, 0.5246940504706333, 0.24017382013266084, -0.8644092740418572, 0.8357895533883253, -0.40113129753190296, -0.2704863021536445, -0.309954318431698, 0.4152911503334539, 0.4460996523128466, -0.9326461127954245, -0.5100134445070559, -0.7851327476558421, 0.14368229115956144, 0.7683780724630587, 0.13524772378122002, -0.04491256395141663, -0.43767342924087876, -0.06893222510290152, -0.8924412077733146]
-50.25442886352539	(8, 12, 2)	[-1, 0.5818755756495608, 0.7928759071380794, 0.398916283201026, -0.08187237046211543, -0.4313533403764721, -0.8197500124532938, -0.003290414422458393, 0.04642090977060673, 0.8861283170194392, -0.9991002932989851, -0.7509720903529054, -0.9473314458011197, 0.6338705389186543, 0.5372875306906765, 0.43297802674902053, -0.8082827514397644, 0.2292212844832644, -0.014244228651685356, 0.550605077360239, -1, -0.008784550489677634, -0.03375951330262339, 0.46973228557471536, 0.800126487665035, -0.1575061733477741, -0.7064998359568482, -0.1927098245636908, 0.4004209043877411, 0.8135482880647665, -1, 0.378263908840322, -0.7170616754697844, 0.4203311373405566, 0.08455542884065229, -0.21740528516493177, -1, 0.05725615390859298, 0.5705181365837313, -0.5981509463248078, 1, 0.4503190976791759, 0.3881912089277349, 0.024587083733391274, 0.76933563223132, 0.8759401816236686, -0.06699363809687077, -0.8711212775471286, 0.431395287603974, 0.37007884464388463, -0.16236440689713755, 0.6865391719472607, 0.387959608615499, -0.849466980505669, 0.7907138391759475, 0.6485679319409267, -0.020534656432770748, 0.887023273066735, 0.7688008320581531, -0.41191532847953977, 0.2075302997816361, -0.8051855515752337, 0.12912910027336422, 1, 0.19346478467648898, 0.08781055781371477, 0.883362827992423, -0.20255789094214566, -0.2790413102755807, -0.3743557589241958, -0.3813354332394045, 0.35562664270634575, 0.19144018585327666, -0.17839197179764585, 0.9536587183014912, 0.9236437535317532, -1, -0.49770930357454, -0.7201037992169976, -0.462106002572071, -0.8898651770617562, 0.09401312297994235, 0.11039590235883687, 0.9953317123668228, -0.3623257204929637, -0.46367909562654375, 0.2505776300065886, -0.5430599449507235, 0.4834908084930132, 0.9040841341756443, -0.4125116968939688, -0.255314578453462, -0.3640593640733575, 0.9648548319249678, -0.40128843681361204, 0.6595105640240905, 0.3737066084035971, -0.787487205006876, 0.32064822515995284, -0.8016243953657306, -0.7446649593456752, 0.5246940504706333, 0.6378338651752298, -0.2047542055085203, 0.32970377221839264, 0.08807752294614615, -0.4877290626217998, -0.7813729230967037, 0.14104673274993143, 0.8840271519426205, -0.9008128854099169, 0.15556816708744342, -0.06644936915914054, -0.35585908167104185, 0.18036166734990416, -0.9826752912521958, 0.0673629411918164, -0.7522308037807236, -0.3933981039495883, -0.53450484934831]
-19.32036590576172	(8, 12, 2)	[-0.9231765910884122, 0.3806388942269197, 0.7928759071380794, 0.040752916181447885, 0.031844339268544394, -0.4313533403764721, -0.40231647092523437, 0.6432874239277939, 0.662084140179294, 0.21550807393120117, -0.6532844481822233, -0.27716120681692197, -0.9739178527657777, -0.21155269282159542, 0.16544105907910192, 0.1519336765150613, -0.8282239620958959, 0.0936593649667557, -0.5093833535167055, 0.7574348138083593, -0.7225039429592669, 0.2753548989100131, -0.7643816311247991, 0.5460434871797397, -0.31255924413138625, 0.8146309788668883, -1, 0.9173394072074015, 0.41311669642029497, -0.46903743193066905, 0.08730976505208982, 0.197759684032144, 0.279912420808201, 0.9316568874719808, 0.1027627214377316, 0.6268498501931343, -0.8344179115039609, -0.2648862933231392, 0.6481405164537453, -0.5428977247772865, -0.402476614662601, 0.8392516076610975, -0.3605002682057193, -0.25579515142162446, 0.7141772972874856, 0.6984175641778158, 0.11320805902306527, -0.4187301611064143, 0.20788788744206588, 0.8435558792716549, -0.4492064187183698, 0.4933443765536849, -0.5617835025598825, -0.8337498663245593, -0.2616559646421216, -0.39398907789339044, 0.1812863497688336, 0.7024477115854818, 0.6297756250875066, -0.8926997309129338, 0.6096328099320127, -0.7638590550014503, 0.1772543422515967, 1, 0.19346478467648898, 0.19893726294793607, 0.41147894929793205, -0.7389973010983388, -0.7902232255347359, -1, -0.8616005064818555, -0.34415237132316134, 0.043161311499708366, -0.2797266733404563, 0.8955387035964668, 0.7059249011497268, -0.5802252891382895, -0.890253195933781, -0.7118790670237951, -0.9516454092907101, -1, -0.18506974145988925, 0.17021629596455012, 0.8868354483901688, -0.36236616481031597, -1, 0.19451155233387407, -0.7535127790926047, 0.7968051121520794, 1, -0.7304248882059375, 0.0794983075810992, 0.14532105511804322, 0.32361161988646525, -0.28482381718549027, -0.07566344389646487, 0.3702694571246112, -1, 0.5215154055722028, -0.7352278980936937, -0.5425199347177929, 0.3281639421823439, 0.4108975534200623, -0.38410437728254754, 0.8850535469733437, -0.32896262535498166, -0.17404837207338242, -0.629355754812505, 0.25452009737735565, 0.4378526251403063, -0.13858213857718488, -0.9560237928311655, -0.21566988524698916, -0.2862492768353817, -0.17656246637745768, 0.3017973291340227, 0.9236520276090713, -0.4531737490372893, -0.40777165098913226, -0.3557374401139123]
484.062255859375	(8, 12, 2)	[-0.7035523514996088, -0.5653039876019572, 0.4915385342552322, 0.31917440280980525, -0.7950074899386899, -0.13029846699679076, -0.8572564678726744, 0.24460036884810843, -0.08564637810017856, 0.517453359904074, -1, -0.22867659626552544, -1, 0.10607981964136809, 0.9363318637149626, 0.5724470846891379, -0.9095890612152019, -0.45200164173248836, -0.43379988664431407, 0.4170370046953581, -0.6106728757505783, 0.10181887354277229, -0.4825082669226608, -0.12634866859718843, 0.7305930846450835, -0.1575061733477741, -1, -0.6857340444055825, 0.4004209043877411, 0.712703507351774, -0.2757169337475479, -0.04792033076824034, -0.7131507017920403, 0.8721074272783533, -0.7544634583734876, 0.9930932863113688, -0.25762194969574137, -0.07880741022223109, 0.5195945406821264, -0.0023645016788507722, 0.5873630164830995, -0.619937759094947, 0.26320581444934676, -0.690005705660395, 0.7141772972874856, 0.1259166748111481, -0.05280004086469492, -0.1339499065646916, 0.2930856146804784, 0.3492822517677452, -0.20206308585999722, 0.21399975237027832, 0.13543149299659027, 0.33872236314804616, 0.5681490950987961, -0.33596394978759025, -0.6024062699366046, 0.6396494730084553, 0.43497166672207854, -0.6623712845676009, 0.4496162090386233, -1, 0.08107496211444534, 0.742705563214508, 0.19346478467648898, 0.13226860962115405, 0.34249459648072295, -0.7028857188715231, -0.7902232255347359, -0.779930584527653, -0.8616005064818555, -0.27758641178286036, 0.043161311499708366, -0.29818068233249156, 0.8955387035964668, 0.6462214575584835, -0.5802252891382895, -0.890253195933781, -0.7118790670237951, -0.9063558036588042, -1, -0.18506974145988925, 0.17021629596455012, 0.8113879853337163, -0.4835726287204339, -0.6852978494783183, 0.28796341489485194, 0.39404274848399606, 0.3708240439734191, 0.20618549524134921, -0.6731553608677068, 0.09063415049829003, -0.3140767742368904, 0.9266613059303082, -0.2997409172205967, -0.34219617305778455, 0.8196398225269572, -0.5627492855120089, 0.5768462261912692, -0.8266412532894021, -0.224899745561335, 0.5246940504706333, 0.25246011863498796, -0.8644092740418572, 0.9303082603149317, -0.40113129753190296, -0.2941050454836956, -0.36940403744229044, 0.4605547742054336, 0.4460996523128466, -1, -0.6119476872109635, -0.46029302341015077, -0.7736014351628615, 0.7998851771419865, 0.7965041006609095, -0.3347905415314978, -0.7129687660108022, -0.06893222510290152, -1]
-11.411209106445312	(8, 12, 2)	[-1, 0.3838081255847799, 0.8271191650075947, 0.2792289463104629, -0.08187237046211543, -0.4313533403764721, -0.40231647092523437, 0.47922463463607057, 0.7842762051585761, 0.40806535599551125, -0.9985980750109721, -0.7354556703174611, -0.5471872918382952, -0.12791650179337172, 0.1869028339602668, 0.43297802674902053, -0.7672866596972668, -0.009023001604812064, -0.014244228651685356, 0.550605077360239, -0.8439886636384901, 0.05860807115358356, -0.13212725260812425, 0.6066370271714288, 0.23406254427008233, -0.1575061733477741, -0.7064998359568482, -0.5324401087371542, 0.4004209043877411, 1, -1, 0.2198429181151678, -0.7344128744270711, 0.9472003525507748, -0.7509260355425769, 0.2709195209701007, -0.41783481261158584, -0.13653114109696177, 0.633773864783384, -0.0023645016788507722, 0.9320051765057878, -0.5659037476512181, -0.027953487895074514, 0.40576260530609787, 0.7178346708970694, 0.6104151679005364, -0.16703215016592166, -0.6577357176903016, 0.9657315246270386, 0.26445784504918257, -0.7116620226403596, 0.4801792414634365, -0.5617835025598825, -0.7636136930390608, -0.04698017332307605, -0.39398907789339044, 0.02057352828795017, 0.7024477115854818, 0.6297756250875066, -0.8926997309129338, 0.7290198613166858, -0.7638590550014503, 0.026716266527223073, 1, 0.19346478467648898, -0.08653453009490804, 0.38030895518202557, -0.4155746908959036, 0.270883629896583, -0.6076112445613422, -0.2402374788027116, 0.10641558763311479, 0.6993806834362233, 0.03795357598332731, 1, -0.06678600129630749, -0.2994146046165639, -1, -0.08166050865580834, -1, -0.5900285988282098, 0.011772865235753105, -1, 0.6410651372878364, -0.5467880058582435, -0.6852978494783183, 0.28796341489485194, -0.6911845033930119, 0.23530005962850903, 1, -0.6272861647164029, -0.09352574578986604, -0.6274214115863144, 1, -0.38569488767238663, -0.1752691331189741, 0.8196398225269572, -0.5627492855120089, 0.2373972738285988, -1, -0.28365734964141937, 0.28860239099909735, 0.33089826699241986, -0.8644092740418572, 1, -0.40113129753190296, -0.5838310098361981, -0.7725909626636174, 0.30083010028619483, 0.4460996523128466, -0.8383194562806779, 0.6795101890047779, -0.17201309153416083, -0.6216642705191274, 0.1285651898292794, 0.2218678030363026, 0.0673629411918164, -0.1911570221748237, -0.520448701541846, -0.53450484934831]
-27.723201751708984	(8, 12, 2)	[0.19351040519746804, 0.29112788788138266, 0.9186489817146808, 0.392048425015304, -0.20040118755697095, -0.191295672079928, -0.5696071111083236, 0.32128118211869994, 0.13561798487866972, 1, -0.5649433333268423, -0.3689279849471021, -1, 0.09113426130205342, 0.329737044400137, -0.4559026471851959, -0.7107200598332467, 0.041962836343554154, -0.8806768411936626, 0.7060529266649366, -1, -0.7990161696076679, -0.16968047521728147, 0.042454440070408606, 0.7305930846450835, -0.1575061733477741, -1, -0.5516186914413599, 0.4004209043877411, 0.5022632523051083, -0.2817116884527604, -0.04792033076824034, -0.06883183322204955, 0.7719924829327774, 0.2626936247384185, 0.7934435240525015, -0.9418678437524317, 0.012405916737824485, 0.4214868124973002, 0.06433752906730583, 1, -0.2935548336137445, 0.2642953013966696, -0.08359794712766028, 0.513429660102275, 0.22969621783061933, 0.19109985461028706, -0.8711212775471286, 0.28773625705955475, 0.31198058123949546, -0.11200724231089224, 0.7993901814943083, -0.7069370294737999, -0.5779879852646667, 0.8472806592002111, -0.2877356750610187, 0.1812863497688336, 0.6149083441207783, 0.2404536248957867, 0.4158105883585088, -0.3830498146211217, -0.9613855209764394, -0.701498659450351, 1, -0.5183876495578956, 0.014827624974129539, 0.14371287625374216, -0.6039704340863647, -0.6841383574810302, -0.2755876252722553, -0.11928645309769399, 0.010908881795612682, 0.5477498984863252, -0.2346374700503417, 1, -0.06678600129630749, -0.10143825163312822, -0.8370741688942199, -0.23256612834854587, -1, -0.5900285988282098, 0.011772865235753105, -0.7916957819614855, 0.6410651372878364, -1, -0.19556606908589264, 0.28796341489485194, -0.941734915137482, 0.23530005962850903, 1, -0.6272861647164029, -0.09352574578986604, -0.4965401157227877, 1, -0.5975268511515496, -0.1752691331189741, 1, -0.5627492855120089, 0.49843509142217557, -0.8266412532894021, -0.23087862292615868, 0.5246940504706333, 0.010100238466882322, -1, 0.9642599849566396, -0.40113129753190296, -0.2941050454836956, -0.36940403744229044, 0.30083010028619483, 1, -0.647853022122095, -0.9630066058035329, -0.24798904935228672, -0.2747964993446394, -0.39766568315202294, 0.10114501127319986, 0.7175233394907187, -0.9279354041725747, -0.5230233659504878, -1]
-18.208669662475586	(8, 12, 2)	[-1, 0.756154805966066, 0.7928759071380794, 0.4619490923609063, -0.000263068512613554, -0.4313533403764721, -0.5455387280582065, 0.35396569380757975, 0.5658333914322778, 0.40806535599551125, -1, -0.39357500436405407, -0.6477881262523997, -0.6414877610945786, 0.27323403682462566, 0.5097732276251625, -0.9983088355836607, 0.19992568425808782, 0.4433991507679449, 0.5520920175894142, -0.8722997688270376, -0.3672146619092014, -0.35656834888485545, 0.680656337135056, -0.31255924413138625, 0.7482562404317123, -1, 0.7012908157834221, 0.4004209043877411, 0.712703507351774, -0.2757169337475479, -0.04792033076824034, -0.7131507017920403, 0.8721074272783533, -0.7544634583734876, 0.9930932863113688, -0.25762194969574137, -0.07880741022223109, 0.6130669853393358, -0.0023645016788507722, 0.5873630164830995, -0.619937759094947, 0.5548382205856581, -0.690005705660395, 0.7141772972874856, -0.1878071565713227, -0.05244491992502626, -0.1339499065646916, 0.2930856146804784, 0.8435558792716549, -0.3604936140714059, 0.21399975237027832, 0.13543149299659027, 0.32343100108250356, 0.4601888994856501, -0.3277154823949595, -0.2149149624081982, 0.6611175151571933, 0.43497166672207854, -0.6887455819984931, 0.4496162090386233, -1, 0.08107496211444534, 0.6452052069820641, 0.19346478467648898, 0.13226860962115405, 0.34249459648072295, -0.7028857188715231, -0.7902232255347359, -0.6765023931000786, -0.3615507398834864, 0.24175551885434238, 0.6910497646901601, 0.21713823256643539, 1, -0.06678600129630749, -0.2994146046165639, -0.6846684183977321, -0.3060968427518519, -0.9312932374020452, -0.821459844716982, 0.8993788356819328, -0.5275748776498009, 1, -0.5152728379819428, -0.4966935454635565, -0.26113155385274933, 1, 0.04094994686339362, 0.7633694482608708, -0.2630010430888601, -0.029170682980703633, -0.3640593640733575, 0.8155158416741672, -0.1542511709920218, 0.6258393650443251, 1, -0.787487205006876, -0.1571956364703128, -0.4099472306764133, -0.2683426549344802, 0.3369365032333167, 0.356541077054217, -0.773364482723333, 1, -0.6028729209097438, -0.5898746831842907, -0.5016490118425322, 0.8505161000231416, 0.8885710012379618, -1, 0.21324142691399436, -0.6273356867443576, -0.0973649225371325, 0.38926242224976704, 0.3862730712667157, 0.8782386068251469, -0.3356905794021956, -0.5608914744356458, -0.34177543586055636]
-22.974830627441406	(8, 12, 2)	[0.19351040519746804, 0.29112788788138266, 0.9186489817146808, 0.392048425015304, 0.04800126016779682, -0.191295672079928, -0.5696071111083236, 0.32128118211869994, 0.13561798487866972, 1, -0.5649433333268423, -0.3782139666134893, -1, 0.10607981964136809, 0.7977265424252973, 0.5724470846891379, -0.9095890612152019, -0.45200164173248836, -0.43379988664431407, 0.16548629133147258, -0.41431443732054, 0.10181887354277229, -0.16968047521728147, 0.11114695058662084, 0.7305930846450835, -0.1575061733477741, -1, -0.5516186914413599, 0.4004209043877411, 0.5022632523051083, -0.2817116884527604, -0.04792033076824034, -0.06883183322204955, 0.7719924829327774, 0.2626936247384185, 0.8302243991084787, -0.9418678437524317, 0.012405916737824485, 0.4214868124973002, 0.06433752906730583, 1, -0.2935548336137445, 0.2642953013966696, -0.08359794712766028, 0.513429660102275, 0.22969621783061933, 0.19109985461028706, -0.8711212775471286, 0.28773625705955475, 0.31198058123949546, -0.11200724231089224, 0.7993901814943083, -0.7069370294737999, -0.5779879852646667, 0.8472806592002111, -0.2877356750610187, 0.1812863497688336, 0.6149083441207783, 0.2404536248957867, 0.4158105883585088, -0.3830498146211217, -0.9613855209764394, -0.701498659450351, 1, -0.5183876495578956, 0.014827624974129539, 0.2539721514057004, -0.6039704340863647, -0.6841383574810302, -0.2755876252722553, -0.11928645309769399, 0.010908881795612682, 0.5477498984863252, -0.2346374700503417, 1, -0.06678600129630749, -0.10143825163312822, -0.8370741688942199, -0.23256612834854587, -1, -0.5900285988282098, 0.011772865235753105, -0.7916957819614855, 0.6410651372878364, -1, -0.19556606908589264, 0.28796341489485194, -0.941734915137482, 0.23530005962850903, 1, -0.6272861647164029, -0.09352574578986604, -0.4965401157227877, 1, -0.38002267977144466, -0.1752691331189741, 0.8911853610572285, -0.5627492855120089, 0.49843509142217557, -0.8266412532894021, -0.23087862292615868, 0.7143077847869483, 0.010100238466882322, -1, 0.9642599849566396, -0.40113129753190296, -0.2941050454836956, -0.36940403744229044, 0.30083010028619483, 1, -0.647853022122095, -0.9630066058035329, -0.24798904935228672, -0.2747964993446394, -0.39766568315202294, 0.10114501127319986, 0.7175233394907187, -0.9279354041725747, -0.5230233659504878, -1]
-16.301815032958984	(8, 12, 2)	[-1, 0.756154805966066, 0.7928759071380794, 0.4619490923609063, -0.000263068512613554, -0.4313533403764721, -0.5455387280582065, 0.35396569380757975, 0.5658333914322778, 0.40806535599551125, -1, -0.39357500436405407, -0.915565500720552, -0.6414877610945786, 0.27323403682462566, 0.5097732276251625, -0.9983088355836607, 0.19992568425808782, 0.4433991507679449, 0.5520920175894142, -0.8722997688270376, -0.13983771575102624, -0.35656834888485545, 0.680656337135056, -0.31255924413138625, 0.7482562404317123, -1, 0.7012908157834221, 0.5563335070229132, 0.712703507351774, -0.2757169337475479, -0.04792033076824034, -0.8196199205318823, 0.8721074272783533, -0.7544634583734876, 0.9930932863113688, -0.25762194969574137, -0.07880741022223109, 0.6130669853393358, -0.0023645016788507722, 0.5873630164830995, -0.619937759094947, 0.5548382205856581, -0.690005705660395, 0.7141772972874856, -0.1878071565713227, -0.05244491992502626, -0.1339499065646916, 0.2930856146804784, 0.8435558792716549, -0.3604936140714059, 0.009082030392851825, 0.13543149299659027, 0.32343100108250356, 0.4601888994856501, -0.3277154823949595, -0.2149149624081982, 0.6611175151571933, 0.43497166672207854, -0.6623712845676009, 0.4496162090386233, -1, 0.08107496211444534, 0.6452052069820641, 0.19346478467648898, 0.13226860962115405, 0.34249459648072295, -0.7028857188715231, -0.7902232255347359, -0.5019600719232875, -0.3615507398834864, 0.0052990441005186795, 0.6910497646901601, 0.21713823256643539, 1, -0.06678600129630749, -0.2994146046165639, -0.6846684183977321, -0.3060968427518519, -1, -0.821459844716982, 0.8993788356819328, -0.5275748776498009, 1, -0.5152728379819428, -0.4966935454635565, -0.26113155385274933, 1, 0.04094994686339362, 0.7633694482608708, -0.2630010430888601, -0.029170682980703633, -0.3640593640733575, 0.8155158416741672, -0.1542511709920218, 0.6258393650443251, 1, -0.787487205006876, -0.1571956364703128, -0.4099472306764133, -0.2683426549344802, 0.3369365032333167, 0.356541077054217, -0.773364482723333, 1, -0.7384857407641086, -0.42670184801714395, -0.5016490118425322, 0.8505161000231416, 0.8885710012379618, -1, 0.21324142691399436, -0.8718442800757087, 0.18959609664523064, 0.5707883564383331, 0.34666554662795246, 0.8782386068251469, -0.3356905794021956, -0.7089753573342733, -0.34177543586055636]
-20.522146224975586	(8, 12, 2)	[-0.7838654614452492, -0.24996898365953663, 0.5450390394928363, 0.434661079419463, -0.6833017773732952, 0.3850040994535407, -0.8197500124532938, 0.40773398582785403, 0.18159809869624888, 1, -0.9478831922444149, -0.2957173712839433, -1, -0.0009763191519232273, 1, 0.5236697270301567, -1, 0.08638082308917375, -0.6412907325478849, 0.4170370046953581, -0.4613052851992088, 0.2620600161802072, -0.6644380600664894, 0.007027141963277805, 0.025204237351705683, 0.3466233794530121, -1, 0.6501415048512734, 0.7075200714232087, 0.5434385969505293, -0.45919411289622647, 0.2865366398447321, -0.7131507017920403, 1, -0.672909279061175, 0.7579281030964906, -0.9418678437524317, 0.37977617652900175, 0.25132976764954096, -0.2967600245081802, -0.5209843717865479, 0.6756943423335442, -0.437881725615069, -0.3193366293667724, 1, 1, -0.6382450874841649, -0.9552721135639587, 0.6263202946672513, 0.8632017791924923, -0.4091441793398404, 0.4801792414634365, 0.32544675180495897, -0.849466980505669, 1, 0.192992748967044, -0.1899637228407155, 1, 0.606075481026575, -0.4283472464358177, -0.43336570642108746, -0.9588175205665785, -1, 1, -0.23126582667217366, 0.12313273225478287, 0.47779252268327393, -0.7577063239288455, -0.24279461373834138, -0.6076112445613422, -0.367227480209487, 0.10641558763311479, 0.5863504876193355, -0.14297937217895673, 1, 0.30930506577402683, -0.2994146046165639, -0.7706009005695462, -0.17083680423594153, -1, -0.6524706153244487, 0.011772865235753105, -0.8237133619291104, 0.6410651372878364, -0.5467880058582435, -0.6897102461088028, 0.28796341489485194, -0.6911845033930119, 0.23530005962850903, 0.9668558595310639, -0.09985377061019463, -0.09352574578986604, -0.4965401157227877, 1, -0.40316289296642277, -0.1752691331189741, 0.8196398225269572, -0.6326105564370206, 0.4100792127011042, -0.8266412532894021, -0.23087862292615868, 0.5246940504706333, 0.19969892553058485, -0.7551474131185775, 0.9642599849566396, -0.40113129753190296, -0.2941050454836956, -0.6241083431794693, 0.5171357557678492, 0.5145653472546047, -1, -0.6119476872109635, -0.6236386467125947, -0.8745840228479355, 0.9020217214549717, 0.7965041006609095, 0.0673629411918164, -0.7522308037807236, -0.3933981039495883, -0.8924412077733146]
487.70684814453125	(8, 12, 2)	[-0.7838654614452492, -0.24996898365953663, 0.5450390394928363, 0.434661079419463, -0.6833017773732952, 0.3850040994535407, -0.8197500124532938, 0.40773398582785403, 0.18159809869624888, 1, -0.9478831922444149, -0.2957173712839433, -1, -0.0009763191519232273, 1, 0.5236697270301567, -1, 0.08638082308917375, -0.6412907325478849, 0.4170370046953581, -0.4613052851992088, 0.2620600161802072, -0.6644380600664894, 0.007027141963277805, 0.025204237351705683, 0.3466233794530121, -1, 0.6501415048512734, 0.7075200714232087, 0.5434385969505293, -0.45919411289622647, 0.2865366398447321, -0.7131507017920403, 1, -0.672909279061175, 0.7579281030964906, -0.9418678437524317, 0.37977617652900175, 0.25132976764954096, -0.2967600245081802, -0.5209843717865479, 0.6756943423335442, -0.437881725615069, -0.3193366293667724, 1, 1, -0.6382450874841649, -0.9552721135639587, 0.6263202946672513, 0.8632017791924923, -0.4091441793398404, 0.4801792414634365, 0.32544675180495897, -0.849466980505669, 1, 0.192992748967044, -0.1899637228407155, 1, 0.606075481026575, -0.4283472464358177, -0.43336570642108746, -0.9588175205665785, -1, 1, -0.23126582667217366, 0.12313273225478287, 0.47779252268327393, -0.7577063239288455, -0.24279461373834138, -0.6076112445613422, -0.367227480209487, 0.10641558763311479, 0.5863504876193355, -0.14297937217895673, 1, 0.30930506577402683, -0.2994146046165639, -0.7706009005695462, -0.17083680423594153, -1, -0.6524706153244487, 0.011772865235753105, -0.8237133619291104, 0.6410651372878364, -0.5467880058582435, -0.6897102461088028, 0.28796341489485194, -0.6911845033930119, 0.23530005962850903, 0.9668558595310639, -0.09985377061019463, -0.09352574578986604, -0.4965401157227877, 1, -0.40316289296642277, -0.1752691331189741, 0.8196398225269572, -0.6326105564370206, 0.4100792127011042, -0.8266412532894021, -0.23087862292615868, 0.5246940504706333, 0.19969892553058485, -0.7551474131185775, 0.9642599849566396, -0.40113129753190296, -0.2941050454836956, -0.6241083431794693, 0.5171357557678492, 0.5145653472546047, -1, -0.6119476872109635, -0.6236386467125947, -0.8745840228479355, 0.9020217214549717, 0.7965041006609095, 0.0673629411918164, -0.7522308037807236, -0.3933981039495883, -0.8924412077733146]
-21.936626434326172	(8, 12, 2)	[-0.8849535628155905, 0.6947724441454407, 0.7928759071380794, 0.4619490923609063, -0.000263068512613554, -0.191295672079928, -0.6526001375453997, 0.32639670678948596, 0.13561798487866972, 1, -0.5649433333268423, -0.35121076550627506, -1, 0.09113426130205342, 0.517821767802296, -0.4559026471851959, -0.7107200598332467, 0.11426596872329434, -0.8806768411936626, 0.7060529266649366, -0.7637380574353441, -0.7990161696076679, 0.08728480374951486, 0.042454440070408606, 0.7362842042372867, -0.1575061733477741, -1, -0.5516186914413599, 0.4004209043877411, 0.5022632523051083, -0.48018403093620304, -0.4699476855828051, 0.1649097436012404, 0.8892263015859819, -0.015717479664487888, 0.7352103295558831, -0.2528443996802504, -0.1272499093707543, 0.2950105921982997, -0.6291260470206621, -0.4878612322843045, 1, 0.2642953013966696, -0.08359794712766028, 0.7871065892648392, 0.22969621783061933, 0.19109985461028706, -0.8711212775471286, 0.28773625705955475, 0.31198058123949546, -0.11200724231089224, 0.9465938247185333, -0.7069370294737999, -0.5779879852646667, 0.8472806592002111, -0.2877356750610187, 0.1812863497688336, 0.6149083441207783, 0.2404536248957867, 0.5663731030937246, -0.3830498146211217, -0.9613855209764394, -0.701498659450351, 1, -0.5183876495578956, -0.1585646139707149, 0.45511270552719507, -0.6018593737657931, -1, -0.2755876252722553, -0.11928645309769399, 0.010908881795612682, 0.5477498984863252, -0.2346374700503417, 1, 0.04710900829595857, -0.3797170418858873, -0.1622771447383516, -0.6542374585388897, -0.5739658467587356, -1, 0.6968031905014668, -0.5275748776498009, 0.8249398627963246, -0.6453429419282646, -0.945248727322393, -0.26113155385274933, 1, -0.2257156175451032, 0.7633694482608708, -0.2630010430888601, -0.09352574578986604, -0.4965401157227877, 1, -0.38569488767238663, -0.1752691331189741, 1, -0.10306746808098574, 0.46142735796489764, -0.8266412532894021, -0.23087862292615868, 0.5208003800371872, 0.09034790269670143, -1, 0.9642599849566396, -0.5477681052120413, 0.12652542006376288, -1, -0.0758603221165697, 0.4460996523128466, -0.647853022122095, -1, -0.34101995348278813, -0.2923075928031683, 0.18036166734990416, 0.4359494117093072, 0.15279696110010296, -0.3356905794021956, -0.7089753573342733, -0.34177543586055636]
-16.459178924560547	(8, 12, 2)	[-1, 0.8077803096295364, 0.7928759071380794, 0.4619490923609063, -0.000263068512613554, -0.14395621622293675, -0.5455387280582065, 0.35396569380757975, 0.5658333914322778, 0.40806535599551125, -1, -0.39357500436405407, -0.915565500720552, -0.6414877610945786, 0.27323403682462566, 0.5097732276251625, -0.9983088355836607, 0.19992568425808782, 0.4433991507679449, 0.5520920175894142, -0.8722997688270376, -0.13983771575102624, -0.35656834888485545, 0.680656337135056, -0.31255924413138625, 0.5659206775709333, -1, 0.7012908157834221, 0.5563335070229132, 0.712703507351774, -0.2757169337475479, -0.04792033076824034, -0.29347608753201615, 0.8721074272783533, -0.7544634583734876, 0.7585110016375198, -0.25762194969574137, -0.07880741022223109, 0.6130669853393358, -0.0023645016788507722, 0.5873630164830995, -0.47704173386837895, 0.5548382205856581, -0.690005705660395, 0.7141772972874856, -0.1878071565713227, -0.05244491992502626, -0.1339499065646916, 0.2930856146804784, 0.8435558792716549, -0.3604936140714059, 0.009082030392851825, 0.13543149299659027, 0.3229787728318146, 0.4601888994856501, -0.3277154823949595, -0.2149149624081982, 0.7594960465328888, 0.43497166672207854, -0.6623712845676009, 0.4496162090386233, -0.7949195126254041, -0.13339180249142285, 0.7825035817219144, 0.19346478467648898, -0.013475819461343408, 0.34249459648072295, -0.7028857188715231, -0.7902232255347359, -0.6244153836103116, -0.3615507398834864, 0.0052990441005186795, 0.6910497646901601, 0.21713823256643539, 1, -0.19005922722106885, -0.2994146046165639, -0.6846684183977321, -0.14300000938135382, -1, -0.821459844716982, 0.8993788356819328, -0.5275748776498009, 1, -0.5152728379819428, -0.4966935454635565, -0.26113155385274933, 1, 0.04094994686339362, 0.7633694482608708, -0.2630010430888601, -0.029170682980703633, -0.3640593640733575, 0.8155158416741672, -0.1542511709920218, 0.6258393650443251, 0.9412417919850531, -0.787487205006876, -0.1571956364703128, -0.4099472306764133, -0.2683426549344802, 0.3369365032333167, 0.356541077054217, -0.773364482723333, 1, -0.5935810732538694, -0.42670184801714395, -0.5016490118425322, 0.7436741312715186, 0.8885710012379618, -1, 0.21324142691399436, -0.8718442800757087, 0.18959609664523064, 0.659736226935338, 0.34666554662795246, 0.8782386068251469, -0.3356905794021956, -0.6711686147460936, -0.34177543586055636]
-24.147022247314453	(8, 12, 2)	[0.19351040519746804, 0.29112788788138266, 0.9186489817146808, 0.397841829240915, -0.20040118755697095, -0.191295672079928, -0.5696071111083236, 0.3406410358786015, 0.13561798487866972, 0.8572804805606157, -0.5649433333268423, -0.3689279849471021, -1, -0.013388142392204747, 0.5223261624946579, -0.365782041278216, -0.5942140716236005, -0.22859664664304322, -0.8806768411936626, 0.7060529266649366, -0.3751382966115837, -0.7990161696076679, -0.16968047521728147, 0.12748575683818297, 0.7305930846450835, -0.1575061733477741, -1, -0.5516186914413599, 0.4004209043877411, 0.7405089223583327, -0.5199370682961773, -0.08702060303336812, -0.06883183322204955, 0.7719924829327774, 0.2626936247384185, 0.7934435240525015, -0.9679928417189488, -0.13490520330891084, 0.4214868124973002, 0.10692427642667823, 1, 0.14247857292705318, 0.2642953013966696, -0.08359794712766028, 0.513429660102275, 0.02356319805168261, 0.19109985461028706, -1, 0.5160541178230377, 0.26445784504918257, -0.7116620226403596, 0.4801792414634365, -0.7702719813370821, -0.7268025823474025, 0.16921994430105114, -0.39398907789339044, 0.02057352828795017, 0.7024477115854818, 0.41510756136405064, -1, -0.1706371435840835, -0.9613855209764394, 0.08107496211444534, 0.8854404058396419, 0.19346478467648898, 0.13226860962115405, 0.34249459648072295, -0.6710324533089174, -0.7902232255347359, -0.5019600719232875, -0.3615507398834864, 0.24175551885434238, 0.8113708379835385, 0.21713823256643539, 1, -0.06678600129630749, -0.18454850769634518, -0.6846684183977321, -0.3060968427518519, -0.6219154816830132, -1, 0.8628376971691828, -0.5275748776498009, 1, -0.35987383321253263, -0.33051104742826154, -0.2959321866235355, 1, 0.04094994686339362, 0.8430285864367711, -0.2630010430888601, -0.029170682980703633, -0.4411871339949629, 0.8155158416741672, -0.1542511709920218, 0.4435677244639332, 0.7708348538527519, -0.787487205006876, 0.2737917305296096, -0.7971374116622386, -0.21941388201570672, 0.5006628227989267, 0.5140057251502737, -0.773364482723333, 1, -0.7046960450591996, -0.8341708737047921, -0.6049425850928485, 0.8505161000231416, 1, -1, 0.21324142691399436, -0.8718442800757087, 0.3301152117466228, 0.5707883564383331, 0.10114501127319986, 0.5815234195505885, -0.9279354041725747, -0.49984762326003696, -1]
457.6300964355469	(8, 12, 2)	[-0.8849535628155905, 0.756154805966066, 0.7928759071380794, 0.4619490923609063, -0.000263068512613554, -0.4313533403764721, -0.5455387280582065, 0.35396569380757975, 0.662084140179294, 0.40806535599551125, -0.670340943058993, -0.16417446304043856, -0.6449123087820599, -0.5543828236891448, 0.24683547022043922, 0.09847601088234291, -0.8282239620958959, 0.24480921793068816, 0.08225999048523526, 0.5520920175894142, -0.7007939190347965, -0.1969270712989561, -0.45213604204254426, 0.9319121492466449, -0.31255924413138625, -0.2592749919810954, -0.7064998359568482, 0.13309170357349503, 0.4004209043877411, 1, -0.7775518226008464, 0.4365162157779163, -0.057887995663393185, 0.747125829997904, 0.09239509084936204, 0.5839584541153798, -1, 0.25599843606403627, 0.6581354230186749, -0.770498792235649, -0.607850258155767, 0.6285345870326948, -0.3605002682057193, -0.6334197215846338, 1, 0.8367573351596392, 0.07684324948235713, -0.1339499065646916, 0.2930856146804784, 0.8435558792716549, -0.3604936140714059, 0.7993901814943083, -0.7069370294737999, -0.5779879852646667, 0.5485794501980652, -0.2877356750610187, 0.1812863497688336, 0.6149083441207783, 0.2404536248957867, -0.5119880587336624, 0.5085331147999131, -1, -0.5761588844012664, 0.6875991994683418, 0.20311377699758446, 0.13226860962115405, 0.34249459648072295, -0.7577063239288455, 0.061596292389073715, -0.6076112445613422, -0.2402374788027116, 0.34391124112588367, 0.6743464698967254, 0.1071990376050618, 0.46226394242760904, 0.30930506577402683, -0.2994146046165639, -0.7706009005695462, -0.17083680423594153, -1, -0.7872370063266121, 0.011772865235753105, -0.8237133619291104, 0.6521453312274086, -0.5467880058582435, -0.49560303803403816, -0.35253445465250055, 1, 0.04094994686339362, 0.8430285864367711, -0.29221439815100775, -0.24209654922825122, -0.18189923495628618, 1, -0.40316289296642277, -0.17698897627810467, 0.8196398225269572, -0.6144652523530401, 0.9122181003444549, -0.8266412532894021, -0.03514090459876851, 0.5246940504706333, 0.19969892553058485, -0.3937576682322345, 0.9642599849566396, -0.40113129753190296, -0.2941050454836956, -0.8218052637746786, 0.30083010028619483, 0.4378526251403063, -0.5212539279730292, -1, -0.24798904935228672, -0.2923075928031683, -0.005596536749274683, 0.5756360895873426, 0.15279696110010296, -0.3356905794021956, -0.7089753573342733, -0.34177543586055636]
