-25.036834716796875	(8, 12, 2)	[-0.618589983643838, 0.2846692636912407, -0.9136681807714873, -0.10670538835550403, 0.5899760117727768, 0.7281842921796011, -0.28710764979768855, -0.45752647163938764, 0.25886068842152365, -0.5931269775119508, -0.4739816935301435, -0.5284541021212659, 0.9125055846024845, 0.11687577708381025, 0.017161127424577094, -0.05266530813512493, -0.06842247204823271, 0.18883579657615068, -0.5006329130362883, 0.2863611810446385, -0.5776065762148654, 0.9640725914041934, 0.9200000467976748, 0.8153504741266246, -0.056726321614256614, -0.060300684933243476, -0.18083968312506227, 0.650646757345583, -0.9973304492470143, -0.2000975626466881, -0.583193120904792, 0.8169528080293982, -0.3068319004293998, 0.17574180894735925, -0.7963749855394715, 0.16902922034671208, 0.6196780928821506, 0.44776692406161644, -0.7114778673440048, -0.8262261112666129, -0.05896697845968246, 0.7959938622821106, 0.6418127840824244, -0.9669550114566599, -0.7407743170052312, 0.43306918101445, -0.6751180868884112, -0.7505171373566051, -0.27641113379681426, 0.45601982815778475, 0.6198226402934446, -0.7537606792949392, -0.62520034711424, 0.8757681323280786, -0.23481143148115002, 0.27869740570115575, 0.2869249589771359, 0.583650724152728, 0.6490853781374881, -0.7587515789088752, 0.35771889108293253, 0.40363640399349343, -0.8232007918425959, -0.9748937262579946, -0.3780055640299411, 0.952818621482342, -0.32924500559010417, -0.13247018092268692, -0.9665477148307944, 0.12594077969012707, -0.4683781290955751, -0.8462293181281286, -0.5078739784426718, 0.5777373642943722, -0.13637646340812704, 0.854911828420168, 0.6875673937487887, -0.03315735200724368, 0.9954749563798932, 0.22541879131961706, -0.5493682436968645, 0.6389349634465431, -0.07924137411546361, 0.8766541154879337, 0.2308097847273094, 0.3289425213541868, 0.7397404599210409, -0.37330679728328375, 0.9526787392713674, -0.8267714236411847, 0.486343610970126, -0.09626327429159787, -0.19151538633929444, 0.03240411437760704, 0.9363272008033823, -0.04197397400849989, 0.14445245965864073, -0.479071651764831, -0.9626079585718874, 0.9288105973265861, 0.35139508665815766, -0.8961874913878254, -0.16596820887971098, 0.7034949300052076, -0.5958277752381722, 0.585541028970179, -0.04971992948151316, 0.12768396471739418, -0.7764583229775344, 0.10719940356231406, 0.9518845507920306, -0.36298795437057985, -0.056463771562202725, -0.509601744815807, 0.8562889669214571, -0.7073870835406708, 0.2173121278021548, -0.8437776227102836, -0.2455393411728919, 0.22584949026273393]
-28.787221908569336	(8, 12, 2)	[-0.618589983643838, 0.2846692636912407, -0.9136681807714873, -0.10670538835550403, 0.5899760117727768, 0.7281842921796011, -0.28710764979768855, -0.45752647163938764, 0.25886068842152365, -0.5931269775119508, -0.4739816935301435, -0.5284541021212659, 0.9125055846024845, 0.11687577708381025, 0.017161127424577094, -0.05266530813512493, -0.06842247204823271, 0.18883579657615068, -0.5006329130362883, 0.2863611810446385, -0.5776065762148654, 0.9640725914041934, 0.9200000467976748, 0.8153504741266246, -0.056726321614256614, -0.060300684933243476, -0.18083968312506227, 0.650646757345583, -0.9973304492470143, -0.2000975626466881, -0.583193120904792, 0.8169528080293982, -0.3068319004293998, 0.17574180894735925, -0.7963749855394715, 0.16902922034671208, 0.6196780928821506, 0.44776692406161644, -0.7114778673440048, -0.8262261112666129, -0.05896697845968246, 0.7959938622821106, 0.6418127840824244, -0.9669550114566599, -0.7407743170052312, 0.43306918101445, -0.6751180868884112, -0.7505171373566051, -0.27641113379681426, 0.45601982815778475, 0.6198226402934446, -0.7537606792949392, -0.62520034711424, 0.8757681323280786, -0.23481143148115002, 0.27869740570115575, 0.2869249589771359, 0.583650724152728, 0.6490853781374881, -0.7587515789088752, 0.35771889108293253, 0.40363640399349343, -0.8232007918425959, -0.9748937262579946, -0.3780055640299411, 0.952818621482342, -0.32924500559010417, -0.13247018092268692, -0.9665477148307944, 0.12594077969012707, -0.4683781290955751, -0.8462293181281286, -0.5078739784426718, 0.5777373642943722, -0.13637646340812704, 0.854911828420168, 0.6875673937487887, -0.03315735200724368, 0.9954749563798932, 0.22541879131961706, -0.5493682436968645, 0.6389349634465431, -0.07924137411546361, 0.8766541154879337, 0.2308097847273094, 0.3289425213541868, 0.7397404599210409, -0.37330679728328375, 0.9526787392713674, -0.8267714236411847, 0.486343610970126, -0.09626327429159787, -0.19151538633929444, 0.03240411437760704, 0.9363272008033823, -0.04197397400849989, 0.14445245965864073, -0.479071651764831, -0.9626079585718874, 0.9288105973265861, 0.35139508665815766, -0.8961874913878254, -0.16596820887971098, 0.7034949300052076, -0.5958277752381722, 0.585541028970179, -0.04971992948151316, 0.12768396471739418, -0.7764583229775344, 0.10719940356231406, 0.9518845507920306, -0.36298795437057985, -0.056463771562202725, -0.509601744815807, 0.8562889669214571, -0.7073870835406708, 0.2173121278021548, -0.8437776227102836, -0.2455393411728919, 0.22584949026273393]
-59.02637481689453	(8, 12, 2)	[-0.618589983643838, 0.2846692636912407, -0.9136681807714873, -0.10670538835550403, 0.5899760117727768, 0.7281842921796011, -0.28710764979768855, -0.45752647163938764, 0.25886068842152365, -0.5931269775119508, -0.4739816935301435, -0.5284541021212659, 0.9125055846024845, 0.11687577708381025, 0.017161127424577094, -0.05266530813512493, -0.06842247204823271, 0.18883579657615068, -0.5006329130362883, 0.2863611810446385, -0.5776065762148654, 0.9640725914041934, 0.9200000467976748, 0.8153504741266246, -0.056726321614256614, -0.060300684933243476, -0.18083968312506227, 0.650646757345583, -0.9973304492470143, -0.2000975626466881, -0.583193120904792, 0.8169528080293982, -0.3068319004293998, 0.17574180894735925, -0.7963749855394715, 0.16902922034671208, 0.6196780928821506, 0.44776692406161644, -0.7114778673440048, -0.8262261112666129, -0.05896697845968246, 0.7959938622821106, 0.6418127840824244, -0.9669550114566599, -0.7407743170052312, 0.43306918101445, -0.6751180868884112, -0.7505171373566051, -0.27641113379681426, 0.45601982815778475, 0.6198226402934446, -0.7537606792949392, -0.62520034711424, 0.8757681323280786, -0.23481143148115002, 0.27869740570115575, 0.2869249589771359, 0.583650724152728, 0.6490853781374881, -0.7587515789088752, 0.35771889108293253, 0.40363640399349343, -0.8232007918425959, -0.9748937262579946, -0.3780055640299411, 0.952818621482342, -0.32924500559010417, -0.13247018092268692, -0.9665477148307944, 0.12594077969012707, -0.4683781290955751, -0.8462293181281286, -0.5078739784426718, 0.5777373642943722, -0.13637646340812704, 0.854911828420168, 0.6875673937487887, -0.03315735200724368, 0.9954749563798932, 0.22541879131961706, -0.5493682436968645, 0.6389349634465431, -0.07924137411546361, 0.8766541154879337, 0.2308097847273094, 0.3289425213541868, 0.7397404599210409, -0.37330679728328375, 0.9526787392713674, -0.8267714236411847, 0.486343610970126, -0.09626327429159787, -0.19151538633929444, 0.03240411437760704, 0.9363272008033823, -0.04197397400849989, 0.14445245965864073, -0.479071651764831, -0.9626079585718874, 0.9288105973265861, 0.35139508665815766, -0.8961874913878254, -0.16596820887971098, 0.7034949300052076, -0.5958277752381722, 0.585541028970179, -0.04971992948151316, 0.12768396471739418, -0.7764583229775344, 0.10719940356231406, 0.9518845507920306, -0.36298795437057985, -0.056463771562202725, -0.509601744815807, 0.8562889669214571, -0.7073870835406708, 0.2173121278021548, -0.8437776227102836, -0.2455393411728919, 0.22584949026273393]
-23.225055694580078	(8, 12, 2)	[-0.618589983643838, 0.2846692636912407, -0.9136681807714873, -0.10670538835550403, 0.5899760117727768, 0.7281842921796011, -0.28710764979768855, -0.45752647163938764, 0.25886068842152365, -0.5931269775119508, -0.4739816935301435, -0.5284541021212659, 0.9125055846024845, 0.11687577708381025, 0.017161127424577094, -0.05266530813512493, -0.06842247204823271, 0.18883579657615068, -0.5006329130362883, 0.2863611810446385, -0.5776065762148654, 0.9640725914041934, 0.9200000467976748, 0.8153504741266246, -0.056726321614256614, -0.060300684933243476, -0.18083968312506227, 0.650646757345583, -0.9973304492470143, -0.2000975626466881, -0.583193120904792, 0.8169528080293982, -0.3068319004293998, 0.17574180894735925, -0.7963749855394715, 0.16902922034671208, 0.6196780928821506, 0.44776692406161644, -0.7114778673440048, -0.8262261112666129, -0.05896697845968246, 0.7959938622821106, 0.6418127840824244, -0.9669550114566599, -0.7407743170052312, 0.43306918101445, -0.6751180868884112, -0.7505171373566051, -0.27641113379681426, 0.45601982815778475, 0.6198226402934446, -0.7537606792949392, -0.62520034711424, 0.8757681323280786, -0.23481143148115002, 0.27869740570115575, 0.2869249589771359, 0.583650724152728, 0.6490853781374881, -0.7587515789088752, 0.35771889108293253, 0.40363640399349343, -0.8232007918425959, -0.9748937262579946, -0.3780055640299411, 0.952818621482342, -0.32924500559010417, -0.13247018092268692, -0.9665477148307944, 0.12594077969012707, -0.4683781290955751, -0.8462293181281286, -0.5078739784426718, 0.5777373642943722, -0.13637646340812704, 0.854911828420168, 0.6875673937487887, -0.03315735200724368, 0.9954749563798932, 0.22541879131961706, -0.5493682436968645, 0.6389349634465431, -0.07924137411546361, 0.8766541154879337, 0.2308097847273094, 0.3289425213541868, 0.7397404599210409, -0.37330679728328375, 0.9526787392713674, -0.8267714236411847, 0.486343610970126, -0.09626327429159787, -0.19151538633929444, 0.03240411437760704, 0.9363272008033823, -0.04197397400849989, 0.14445245965864073, -0.479071651764831, -0.9626079585718874, 0.9288105973265861, 0.35139508665815766, -0.8961874913878254, -0.16596820887971098, 0.7034949300052076, -0.5958277752381722, 0.585541028970179, -0.04971992948151316, 0.12768396471739418, -0.7764583229775344, 0.10719940356231406, 0.9518845507920306, -0.36298795437057985, -0.056463771562202725, -0.509601744815807, 0.8562889669214571, -0.7073870835406708, 0.2173121278021548, -0.8437776227102836, -0.2455393411728919, 0.22584949026273393]
-38.092018127441406	(8, 12, 2)	[-0.06027232812489777, -0.3948097371360393, -0.5095216772297528, 0.6855524611578687, 0.29488984316780376, -0.3449021446469356, -0.9530675066767239, 0.43481688396698637, 0.8865874506358353, 0.4743271002397125, 0.3127320410243084, -0.2353212035777329, -0.11056035276612156, -0.8754199593864525, 0.6748871496941862, 0.41342597637934564, -0.21241594098267025, -0.07157639109886538, 0.42773463279088175, -0.8679848317927008, 0.6372566272739961, 0.4498340962926559, 0.4833973448741564, -0.39103845483639676, 0.41051621415434547, -0.6489709760476416, -0.8551898776970039, 0.9949696751479913, 0.24028309809289006, -0.3831436518970681, 0.5714875621127222, 0.4206966522659934, 0.6126161664938026, 0.4696722891471823, 0.12629964234147262, -0.29860100730773365, -0.12198899968816757, 0.27648723103585593, -0.42704631979854857, 0.13649957918123026, -0.3353712052147102, -0.18955655154470374, -0.39949750738939693, 0.3586038231907076, 0.2557361714473514, 0.873485025697881, -0.5956646131462084, -0.12435198185642138, -0.5709724485149634, 0.8736668610404044, 0.319732641153065, -1, 0.4919624881309024, -0.5190413953317503, -0.32258709507549144, 0.35078577621480567, -0.6121950949378197, 0.04736069685685465, -0.9120649761804394, 0.7967483684260106, 0.4748995688369999, 0.6557452436843261, 0.4427998668798152, -0.1440284030798611, -0.015596318044835522, -0.24977665534014548, 0.36172690325175405, 0.65009354474135, 0.7589523688587474, -0.7710828620958785, 0.08389417371990038, -0.6696082610102703, 0.007692431241761444, -0.49216399124925636, -0.4619050767860431, -0.7513508723961482, -0.5417318805816074, -0.10391522024475441, 0.9795041527803445, -0.23861627012031406, -0.5330008654874734, 0.38707844887999476, -0.3812720049084881, -0.42948051720343194, -0.3128330879701182, -0.40006367187119696, -0.4048665632905617, -0.47481517496902126, 0.024179605647768332, 0.23541359394396252, 0.4324634373063567, 0.8605482137736353, -0.8435642169605551, -0.664561231297786, 0.8496915290411811, -0.4766507216302338, -0.143232801663976, 0.37229519514479703, 0.7752078999152692, 0.469874803768513, 0.445117885290335, 0.22618629630296838, 0.7770902532463357, 0.3558818680375666, 0.8499294834088007, 0.38565345496023645, -0.18579625302192704, -0.5174290839989255, -0.1632339759551439, -0.26910056349509337, 0.5973818105777586, -0.5487872273778109, 0.6576587579439063, -0.10574125065606399, 0.5835855522603881, 0.12089457003853399, -0.3234789226279111, 0.5090262717676381, -0.9508413507322604, 0.004352316192477668]
-25.67783546447754	(8, 12, 2)	[0.33765870631478134, -0.28356375536684264, -0.46101336113882563, -0.9554187917421599, 0.04467886506023744, -0.18445561901306462, 0.00012517208531193091, -0.6761388063907507, -0.46980400403239897, 0.778886347982473, -0.2046432829406517, -0.655573399736453, -0.4079400580407069, -0.956486301312746, 0.5932551616239581, -0.7439123117139264, -0.06323282616163795, 0.04616839218124079, -0.9142771693245146, 0.5842108037712059, -0.7859286878808063, -0.2256156666333773, -0.4431382001283781, -0.006706417127041009, 0.15036441515966903, -0.8178824328797858, 0.6535875773358524, -0.6569757986687794, -0.5900199306600928, -0.5389795959895174, -0.011998452267481585, -0.36599781892676475, -0.7667656189311813, 0.760858692566079, 0.2050581385811614, -0.5509457754358915, 0.13728607941491586, -0.07155587427173038, -0.9660404374026665, -0.8433532182014796, -0.6620917342441293, 0.6798735809395082, 0.43753822030512857, -0.822811418157565, 0.8698207988075677, 0.33573238239147574, 0.0058975180640499225, -0.165553530652077, -0.6373789896993414, -0.916305848962061, -0.01465018608255697, 0.1758835070318956, 0.6907015146855193, 0.07768120510279486, -0.55337168136372, 0.9579455953384444, 1, 0.8337294270539568, -0.5623901059136611, 0.9199484925331365, -0.7786382921090205, 0.10700635287148863, 0.9444382669819362, -0.7175693136407402, 0.0962850602786653, 0.21326177532639212, -0.5483903734442812, -0.20410726301108828, 0.7901694415893361, -0.19311018865666685, -0.8028551849143934, -0.7513791526729203, -0.7572670627217659, -0.5850141581851773, 0.8793595672528989, -1, -0.04981254886672759, 0.3393429488326325, 0.18828750619103096, -0.8171401860219913, 0.1244232370981273, 0.33107931759118214, 0.6180263246243165, 0.787908005522838, 0.9269810791042368, 0.850182221907944, 0.699930217048724, -0.7340229325856593, 0.37043258121295985, -0.7258363589391776, 0.24097065383643956, 0.22304353610045788, -0.6424885068683839, -0.3458136700086937, -0.6704630270883205, 0.16389115477682803, 0.015420580270940398, -0.5546713418382059, -0.6066961861661848, -0.7160665897816831, -0.8094511283451051, -0.5843601972359548, 0.9711755754118518, -0.781825975695525, -0.35490587258875117, 0.06333790972198697, 0.7103006153088293, -0.43792718300451994, 0.7873897671290315, 0.7595823199608092, 0.4882184753998349, -0.11605868468894642, 0.47349653482822496, 0.15729101236699328, 0.801808035008412, 0.15779411962351664, -0.924072903185865, 0.5556988002707843, 0.0450931511111361, 0.4322461874507686]
-41.439273834228516	(8, 12, 2)	[0.33765870631478134, -0.28356375536684264, -0.46101336113882563, -0.9554187917421599, 0.04467886506023744, -0.18445561901306462, 0.00012517208531193091, -0.6761388063907507, -0.46980400403239897, 0.778886347982473, -0.2046432829406517, -0.655573399736453, -0.4079400580407069, -0.956486301312746, 0.5932551616239581, -0.7439123117139264, -0.06323282616163795, 0.04616839218124079, -0.9142771693245146, 0.5842108037712059, -0.7859286878808063, -0.2256156666333773, -0.4431382001283781, -0.006706417127041009, 0.15036441515966903, -0.8178824328797858, 0.6535875773358524, -0.6569757986687794, -0.5900199306600928, -0.5389795959895174, -0.011998452267481585, -0.36599781892676475, -0.7667656189311813, 0.760858692566079, 0.2050581385811614, -0.5509457754358915, 0.13728607941491586, -0.07155587427173038, -0.9660404374026665, -0.8433532182014796, -0.6620917342441293, 0.6798735809395082, 0.43753822030512857, -0.822811418157565, 0.8698207988075677, 0.33573238239147574, 0.0058975180640499225, -0.165553530652077, -0.6373789896993414, -0.916305848962061, -0.01465018608255697, 0.1758835070318956, 0.6907015146855193, 0.07768120510279486, -0.55337168136372, 0.9579455953384444, 1, 0.8337294270539568, -0.5623901059136611, 0.9199484925331365, -0.7786382921090205, 0.10700635287148863, 0.9444382669819362, -0.7175693136407402, 0.0962850602786653, 0.21326177532639212, -0.5483903734442812, -0.20410726301108828, 0.7901694415893361, -0.19311018865666685, -0.8028551849143934, -0.7513791526729203, -0.7572670627217659, -0.5850141581851773, 0.8793595672528989, -1, -0.04981254886672759, 0.3393429488326325, 0.18828750619103096, -0.8171401860219913, 0.1244232370981273, 0.33107931759118214, 0.6180263246243165, 0.787908005522838, 0.9269810791042368, 0.850182221907944, 0.699930217048724, -0.7340229325856593, 0.37043258121295985, -0.7258363589391776, 0.24097065383643956, 0.22304353610045788, -0.6424885068683839, -0.3458136700086937, -0.6704630270883205, 0.16389115477682803, 0.015420580270940398, -0.5546713418382059, -0.6066961861661848, -0.7160665897816831, -0.8094511283451051, -0.5843601972359548, 0.9711755754118518, -0.781825975695525, -0.35490587258875117, 0.06333790972198697, 0.7103006153088293, -0.43792718300451994, 0.7873897671290315, 0.7595823199608092, 0.4882184753998349, -0.11605868468894642, 0.47349653482822496, 0.15729101236699328, 0.801808035008412, 0.15779411962351664, -0.924072903185865, 0.5556988002707843, 0.0450931511111361, 0.4322461874507686]
-46.51618576049805	(8, 12, 2)	[-0.3275610270159348, 0.5611097587712832, -0.5500857983722913, 0.2816214581216865, 0.15555281695840817, 0.0900597434124688, -0.7259427374368352, -0.9363112898755723, -0.3190251213524127, 0.560805913175195, 0.6583286142589138, -0.01045112130404191, 0.28445035235685934, -0.6774952932997347, 0.8772103461536558, 0.17910431180698438, 0.6988038576761073, -0.42381453070041863, -0.5963754963890525, -0.0729056325236912, 0.6252372368536547, 0.605652775396808, -0.2912471696661303, 0.5301108679182447, 0.673396485422123, 0.09244272931786957, 0.6416857576011665, -0.19742673253932183, 0.5544145711345108, 0.13485034244583066, 0.1574779313665706, -0.9936706394792134, 0.9255091203765351, 0.605069316104355, 0.8356863849040503, 0.3263998248192508, -0.18171511961608466, -0.2085815871329475, -0.9610704542726323, 0.7139878214684876, 0.5498951980478315, 0.800336690825006, 0.5592728188147611, 0.7550249600619421, 1, -0.7407091278460012, 0.29079896542409184, 0.36190353744094317, -0.6229974107218323, -0.9235351116718606, -0.18566113213271307, 0.25285704922489716, -0.31040291740743875, -0.3485546858570998, -0.7901695228041288, -0.8418213825340515, -0.061653499241991705, 0.461056046024066, 0.5332774581807094, -0.10339652179413515, -0.8446798691212187, 1, 0.9449224674317507, 0.5840839919781284, 0.0962850602786653, 0.21326177532639212, -0.5483903734442812, -0.20410726301108828, 0.7901694415893361, -0.19311018865666685, -0.8028551849143934, -0.7513791526729203, -0.7572670627217659, -0.37153898610941005, 0.5523201392047312, -0.8484145768483025, 0.9627041900116997, -0.27040359851990425, 0.2758627513283973, 0.9658162482132998, 0.4605338491052775, -0.6053915540200538, 0.024819704354631184, 0.9296302157278904, -0.2068315035989945, -0.7552851883648803, -0.4303100880314792, 0.736612922374057, 0.5472429716490947, -0.5560113418530863, -0.8157298127234531, 0.8554670529348454, 0.43314241200603065, -0.9083892231125001, 0.10208630845441813, 0.585444850668037, 0.5820397846534158, 0.24763156314965085, 0.058071010456865135, 0.6603829990411973, 0.9807582108575423, -0.4793862276736447, -0.5327211720526137, 0.2195312961168303, -0.29491283584329137, 0.7737842708496832, -0.7750331046391359, 0.6637750438782772, 0.08096664727443947, -0.23917701950672798, 0.37742656888588305, 0.5313256238535433, -0.39751655031245714, -0.05647539781876293, -0.4269782773963062, 0.4440606120283992, -0.6510303074946043, 0.15992760729181366, -0.19123392311577314, 0.6706208577854984]
-37.65457534790039	(8, 12, 2)	[-0.618589983643838, 0.30477380914696484, -0.9136681807714873, -0.10670538835550403, 0.5899760117727768, -0.5243797452268331, -0.8453315118550597, -0.18381699140027208, 0.05390176232584798, -0.7039742105155133, 0.8096976931655007, 0.4524285943281543, -0.26646458377560256, -0.3388061195545118, 0.6562579621963244, -0.12967562701842747, -0.06323282616163795, 0.04616839218124079, -0.9142771693245146, 0.5842108037712059, -0.7859286878808063, -0.2707093888930764, -0.4431382001283781, -0.006706417127041009, 0.15036441515966903, -0.8178824328797858, 0.6535875773358524, -0.6569757986687794, -0.5900199306600928, -0.5389795959895174, -0.011998452267481585, -0.36599781892676475, -0.7667656189311813, 0.760858692566079, 0.2050581385811614, -0.5509457754358915, 0.13728607941491586, 0.032596346040415725, 0.20931876157739104, 0.21786185653590917, -0.2695904646350227, 0.4104773663514014, -0.16481542313716857, 0.7959443419295698, -0.3031604833656479, -0.6620626321959984, 0.3472846880551339, 0.9183899291026625, -0.028037128010044265, 0.180749307887792, 0.6513941938239989, 0.7488144729455646, -0.771426019352806, -0.3449214205170912, 0.8631074844258388, -1, -0.20583200816431102, -0.21334012265562197, 0.2738267923649855, 0.6823967500763035, 0.743819591540698, 0.5735079907892182, -0.921661343620388, 0.6356766727005532, -0.041088608775900204, -0.13984619208049698, -0.11115989019332612, 0.5613663392854773, -0.2578038820679523, -0.3071685951877192, 0.35624966244607004, -0.5203727359802695, 0.6392171588075701, 1, 0.9756338412858927, -0.5126879501896717, -0.2560421584295509, 0.3914057935170705, 0.5081303094506863, -0.00722895155530634, 0.9898954635462361, 0.061026138069120606, 0.6632363695528687, 0.0568886856478974, 0.18491583326912475, -0.2624494039532761, -0.029353454406725543, 0.7120906452417712, 0.3402023521121791, 0.14460369293339048, -0.9023925509298951, 0.4274529106211973, -0.09962906137031502, 0.4654822863634078, 1, 0.07068363964618918, 0.5215867899237497, 0.37229519514479703, 0.7752078999152692, 0.469874803768513, 0.445117885290335, 0.22618629630296838, 0.7770902532463357, 0.3558818680375666, 0.8499294834088007, 0.38565345496023645, -0.18579625302192704, -0.5174290839989255, -0.1632339759551439, -0.26910056349509337, 0.5973818105777586, -0.5487872273778109, 0.6576587579439063, -0.10574125065606399, 0.5835855522603881, 0.12089457003853399, 0.2173121278021548, -0.8437776227102836, -0.2455393411728919, 0.22584949026273393]
-49.8165168762207	(8, 12, 2)	[-0.5190455574349642, 0.33208585043392547, -0.9136681807714873, -0.10670538835550403, 0.5899760117727768, 0.7281842921796011, -0.28710764979768855, -0.45752647163938764, 0.25886068842152365, -0.5931269775119508, -0.1884153729580576, -0.5284541021212659, 0.8286441598211396, 0.11687577708381025, 0.3149540332256557, -0.10686690311247421, -0.06842247204823271, 0.18883579657615068, -0.5249780561618023, 0.2863611810446385, -0.5776065762148654, 0.9640725914041934, 0.9200000467976748, 0.8153504741266246, 0.6389371971197271, -0.060300684933243476, -0.18083968312506227, 0.650646757345583, -0.8328711065703764, -0.2503966794317304, -0.583193120904792, 0.8169528080293982, -0.11516223186684205, 0.17574180894735925, -0.8908088648319865, 0.16295309658898863, 0.6196780928821506, 0.35158614985909875, -0.7114778673440048, -0.8262261112666129, -0.05896697845968246, 0.0996249530721468, -0.9621831896954991, 0.39332309991013226, -0.37208705542852105, -0.01611557365339683, -0.24774108521610638, 0.4574817686948099, -0.8984401655513561, 0.7219675926113177, 0.5645091852341335, 0.9730829032990223, -0.3221657979510386, -0.5309452385844551, 0.25224545036131923, 0.35078577621480567, -0.6121950949378197, 0.04736069685685465, -0.9120649761804394, 0.7967483684260106, 0.4748995688369999, 0.5163755799379843, 0.4427998668798152, -0.1440284030798611, -0.015596318044835522, -0.24977665534014548, 0.36172690325175405, 0.65009354474135, 0.7589523688587474, -0.33645947126212095, 0.08389417371990038, -0.6696082610102703, 0.007692431241761444, 0.5777373642943722, -0.7999519989709274, 0.854911828420168, 0.6875673937487887, 0.04731201177360167, 0.6491300616976363, 0.22541879131961706, -0.5493682436968645, 0.6389349634465431, -0.07924137411546361, 0.972504551534253, 0.2308097847273094, 0.3289425213541868, 0.7397404599210409, -0.37330679728328375, 0.9526787392713674, -0.932818835653462, -0.44488238914822653, 0.5550931233609315, -0.19661373049753572, 0.6136020898366845, 0.453576775967917, -0.0997875800290029, 0.6977230426802138, 0.7448809191229935, 0.5456627636007345, 0.8289432185718988, -0.3635106536629018, -0.8961874913878254, -0.03198147987800151, 0.4390195543610333, -0.5958277752381722, 0.585541028970179, -0.04971992948151316, 0.12768396471739418, -0.9344990904087899, 0.010787599926451064, 1, -0.36298795437057985, -0.056463771562202725, -0.7843175410037416, 0.8751660151336864, -0.7073870835406708, -0.9924742121426093, -0.8437776227102836, -0.2455393411728919, 0.22584949026273393]
-32.98657989501953	(8, 12, 2)	[0.1069264276837425, -0.7345160361922902, -0.21047773614884324, -0.7964708987219059, 0.7282424986534353, 0.13307684076323367, -1, -0.996259057401512, 0.4709652166292582, 0.6089499923835353, -0.9434600712427836, 0.34419499720060553, 0.6456194511044797, 0.8352106566604456, 0.48417371363654604, 0.2605506095502624, 0.35953089487215983, -0.9535065578783657, -0.2806831596573549, 0.8829580153642864, 0.9255171597108343, 0.733120821288433, 1, 0.9948095712797997, 0.48449482097087504, 0.597815567202322, 0.28420280018460486, 0.6323166556404172, 0.8129449150818666, -0.39211191146327473, -0.6608096135758759, -0.3557122041102515, -0.6915799274419827, 0.38097657824910613, -0.03368622523153253, -0.859453586850589, -0.6521129774524235, -0.22001589397714638, 0.8193071681726899, 0.2900708388703339, -0.7175001329031787, -0.034995575457951705, -0.9621831896954991, 0.39332309991013226, -0.37208705542852105, -0.3981997335526588, -0.1965727806223927, -0.12435198185642138, -0.5709724485149634, 1, 0.319732641153065, -1, 0.3330499005047546, -0.40077659599498816, -0.32258709507549144, 0.35078577621480567, -0.6121950949378197, 0.04736069685685465, -0.8205854411476301, 0.7967483684260106, 0.4748995688369999, 0.6557452436843261, 0.4427998668798152, -0.1440284030798611, -0.015596318044835522, -0.24977665534014548, 0.36172690325175405, 0.65009354474135, 1, -0.7710828620958785, 0.08389417371990038, -0.6696082610102703, 0.007692431241761444, -0.5315838827875631, -0.164385698860319, -0.7513508723961482, -0.5417318805816074, -0.10391522024475441, 1, -0.23861627012031406, -0.5330008654874734, 0.38707844887999476, -0.27500387427943485, -0.42948051720343194, -0.3128330879701182, -0.40006367187119696, -0.4048665632905617, 0.43403984015902136, 0.1872440597626086, 0.1740176567513172, -0.8711352250166551, -0.6777833427081883, 0.25641520125267014, -0.7280630159634613, 0.5917701148476261, 0.5991900899254614, 0.812801382859355, -0.09290214752175313, -0.9596984001367908, 0.6603829990411973, -0.8711879757395293, -0.9276716551407709, 0.6842852722067663, -0.9770207810266673, -0.3886755081281601, 0.21153595638008826, 0.5542889581343395, -0.9968848691602157, -0.11632967583528608, 0.2768038960345238, 0.42494144946813517, -0.6860595767127005, 0.22488214312355015, -0.05277335196200483, 0.37955853550022534, -0.6167702853345014, 0.6731500801740773, -0.8794283106142002, 0.7410304698488002, -0.32215881341646796]
-22.5706844329834	(8, 12, 2)	[0.1069264276837425, -0.7345160361922902, -0.21047773614884324, -0.5942289456580011, 0.7282424986534353, 0.13307684076323367, -0.8168654826607168, -0.996259057401512, 0.4709652166292582, 0.6089499923835353, 0.16595422775408533, -0.2353212035777329, -0.11056035276612156, -0.8754199593864525, 0.6748871496941862, 0.41342597637934564, -0.21241594098267025, -0.07157639109886538, 0.6319416723948444, -0.8679848317927008, 0.6372566272739961, 0.4498340962926559, 0.4833973448741564, -0.39103845483639676, 0.41051621415434547, -0.6489709760476416, -0.5673657217286692, 0.9240968221615439, 0.24028309809289006, -0.3581117516751406, 0.5714875621127222, 0.4206966522659934, 0.6126161664938026, 0.4696722891471823, 0.12629964234147262, -0.5343486617427486, -0.336479603323393, 0.27648723103585593, 0.24920159449306678, 0.6716828840322486, -0.6220919105578409, -0.5271998980447667, 0.7350035972504014, -0.38760891135559744, -0.566355112111949, -0.3981997335526588, -0.3839889804580163, -0.12435198185642138, -0.5709724485149634, 0.8736668610404044, 0.319732641153065, -1, 0.3330499005047546, -0.5190413953317503, -0.32258709507549144, 0.35078577621480567, -0.6121950949378197, 0.04736069685685465, -0.9120649761804394, 0.7967483684260106, 0.4748995688369999, 0.7617495134125845, 0.4427998668798152, -0.1440284030798611, -0.015596318044835522, -0.24926495535422086, 0.36172690325175405, 0.65009354474135, 0.8128465128641997, -1, 0.08389417371990038, -0.6696082610102703, -0.04231399617313954, -0.5315838827875631, -0.4619050767860431, -0.8921460766782563, -0.29393154007850913, -0.10391522024475441, 0.9795041527803445, -0.23861627012031406, -0.5330008654874734, 0.38707844887999476, 0.024819704354631184, 0.7348383682686593, -0.1942799554252709, -0.40006367187119696, -0.48320198515022506, -0.47481517496902126, 0.024179605647768332, 0.23541359394396252, 0.49261930362472917, 0.8605482137736353, -0.06014164785631482, -0.664561231297786, 0.7174610502616899, -0.4766507216302338, -0.143232801663976, 0.37229519514479703, 0.7752078999152692, 0.21352727228229773, 0.445117885290335, -0.9945429875612979, -0.19051605554876758, -0.11677807803940232, 0.908344977183541, -0.029962582798343323, 0.27848463099903487, -0.9968848691602157, -0.11632967583528608, 0.6300928343957968, 0.42494144946813517, -0.6860595767127005, 0.310712816070416, -0.05277335196200483, 0.37955853550022534, -0.6167702853345014, 0.6731500801740773, -0.8794283106142002, 0.7410304698488002, -0.2789046294038784]
-27.012428283691406	(8, 12, 2)	[0.1069264276837425, -0.7345160361922902, -0.21047773614884324, -0.7964708987219059, 0.7282424986534353, 0.13307684076323367, -1, -0.996259057401512, 0.4709652166292582, 0.6089499923835353, -0.9434600712427836, 0.34419499720060553, 0.6011483984469641, 0.8352106566604456, 0.48417371363654604, 0.2605506095502624, 0.35953089487215983, -0.9535065578783657, -0.2806831596573549, 0.8829580153642864, 0.9255171597108343, 0.733120821288433, 1, 0.9948095712797997, 0.48449482097087504, 0.597815567202322, 0.28420280018460486, 0.6323166556404172, 0.8129449150818666, -0.39211191146327473, -0.6608096135758759, -0.3557122041102515, -0.6915799274419827, 0.38097657824910613, -0.03368622523153253, -0.9223582632959162, -0.6521129774524235, -0.22001589397714638, 0.8193071681726899, 0.2650773633329777, -0.7175001329031787, -0.034995575457951705, -0.9621831896954991, 0.39332309991013226, -0.37208705542852105, -0.3981997335526588, -0.1965727806223927, -0.12435198185642138, -0.5709724485149634, 0.9378146907004757, 0.319732641153065, -0.967083480243636, 0.3330499005047546, -0.40077659599498816, -0.32258709507549144, 0.35078577621480567, -0.6121950949378197, 0.04736069685685465, -0.8205854411476301, 0.7967483684260106, 0.4748995688369999, 0.6557452436843261, 0.4427998668798152, -0.1440284030798611, -0.015596318044835522, -0.24977665534014548, 0.36172690325175405, 0.65009354474135, 1, -0.7710828620958785, 0.08389417371990038, -0.6696082610102703, 0.007692431241761444, -0.5315838827875631, -0.164385698860319, -0.7513508723961482, -0.5417318805816074, -0.10391522024475441, 1, -0.23861627012031406, -0.5330008654874734, 0.38707844887999476, -0.27500387427943485, -0.42948051720343194, -0.3128330879701182, -0.40006367187119696, -0.4048665632905617, 0.43403984015902136, 0.4560050674882806, 0.1740176567513172, -0.8711352250166551, -0.6777833427081883, 0.25641520125267014, -0.7280630159634613, 0.5917701148476261, 0.5991900899254614, 0.812801382859355, -0.09290214752175313, -0.9596984001367908, 0.6603829990411973, -0.8711879757395293, -1, 0.6842852722067663, -0.9770207810266673, -0.3886755081281601, 0.21153595638008826, 0.5542889581343395, -0.7912229408382551, -0.11632967583528608, 0.2768038960345238, 0.42494144946813517, -0.6860595767127005, 0.22488214312355015, -0.05277335196200483, 0.37955853550022534, -0.6167702853345014, 0.6731500801740773, -0.8794283106142002, 0.7410304698488002, -0.32215881341646796]
-18.990116119384766	(8, 12, 2)	[0.21352471455043803, -0.7345160361922902, -0.21047773614884324, -0.7964708987219059, 0.7282424986534353, 0.13307684076323367, -0.8168654826607168, -0.996259057401512, 0.4709652166292582, 0.6089499923835353, -0.9920255541900063, 0.24261266351179445, 0.6456194511044797, 0.8352106566604456, 0.48417371363654604, 0.2605506095502624, 0.35953089487215983, -0.9535065578783657, 0.20064636628618032, 0.4882677976523901, 0.9255171597108343, 0.733120821288433, 1, 0.9948095712797997, 0.48449482097087504, 0.597815567202322, 0.28420280018460486, 0.9145714245394136, 0.8129449150818666, -0.2825179869245974, -0.6608096135758759, -0.4712863442254811, -0.6915799274419827, 0.38097657824910613, -0.20282259884004997, -0.859453586850589, -0.36201203329844733, -0.40332158989041295, 0.5985293354266834, 0.2900708388703339, -0.7850649778169237, -0.10406425592227948, -1, 0.7711396764201938, -0.37208705542852105, -0.3981997335526588, -0.3839889804580163, -0.12435198185642138, -0.5709724485149634, 0.8736668610404044, 0.319732641153065, -1, 0.3330499005047546, -0.5190413953317503, -0.2946503537095424, 0.35078577621480567, -0.6121950949378197, 0.04736069685685465, -0.9120649761804394, 0.7967483684260106, 0.4748995688369999, 0.6557452436843261, 0.4427998668798152, -0.1440284030798611, -0.015596318044835522, -0.24977665534014548, 0.36172690325175405, 0.621644338410252, 1, -0.7710828620958785, 0.08389417371990038, -0.6696082610102703, 0.3869595974177467, -0.5315838827875631, -0.164385698860319, -0.7513508723961482, -0.5417318805816074, -0.10391522024475441, 0.9795041527803445, -0.08210220102413063, -0.5330008654874734, 0.38707844887999476, -0.27500387427943485, -0.37032290949961927, -0.2068315035989945, -0.7552851883648803, -0.3963763955631749, 0.736612922374057, 0.9526787392713674, -0.8267714236411847, 0.48628641605312484, -0.09626327429159787, -0.24089126573759367, 0.03240411437760704, 0.9178696151544387, 0.5991900899254614, 0.812801382859355, -0.15892786496530467, -0.704734183178569, 0.6603829990411973, 0.9807582108575423, -0.9276716551407709, 0.6842852722067663, -0.9770207810266673, -0.3886755081281601, 0.21153595638008826, 0.4103182960875933, -0.9968848691602157, -0.11632967583528608, 0.2768038960345238, 0.42494144946813517, -0.6860595767127005, 0.22488214312355015, -0.05277335196200483, 0.37955853550022534, -0.6167702853345014, -0.754495954392143, 0.42875994885133584, -0.20656168947582798, -0.33131459510963823]
-48.0580940246582	(8, 12, 2)	[-0.41334391349000105, 0.5520625031106698, -0.5500857983722913, 0.2816214581216865, 0.15555281695840817, 0.0900597434124688, -0.5970944726139422, 1, 0.2995590483331121, 0.29831683962119215, 0.5748863523307028, 0.803848872266498, -0.2548384776179189, 0.6620684638259606, -0.14419414558655194, -0.15316971872456647, 0.8539698568511014, -0.5371136969874784, 0.10371231619288435, 0.7903405782282349, -0.08284960508177108, 0.12036710231005476, -0.32322859001250454, 0.26470850194902035, 0.008599680245738622, -0.6821385977385739, 0.7104937883909797, 0.9528569264806532, 0.4747738026928243, -0.1863651124426685, -0.4030579630462704, -0.9387041518802596, 0.3526247657499706, -0.2237549904965414, -0.4828667282511766, -0.709159721687598, -0.26428153456545367, 1, 0.4621765008432295, -0.4825899555794373, -0.4304639968756849, 0.5463547894352967, -0.6536259095669898, -0.26757323854531323, -1, -0.7020519887429006, 0.9451366515486651, -0.16258759133258271, -0.0059029177288632065, 0.23871208537615818, -0.1129341040249423, -0.394010502923943, 0.4605722603601613, -0.46126568365469134, 0.30364659418626594, 0.4456878743389152, 0.5811360036270012, -0.38515772745166926, -0.8417104511924898, -0.6221804716956134, -1, 0.22106441657594228, 0.5449008642158102, -0.424516930180199, 0.30821867491282984, -0.3809680972666627, 0.295144252918345, -0.7487953449347537, 0.388040940396305, -0.19311018865666685, -0.8028551849143934, -0.8166832935592735, -0.7924340640233516, -0.5850141581851773, 0.8793595672528989, -1, 0.953303364693579, -0.019053336750084915, 0.9966953062115183, -0.6136992824734921, 0.800082895097728, 0.6836003431364421, 0.8716385972620864, -0.39165178429909414, 0.046027896203604396, 0.9671651879215495, -0.20079983185008118, 0.4595192926585638, 0.6905261682425554, 0.13176717650461423, -0.4184531787796171, 0.5844578430294927, -0.19661373049753572, 0.6136020898366845, 0.453576775967917, -0.0997875800290029, 0.719849468480338, 0.7448809191229935, 0.5456627636007345, 0.8289432185718988, -0.3635106536629018, -0.9945429875612979, -0.40376269938484155, -0.188880019645189, 0.908344977183541, 0.21153595638008826, 0.27848463099903487, 0.9580862787977331, -0.8949244166257224, -1, -0.20947826618548038, 0.8572668842119274, 0.5835281096078833, -0.5103119578174311, -0.8412932209926892, 0.1824255240572491, -0.8109076386907085, 0.32544635794596377, -0.19123392311577314, 0.698215671549755]
-44.01334762573242	(8, 12, 2)	[0.30143410989616665, -0.24831108246365963, -0.4821007326865021, -0.5726311714389933, 0.9334744285409475, 0.34864072462086443, -0.36039503352557967, -0.2620086140090121, -0.05136361225754563, -0.7141840456234536, 0.4617474742943356, 0.9380416866786495, 0.6757353353121944, 0.4059076171318116, 0.3034209051585699, 0.24510300005268876, 0.6988038576761073, -0.31609288060491597, -0.5240158909558006, -0.35228636242984934, 0.7704268100783374, 0.5523127341127029, -0.2912471696661303, 0.5301108679182447, 0.27854118125516375, -0.5921320998123318, 0.6416857576011665, -0.20240465138927574, 0.6672495849063291, 0.5300698883186126, 0.1397099045484239, -1, 0.9255091203765351, 0.3984957706296416, 0.9712893273022458, 0.29231592999549755, -0.27302811849334474, 0.6401678754591409, 0.36574364078772914, 0.27730734778334365, 0.3896358105454555, -0.9228855085249303, -0.17412268732333036, -0.9821429558138112, -0.09889827764933967, -0.648243295353691, 0.10030370390822507, -0.599975713145338, 0.7561248134977491, 0.23693719385852652, 0.8215558843130735, -0.4294267970375204, -1, 0.6814497296305605, -0.5368021519663199, -0.8793479132466467, -0.3033237306833232, -0.5644167298524028, -0.8801798716901397, -0.201382716664439, 0.7239828960002026, 0.8019351825740771, 0.5449008642158102, -0.424516930180199, 0.4826492519077561, -0.3809680972666627, 0.5863949438490252, -0.49503536397581116, 0.388040940396305, 0.8527146050879462, 0.9518318233610743, 0.1585904501981097, -0.6501260957571018, 0.06984649465686532, 0.3790111008894208, -0.5702127047428405, -0.07714037592023115, -0.27040359851990425, 0.2256320710573101, 0.8809729358429695, 0.4605338491052775, -0.8368761435928269, 0.024819704354631184, 0.8438635681975382, -0.2068315035989945, -0.7552851883648803, -0.24346239589001825, 0.736612922374057, 1, -0.8267714236411847, 0.486343610970126, -0.09626327429159787, -0.4911101125108783, 0.5281645805896797, -0.09062932596705656, 0.7619519647805404, 0.6192741503800601, -0.03997754232394726, -0.7320088744789071, 0.2544539306219146, 0.35906367410445594, -0.5189760438031277, 0.9904463585827985, -0.9043322343531446, -0.35490587258875117, 0.20136034330498087, 0.27271000049953364, 0.9174886149608574, 0.7686203067678652, -0.5204153489762683, 1, 0.44616684037462573, 0.6762020735312234, 0.4589556356889921, 0.10880320684888882, 0.6706373975579072, 0.4247542251324896, 0.3088175851942654, -0.20656168947582798, 0.1885015971538302]
-32.800296783447266	(8, 12, 2)	[-0.06027232812489777, -0.3948097371360393, -0.4265784349126361, -0.7964708987219059, 1, 0.13307684076323367, -0.8168654826607168, -0.996259057401512, 0.4709652166292582, 0.6089499923835353, -0.9434600712427836, 0.24261266351179445, 0.6456194511044797, 0.8352106566604456, 0.48417371363654604, 0.16847885051606568, 0.35953089487215983, -0.9535065578783657, 0.13924220359426925, 0.4882677976523901, 0.9255171597108343, 0.733120821288433, 1, 1, 0.48449482097087504, 0.597815567202322, 0.3055237718707582, 0.6323166556404172, 0.811920455243273, -0.08953015793953367, -0.6608096135758759, -0.4712863442254811, -0.6915799274419827, 0.22585015105470518, -0.03368622523153253, -0.859453586850589, -0.6292613464130618, -0.48642279009908845, 0.5985293354266834, -0.1871549632677479, -0.7850649778169237, -0.034995575457951705, -1, 0.7711396764201938, -0.37208705542852105, -0.3981997335526588, -0.3839889804580163, -0.26176220917638715, -0.5709724485149634, 0.8736668610404044, 0.319732641153065, -1, 0.1800644058359574, -0.5190413953317503, -0.2946503537095424, 0.35078577621480567, -0.6121950949378197, 0.39122206349536304, -0.9120649761804394, 0.7967483684260106, 0.4748995688369999, 0.6557452436843261, 0.4427998668798152, 0.1390087073510788, 0.13867492074550722, -0.9373271917037765, -0.36466369938904564, 0.025962083458147767, 0.5954627606047476, 0.77621685041197, -0.759778779753979, -0.036637574925087166, 0.010540665963496116, -0.6232921317907807, -0.4619050767860431, -1, -0.5417318805816074, -0.10391522024475441, 0.9795041527803445, -0.23861627012031406, -0.6728778460717388, -0.25708412208017695, -0.3812720049084881, -0.42948051720343194, -0.3128330879701182, -0.18857351188623153, -0.4450734187406218, -0.47481517496902126, 0.024179605647768332, -0.09370590445678176, 0.4324634373063567, 0.8605482137736353, -0.8443689398004866, -0.626120872364708, 0.8496915290411811, -0.4766507216302338, -0.02201585904230023, 0.3273963895102229, 0.9905340926121206, 0.2426423374720582, 0.445117885290335, 0.27190393245662625, 0.7770902532463357, 0.3558818680375666, 1, 0.38565345496023645, -0.18579625302192704, -0.3599882671133342, -0.1632339759551439, 0.163925482755464, 0.5973818105777586, -0.5487872273778109, 0.8046944205840788, -0.34412591784473145, 0.5835855522603881, 0.12089457003853399, -0.3234789226279111, -1, -1, -0.06762543911103519]
-45.565673828125	(8, 12, 2)	[0.1069264276837425, -0.7345160361922902, -0.21047773614884324, -0.7580547366334554, 0.7282424986534353, 0.13307684076323367, -0.9932982314248159, -0.996259057401512, 0.4709652166292582, 0.6089499923835353, -1, 0.24261266351179445, 0.6456194511044797, 0.8352106566604456, 0.48417371363654604, 0.2605506095502624, 0.35953089487215983, -0.9535065578783657, 0.20064636628618032, 0.4882677976523901, 1, 0.708103177539467, 1, 0.9948095712797997, 0.48449482097087504, 0.7948041568646546, 0.28420280018460486, 0.6323166556404172, 0.8129449150818666, -0.2825179869245974, -0.578952334576724, -0.43015859929448547, -0.7677748894935252, 0.4025687587597639, -0.03368622523153253, -0.859453586850589, -0.02578394911862536, -0.22001589397714638, 0.6878326654326299, 0.6467905819946154, -0.7850649778169237, -0.034995575457951705, -0.9621831896954991, 0.7711396764201938, -0.37208705542852105, -0.3981997335526588, -0.3839889804580163, -0.12435198185642138, -0.5709724485149634, 0.8736668610404044, 0.319732641153065, -1, 0.3330499005047546, -0.5190413953317503, -0.2946503537095424, 0.3659502911201789, -0.6121950949378197, 0.04736069685685465, -0.9120649761804394, 0.7967483684260106, 0.468180063904828, -0.01904870292340463, 0.4427998668798152, -0.28314265551233975, -0.015596318044835522, -0.24977665534014548, 0.36172690325175405, 0.6393069846098038, 1, -0.6753389050440353, 0.08389417371990038, -0.6696082610102703, 0.3869595974177467, -0.5315838827875631, -0.164385698860319, -0.8465335061705606, -0.5417318805816074, -0.10391522024475441, 0.9131254217839196, -0.23861627012031406, -0.5330008654874734, 0.7677250844830285, -0.27500387427943485, -0.42948051720343194, -0.4582007197277041, -0.6438333715871147, -0.5455082520957864, 0.7409861957626277, 0.9526787392713674, -0.7221231689223363, 0.77830456781357, 0.5915761015683915, -0.5884946939352347, -0.6239823109917855, -0.0991050787823797, 0.19123820246835949, 0.4870949679285361, -0.5132487621194776, -0.704734183178569, 0.469874803768513, 0.445117885290335, 0.27190393245662625, 0.8878485602022983, -0.9770207810266673, -0.3886755081281601, 0.21153595638008826, 0.4103182960875933, -0.9968848691602157, 0.0780729173867844, 0.2768038960345238, 0.42494144946813517, -0.6860595767127005, 0.22488214312355015, -0.05277335196200483, 0.37955853550022534, -0.6167702853345014, 0.6731500801740773, -0.6539460923476521, 0.7410304698488002, -0.33131459510963823]
-17.418848037719727	(8, 12, 2)	[-0.06027232812489777, -0.3482027209866208, -0.5095216772297528, 0.884426805900125, -0.05298036803969783, -0.34375448091795313, -0.9145523137701231, 0.558348108538909, 0.8865874506358353, 0.5101033125668439, 0.3127320410243084, -0.2353212035777329, -0.06587222326251482, -0.8754199593864525, 0.5106445676957325, 0.2824741544750572, 0.2617165479640151, -0.312070440922343, 0.6319416723948444, -0.8679848317927008, 0.31199949718989944, 0.4498340962926559, 0.4833973448741564, -0.5103435163728482, 0.41051621415434547, -0.3551794997239968, -0.7418381715033051, 0.9240968221615439, 0.24028309809289006, -0.3581117516751406, 0.5714875621127222, 0.4206966522659934, 0.6126161664938026, -0.1562758324208, -0.20639480413913125, -0.49352523587084374, 0.3975036067511213, 0.41664042439044136, 0.24920159449306678, 0.6716828840322486, -0.6220919105578409, -0.7246746663662751, 0.9824761026634521, -0.04538551201577001, -0.5321262715363648, 0.2800596495248342, 0.010485745819781483, 0.05265126750405283, -0.5394372671025507, 0.9405118725321229, -0.4347209160832198, 0.10138041811573908, -0.013883916220173598, 1, -0.050751208158690775, 0.35228536194259613, 0.8272136605217156, -0.008164202556094735, -0.8472133595560609, -0.5912472726752264, -0.6839676297154915, 0.386174018398217, 0.5449008642158102, -0.8110915740199865, 0.4826492519077561, -0.3809680972666627, 0.295144252918345, -0.7487953449347537, 0.388040940396305, -0.19311018865666685, -0.8028551849143934, -0.8166832935592735, -1, -0.4591956556893585, 0.8793595672528989, -1, -0.5417318805816074, 0.07278896377703784, 0.2256320710573101, 0.8809729358429695, 0.4605338491052775, -0.8368761435928269, 0.024819704354631184, 0.8438635681975382, -0.2068315035989945, -0.861953021610603, -0.3963763955631749, 0.736612922374057, 1, 0.13176717650461423, -0.4184531787796171, 0.5844578430294927, -0.24089126573759367, 0.1440922862572625, 0.9178696151544387, 0.8600529773751826, 0.6361504573031722, -0.13075531703255838, -0.704734183178569, 0.6398145597874967, 0.9312364237792762, -0.4793862276736447, -0.49842592005581604, -0.11100032667865078, -0.38172991335725914, 0.8488610385329471, -0.7750331046391359, 0.7462961467410552, -0.3114812498629605, -0.1304715635647758, 0.3605682711890163, 0.6531614114592351, -0.2052958721937307, 0.19311666535581984, -0.4269782773963062, 0.0424334610322909, -1, 0.5090262717676381, -0.9508413507322604, 0.004352316192477668]
-15.444202423095703	(8, 12, 2)	[0.1069264276837425, -0.7345160361922902, -0.21047773614884324, -1, 0.7282424986534353, 0.13307684076323367, -0.8758675347209647, -1, 0.6002972547708885, 0.6089499923835353, -1, -0.07319753262509554, 0.6456194511044797, 0.8352106566604456, 0.48417371363654604, 0.2605506095502624, 0.5792835237168761, -0.9242587304028629, 0.20064636628618032, 0.4882677976523901, 1, 0.708103177539467, 1, 0.9948095712797997, 0.5037321021401288, 0.6265705039165848, 0.28420280018460486, 0.6323166556404172, 0.8129449150818666, -0.2825179869245974, -0.578952334576724, -0.4958944203819426, 0.32047523789338406, -0.17394290502303172, -0.4022484430510681, -0.5137332265480816, 0.4456271570780761, 0.8907363926616372, 0.24920159449306678, 0.6257340524108965, -0.6220919105578409, -0.1511880183367874, 0.7350035972504014, -0.20999795487663553, -0.47764972124572425, 0.06267307554177415, -0.6580293576305796, -0.12435198185642138, -0.32808535060473604, 0.23832145118940218, 0.11470591654898071, -1, 0.4919624881309024, -0.0046354731259017345, -0.44722766394371216, 0.35078577621480567, -0.7147117884251885, -0.03259247407419774, -0.9120649761804394, 0.7967483684260106, -0.8450299050175338, 0.1565312940298536, 0.95273488314288, -0.7175693136407402, 0.2337459836088101, 0.8782028900619313, -0.5483903734442812, -0.20410726301108828, 0.388040940396305, 0.8527146050879462, 0.9518318233610743, -0.6696082610102703, 0.007692431241761444, -0.5315838827875631, -0.4619050767860431, -0.8983624128374528, -0.13385927353021732, -0.16215787069724757, 1, -0.191561305107204, -0.5330008654874734, 0.38707844887999476, -0.09552374701354138, -0.42948051720343194, -0.14646638652885408, -0.40006367187119696, -0.48320198515022506, -0.5077961392231033, 0.9526787392713674, -0.7221231689223363, 0.77830456781357, 0.5915761015683915, -0.5884946939352347, -0.6239823109917855, -0.0991050787823797, 0.19123820246835949, 0.4870949679285361, -0.5132487621194776, -0.704734183178569, 0.469874803768513, 0.445117885290335, 0.17246397217231768, 0.8878485602022983, -0.9770207810266673, -0.3886755081281601, 0.21153595638008826, 0.4103182960875933, -1, -0.11632967583528608, 0.2768038960345238, 0.42494144946813517, -0.6860595767127005, 0.22488214312355015, -0.05277335196200483, 0.37955853550022534, -0.6167702853345014, 0.6731500801740773, -0.6539460923476521, 0.7410304698488002, -0.33131459510963823]
-25.1751766204834	(8, 12, 2)	[0.1069264276837425, -0.7345160361922902, -0.21047773614884324, -0.7580547366334554, 0.7282424986534353, 0.13307684076323367, -0.9138113398433277, -0.996259057401512, 0.5325549377472771, 0.6089499923835353, -1, 0.24261266351179445, 0.6456194511044797, 0.8352106566604456, 0.48417371363654604, 0.2605506095502624, 0.35953089487215983, -1, 0.20064636628618032, 0.4882677976523901, 1, 0.708103177539467, 1, 0.7542585623834089, 0.48449482097087504, 0.7948041568646546, 0.3976184264585594, 0.6323166556404172, 0.49597186720542535, -0.2825179869245974, -0.578952334576724, -0.4712863442254811, -0.6915799274419827, 0.22585015105470518, -0.03368622523153253, -0.859453586850589, -0.6292613464130618, -0.2475685047793993, 0.5985293354266834, -0.1871549632677479, -0.7850649778169237, -0.034995575457951705, -1, 0.7000523869940449, -0.37208705542852105, -0.3981997335526588, -0.3839889804580163, -0.26176220917638715, -0.5709724485149634, 0.8736668610404044, 0.319732641153065, -0.510400020425114, 0.35054220579058637, -0.5190413953317503, -0.2946503537095424, 0.5615677510017691, -0.6121950949378197, 0.39122206349536304, -0.9120649761804394, 0.7967483684260106, 0.4748995688369999, 0.5964928516616435, 0.4427998668798152, 0.1390087073510788, 0.13867492074550722, -0.9373271917037765, -0.36466369938904564, 0.025962083458147767, 0.5954627606047476, 0.77621685041197, -0.759778779753979, -0.036637574925087166, 0.010540665963496116, -0.5850141581851773, 1, -1, 0.9627041900116997, -0.27040359851990425, 0.16205288778046, 0.8295841676242381, 0.4605338491052775, -0.3704595730359448, -0.11560931610415148, 0.7540800802661742, -0.195667802912242, -0.41834390919865494, -0.7373538248694438, 0.5189912033491697, 0.7464725971852866, 0.8019257347997892, 0.21920470471204595, 0.8605482137736353, -0.2437642592858021, -0.626120872364708, 0.7518779173946476, -0.4766507216302338, -0.02201585904230023, -0.5132487621194776, -0.704734183178569, 0.8289432185718988, -0.3635106536629018, 0.27190393245662625, 0.8878485602022983, -0.9770207810266673, -0.3886755081281601, 0.21153595638008826, 0.4103182960875933, -0.9968848691602157, -0.11632967583528608, 0.2768038960345238, 0.17882669274980148, -0.6860595767127005, 0.22488214312355015, -0.05277335196200483, 0.39721963979140257, -0.6863402262820236, 0.6731500801740773, -0.6539460923476521, 0.7410304698488002, -0.33131459510963823]
-23.810657501220703	(8, 12, 2)	[-0.06027232812489777, -0.3948097371360393, -0.11395485107357384, -0.7964708987219059, 1, 0.13307684076323367, -0.8168654826607168, -0.996259057401512, 0.4709652166292582, 0.6089499923835353, -0.9434600712427836, 0.1334111495221871, 0.6456194511044797, 0.8352106566604456, 0.48417371363654604, 0.16847885051606568, 0.35953089487215983, -0.9535065578783657, 0.13924220359426925, 0.5380241877697538, 0.9255171597108343, 0.733120821288433, 1, 1, 0.48449482097087504, 0.5275235500944264, 0.3055237718707582, 0.6323166556404172, 0.811920455243273, 0.0740655508940572, -0.6608096135758759, -0.4712863442254811, -0.6915799274419827, 0.22585015105470518, 0.06932929864014231, -0.859453586850589, -0.7149452267316248, -0.48642279009908845, 0.44825841465866684, -0.1871549632677479, -1, -0.034995575457951705, -0.6033463427009134, 0.7711396764201938, -0.37208705542852105, -0.3981997335526588, -0.3839889804580163, 0.14440473765087947, -0.5709724485149634, 0.8736668610404044, 0.319732641153065, -1, 0.1800644058359574, -0.3071025131771336, -0.2946503537095424, 0.3691769256352653, -0.6121950949378197, 0.39122206349536304, -0.9120649761804394, 0.7967483684260106, 0.4748995688369999, 0.3287060940032923, 0.4427998668798152, 0.0077943097063634115, 0.13867492074550722, -0.8616471260145591, 0.36172690325175405, 0.6393069846098038, 1, 0.77621685041197, -0.759778779753979, 0.06757887934028108, -0.126503226011217, -0.6232921317907807, -0.4483596249904362, -1, -0.5977701878596887, -0.22681136304430605, 0.9795041527803445, -0.23861627012031406, -0.6728778460717388, -0.25708412208017695, -0.3812720049084881, -0.42948051720343194, -0.3128330879701182, -0.4455688017568359, -0.4450734187406218, -0.47481517496902126, 0.024179605647768332, 0.13176717650461423, -0.4184531787796171, 0.5844578430294927, -0.8435642169605551, -0.626120872364708, 0.8496915290411811, -0.4766507216302338, -0.02201585904230023, 0.3273963895102229, 0.9905340926121206, 0.2426423374720582, 0.6653784481987818, 0.27190393245662625, 0.7770902532463357, 0.3558818680375666, 0.8499294834088007, 0.21284264294813876, -0.18579625302192704, -0.3599882671133342, -0.23955099648887582, 0.163925482755464, 0.5973818105777586, -0.5324808828579973, 0.8046944205840788, -0.34412591784473145, 0.5835855522603881, 0.12089457003853399, -0.5405176730560152, 0.5090262717676381, -1, -0.06762543911103519]
-19.254108428955078	(8, 12, 2)	[0.1069264276837425, -0.7345160361922902, -0.21047773614884324, -0.7580547366334554, 0.7282424986534353, 0.13307684076323367, -0.9138113398433277, -0.996259057401512, 0.5325549377472771, 0.6089499923835353, -1, 0.17968399082682296, 0.6456194511044797, 0.8352106566604456, 0.48417371363654604, 0.2605506095502624, 0.35953089487215983, -1, 0.20064636628618032, 0.4882677976523901, 1, 0.708103177539467, 1, 0.7542585623834089, 0.48449482097087504, 0.7948041568646546, 0.3976184264585594, 0.6323166556404172, 0.49597186720542535, -0.2825179869245974, -0.578952334576724, -0.4712863442254811, -0.6915799274419827, 0.22585015105470518, 0.06233460594773649, -0.859453586850589, -0.6292613464130618, -0.2475685047793993, 0.5985293354266834, -0.1871549632677479, -0.7850649778169237, -0.034995575457951705, -1, 0.7000523869940449, -0.37208705542852105, -0.3981997335526588, -0.3839889804580163, -0.26176220917638715, -0.5709724485149634, 0.8165630522601021, 0.7032792607590219, -0.294375572128503, 0.35054220579058637, -0.5190413953317503, -0.2946503537095424, 0.5615677510017691, -0.6121950949378197, 0.39122206349536304, -0.9120649761804394, 0.7967483684260106, 0.287652299279875, 0.5964928516616435, 0.4427998668798152, 0.1390087073510788, 0.13867492074550722, -0.9373271917037765, -0.36466369938904564, 0.025962083458147767, 0.5954627606047476, 0.7291786237448041, -0.759778779753979, -0.036637574925087166, 0.010540665963496116, -0.5850141581851773, 1, -1, 0.9627041900116997, -0.27040359851990425, 0.16205288778046, 0.7864994685154088, 0.4605338491052775, -0.3704595730359448, -0.17941747237645853, 0.7540800802661742, -0.195667802912242, -0.41834390919865494, -0.7373538248694438, 0.5189912033491697, 0.7464725971852866, 0.8019257347997892, 0.21920470471204595, 0.8605482137736353, -0.2437642592858021, -0.626120872364708, 0.7518779173946476, -0.4766507216302338, -0.02201585904230023, -0.3379983144194073, -0.704734183178569, 0.8289432185718988, -0.3635106536629018, 0.27190393245662625, 0.8878485602022983, -0.9770207810266673, -0.3886755081281601, 0.21153595638008826, 0.4103182960875933, -0.9968848691602157, -0.11632967583528608, 0.2768038960345238, 0.17882669274980148, -0.5270047574346233, 0.22488214312355015, -0.05277335196200483, 0.39721963979140257, -0.6863402262820236, 0.6731500801740773, -0.6539460923476521, 0.7410304698488002, -0.33131459510963823]
-6.052370548248291	(8, 12, 2)	[0.1069264276837425, -0.7345160361922902, -0.21047773614884324, -0.7580547366334554, 0.7282424986534353, 0.13307684076323367, -0.698933312908376, -0.996259057401512, 0.5325549377472771, 0.6089499923835353, -1, 0.24261266351179445, 0.6456194511044797, 0.8352106566604456, 0.48417371363654604, 0.2605506095502624, 0.35953089487215983, -1, 0.20064636628618032, -0.8679848317927008, 0.5872181624608507, 0.5134771346047906, 0.5534706120612236, -0.37044461731208245, 0.33382947999023355, -0.6489709760476416, -0.45900033827180564, 0.866187713687206, 0.5819636049129999, -0.2825179869245974, -0.578952334576724, -0.4712863442254811, -0.6915799274419827, 0.22585015105470518, 0.14825424823901615, -0.859453586850589, -0.6292613464130618, -0.2475685047793993, 0.5985293354266834, -0.1871549632677479, -0.7850649778169237, -0.034995575457951705, -1, 0.7000523869940449, -0.37208705542852105, -0.3981997335526588, -0.3839889804580163, -0.26176220917638715, -0.5709724485149634, 0.8736668610404044, 0.319732641153065, -0.510400020425114, 0.35054220579058637, -0.5190413953317503, -0.2946503537095424, 0.5615677510017691, -0.6121950949378197, 0.39122206349536304, -0.9120649761804394, 0.7967483684260106, 0.4748995688369999, 0.5964928516616435, 0.4427998668798152, 0.1390087073510788, 0.13867492074550722, -0.9373271917037765, -0.36466369938904564, 0.025962083458147767, 0.5954627606047476, 0.77621685041197, -0.759778779753979, -0.036637574925087166, 0.007317585067985231, -0.5850141581851773, 1, -1, 0.9627041900116997, -0.27040359851990425, 0.16205288778046, 0.8295841676242381, 0.4605338491052775, -0.3704595730359448, -0.21359613116223422, 0.7540800802661742, -0.08844567615392662, -0.41834390919865494, -0.9079265265384833, 0.5189912033491697, 0.7464725971852866, 0.8019257347997892, 0.21920470471204595, 0.8605482137736353, -0.2437642592858021, -0.626120872364708, 0.7518779173946476, -0.4766507216302338, -0.02201585904230023, -0.5132487621194776, -0.704734183178569, 0.8289432185718988, -0.3635106536629018, 0.27190393245662625, 0.8878485602022983, -0.9770207810266673, -0.3886755081281601, 0.21153595638008826, 0.31328687087975704, -0.9968848691602157, -0.11632967583528608, 0.2768038960345238, 0.17882669274980148, -0.6860595767127005, 0.22488214312355015, -0.05277335196200483, 0.39721963979140257, -0.5816611180356659, 0.6731500801740773, -0.6539460923476521, 0.7410304698488002, -0.33131459510963823]
-35.350772857666016	(8, 12, 2)	[0.1069264276837425, -0.7345160361922902, -0.21047773614884324, -1, 0.7282424986534353, -0.2668874647206499, -0.8168654826607168, -0.9755341439721213, 0.4709652166292582, 0.6089499923835353, -1, 0.5133899151954469, 0.6456194511044797, 0.7652515827191549, 0.48417371363654604, 0.45559422378831216, 0.35953089487215983, -0.864033327438286, 0.33466013917762083, 0.7076856774974029, 0.9255171597108343, 0.733120821288433, 1, 0.5031102601007797, 0.557546124832692, 0.5730611601409638, 0.11724262829255638, 0.6323166556404172, 0.8129449150818666, -0.2825179869245974, -0.6608096135758759, -0.4712863442254811, -0.6915799274419827, 0.38097657824910613, -0.03368622523153253, -1, -0.252862443257265, -0.22001589397714638, 0.061294672499511565, 0.5412347018006809, -0.613830059103574, -0.034995575457951705, -0.7401236110004386, 0.7711396764201938, -0.18895444388747273, -0.3981997335526588, -0.3839889804580163, -0.12435198185642138, -0.5709724485149634, 0.8736668610404044, 0.47271950877647495, -1, 0.3330499005047546, -0.5190413953317503, -0.3778462765088257, 0.35078577621480567, -0.47494214585767763, 0.12131152069318747, -1, 0.7967483684260106, 0.4748995688369999, 0.5551248994394525, 0.4427998668798152, 0.0077943097063634115, 0.13867492074550722, -0.8616471260145591, -0.5023262847377675, 0.1608006163546264, 0.8776590926552448, 0.77621685041197, -1, 0.34922725701682933, 0.8413522324287122, -0.4983108171333115, 0.4680529850382679, -0.8774491736248131, -0.6952184382210165, 0.9949414429371446, 0.47830590756618574, -0.2667800414104348, -0.08073918841343325, 0.005197061951743159, -0.7702073939969618, 0.06566423414116476, 0.09104512540788795, -0.7552851883648803, -0.45156585396731425, 0.736612922374057, 1, -0.8267714236411847, 0.48628641605312484, 0.5476575836126139, -0.5884946939352347, -0.9917633476385884, -0.0991050787823797, 0.19123820246835949, 0.4870949679285361, -0.8282938998018053, -0.704734183178569, 0.6603829990411973, 1, -0.9276716551407709, 0.644579224553845, -0.9770207810266673, -0.4508304052232779, 0.21153595638008826, 0.4103182960875933, -0.9968848691602157, -0.11632967583528608, 0.10895006008579827, 0.42494144946813517, -0.6860595767127005, 0.22488214312355015, -0.05277335196200483, 0.37955853550022534, -0.835378754157073, 0.8601422795263297, -0.5611641766800681, 0.753226225692908, -0.33131459510963823]
-30.014997482299805	(8, 12, 2)	[-0.47209528693133407, -0.7214939568012744, -0.4443584422215152, 0.6855524611578687, 0.29488984316780376, -0.3449021446469356, -0.6626889392602643, 0.2428477767938289, 0.8000905263200998, 0.28310997444672215, 0.433668481626829, -0.17886137169198574, -0.11056035276612156, -0.6279267447208621, 0.6748871496941862, 0.24984812653353483, 0.12825539550070958, -0.07157639109886538, -0.0879506427650747, -0.8679848317927008, 0.6372566272739961, 0.4977040707698683, 0.26793007419106635, -0.19030622384910262, 0.41051621415434547, -1, -0.6829681829488434, 0.9949696751479913, 0.3426618879814823, -0.3143853157883501, 0.5714875621127222, 0.3696342928268549, 0.44896194851572796, 0.1831219977866469, 0.12629964234147262, -0.19695405579048914, -0.12198899968816757, 0.0454681933959514, -0.42704631979854857, 0.13377210078763765, -0.6030841871390494, -0.32089435290059876, -0.23550567842220393, 0.3586038231907076, 0.9833417518426413, 0.34620911698043944, 0.12368333116623485, 0.054916649192208636, -0.5394372671025507, 1, -0.8075451652443004, -0.30522266223108163, 0.45339592883521146, 0.09782752639594428, -0.4504956437872709, 0.3555382326077797, 0.7780752313859598, 0.32943440135957647, -1, -0.467499069672702, -0.6839676297154915, 0.11863278386490891, 0.5449008642158102, -0.41076719974199594, -0.14761266286852157, -0.13987471280207106, 0.6473349220368846, 0.7571364443830845, 0.7912872165493947, -0.8716787096442434, 0.14009307555601755, -0.7011913644210027, 0.14241638222305147, -0.507281055612321, 0.8793595672528989, -1, -1, -0.08412894415090827, 0.7399095401200366, 0.20926580661517902, -0.04090548793495846, 0.38707844887999476, 0.09693687351624015, -0.42948051720343194, -0.3128330879701182, -0.4526659010307868, -0.8911716236452898, 0.02833922897982572, -0.07784861941327988, -0.034768689052706386, 0.4324634373063567, 0.8605482137736353, -0.06014164785631482, -0.8581151528288976, 0.8358859352029253, -0.4766507216302338, -0.143232801663976, -0.5132487621194776, -0.704734183178569, 0.8289432185718988, -0.3635106536629018, 0.039396418985563786, 1, -0.9770207810266673, -0.3886755081281601, 0.24111694908813872, 0.27848463099903487, -0.7219402215342443, -0.2732797684695859, 0.2768038960345238, 0.42494144946813517, -0.6860595767127005, -0.21697339152576284, -0.05277335196200483, -0.4272393752310135, 0.5964088345509639, -0.6265695341315481, -0.4286849503476291, -0.8491033092451746, -0.33849309141268663]
-43.21493911743164	(8, 12, 2)	[0.1069264276837425, -0.7345160361922902, -0.21047773614884324, -0.7580547366334554, 0.7282424986534353, 0.13307684076323367, -0.8758675347209647, -0.9882005101558815, 0.42751490352786414, 0.6089499923835353, -1, 0.24261266351179445, 0.042177304203221855, 0.8352106566604456, 0.7104527142166889, 0.9059541018876631, 0.2221998918880148, -0.9535065578783657, 0.20064636628618032, 0.4882677976523901, 1, 0.708103177539467, 1, 0.9948095712797997, 0.48449482097087504, 0.7948041568646546, 0.28420280018460486, 0.6323166556404172, 0.8129449150818666, -0.2825179869245974, -0.578952334576724, -0.18782655017620775, -0.7688139787504553, 0.4025687587597639, -0.03368622523153253, -0.859453586850589, -0.36201203329844733, -0.36350937346570356, 0.4617809641782863, 0.06884429277461762, -0.6829475154938909, -0.283775532711991, -0.9685144593739056, 0.9775068685929904, -0.37208705542852105, -0.4585023655747425, -0.3839889804580163, -0.12435198185642138, -0.5709724485149634, 0.8736668610404044, 0.38955566364986055, -1, 0.2561209092283356, -0.5190413953317503, -0.7919076526385257, 0.35078577621480567, -0.6121950949378197, 0.07447924287864756, -0.6381585155090554, 0.7576116694659913, 0.3078535236452298, 0.21748213685631473, 0.4427998668798152, -0.20098493226263353, -0.015596318044835522, -0.24977665534014548, 0.36172690325175405, 0.6748555566146316, 1, -0.6753389050440353, 0.08389417371990038, -0.8281204360211373, 0.6498104327113426, -0.5315838827875631, -0.08194531822615803, -0.8465335061705606, -0.5417318805816074, -0.10391522024475441, 0.9131254217839196, -0.30011858228122956, -0.7470043102941883, 0.5999872142283664, -0.27500387427943485, -0.42948051720343194, -0.5050917097477838, -0.7867600614078085, -0.20079983185008118, 0.2329584875764104, 0.6905261682425554, -0.01685733260371708, -0.5104190554391104, 0.5550931233609315, -0.19661373049753572, 0.6136020898366845, 0.453576775967917, 0.3016526794353367, 0.9446289435182156, 0.345181970640719, 0.31317878065406646, 0.8289432185718988, -0.24100295689930326, -0.02058572265700301, 0.7332474781931319, 0.40384676733300273, 0.27799540800511857, -0.4757771916540147, -0.9558592149556753, 0.6503353802583566, 0.2878599002739387, -0.44447265796511853, 0.42494144946813517, -0.6860595767127005, 0.22488214312355015, 0.12957959657519885, 0.120536716361415, -0.6167702853345014, 0.6731500801740773, -0.6539460923476521, 0.7410304698488002, -0.33131459510963823]
-59.732887268066406	(8, 12, 2)	[-0.755593541456224, -0.3948097371360393, -0.6812985552829878, 1, 0.29488984316780376, -0.1957121145724219, -0.9145523137701231, 0.558348108538909, 1, 0.6890991891267189, 0.4519688798719801, -0.2353212035777329, -0.0657443362846154, -0.8754199593864525, 0.5106445676957325, 0.2824741544750572, 0.2617165479640151, -0.1501697183117247, 0.5181197687418022, -1, 0.6372566272739961, 0.4498340962926559, 0.4262555095107303, 0.06776464813457278, 0.4104896630224306, -0.19317665338550613, -0.7348355512913105, 0.9240968221615439, 0.24028309809289006, -0.21565966487933771, 0.1939850705395238, 0.571404861312004, 0.3526247657499706, 0.14422986751782435, -0.2765726153388327, -0.49352523587084374, 0.5108056717066347, 0.1681792065219131, 0.36058654350108005, 0.7558433491316627, -0.6220919105578409, -0.9113725994871886, 0.7350035972504014, -0.09049701704264948, -0.5608434699992958, 0.5322061581075708, 0.010485745819781483, -0.13324793541526556, -0.6801643515604356, 1, -0.7048793420172482, 0.0032282789369972587, -0.3938449198325234, 0.37307370378478916, -0.5458859212612948, 0.3555382326077797, 0.8272136605217156, 0.25154404323083296, -0.9890519512320473, -0.8192458225135607, -0.5917005419720941, 0.17507956597338914, -0.7426989676056239, 0.0077943097063634115, 0.13867492074550722, -0.7771787226799776, -0.5414658831433834, 0.1647667245358455, 0.8776590926552448, 0.77621685041197, -0.759778779753979, 0.34922725701682933, 0.007692431241761444, -0.4204725163041967, -0.4619050767860431, -0.8983624128374528, -0.07783456867694852, -0.16215787069724757, 0.8509072624858194, -0.191561305107204, -0.5330008654874734, 0.38707844887999476, -0.1878202709058815, -0.4878415092666716, 0.3732873098085038, 0.0667307670148839, -0.08671708705919043, -0.6192788786113788, 0.024179605647768332, -0.8267714236411847, 0.36733467696264693, 1, -0.5884946939352347, -0.43092436502798204, -0.09000166659606967, 0.5991900899254614, 0.5021866217780266, -0.22249791518644468, -0.8812596038479185, 0.469874803768513, 0.445117885290335, -0.9945429875612979, -0.4992305995747366, -0.2757152693212773, 0.687244710061051, -0.4757771916540147, -0.9558592149556753, 0.35347849526081065, 0.2878599002739387, -0.44447265796511853, 0.8546144894832305, 0.47564205281097777, 0.9723777884221363, -0.34412591784473145, 0.5835855522603881, 0.12089457003853399, -0.3234789226279111, 0.5090262717676381, -0.20656168947582798, 0.5334535890566918]
-51.41377639770508	(8, 12, 2)	[-0.15418120049507372, -0.7345160361922902, -0.21047773614884324, -1, 0.7282424986534353, -0.38519352247629285, -0.8168654826607168, -0.8778411439506587, 0.4709652166292582, 0.6089499923835353, -0.8159870369072648, 0.4232592964636032, 0.6456194511044797, 0.8352106566604456, 0.48417371363654604, 0.45559422378831216, 0.35953089487215983, -0.9535065578783657, 0.20064636628618032, 1, 0.9448008846852562, 0.733120821288433, 0.8897602281576872, 0.8417243279212798, 0.557546124832692, 0.7573719265526233, 0.28277411884531445, 0.6323166556404172, 0.8129449150818666, -0.7849089770040403, -0.4239815828634945, -0.869948879135704, 0.2614743392861958, 0.7125901714652912, -0.375440529244715, -0.7680946270171667, 0.43272365898347287, 0.555136099328188, 0.521732749973323, 0.6716828840322486, -0.8986321816490185, -0.20669762808030762, 0.7350035972504014, -0.23393032250257706, -0.5106269297001683, 0.2800596495248342, 0.010485745819781483, -0.13324793541526556, -0.2733221501080883, 0.9405118725321229, -0.7775690538563003, -0.38565958811906875, -0.08484438037311678, 0.6565728246658632, -0.6725455948764771, 0.3555382326077797, 0.8272136605217156, 0.25154404323083296, -0.5082841328670618, -0.9945446094120984, 0.4748995688369999, 0.36873791664211286, 0.4427998668798152, 0.46588001646671345, 0.13867492074550722, -0.9373271917037765, -0.36466369938904564, 0.025962083458147767, 0.5954627606047476, 0.7291786237448041, -0.759778779753979, -0.036637574925087166, -0.3146456070794257, -0.5470646703776956, 1, -1, 0.9627041900116997, -0.27040359851990425, 0.16205288778046, 0.7864994685154088, 0.4605338491052775, -0.3704595730359448, -0.17941747237645853, 0.7540800802661742, -0.195667802912242, -0.319531944367192, -0.7373538248694438, 0.5159262219788028, 0.7464725971852866, -0.8267714236411847, -0.4184531787796171, 0.5783781358077141, -0.24089126573759367, -0.19313453834551736, 0.8529750535927728, 0.8600529773751826, 0.6361504573031722, -0.13075531703255838, -0.5937987653065029, 0.6603829990411973, -0.7463735721513507, 0.2465654613671378, 0.4544943709378643, 0.40384676733300273, 0.16218019195790034, 0.21153595638008826, 0.27848463099903487, -0.4092123404855603, -0.16674779251927452, 0.2768038960345238, 1, 0.44616684037462573, 0.5098407628607929, 0.6046061618459666, -0.9447480886501678, -0.05642798989248163, 0.8103664263817908, -1, 0.5515890136535693, -0.33131459510963823]
-36.05363464355469	(8, 12, 2)	[0.1069264276837425, -0.7345160361922902, -0.21047773614884324, -0.7580547366334554, 0.8328973800490361, 0.13307684076323367, -0.9569931911471015, -0.9882005101558815, 0.4709652166292582, 0.6089499923835353, -1, 0.24261266351179445, 0.20691652095731705, 0.8352106566604456, 0.5966272421032198, 0.6217817120301744, 0.35953089487215983, -0.4410304150115477, 0.20064636628618032, 0.4882677976523901, 1, 0.708103177539467, 1, 0.9723254111890114, 0.4033435419305438, 0.7948041568646546, 0.28420280018460486, 0.6323166556404172, 0.8129449150818666, -0.2825179869245974, -0.578952334576724, -0.18782655017620775, -0.7688139787504553, 0.4025687587597639, -0.06582085938281607, -0.859453586850589, -0.36201203329844733, -0.22001589397714638, 0.4617809641782863, 0.06884429277461762, -0.6829475154938909, -0.3389597485935111, -0.9685144593739056, 0.9775068685929904, -0.37208705542852105, -0.4585023655747425, -0.3839889804580163, -0.12435198185642138, -0.4473524826337786, 0.8736668610404044, 0.04534266086731392, -1, 0.2561209092283356, -0.5190413953317503, -0.8291202394479069, 0.35078577621480567, -0.6121950949378197, 0.07447924287864756, -0.6381585155090554, 1, 0.5728446709284238, 0.36873791664211286, 0.4532758085089536, 0.028046495523896, 0.13867492074550722, -0.9373271917037765, -0.14019180698210698, 0.025962083458147767, 0.5954627606047476, 0.7291786237448041, -0.759778779753979, -0.6696082610102703, 0.030467945364148485, -0.5503676642646645, -0.1361850653555348, -0.7518274931433173, 0.9627041900116997, -0.27040359851990425, 0.16205288778046, 0.7864994685154088, 0.4605338491052775, -0.3704595730359448, -0.17941747237645853, 1, -0.195667802912242, -0.319531944367192, -0.7373538248694438, 0.5189912033491697, 0.7464725971852866, 0.8019257347997892, -0.07500865596652195, 0.8605482137736353, 0.1706166971828984, -0.626120872364708, 0.7518779173946476, -0.4766507216302338, -0.39654195738609394, -0.19281664879906305, -0.704734183178569, 0.8289432185718988, -0.3635106536629018, 0.27190393245662625, 0.9515816360454918, -0.767013316437853, -0.3886755081281601, 0.073703575273394, 0.4103182960875933, -0.9968848691602157, -0.11632967583528608, 0.2768038960345238, 0.42494144946813517, -0.6860595767127005, -0.05467990906617348, 0.12957959657519885, 0.120536716361415, -0.6167702853345014, 0.6731500801740773, -0.6539460923476521, 0.7410304698488002, -0.33131459510963823]
-42.102230072021484	(8, 12, 2)	[-0.09312128955248067, -0.4516352025276655, -0.21047773614884324, -1, 0.7282424986534353, -0.38822264467843737, -1, -0.8778411439506587, 0.4709652166292582, 0.6089499923835353, -0.8159870369072648, 0.48514810440172124, 0.6456194511044797, 0.8907147058249817, 0.48417371363654604, 0.45559422378831216, 0.35953089487215983, -0.9535065578783657, 0.20064636628618032, 1, 0.9448008846852562, 0.733120821288433, 0.8897602281576872, 0.8417243279212798, 0.557546124832692, 0.7573719265526233, 0.28277411884531445, 0.6323166556404172, 0.8129449150818666, -0.4782892103624876, -0.4239815828634945, -0.8585635558950173, 0.2614743392861958, 0.591862164466229, -0.375440529244715, -0.6114523969299475, 0.4301073342794247, 0.555136099328188, 0.3214258077857681, 0.6716828840322486, -0.8986321816490185, -0.20669762808030762, 0.9347360643860628, -0.23393032250257706, -0.6651539244343986, 0.2800596495248342, 0.010485745819781483, -0.13324793541526556, -0.2733221501080883, 1, -0.7775690538563003, -0.38565958811906875, 0.0470836439698088, 0.6565728246658632, -0.6725455948764771, 0.3555382326077797, 0.7719038209366227, 0.25154404323083296, -0.5082841328670618, -0.9945446094120984, 0.40223279982255067, 0.27849553014171224, 0.4427998668798152, 0.028046495523896, 0.13867492074550722, -0.9373271917037765, -0.36466369938904564, -0.22848537032973132, 0.5954627606047476, 0.7291786237448041, -0.759778779753979, -0.036637574925087166, 0.010540665963496116, -0.5470646703776956, 1, -1, 0.9627041900116997, -0.27040359851990425, 0.16205288778046, 0.7864994685154088, 0.21929601107242544, -0.3704595730359448, -0.17941747237645853, 0.7540800802661742, -0.195667802912242, -0.319531944367192, -0.7373538248694438, 0.5189912033491697, 0.7529660942455494, 0.773574915946627, 0.12967910438999036, 0.8108334736099075, -0.2437642592858021, -0.626120872364708, 0.7518779173946476, -0.4766507216302338, -0.5609650589164197, -0.3379983144194073, -0.704734183178569, 0.8289432185718988, 0.21827074620333575, 0.3659335281400022, 0.8878485602022983, -0.9770207810266673, -0.002924486444798813, 0.21153595638008826, -0.07628062767738275, -0.4092123404855603, -0.23955099648887582, 0.028365184531216503, 0.5973818105777586, -0.6062723583530807, 0.7210802613299783, -0.29828528369375085, 0.42842254915770994, 0.12089457003853399, -0.3374129443492393, 0.5090262717676381, -0.44299047381634676, -0.33131459510963823]
-21.617149353027344	(8, 12, 2)	[-0.15418120049507372, -0.7345160361922902, -0.21047773614884324, -1, 0.7282424986534353, -0.6138242822427262, -0.8168654826607168, -0.8778411439506587, 0.4709652166292582, 0.6089499923835353, -0.8159870369072648, 0.4232592964636032, 0.6456194511044797, 0.8352106566604456, 0.48417371363654604, 0.45559422378831216, 0.2495063902547084, -0.9535065578783657, -0.19258771934711422, 1, 0.7554339370203604, 0.733120821288433, 0.8897602281576872, 0.8417243279212798, 0.557546124832692, 0.7573719265526233, 0.28277411884531445, 0.6323166556404172, 0.8129449150818666, -0.7849089770040403, -0.4239815828634945, -0.869948879135704, 0.2614743392861958, 0.7125901714652912, -0.375440529244715, -0.7680946270171667, 0.43272365898347287, 0.555136099328188, 0.521732749973323, 0.8744475345070775, -0.8986321816490185, -0.20669762808030762, 0.7024552382248016, -0.23393032250257706, -0.5106269297001683, -0.029562159662132825, 0.010485745819781483, -0.13324793541526556, -0.2733221501080883, 0.9405118725321229, -0.7775690538563003, -0.38565958811906875, -0.08484438037311678, 0.6565728246658632, -0.6725455948764771, 0.3555382326077797, 0.8272136605217156, 0.25154404323083296, -0.5082841328670618, -0.9945446094120984, 0.4748995688369999, 0.36873791664211286, 0.4427998668798152, 0.8202229237137644, 0.13867492074550722, -0.6310160746777682, -0.36466369938904564, 0.025962083458147767, 0.5954627606047476, 0.7291786237448041, -0.759778779753979, -0.036637574925087166, -0.3146456070794257, -0.5470646703776956, 1, -1, 0.9627041900116997, -0.27040359851990425, 0.16205288778046, 0.7864994685154088, 0.4605338491052775, -0.3704595730359448, -0.17941747237645853, 0.7540800802661742, -0.195667802912242, -0.319531944367192, -0.7373538248694438, 0.5159262219788028, 0.7464725971852866, -0.8267714236411847, -0.4184531787796171, 0.5783781358077141, -0.24089126573759367, -0.19313453834551736, 0.8529750535927728, 0.8600529773751826, 0.6361504573031722, -0.13075531703255838, -0.5937987653065029, 0.6603829990411973, -0.759536425605039, 0.2465654613671378, 0.4544943709378643, 0.40384676733300273, 0.09484764223034456, 0.21153595638008826, 0.27848463099903487, -0.4092123404855603, -0.6676834284313778, 0.028365184531216503, 1, 0.44616684037462573, 0.5098407628607929, 0.6046061618459666, -0.9447480886501678, -0.05642798989248163, 0.8103664263817908, -1, 0.5515890136535693, -0.33131459510963823]
-29.251819610595703	(8, 12, 2)	[0.370618658650214, -0.7345160361922902, -0.34819681681434267, -1, 0.59399964267365, 0.39615668019524286, -0.8168654826607168, -0.996259057401512, 0.4709652166292582, 0.7648968385295535, -0.8026711571472722, 0.49617486692701696, 0.4449053230838066, 0.8352106566604456, 0.4285951208044441, 0.2605506095502624, 0.5206545118473836, -0.971012294009993, 0.20064636628618032, 0.2201284440343158, 1, 0.708103177539467, 0.7232327907972435, 0.9948095712797997, 0.5037321021401288, 0.5958030333540529, 0.3055237718707582, 0.6323166556404172, 0.811920455243273, 0.0025791006048347664, -0.4239815828634945, -0.8585635558950173, 0.1486285162120709, 0.005494372751379373, -0.4022484430510681, -0.5137332265480816, 0.4456271570780761, 0.8907363926616372, -0.08008399821580792, 0.6257340524108965, -0.6220919105578409, 0.08302779758226919, 0.46418048109957044, -0.06809114500690727, -0.7473144903523266, 0.3091080169912829, -0.2896833706867138, -0.13324793541526556, -0.13410294738867423, 0.77527441004036, -0.816670923000187, 0.0032282789369972587, 0.39613588835622116, -0.8447631411902419, -0.2946503537095424, 0.29927548166099216, -0.6121950949378197, -0.1219857812168936, -0.9120649761804394, 0.4411608564975991, -1, 0.3143611413719103, 0.95273488314288, -0.7175693136407402, 0.2337459836088101, 0.8782028900619313, -0.5483903734442812, -0.20410726301108828, 0.5839771763077868, 0.8527146050879462, 0.9518318233610743, -0.6696082610102703, 0.531502348271483, -0.4194430136456591, -0.4763284422576085, -0.796673997810536, -1, 0.9949414429371446, 0.5180937918928934, -0.23859100448328513, 0.46705966532409976, 0.0037835011045789235, -0.9502469479775044, 0.14990555661577903, -0.7154498594198999, -0.06943091020965027, 0.6197054992122242, 0.8681696603578635, -0.0014593863773496307, 0.1567187842966138, -0.7946442520231458, 1, -0.5859590924407299, -0.2907161545586797, -0.49233517324918674, -0.007709121996146734, 0.3338434614416545, -0.9610052712497636, 0.08701363502560017, 0.4434514308384523, -1, -0.02058572265700301, 0.6282057875150109, 0.40384676733300273, 0.27799540800511857, -0.4757771916540147, -0.7543736844536694, 0.8986562946517792, -0.37292466316440853, 0.520820091927535, 0.01469685162035339, -0.6860595767127005, -0.01694447096318019, -0.021629245384160084, 0.4518937563097486, -0.8288236394878564, 0.7060126094480857, -1, 0.5515890136535693, -0.33131459510963823]
-18.845483779907227	(8, 12, 2)	[-0.04127840444375897, -0.876304296087175, -0.21047773614884324, -1, 0.7282424986534353, -0.31892341676070207, -0.8168654826607168, -1, 0.4709652166292582, 0.6089499923835353, -1, 0.4232592964636032, 0.6267850823184498, 0.8352106566604456, 0.7640483171353316, 0.22548345723701071, 0.35953089487215983, -0.9617423515245968, 0.19403565384692936, 1, 1, 0.7817542783066156, 0.7232327907972435, 0.9948095712797997, 0.5037321021401288, 0.5958030333540529, 0.3055237718707582, 0.6323166556404172, 0.811920455243273, 0.0025791006048347664, -0.4239815828634945, -0.8585635558950173, 0.1486285162120709, 0.005494372751379373, -0.4022484430510681, -0.5137332265480816, 0.4456271570780761, 0.8907363926616372, -0.08008399821580792, 0.6257340524108965, -0.6220919105578409, 0.08302779758226919, 0.46418048109957044, -0.06809114500690727, -0.7473144903523266, 0.4297119429868055, -0.2896833706867138, -0.13324793541526556, -0.13410294738867423, 0.77527441004036, -0.816670923000187, 0.0032282789369972587, 0.39613588835622116, -0.8447631411902419, -0.2946503537095424, 0.29927548166099216, -0.6121950949378197, -0.4105857576071217, -0.9120649761804394, 0.4411608564975991, -1, 0.3143611413719103, 0.95273488314288, -0.7175693136407402, 0.2337459836088101, 0.8782028900619313, -0.5483903734442812, -0.20410726301108828, 0.5839771763077868, 0.9855280189712738, 0.9518318233610743, -0.6696082610102703, 0.531502348271483, -0.4194430136456591, -0.4763284422576085, -0.796673997810536, -1, 0.9949414429371446, 0.5180937918928934, -0.23859100448328513, 0.46705966532409976, 0.0037835011045789235, -0.9502469479775044, 0.14990555661577903, -0.7154498594198999, -0.06943091020965027, 0.6197054992122242, 0.8681696603578635, -0.0014593863773496307, 0.1567187842966138, -0.7946442520231458, 1, -0.5859590924407299, -0.2907161545586797, -0.49233517324918674, -0.007709121996146734, 0.6670452230560064, -0.9610052712497636, 0.08701363502560017, 0.4434514308384523, -1, -0.02058572265700301, 0.6282057875150109, 0.40384676733300273, 0.16218019195790034, 0.21153595638008826, 0.27848463099903487, -0.4092123404855603, 0.009312906302071544, 0.49525683688645505, 1, 0.5097560461511577, 0.5098407628607929, 0.6046061618459666, -0.9447480886501678, 0.05917591684794535, -0.7949339705452114, 0.15906131953587416, 0.5515890136535693, -0.33131459510963823]
-24.89904022216797	(8, 12, 2)	[0.1415673114159311, -0.7345160361922902, -0.21047773614884324, -1, 0.7282424986534353, -0.38519352247629285, -0.8168654826607168, -0.8760525019443838, 0.4709652166292582, 0.6089499923835353, -0.8368033646434812, 0.48714055611676066, 0.6456194511044797, 0.8352106566604456, 0.48417371363654604, 0.45559422378831216, 0.35953089487215983, -0.9974580471257082, 0.20064636628618032, 1, 0.9448008846852562, 0.7647546250588855, 0.8897602281576872, 0.8417243279212798, 0.557546124832692, 0.7573719265526233, 0.5725105912292368, 0.6323166556404172, 0.8909366915859518, -0.7849089770040403, -0.4239815828634945, -0.869948879135704, 0.2614743392861958, 0.7064902631180978, -0.19949107420930462, -0.7528841108047015, 0.33279949166240774, -0.24921247436075963, 0.7400684089044804, -0.1871549632677479, -0.6867896147220666, -0.034995575457951705, -0.765852461549096, 0.7000523869940449, -0.37208705542852105, -0.40126057171399687, -0.3839889804580163, -0.26026211200154103, -0.39983888258151257, 1, 0.7032792607590219, -0.294375572128503, 0.1348056871981394, -0.8447631411902419, -0.2946503537095424, 0.152354423632149, -0.6121950949378197, 0.39122206349536304, -0.9837818150834551, 0.7967483684260106, 0.287652299279875, 0.5964928516616435, 0.40133624446476407, 0.028046495523896, -0.10756140974867912, -0.9373271917037765, -0.44059435204210073, 0.025962083458147767, 0.5954627606047476, 0.7291786237448041, -0.759778779753979, -0.036637574925087166, 0.010540665963496116, -0.5173341354509379, 1, -1, 0.7447777654981049, -0.27040359851990425, 0.01328905124564514, 0.7864994685154088, 0.8645669732886168, 0.8998738885130542, -0.09159250683931686, -0.2877747193065734, -0.569558860780905, -0.7552851883648803, -0.6932995597123025, 0.736612922374057, 1, -0.8267714236411847, -0.4184531787796171, 0.5783781358077141, -0.24089126573759367, -0.19313453834551736, 0.7819341286331534, 0.802983248393611, 0.6313201545442786, -0.13075531703255838, -0.5937987653065029, 0.6603829990411973, -0.3518711984585893, 0.2465654613671378, 0.4544943709378643, 0.40384676733300273, 0.16218019195790034, 0.21153595638008826, 0.27848463099903487, -0.4092123404855603, -0.16674779251927452, 0.23593995631977704, 1, 0.44616684037462573, 0.5098407628607929, 0.25340062888397574, -0.9447480886501678, -0.05642798989248163, -1, 0.15906131953587416, 0.39709757472723434, -0.33131459510963823]
-34.629093170166016	(8, 12, 2)	[0.45670911888636234, 0.9320993861560528, 0.9545067455495573, -0.5340057821478714, 0.14957763966390414, 0.41635431027674485, 0.09590806818544345, 0.5244935667482711, -1, -0.6252854174306306, -0.8159870369072648, 0.30905433395649023, 0.6998830268914519, 0.8352106566604456, 0.48417371363654604, 0.45559422378831216, 0.35953089487215983, -0.9535065578783657, 0.07278848779226887, 1, 0.9755636265325697, 0.733120821288433, 0.8897602281576872, 0.3240642509167101, 0.5533687747450304, 0.7573719265526233, 0.6769894910755246, 0.5150886210237886, 0.8129449150818666, -0.7849089770040403, -0.4297607671490779, -0.869948879135704, 0.2614743392861958, 0.7125901714652912, -0.375440529244715, -0.7680946270171667, 0.43272365898347287, 0.6548296323000002, 0.521732749973323, -0.8939293940124083, -0.47141654067457944, 0.6212986562205709, -0.2314504740356937, 0.5368770807913585, 0.7471592234473391, 0.4648967347441181, 0.31629641767198113, -0.534069730620567, -1, 0.7217326525058042, -0.8522579085059386, -0.05186345842177556, 0.09279963054197778, 0.4773548141577902, -0.2696944591846402, 0.7237949414662364, 0.6037647190457074, 0.8965873974750527, -0.5378337904531132, 1, -0.6839676297154915, 0.5522419847457332, 0.5449008642158102, -0.24185610830884313, -0.14761266286852157, -0.13987471280207106, 0.45649645373936953, 0.6369892283444194, 0.7912872165493947, -0.74045847225124, 0.14009307555601755, -0.7011913644210027, 0.14241638222305147, -0.49216399124925636, -0.4619050767860431, -0.3813240628119312, -1, -0.06452501121472332, 1, 0.36653226256409255, -0.8714187890920716, 0.4165333871281112, -0.6920518581817292, -0.3580216624077656, -0.519092392465267, -0.9445708008832125, -0.3963763955631749, 0.9258160606548993, 1, -0.34954039043561713, 0.48628641605312484, -0.02734666977469219, -0.6824966560071881, -0.6204897780751242, 0.8496915290411811, 0.19123820246835949, 0.4870949679285361, -0.22249791518644468, -0.8812596038479185, 0.4434514308384523, -0.9855935078286858, -0.02058572265700301, 0.4447477161093798, 0.40384676733300273, 0.27799540800511857, -0.4757771916540147, -0.9558592149556753, 0.6503353802583566, -0.7067073480516912, 0.5728941870493867, 0.5625004053015362, -0.6538257127536136, 0.9723777884221363, -0.34412591784473145, 0.5835855522603881, 0.12089457003853399, -0.7631065205509097, 0.15992760729181366, -0.337327007436514, 0.09073947104889726]
-27.779319763183594	(8, 12, 2)	[0.1069264276837425, -0.7345160361922902, -0.18303783483356367, -0.9153729993322909, 0.7282424986534353, -0.10873489324967425, -0.8168654826607168, -0.42379108744873284, 0.4709652166292582, 0.8994482501816607, -1, 0.5133899151954469, 0.45249597858477775, 0.809186169913375, 0.44362583825196755, 0.45559422378831216, 0.2495063902547084, -0.9535065578783657, -0.19258771934711422, 0.9948172887276387, 0.7554339370203604, 0.733120821288433, 0.7590074924280019, 0.8417243279212798, 0.557546124832692, 0.7573719265526233, 0.28277411884531445, 0.6323166556404172, 0.978687421986931, -0.7849089770040403, -0.4239815828634945, -0.869948879135704, 0.2614743392861958, 0.7125901714652912, -0.375440529244715, -0.7680946270171667, 0.43272365898347287, 0.555136099328188, 0.0605985132911801, 0.8744475345070775, -0.8986321816490185, -0.20669762808030762, 0.7024552382248016, -0.23393032250257706, -0.6581765470507286, -0.029562159662132825, 0.14020049956156666, -0.13324793541526556, -0.2733221501080883, 0.9405118725321229, -0.7775690538563003, -0.38565958811906875, -0.08484438037311678, 0.6565728246658632, -0.6725455948764771, 0.3909945246172726, 1, 0.25154404323083296, -0.5082841328670618, -0.9945446094120984, 0.4748995688369999, 0.36873791664211286, 0.2512815399868369, 0.8202229237137644, -0.1664362081943454, -0.9373271917037765, -0.36466369938904564, -0.22848537032973132, 0.5954627606047476, 0.7291786237448041, -0.759778779753979, -0.036637574925087166, -0.3146456070794257, -0.5470646703776956, 1, -1, 0.9627041900116997, -0.27040359851990425, 0.16205288778046, 0.7864994685154088, 0.4605338491052775, -0.3704595730359448, -0.17941747237645853, 0.7540800802661742, -0.195667802912242, -0.319531944367192, -0.7373538248694438, 0.5159262219788028, 0.8565374076495857, -0.8267714236411847, -0.4184531787796171, 0.5783781358077141, 0.245071557211074, -0.7280630159634613, 0.4313364806455583, 0.032446178539785986, 0.5021866217780266, -0.13075531703255838, -0.5937987653065029, 0.6603829990411973, -0.759536425605039, 0.05751077379430797, 0.22666106722042595, 0.40384676733300273, 0.09484764223034456, 0.21153595638008826, 0.27848463099903487, -0.4092123404855603, -0.6676834284313778, 0.028365184531216503, 1, 0.44616684037462573, 0.22488214312355015, 0.06412619283652171, 0.4518937563097486, -0.6993128815158796, 0.8601422795263297, -0.5611641766800681, 1, -0.09796052351854531]
-30.738431930541992	(8, 12, 2)	[0.2794586157728184, -0.6422131855296529, -0.21047773614884324, -1, 0.746880818434059, -0.47843791413833503, -0.8168654826607168, -0.8778411439506587, 0.3775441029457537, 0.6089499923835353, -0.8159870369072648, 0.4232592964636032, 0.6456194511044797, 0.8352106566604456, 0.48417371363654604, 0.45559422378831216, 0.6841301732126457, -0.9535065578783657, 0.20064636628618032, 1, 0.9448008846852562, 0.733120821288433, 0.8897602281576872, 0.8417243279212798, 0.557546124832692, 0.7573719265526233, 0.6049474997109394, 0.6323166556404172, 0.8129449150818666, -0.7849089770040403, -0.4239815828634945, -0.869948879135704, 0.2614743392861958, 0.7064902631180978, -0.27257947572734526, -0.5176746974954474, 0.33279949166240774, -0.24921247436075963, 0.7400684089044804, -0.1871549632677479, -0.7850649778169237, -0.034995575457951705, -0.765852461549096, 0.7000523869940449, -0.12046874637701488, -0.3981997335526588, -0.3839889804580163, -0.26026211200154103, -0.6533737530067916, 0.8165630522601021, 0.7190756717958062, -0.12717335579422603, 0.1348056871981394, -0.8447631411902419, -0.2946503537095424, 0.35078577621480567, -0.6121950949378197, 0.39122206349536304, -0.9837818150834551, 0.7967483684260106, 0.287652299279875, 0.5964928516616435, 0.40133624446476407, 0.028046495523896, 0.15107925073818576, -0.9373271917037765, -0.44059435204210073, 0.025962083458147767, 0.6674787111834221, 0.7291786237448041, -0.9652813392240989, -0.036637574925087166, -0.25245934184284763, -0.5173341354509379, 1, -0.796673997810536, -1, 0.9949414429371446, 0.5180937918928934, -0.05650232655283666, 0.8906490910601963, 0.0037835011045789235, -0.9502469479775044, 0.03615411717516011, -0.7154498594198999, -0.06943091020965027, 0.5862789017214013, 0.8681696603578635, -0.0014593863773496307, 0.1567187842966138, -0.7946442520231458, 1, -0.5859590924407299, 0.4202403117063409, 0.9130680457999146, 0.802983248393611, 0.6361504573031722, -0.3447884847444938, -0.8812596038479185, 0.469874803768513, 0.380951087127837, -1, -0.5196646738401365, -0.7062759740507693, 0.687244710061051, 0.5858143566676397, 0.27848463099903487, -0.43264848487949226, -0.16674779251927452, 0.23593995631977704, 1, 0.44616684037462573, 0.5098407628607929, 0.25340062888397574, -0.9447480886501678, -0.05642798989248163, -1, 0.08971180869020975, 0.39709757472723434, -0.33131459510963823]
-20.38654136657715	(8, 12, 2)	[0.1415673114159311, -0.7345160361922902, -0.21047773614884324, -1, 0.7282424986534353, -0.9920755736118617, -0.819607342116654, -0.8778411439506587, 0.3644876375674141, 0.6726921984407661, -0.8159870369072648, 0.4232592964636032, 0.6456194511044797, 0.8352106566604456, 0.613804020047568, 0.45559422378831216, 0.7020898595273848, -0.9535065578783657, 0.20064636628618032, 1, 0.9448008846852562, 0.733120821288433, 0.8897602281576872, 0.8417243279212798, 0.557546124832692, 0.7573719265526233, 0.7061354502782966, 0.6323166556404172, 0.8988510642876479, -0.7849089770040403, -0.4239815828634945, -0.869948879135704, 0.2614743392861958, 0.6497490060474753, -0.375440529244715, -0.7528841108047015, 0.33279949166240774, -0.4673018928251018, 0.6852256570764917, -0.1871549632677479, -0.7850649778169237, -0.034995575457951705, -0.765852461549096, 0.945406716243868, -0.37208705542852105, -0.3981997335526588, -0.288197933919087, -0.26026211200154103, -0.5709724485149634, 0.8165630522601021, 0.9237255855279589, -0.294375572128503, 0.1348056871981394, -0.8447631411902419, -0.2946503537095424, 0.35078577621480567, -0.6121950949378197, 0.39122206349536304, -0.9837818150834551, 0.7967483684260106, 0.287652299279875, 0.5707037226515616, 0.40133624446476407, 0.028046495523896, 0.13867492074550722, -0.9373271917037765, -0.44059435204210073, 0.025962083458147767, 0.5954627606047476, 0.7291786237448041, -0.43470946158617185, 0.1847202155688621, -0.10087223930748451, -0.5173341354509379, 1, -1, 0.7447777654981049, -0.17058670116797361, 0.01328905124564514, 0.7864994685154088, 0.5637090896114849, 0.8998738885130542, -0.09159250683931686, -0.2877747193065734, -0.569558860780905, -0.7552851883648803, -0.637989693894253, 0.736612922374057, 1, -0.8267714236411847, -0.4184531787796171, 0.5449155491370106, -0.08309139123055487, -0.19313453834551736, 0.7819341286331534, 1, 0.6361504573031722, -0.1394490920716013, -0.718777101158062, 0.6603829990411973, -0.7463735721513507, 0.15392783585986353, 0.4544943709378643, 0.40384676733300273, 0.16218019195790034, 0.18176355211094172, 0.27848463099903487, -0.8470659269514568, -0.16674779251927452, 0.23593995631977704, 1, 0.44616684037462573, 0.5098407628607929, 0.25340062888397574, -0.9447480886501678, -0.05642798989248163, -0.6977254692190831, 0.15906131953587416, 0.39709757472723434, -0.33131459510963823]
480.8275146484375	(8, 12, 2)	[0.1415673114159311, -0.7345160361922902, -0.18654180587434013, -1, 0.7282424986534353, -0.38519352247629285, -0.4537471623558752, -0.8760525019443838, 0.4709652166292582, 0.7774505692373347, -0.8368033646434812, -0.2859049308176446, -0.11056035276612156, 0.8352106566604456, 0.6250198295526745, 0.45559422378831216, 0.35953089487215983, -1, 0.20064636628618032, 1, 0.9448008846852562, 0.733120821288433, 0.8897602281576872, 0.8417243279212798, 0.557546124832692, 0.7573719265526233, 0.03944137111748473, 0.9698546231018643, 0.8129449150818666, -0.7849089770040403, -0.4239815828634945, -0.869948879135704, 0.2614743392861958, 0.4977194773743178, -0.640492903429678, -0.5176746974954474, 0.33279949166240774, 0.02059088686357166, 0.7400684089044804, -0.1871549632677479, -0.7850649778169237, -0.034995575457951705, -0.765852461549096, 0.7000523869940449, -0.37208705542852105, -0.3981997335526588, -0.3839889804580163, -0.26026211200154103, -0.5709724485149634, 0.701097569132866, 0.7032792607590219, -0.294375572128503, 0.1348056871981394, -0.36565773729865836, -0.15348675633247544, 0.6444740790727945, -0.6121950949378197, 0.39122206349536304, -1, 0.7967483684260106, 0.287652299279875, 0.5964928516616435, 0.40133624446476407, 0.028046495523896, 0.13867492074550722, -0.9373271917037765, -0.44059435204210073, 0.025962083458147767, 0.5954627606047476, 0.7291786237448041, -1, -0.036637574925087166, -0.25245934184284763, -0.5173341354509379, 1, -1, 0.8193017069624886, -0.27040359851990425, 0.01328905124564514, 0.7864994685154088, 0.5637090896114849, 0.8998738885130542, -0.09159250683931686, -0.2877747193065734, -0.569558860780905, -0.7552851883648803, -0.6932995597123025, 0.9371540895085869, 1, -0.8267714236411847, -0.2638368256713323, 0.5783781358077141, -0.24089126573759367, -0.5693374708677155, 0.7819341286331534, 0.802983248393611, 0.6361504573031722, -0.3447884847444938, -0.8812596038479185, 0.533225449105647, 0.380951087127837, -1, -0.5099805599528814, -0.6165201182101113, 0.1373802337770182, 0.21153595638008826, 0.36964266804983514, -0.4092123404855603, -0.16674779251927452, 0.23593995631977704, 1, 0.3567721048109241, 0.5098407628607929, 0.25340062888397574, -0.9447480886501678, -0.05642798989248163, -1, -0.15223499023561948, 0.6544228583732555, -0.5250949121101275]
-28.473777770996094	(8, 12, 2)	[0.2153128979375668, -1, -0.21047773614884324, -1, 0.7282424986534353, -0.6036815039833427, -1, 0.520189328044594, 1, 0.6890991891267189, 0.4519688798719801, -0.44488454881105144, -0.0657443362846154, -0.8754199593864525, 0.2575483674385398, 0.2824741544750572, 0.048531890857860444, -0.1243633875448222, 0.5181197687418022, -1, 0.9408379046162818, 0.733120821288433, 1, 0.5031102601007797, 0.693592225531132, 0.5730611601409638, 0.11724262829255638, 0.6323166556404172, 0.6349327756437531, -0.2825179869245974, -0.577537450082475, -0.5545708909199406, -0.6915799274419827, -0.17394290502303172, -0.4022484430510681, -0.49352523587084374, 0.9587461312703799, 0.1681792065219131, 0.2912193209596363, 0.5938782717795223, -0.7876855933454576, -0.20669762808030762, 0.5704952602668422, -0.11491525169018527, -0.7473144903523266, 0.4297119429868055, -0.2896833706867138, -0.13324793541526556, -0.13410294738867423, 0.77527441004036, -0.816670923000187, 0.0032282789369972587, 0.2773464488005291, -0.48289286232283657, -0.2946503537095424, 0.29927548166099216, -0.5073741914172425, 0.037785813609467145, -0.9120649761804394, 0.4411608564975991, -0.7877258346024506, 0.3143611413719103, 0.95273488314288, -0.7175693136407402, 0.2910575360050703, 0.8782028900619313, -0.5483903734442812, -0.23438022730581787, 0.663877616343337, 0.9855280189712738, 0.9518318233610743, 0.13415103089699437, -0.3146456070794257, -0.5470646703776956, 1, -0.973320694758581, 0.9913603410814058, -0.27040359851990425, 0.16205288778046, 0.7864994685154088, 0.4605338491052775, 0.004146123920228839, -0.17941747237645853, 1, -0.195667802912242, -0.38815359530913457, -0.45156585396731425, 0.736612922374057, 0.7030165365726135, -0.9368701730768151, 0.35236299555578343, 0.6492481928006282, 0.245071557211074, -0.7280630159634613, 0.5060890348459721, 0.4826336034172122, 0.5021866217780266, -0.13075531703255838, -0.5937987653065029, 0.8504644193998339, -0.759536425605039, 0.2465654613671378, 1, -0.9557890890880614, -0.35779056580984014, 0.17118801157783264, 0.1205854926850887, -0.4092123404855603, -0.16674779251927452, 0.2768038960345238, 0.2836810705242403, -0.8647568914367557, -0.12828830918993392, 0.049600575955752485, 0.120536716361415, -0.6167702853345014, 0.779835319781, -0.5611641766800681, 0.753226225692908, -0.6574285350793272]
-6.19035005569458	(8, 12, 2)	[0.1069264276837425, -0.6162989516002505, -0.18303783483356367, -1, 0.7282424986534353, -0.1173239691244786, -0.8168654826607168, -0.9755341439721213, 0.7043328779143037, 0.6089499923835353, -1, 0.3249006491453072, 0.6456194511044797, 0.9361872466176857, 0.8599026520802893, 0.5846771063984293, 0.3204900753116649, -0.7560490238162942, 0.33466013917762083, 0.7076856774974029, 1, 0.733120821288433, 1, 0.5031102601007797, 0.21595951125881552, 0.5730611601409638, 0.11724262829255638, 0.6323166556404172, 0.6349327756437531, -0.3461563386641824, -0.6608096135758759, -0.4712863442254811, -0.6915799274419827, 0.3922328474937683, 0.09576086698156228, -1, 0.17159496948369343, -0.22001589397714638, 0.061294672499511565, 0.66649772773108, -0.613830059103574, -0.034995575457951705, -0.7401236110004386, 0.7711396764201938, -0.18895444388747273, -0.24678098050436711, -0.380590010022973, 0.08557772980384948, -0.5735381290926359, 0.8736668610404044, 0.47271950877647495, -0.294375572128503, -0.22220187659967267, -0.8447631411902419, -0.30126152609478657, 0.35078577621480567, -0.6121950949378197, 0.39122206349536304, -1, 1, 0.287652299279875, 0.5964928516616435, 0.40133624446476407, 0.06806214307167105, 0.13867492074550722, -0.9308207123977624, -0.7799410817849171, 0.025962083458147767, 0.5954627606047476, 0.7291786237448041, -0.759778779753979, -0.20445803841320204, -0.27155667324911936, -0.5173341354509379, 1, -1, 0.7447777654981049, -0.27040359851990425, 0.01328905124564514, 0.7864994685154088, -0.08073918841343325, 0.005197061951743159, -1, 0.06566423414116476, 0.09104512540788795, -0.319531944367192, -0.7373538248694438, 0.18527027186614387, 0.6101131415842933, 0.5283160057517491, 0.12967910438999036, 0.8108334736099075, -0.2437642592858021, -0.626120872364708, 0.7518779173946476, -0.7169554060055346, -0.5609650589164197, -0.20368782801642663, -0.704734183178569, 0.8289432185718988, 0.21827074620333575, 0.3631795830803505, 0.8878485602022983, -1, -0.002924486444798813, 0.12886335660521314, -0.011785009257109985, -0.19559152036407948, -0.16674779251927452, 0.2768038960345238, -0.10468544546971435, -0.3718494330304324, 0.22488214312355015, -0.03047069948307038, 0.6632848480565822, -0.6993128815158796, 0.947094734061364, -0.5059753355474692, 0.8811852082841254, -0.09796052351854531]
-26.299551010131836	(8, 12, 2)	[0.370618658650214, -0.7345160361922902, -0.022142728104760145, -1, 0.5435234267278193, 0.13307684076323367, -0.8168654826607168, -0.49406637658202324, 0.4709652166292582, 0.4468761658376224, -0.8026711571472722, 0.24261266351179445, 0.6456194511044797, 1, 0.304344487521228, 0.24984812653353483, 0.11748462183292747, -0.10989667263016653, 0.05989116435574726, -1, 0.9150869380726304, 0.4977040707698683, 0.30598375384951965, -0.15831901369714768, 0.2698068240283248, -1, -0.6041813622337526, 0.9949696751479913, 0.5283817419910929, 0.15732011550143254, -0.6608096135758759, -0.9401538225809181, 0.03330501515378384, -0.17394290502303172, -0.5067536065666626, -0.6170213222014616, 0.5237689128860035, 0.1681792065219131, 0.4138446984092188, 0.7219059702854799, -0.7876855933454576, -0.717247988054601, 0.4525587926533395, -0.22065264376358462, -0.1995974124384656, 0.3091080169912829, -0.0077313147196444686, -0.023196903810356467, -0.4544627160881859, 1, -0.8845576601645927, 0.8775647726638374, -0.013883916220173598, 0.25887412463119375, -0.5697226809566176, 0.4215552218112199, 0.7406576722487319, -0.01943912754737359, -0.9406698483135146, -1, -0.3524934348385856, 0.3143611413719103, 0.95273488314288, -0.5330212578602085, 0.2337459836088101, 1, -0.44059435204210073, 0.08538052657836262, 0.5954627606047476, 0.6910142068751528, -0.759778779753979, 0.2218190175247382, -0.25245934184284763, -0.5173341354509379, 1, -1, 0.8193017069624886, -0.27040359851990425, 0.01328905124564514, 0.7864994685154088, 0.5637090896114849, 1, -0.09159250683931686, -0.6479630470111073, -0.569558860780905, -0.7552851883648803, -0.6422111313668142, 0.736612922374057, 1, -0.34954039043561713, 0.20027679509754237, -0.02734666977469219, -0.011993741803792785, -0.19313453834551736, 1, 0.8880599795201745, 0.7759827295657123, -0.3447884847444938, -0.8812596038479185, 0.4322236840506045, 0.576016740570953, -1, 0.6049623342297517, 0.40384676733300273, -0.1178958353686323, 0.21153595638008826, -0.18599237261129659, -0.4092123404855603, -0.6676834284313778, 0.11672032503939306, 1, 0.44616684037462573, 0.323476055847409, 0.1935018506780949, -0.9447480886501678, -0.8288236394878564, 0.4385894764610019, -1, 0.5515890136535693, -0.8409257661201543]
-19.61418914794922	(8, 12, 2)	[0.2794586157728184, -0.6422131855296529, -0.21047773614884324, -0.8042948191379389, 0.746880818434059, -0.47843791413833503, -0.8168654826607168, -0.8778411439506587, 0.3775441029457537, 0.6089499923835353, -0.8159870369072648, 0.37471624584104785, 0.6456194511044797, 0.8352106566604456, 0.4299672720089797, 0.45559422378831216, 0.6841301732126457, -0.9535065578783657, 0.20064636628618032, 0.9294474084061407, 0.9448008846852562, 0.733120821288433, 0.8897602281576872, 0.8417243279212798, 0.557546124832692, 0.7573719265526233, 0.6049474997109394, 0.6323166556404172, 0.8129449150818666, -1, -0.4239815828634945, -0.869948879135704, 0.2614743392861958, 0.7064902631180978, -0.5182228007538296, -0.5176746974954474, 0.36796651597349667, -0.24921247436075963, 0.7400684089044804, -0.1871549632677479, -0.8502193900309893, -0.034995575457951705, -0.765852461549096, 0.7000523869940449, -0.12046874637701488, -0.3981997335526588, -0.3839889804580163, -0.26026211200154103, -0.6533737530067916, 0.562931485960408, 0.7190756717958062, -0.12717335579422603, 0.1348056871981394, -0.8447631411902419, -0.2946503537095424, 0.35078577621480567, -0.5984993706919927, 0.39122206349536304, -0.9837818150834551, 0.7967483684260106, 0.287652299279875, 0.5964928516616435, 0.40133624446476407, 0.028046495523896, 0.15107925073818576, -0.9373271917037765, -0.44059435204210073, 0.025962083458147767, 0.6674787111834221, 0.7291786237448041, -0.9652813392240989, 0.2653347563266213, -0.4512535481954627, -0.5173341354509379, 1, -0.796673997810536, -1, 1, 0.5180937918928934, -0.05650232655283666, 0.8906490910601963, 0.0037835011045789235, -0.9502469479775044, 0.03615411717516011, -0.21531710867408207, -0.319531944367192, -0.6524975037073575, 0.5189912033491697, 0.5591886630724745, 0.2532381612991856, -0.4184531787796171, 0.5783781358077141, -0.24089126573759367, 0.0313073110302819, 0.8959215689764061, -0.4766507216302338, -0.5609650589164197, -0.38993079345282855, -0.704734183178569, 0.8368851670980619, 0.3337980326969462, 0.14975419941474982, 0.8269294587070017, -1, -0.002924486444798813, 0.08417376726861817, -0.11681196125089055, -0.43346471079336474, -0.38791308369635935, 0.23593995631977704, 1, 0.44616684037462573, 0.5098407628607929, 0.25340062888397574, -0.9447480886501678, -0.05642798989248163, -1, -0.3098864910588804, 0.41523265921717234, -0.33131459510963823]
-23.201705932617188	(8, 12, 2)	[-0.15418120049507372, -0.7345160361922902, -0.7514554767320097, -0.9323739343970712, 0.7282424986534353, -0.45527303776689293, -0.9569931911471015, -0.782748387792549, 0.4709652166292582, 0.6089499923835353, -0.7519728070013362, 0.013328841586806917, 0.46517052946239806, 0.7125373992590909, 0.48417371363654604, 0.3745487494872694, 0.2960594142525869, -0.9535065578783657, -0.029140235861302044, 0.7949921172981436, 0.9466745403295178, 0.8672596903476629, 0.993082552902264, 0.5031102601007797, 0.4920779028841751, 0.7751256323367841, 0.11724262829255638, 0.6323166556404172, 0.811920455243273, 0.0025791006048347664, -0.4239815828634945, -0.7169904307479039, 0.1486285162120709, 0.005494372751379373, -0.46105443290398346, -0.5835503927696386, 0.4456271570780761, 0.8907363926616372, -0.4998875878784406, 0.512787732734297, -0.6220919105578409, 0.08302779758226919, 0.903971321707784, 0.6307625392867191, -0.37275965700353264, -0.26735791794185, -0.4434126498131625, -0.26176220917638715, -0.630767120170008, 0.9939596221800571, 0.5936862746003895, -0.294375572128503, 0.35054220579058637, -0.5190413953317503, -0.3631647778578783, 0.35078577621480567, -0.47494214585767763, 0.4912476009173849, -1, 0.7967483684260106, 0.3153374263750579, 0.5551248994394525, 0.4427998668798152, -0.021204123955337845, 0.19814758189739504, -0.9373271917037765, -0.44059435204210073, 0.13018937410185963, 0.6728398551852816, 0.7291786237448041, -0.9652813392240989, -0.036637574925087166, -0.25245934184284763, -0.23381927770792393, 0.12657728953805464, -0.7665203583246363, -0.6897588916960969, 0.03798434221882883, 0.9892519157312587, 0.15391513874294196, 0.8173736952266762, 0.8998738885130542, 0.07667417421782097, -0.2877747193065734, -0.5341252878967196, -0.9674509277434544, -0.5274695895098136, 0.736612922374057, 0.9940299280264496, -0.8267714236411847, -0.4184531787796171, 0.5783781358077141, -0.28915908099473686, 0.1642945639362583, 0.8947675001857727, 0.802983248393611, 0.6313201545442786, 0.04462762479945076, -0.5937987653065029, 0.8586135751161404, -0.14049229311837258, 0.2465654613671378, 0.4544943709378643, 0.40384676733300273, 0.16218019195790034, 0.21153595638008826, 0.27848463099903487, -0.4092123404855603, -0.16674779251927452, 0.23593995631977704, 1, 0.44616684037462573, 0.5098407628607929, 0.25340062888397574, -0.9447480886501678, -0.05642798989248163, -1, 0.3232712898419435, 0.5515890136535693, -0.17100299718903508]
-31.513023376464844	(8, 12, 2)	[-0.3545556393337923, -0.6143487359549925, -0.23584608955415914, 0.7295380868626264, 0.5142463441022218, -0.05618274456606781, -0.768318908464664, -0.9755341439721213, 0.4709652166292582, 0.6089499923835353, -0.7262687114481031, 0.5133899151954469, 0.7523301495266097, 0.7146321638200517, 1, 0.45559422378831216, 0.35953089487215983, -0.864033327438286, 0.33466013917762083, 0.7337139222743879, 0.9255171597108343, 0.733120821288433, 0.993082552902264, 0.5031102601007797, 0.557546124832692, 0.3202085397696506, 0.11724262829255638, 0.6484903920042052, 0.6367906390466767, 0.0025791006048347664, 0.7009665365038849, -1, 0.1486285162120709, 0.005494372751379373, -0.4022484430510681, -0.5137332265480816, 0.1299502151237597, 0.9250657750845032, -0.08008399821580792, 0.512787732734297, -0.6418248502945698, 0.2016544203437068, 0.46418048109957044, -0.12079008158943663, -0.7473144903523266, 0.4297119429868055, -0.2896833706867138, 0.13376911256894888, -0.37993894480744794, 0.8396041682369191, -0.816670923000187, 0.0032282789369972587, 0.22038159918461844, -0.644681316672975, -0.2946503537095424, 0.29927548166099216, -0.6121950949378197, -0.4105857576071217, -0.6850273323597207, -0.9945446094120984, -0.6839676297154915, -0.0036207224897898405, 0.554567139702937, -0.424516930180199, -0.10505536887987489, -0.13987471280207106, 0.6473349220368846, 0.1608006163546264, 0.5616287550929717, 0.77621685041197, -0.7534913487822948, 0.4358032983494018, 0.8394399947914865, -0.4983108171333115, 0.40796455287468464, -1, -0.4862724218400837, 0.8093966595313158, 0.4432570414839356, -0.15548450172334272, -0.08073918841343325, 0.005197061951743159, -1, 0.06566423414116476, 0.24308639447015964, -0.6036667141412313, -0.7373538248694438, 0.12627923466002505, 0.6101131415842933, 0.5283160057517491, 0.12967910438999036, 0.6511297350871813, -0.2437642592858021, -0.454698948078361, 0.7518779173946476, 0.2672164935454791, 0.4870949679285361, -0.26395797961983847, -0.5988488628395072, 0.6603829990411973, -0.759536425605039, 0.22522020405600623, 0.4544943709378643, 0.40384676733300273, -0.003253888474088029, 0.13435204757928965, 0.39294817790945824, -0.22795933167164148, 1, 0.2768038960345238, 0.3313421025354486, 0.44616684037462573, 0.40914678251580217, 0.25340062888397574, -0.9447480886501678, -0.03440125844719885, -0.8618934170662049, -0.3098864910588804, -0.5067433708592202, 0.6825595216406735]
-19.236976623535156	(8, 12, 2)	[0.370618658650214, -0.7345160361922902, -0.21047773614884324, -1, 0.5326724413353144, 0.0010693875661163255, -1, -0.49406637658202324, 0.12584142096286244, 0.4468761658376224, -1, 0.229391936700467, 0.6456194511044797, 0.9231330905382492, 0.304344487521228, 0.24984812653353483, 0.11748462183292747, -0.07157639109886538, -0.0879506427650747, -0.4924425308556626, 0.6372566272739961, 0.4977040707698683, 0.26793007419106635, -0.40154776922838936, 0.6097285090015944, -1, -0.5635161803419615, 1, 0.5283817419910929, 0.005250265004485569, 0.5714875621127222, 0.35556477194408936, 0.24690436102156618, -0.17394290502303172, -0.5067536065666626, -0.6920674117756007, 0.9931276929087495, 0.1681792065219131, 0.4138446984092188, 0.7219059702854799, -0.7876855933454576, -0.717247988054601, 0.4525587926533395, -0.22065264376358462, -0.47535469458915075, 0.3712770617357101, 0.010485745819781483, -0.023196903810356467, -0.37545019342301733, 0.829675897243991, -0.919467387950592, 0.8775647726638374, -0.013883916220173598, 0.44150747819794567, -0.5697226809566176, 0.4360368081261128, 1, 0.370823608756093, -1, -1, -0.44090059889299626, -0.24595786724429664, -0.7426989676056239, 0.0077943097063634115, 0.2337459836088101, 0.856642734412926, -0.7789360407348731, 0.7872028185380928, 0.8875446023976217, -0.5744040333863977, 0.23377997628644928, -0.5197083110940007, 0.030467945364148485, -0.7338342555828931, -0.0043348817901283365, -0.8444676444711623, -0.44320754839154125, -0.29959019636744727, 0.9200618705275695, 0.38453549511409857, -0.8075169288177714, 0.9439544271169122, 0.057942234162375594, -0.42948051720343194, -0.5214416230667642, -0.921899664778084, 0.6197054992122242, 0.7259074748770935, 0.28805567096517204, -0.8267714236411847, -0.16270507159968034, 0.5783781358077141, -0.32953433551529226, -0.7280630159634613, 0.9062122090209528, -0.01511614735076524, 0.7759827295657123, -0.3447884847444938, -0.8812596038479185, 0.4322236840506045, 0.576016740570953, -1, 0.6049623342297517, 0.40384676733300273, 0.013132384917428491, 0.21153595638008826, -0.18599237261129659, -0.4092123404855603, -0.6484677862614698, 0.03364601159049577, -0.041113218516953126, -0.6638239414340956, -0.01694447096318019, 0.15690207486370208, 0.8782445396990719, 0.12089457003853399, 0.7060126094480857, -0.5611641766800681, -0.9508413507322604, -0.5881094358594616]
-31.504003524780273	(8, 12, 2)	[0.370618658650214, -0.7345160361922902, -0.21047773614884324, -1, 0.6062578367007156, -0.1530617373453667, -0.9366819758096829, -0.49406637658202324, 0.4709652166292582, 0.4468761658376224, -0.9641181602598323, 0.457900219803144, 0.8752520151497024, 0.7663488957551452, -0.06972019742237118, 0.24984812653353483, -0.07420987127013694, -0.07157639109886538, -0.19258771934711422, 1, 0.6514200293674229, 0.2746386657091631, 0.7003016595492431, 0.882491192678225, 0.557546124832692, 0.8252566813932246, -0.6478199530110638, 0.8192898179734339, 0.6615425584191145, 0.3552507710252436, -0.6608096135758759, -0.9401538225809181, 0.03330501515378384, -0.17394290502303172, -0.5067536065666626, -0.6317369890077009, 0.5237689128860035, 0.1681792065219131, 0.4138446984092188, 0.5908928104771276, -0.7876855933454576, -0.717247988054601, 0.4525587926533395, -0.22065264376358462, -0.5473565120986357, -0.3981997335526588, -0.42510058951885105, -0.19172777106958455, -0.39983888258151257, 1, 1, -0.294375572128503, 0.1348056871981394, -0.8151839965334633, -0.03694997247116516, 0.35078577621480567, -0.7052026803227047, 0.39122206349536304, -0.9900243947658116, 0.7967483684260106, 0.287652299279875, 0.295161867057363, 0.6415971607420932, 0.028046495523896, -0.2954030456869632, -0.8325603184182345, -0.44059435204210073, 0.31037982246489315, 0.5954627606047476, 0.7291786237448041, -1, -0.036637574925087166, -0.045996732175050487, -0.5173341354509379, 1, -1, 0.7447777654981049, -0.27040359851990425, -0.2748226726304832, 0.7864994685154088, -0.08073918841343325, 0.005197061951743159, -0.7641431972467613, 0.06566423414116476, 0.24308639447015964, -0.6036667141412313, -0.42473056734831016, 0.12627923466002505, 0.6101131415842933, 0.5283160057517491, 0.12967910438999036, 0.6511297350871813, -0.2437642592858021, -0.454698948078361, 0.7518779173946476, 0.2672164935454791, 0.6670452230560064, -0.7595976678297103, -0.30261460753413866, 0.4434514308384523, -1, -0.02058572265700301, 0.6282057875150109, 0.40384676733300273, 0.27799540800511857, -0.4757771916540147, -1, 0.8986562946517792, -0.2884653394803208, 0.2768038960345238, 0.054916653380308204, -0.6085427699294748, 0.15270745963983756, 0.03715028554937502, 0.5835855522603881, 0.07755142990929681, 0.7060126094480857, -0.5611641766800681, -0.9508413507322604, -0.5881094358594616]
-22.165653228759766	(8, 12, 2)	[-0.04127840444375897, -0.876304296087175, -0.21047773614884324, -1, 0.7282424986534353, -0.18232114364510865, -0.8168654826607168, -1, 0.4709652166292582, 0.6089499923835353, -1, 0.2485676874588439, 0.6971404213255141, 0.6100791971376105, 0.5585142984556951, 0.1771997075113179, 0.44805381345221046, -1, 0.19403565384692936, 1, 1, 0.8982271394740378, 0.7565986864344239, 0.9948095712797997, 0.5037321021401288, 0.5929469363856819, 0.3055237718707582, 0.6323166556404172, 0.811920455243273, 0.0025791006048347664, -0.4239815828634945, -0.8585635558950173, 0.29404691064226607, 0.005494372751379373, -0.4022484430510681, -0.46359326211026397, 0.21821168806935662, 0.8907363926616372, 0.020185640519384984, 0.6257340524108965, -0.6220919105578409, 0.18478327453615612, 0.2593974264654565, -0.06809114500690727, -0.7473144903523266, 0.4297119429868055, -0.3495154942506722, -0.1220734353770725, -0.23491765058942882, 1, -0.816670923000187, 0.3285437791412953, 0.3668861734552498, -0.8447631411902419, -0.39592296179844966, 0.5520101377421518, -0.6121950949378197, -0.5049805447984821, -1, 0.5659197248792952, 0.287652299279875, 0.5964928516616435, 0.40133624446476407, 0.028046495523896, -0.05752365216730444, -1, -0.21779794308476413, 0.025962083458147767, 0.4033601253858981, 0.7518096998535078, -0.7898505175144469, -0.036637574925087166, 0.010540665963496116, -0.5173341354509379, 1, -1, 0.5235184900347798, -0.27040359851990425, 0.01328905124564514, 0.7864994685154088, -0.08073918841343325, -0.23756963737083528, -1, 0.06566423414116476, 0.09104512540788795, -0.39934258873602246, -0.7373538248694438, 0.18527027186614387, 0.6101131415842933, 0.5283160057517491, 0.12967910438999036, 0.5363049160745743, -0.5622019777252034, -0.19313453834551736, 1, 0.5991900899254614, 0.5021866217780266, -0.5693270640641389, -1, 0.6289542912370298, -0.3518711984585893, 0.14975419941474982, 0.7544119204225617, -1, -0.002924486444798813, 0.08417376726861817, 0.27848463099903487, -0.4092123404855603, -0.1622819470448461, 0.25477643072648737, 1, 0.5097560461511577, 0.34013059745719354, 0.6527958315153236, -0.83572584660919, 0.10999855769778707, -0.7949339705452114, 0.2928339483968148, 0.6024499844939006, -0.33131459510963823]
-22.99992561340332	(8, 12, 2)	[0.21231575299554345, -0.4516352025276655, -0.21047773614884324, -0.8778393589664676, 0.7282424986534353, -0.5445647723087732, -0.8113211845553112, -0.380179159966477, 0.45434598808838567, 0.6089499923835353, -1, 0.48514810440172124, 0.9765030307585283, 0.8907147058249817, 0.5376590221726958, 0.5972614904925642, 0.35953089487215983, -0.7830117423423463, 0.20064636628618032, 1, 0.9116424219286215, 0.6964050461470056, 0.8897602281576872, 0.5995325333327013, 0.557546124832692, 0.7573719265526233, 0.6521832213148915, 0.41507637210459425, 0.5281270614807958, -0.1758517983517583, -0.2374268109774641, -0.4958944203819426, 0.2538349131565636, -0.17394290502303172, -0.4022484430510681, -0.49352523587084374, 1, 0.5264893395255954, 0.2912193209596363, 0.6652193625680988, -0.8904143884870034, -0.20669762808030762, 0.5392717323974888, -0.42137812284833076, -0.8748389491577752, 0.6092923935724847, 0.010485745819781483, -0.6852263784890167, -0.2328543218384466, 1, 1, -0.5153472083950252, 0.2958468985473856, -0.7819532333941589, -0.6725455948764771, 0.3555382326077797, 0.7719038209366227, 0.4317603285504096, -0.6099034524085132, -0.9945446094120984, -0.6839676297154915, -0.0036207224897898405, 0.554567139702937, -0.424516930180199, -0.058272152284479864, -0.2074390003358336, 0.6473349220368846, 0.1608006163546264, 0.8776590926552448, 0.8717358390693453, -0.759778779753979, -0.036637574925087166, -0.25245934184284763, -0.5173341354509379, 1, -0.796673997810536, -1, 0.9949414429371446, 0.5180937918928934, -0.05650232655283666, 0.8906490910601963, 0.3209800251334457, -0.9502469479775044, 0.16799523639122177, -0.4885738584454171, -0.06943091020965027, 0.9430645110331299, 0.8681696603578635, 0.39044113734878105, 0.4027382748654348, 0.8771898553601097, 0.5915761015683915, -0.41598527960050363, -0.6390806786991052, -0.09000166659606967, 0.09584049874314204, 0.7611645055204495, -0.5973298295963425, -0.30261460753413866, 0.21921306922551237, -0.7734911853647194, 0.02792545609465033, 0.6282057875150109, 0.28992002203236067, 0.0975657309749574, 0.3441592426274622, 0.6852619187794273, -0.9968848691602157, -0.4877481083029677, 0.5158192203422233, -0.3475477960868161, -0.8647568914367557, 0.03299812666909813, 0.049600575955752485, -0.033604653203872015, -0.3919684152136557, 0.800832790243998, 0.29352842802005014, -0.6635795984327848, -0.023771086843026742]
-24.459714889526367	(8, 12, 2)	[0.5606957292846064, -0.45326979525827515, -0.18303783483356367, -1, 0.7282424986534353, 0.0902663824529096, -0.6747340844670996, -0.7295668941224941, 0.13635464570450634, 0.8994482501816607, -1, 1, 0.3719562051696888, 0.44396479827615837, 0.44362583825196755, 0.45559422378831216, 0.35953089487215983, -0.864033327438286, 0.33466013917762083, 0.31203188447169466, 0.9255171597108343, 0.5702125915287046, 1, 0.5031102601007797, 0.557546124832692, 0.3202085397696506, 0.11724262829255638, 0.6484903920042052, 0.6367906390466767, 0.056930083140696516, 0.7009665365038849, -1, 0.1486285162120709, 0.005494372751379373, -0.4022484430510681, -0.5137332265480816, 0.1299502151237597, 0.615391620903006, -0.08008399821580792, 0.512787732734297, -0.5835042537738484, -0.1619623008603216, 0.5704952602668422, -0.004129553255964702, -0.8748389491577752, 0.5409070378471499, -0.1471400246300431, -1, -0.37087775855892247, 1, -0.7048621269717107, 0.043839563862269504, 0.13907964701788314, 0.37307370378478916, -0.6725455948764771, 0.5164839532388759, -0.4894482052529889, 0.39122206349536304, -0.8768631746609024, 1, -0.002641221494314172, 0.29970558596573954, 0.40133624446476407, 0.4256888435592392, 0.13867492074550722, -1, -0.3996609036628211, 0.025962083458147767, 0.7602164514344717, 0.7291786237448041, -0.8604147812741487, -0.036637574925087166, -0.11822786126580292, -0.6162157796084184, 1, -0.8640834266600157, 0.7162746008765356, -0.17058670116797361, 0.01328905124564514, 0.7864994685154088, 0.5637090896114849, 0.8998738885130542, -0.09159250683931686, -0.4407086669401856, -0.5556963918440074, -0.949316405872105, -0.5654150697353245, 0.736612922374057, 1, -1, -0.4184531787796171, 0.3837914503578543, -0.22391789705500117, -0.03244572440583246, 0.7581278327933654, 0.9674392201687344, 0.6361504573031722, -0.13075531703255838, -0.7854366366519596, 0.6603829990411973, -0.5442057707149215, 0.15392783585986353, 0.39231564385008, 0.40384676733300273, 0.16218019195790034, 0.21153595638008826, 0.3266959573835041, 0.22145511832028686, -0.6676834284313778, 0.23593995631977704, 0.9803732531728607, 0.44616684037462573, -0.37519057788919985, 0.15690207486370208, 0.8782445396990719, 0.12089457003853399, 0.7060126094480857, -0.8465693837339168, 1, -0.09796052351854531]
-26.309072494506836	(8, 12, 2)	[0.5611842941845124, -0.7869349095534304, -0.022142728104760145, -1, 0.5435234267278193, 0.13307684076323367, -0.8168654826607168, -0.49406637658202324, 0.4709652166292582, 0.7278909067705386, -0.8026711571472722, 0.24261266351179445, 0.6456194511044797, 1, 0.5608945645638599, 0.24984812653353483, 0.11748462183292747, -0.10989667263016653, -0.052256792488244996, -1, 0.9150869380726304, 0.4977040707698683, 0.30598375384951965, -0.15831901369714768, -0.056621105076325506, -0.6172220274283687, -0.6041813622337526, 1, 0.5283817419910929, 0.15732011550143254, -0.6608096135758759, -0.9401538225809181, 0.03330501515378384, -0.17394290502303172, -0.5067536065666626, -0.4822830477726329, 0.5237689128860035, 0.1681792065219131, 0.4138446984092188, 0.7219059702854799, -0.7876855933454576, -0.734310819424856, 0.3461874113275647, -0.22065264376358462, -0.1995974124384656, 0.5292735072030795, -0.0077313147196444686, -0.023196903810356467, -0.4544627160881859, 1, -0.8845576601645927, 0.8775647726638374, -0.013883916220173598, 0.25887412463119375, -0.5697226809566176, 0.4215552218112199, 0.7406576722487319, 0.06109715371713148, -0.9406698483135146, -1, -0.3524934348385856, 0.3143611413719103, 1, -0.5330212578602085, 0.2650525384928384, 0.9783675639609419, -0.11020879970030162, 0.08538052657836262, 0.5954627606047476, 0.6910142068751528, -0.759778779753979, 0.10589636814318892, -0.25245934184284763, -0.5173341354509379, 1, -1, 0.8193017069624886, -0.27040359851990425, 0.4677019937792499, 0.7864994685154088, 0.5637090896114849, 1, -0.09159250683931686, -0.5443308589963405, -0.569558860780905, -0.7552851883648803, -0.6422111313668142, 0.736612922374057, 1, -0.3820867624669162, -0.4184531787796171, 0.39313628993520755, -0.2437642592858021, -0.454698948078361, 0.7518779173946476, -0.4766507216302338, -0.5609650589164197, -0.20368782801642663, -0.704734183178569, 0.8289432185718988, 0.21827074620333575, 0.3631795830803505, 0.8878485602022983, -0.9175816699331604, -0.11429724218486155, 0.12886335660521314, 0.16938839461814498, -0.26997387580964444, -0.6676834284313778, 0.11672032503939306, 1, 0.44616684037462573, 0.323476055847409, 0.09003511069575111, -0.9001040580518251, -0.8288236394878564, 0.6025793668266363, -1, 0.6616105350787678, -0.8409257661201543]
-17.17984390258789	(8, 12, 2)	[0.5606957292846064, -0.45326979525827515, -0.18303783483356367, -1, 0.7282424986534353, 0.0902663824529096, -0.5315531897342586, -0.7295668941224941, 0.4004090656651788, 0.9437148604219822, -1, 1, 0.6302952095034469, 0.44396479827615837, 0.44362583825196755, 0.1424979605380623, 0.35953089487215983, -0.864033327438286, 0.33466013917762083, 0.5852371616828543, 0.7981742544762745, 0.5702125915287046, 1, 0.5031102601007797, 0.557546124832692, 0.3202085397696506, 0.11724262829255638, 0.6484903920042052, 0.6367906390466767, 0.056930083140696516, 0.7009665365038849, -1, 0.1486285162120709, 0.05241221723817755, -0.4022484430510681, -0.5137332265480816, 0.1299502151237597, 0.615391620903006, -0.08008399821580792, 0.512787732734297, -0.5835042537738484, -0.20669762808030762, 0.5704952602668422, -0.004129553255964702, -0.8748389491577752, 0.5409070378471499, 0.030600329621625066, -1, -0.531015070439395, 1, -0.7048621269717107, 0.043839563862269504, 0.13907964701788314, 0.37307370378478916, -0.6725455948764771, 0.35078577621480567, -0.4894482052529889, 0.39122206349536304, -0.8336197698559983, 1, 0.14039497172718812, 0.29970558596573954, 0.40133624446476407, 0.4256888435592392, 0.13867492074550722, -1, -0.3996609036628211, 0.025962083458147767, 0.7602164514344717, 0.7291786237448041, -0.8604147812741487, -0.036637574925087166, -0.11822786126580292, -0.6162157796084184, 1, -0.8640834266600157, 0.8885206369692802, -0.17058670116797361, 0.01328905124564514, 0.7864994685154088, 0.5637090896114849, 0.8998738885130542, -0.21617273254126185, -0.4407086669401856, -0.5556963918440074, -0.7552851883648803, -0.34474165117561967, 0.736612922374057, 1, -0.8267714236411847, -0.4184531787796171, 0.3837914503578543, -0.22391789705500117, -0.03244572440583246, 0.7581278327933654, 1, 0.6361504573031722, -0.13075531703255838, -0.7854366366519596, 0.6603829990411973, -0.5442057707149215, 0.15392783585986353, 0.39231564385008, 0.40384676733300273, 0.16218019195790034, 0.21153595638008826, 0.3266959573835041, 0.47061020418198285, -0.6676834284313778, 0.23593995631977704, 0.9803732531728607, 0.44616684037462573, -0.37519057788919985, 0.15690207486370208, 0.8782445396990719, 0.12089457003853399, 0.7060126094480857, -0.8465693837339168, 1, -0.09796052351854531]
-14.904397010803223	(8, 12, 2)	[0.33588511945438926, -0.6850411202297695, -0.16628031459458473, -1, 0.613114261746919, -0.5907439814513208, -0.7681127540566327, -0.8778411439506587, 0.45434598808838567, 0.6089499923835353, -0.8508325664339674, 0.5083627716761613, 1, 0.8907147058249817, 0.304344487521228, 0.5046143954601321, 0.35953089487215983, -0.9617423515245968, 0.19403565384692936, 1, 0.8335910382371581, 0.6964050461470056, 0.8897602281576872, 0.5995325333327013, 0.557546124832692, 0.7573719265526233, 0.6521832213148915, 0.41507637210459425, 0.5281270614807958, -0.1758517983517583, -0.2374268109774641, -0.380488993805143, 0.2652435826856005, 0.1417848697579638, -0.4860297597027323, -0.5835503927696386, 0.4456271570780761, 0.8907363926616372, -0.3584603646861554, 0.512787732734297, -0.6681046068190177, 0.08302779758226919, 0.903971321707784, 0.7601368555341309, -0.37275965700353264, -0.26735791794185, -0.4434126498131625, -0.26176220917638715, -0.1029509965550186, 0.9939596221800571, -0.8861431661259004, 0.15518221408789712, 0.22038159918461844, -0.644681316672975, -0.6404347178796628, 0.646718888922114, -0.6121950949378197, -0.4105857576071217, -0.8035155235833324, 0.5214190954423027, 0.019405047553388677, 0.23129711821536603, 0.40133624446476407, 0.24943135816369516, 0.3320926881979642, -0.817275832477338, -0.5230630603972753, -0.3167447438643478, 0.688723092315654, 0.9162866173963099, -0.759778779753979, -0.036637574925087166, 0.010540665963496116, 0.07593880252397439, -0.4763284422576085, -0.6017101445498352, -1, 0.8089556232513581, 0.47830590756618574, -0.15010256253044846, 0.3211134446798708, 0.43327360146011795, -0.5771042052921234, -0.4937663035592534, -0.45650174462820975, 0.08523936878911768, 0.6197054992122242, 0.7988367735014326, 0.4175917309972555, 0.1728321230059819, 0.6488076129378122, 0.5915761015683915, -0.3086304885904816, -0.325903653336703, 0.7581278327933654, 0.9674392201687344, 0.6361504573031722, -0.46265702404119324, -0.4914608967413772, 0.511365721007125, -0.4388638649501192, 0.15392783585986353, 0.39231564385008, 0.40384676733300273, -0.007742284069363073, 0.3069163819852044, -0.18599237261129659, -0.4092123404855603, -0.6484677862614698, 0.03364601159049577, -0.041113218516953126, -0.6638239414340956, -0.01694447096318019, 0.15690207486370208, 0.5835855522603881, -0.4331337648167946, 0.8601422795263297, -1, 0.7720085890551148, -0.6435085710727455]
-23.225027084350586	(8, 12, 2)	[-0.04127840444375897, -0.7112060800483389, -0.21047773614884324, -1, 0.7282424986534353, -0.20812147642548512, -0.8168654826607168, -1, 0.34246652737028865, 0.9207839976738712, -0.9098508191317369, 0.9916808494028407, 0.4925431302077843, 0.8352106566604456, 0.7640483171353316, 0.22548345723701071, 0.35953089487215983, -0.9617423515245968, 0.19403565384692936, 0.9105860655613482, 0.8335910382371581, 0.5269357051330612, 0.7565986864344239, 0.9948095712797997, 0.5037321021401288, 0.4205109641076975, 0.3055237718707582, 0.6362201046107715, 0.4932900804517316, -0.015235742607831858, -0.5494818425473298, -0.8585635558950173, 0.04313450474199753, -0.013312555258205103, -0.4022484430510681, -0.39026570933092536, -0.013794015070219351, 0.8907363926616372, -0.14703323723454365, 0.6059695482779683, -0.5936901426050014, 0.011350804422231922, -0.07937331934090869, 0.6559254752045081, -0.8040426142155666, -0.173277499868466, -0.514005969572643, -0.13324793541526556, 0.34659141763610746, 0.8106719908706632, -0.7947565258137577, 0.0032282789369972587, 0.3668861734552498, -0.9996203123646853, -0.2946503537095424, 0.36578472234049475, -0.6121950949378197, 0.2941881591024609, -0.5223970911835936, -1, 0.2425480562103537, 0.36873791664211286, 0.2512815399868369, 0.937636942245635, -0.10419479433965584, -0.9373271917037765, -0.3996609036628211, 0.06489049985425152, 0.4243259838425039, 0.8934623693646739, -0.8604147812741487, 0.3224643863501087, -0.03073490610851297, -0.5533118903706826, 0.4102370119521014, -1, -1, -0.27040359851990425, 0.1164772127446625, 0.9961545528737734, -0.08073918841343325, 0.005197061951743159, -1, 0.06566423414116476, 0.3256864729074388, -0.19628030049503886, 0.45278146972251826, 0.7259074748770935, 0.5124386079967773, 0.13917472735494077, -1, 0.43943472725476457, -0.7503229113777402, -0.39511329159430825, 0.9062122090209528, 0.20334495016377668, 0.5356224021579055, -0.13075531703255838, -0.5937987653065029, 0.316764493382009, -0.759536425605039, 0.05751077379430797, 0.34161374072004347, -0.061988116949336924, 0.20311967122175367, 0.21153595638008826, 0.49979143479296245, -0.4092123404855603, -0.7214919285486385, 0.23593995631977704, 1, 0.23030083411113655, 0.31328743198061604, 0.6527958315153236, -1, 0.12005351388676935, -1, 0.32645101566967194, 0.6024499844939006, -0.33131459510963823]
-13.442192077636719	(8, 12, 2)	[0.04194836540387864, -0.876304296087175, -0.21047773614884324, -1, 0.7282424986534353, -0.20812147642548512, -0.6521897741422692, -0.5689200294929806, 0.44340128818233926, 0.3027602517537465, -0.8026711571472722, 0.24261266351179445, 0.8229553825274343, 1, 0.304344487521228, 0.24984812653353483, 0.05518009323590508, -0.04217648408482434, 0.4305013003289544, -0.8679848317927008, 0.43456984788253344, 0.4977040707698683, 0.30598375384951965, -0.4477710080150382, 0.17971658761776305, -1, -0.6041813622337526, 0.9405775362382045, 0.06491596615356954, -0.5384483138788503, -0.015396115359110896, -0.8032023699703723, 0.16052284545353898, 0.5711753133937455, -0.375440529244715, -0.7680946270171667, 0.45948653043817045, 0.7706240820432132, 0.6041707533996085, 0.8744475345070775, -0.8747289890267465, -0.23493675814690762, 0.7024552382248016, -0.08225287390802427, -0.8040426142155666, -0.173277499868466, -0.514005969572643, -0.13324793541526556, 0.13293559370232294, 0.8106719908706632, -1, 0.0032282789369972587, 0.3668861734552498, -0.9996203123646853, -0.2946503537095424, 0.36578472234049475, -0.6121950949378197, 0.2941881591024609, -0.5223970911835936, -1, 0.2257724744368604, 0.36873791664211286, 0.2512815399868369, 0.937636942245635, -0.10419479433965584, -0.9373271917037765, -0.3996609036628211, 0.025962083458147767, 0.05980729412254587, 0.8934623693646739, -0.8604147812741487, 0.3224643863501087, -0.03073490610851297, -0.5457382570528891, 1, -0.9597602127681277, 1, -0.27040359851990425, -0.1853661975294843, 0.6805356819827157, 0.6695618853634981, -0.3704595730359448, 0.09120540500894977, 0.7540800802661742, 0.1741562972021049, -0.319531944367192, -0.5485508327458529, 0.6957871504598956, 0.6715779312670552, -0.579047984435608, -0.4184531787796171, 0.5458394629254091, -0.09037365203940129, -0.5561919326261078, 0.4313364806455583, 0.14841512234608037, -0.6821624839058066, 0.09489150508293731, -0.507292413849268, 0.42388347643969104, -0.679990874000959, 0.2465654613671378, 0.4544943709378643, 0.5319662773162308, 0.09484764223034456, 0.21153595638008826, 0.4517526625229003, -0.4092123404855603, 0.009312906302071544, 0.302588851078022, 1, 0.5097560461511577, 0.24991200914762715, 0.525021059129155, -0.9780329004453894, 0.138926027622663, -0.8193185890514824, 0.32645101566967194, 0.3778848430268009, -0.5634509147284742]
-15.646004676818848	(8, 12, 2)	[0.33588511945438926, -0.6850411202297695, -0.16628031459458473, -1, 0.613114261746919, -0.368569002018806, -0.7681127540566327, -0.8778411439506587, 0.45434598808838567, 0.6089499923835353, -1, 0.4077588877596705, 0.9765030307585283, 0.8907147058249817, 0.5376590221726958, 0.6618991089709152, 0.35953089487215983, -0.5821079168871703, 0.20064636628618032, 1, 1, 0.6964050461470056, 0.8897602281576872, 0.5995325333327013, 0.557546124832692, 0.548955041247313, 0.6521832213148915, 0.41507637210459425, 0.46888917907700417, -0.04717460569266815, -0.216108598105068, -0.5344261164092059, 0.2652435826856005, 0.24404298767952318, -0.4860297597027323, -0.5835503927696386, 0.4456271570780761, 0.8907363926616372, -0.3584603646861554, 0.512787732734297, -0.7519866159096148, 0.08302779758226919, 0.903971321707784, 0.7601368555341309, -0.37275965700353264, -0.26735791794185, -0.4434126498131625, -0.26176220917638715, 0.1086512315532156, 0.9939596221800571, -0.8861431661259004, 0.15518221408789712, 0.22038159918461844, -0.644681316672975, -0.7222118549451966, 0.35078577621480567, -0.4894482052529889, 0.39122206349536304, -0.8768631746609024, 0.8105282121258459, -0.002641221494314172, -0.08017473350525212, 0.40133624446476407, 0.4256888435592392, 0.09659085046686564, -0.817275832477338, -0.5230630603972753, -0.3167447438643478, 0.688723092315654, 0.7518096998535078, -0.759778779753979, -0.036637574925087166, 0.010540665963496116, 0.07593880252397439, 0.48534766340982893, -0.8640834266600157, 0.8403994245854844, -0.17058670116797361, 0.09239637515081406, 0.7882825946576657, 0.4605338491052775, -0.3704595730359448, -0.569177354007011, 0.7540800802661742, -0.5308840471041725, -0.319531944367192, -0.5485508327458529, 0.23144800701227014, 1, -1, -0.4184531787796171, 0.3837914503578543, -0.17031550016002783, 0.19068158028669205, 0.7581278327933654, 0.9674392201687344, 0.6361504573031722, -0.13075531703255838, -0.7854366366519596, 0.5195862270362126, -0.5442057707149215, 0.03648565099438905, 0.39579388698851803, 0.40384676733300273, -0.007742284069363073, 0.5089774706354249, -0.15889254416251491, -0.4092123404855603, -0.6484677862614698, 0.03364601159049577, -0.041113218516953126, -0.6638239414340956, -0.01694447096318019, 0.15690207486370208, 0.5835855522603881, -0.4331337648167946, 0.8601422795263297, -1, 0.4135778007047053, -0.6435085710727455]
-20.621540069580078	(8, 12, 2)	[0.38283183967950746, -0.1648120325227065, -0.3703983250195465, -0.8042948191379389, 0.7282424986534353, -0.4092645425775347, -0.5923181886405879, -0.380179159966477, 0.5569238095471182, 1, -1, 0.44388826855977215, 0.6923214946691895, 0.8907147058249817, 0.5376590221726958, 0.538764533557433, 0.2690926616367585, -0.7300405335412282, 0.03439863917199151, 1, 1, 0.6379803614574739, 0.8897602281576872, 0.8417243279212798, 0.25874086978487887, 0.7218871731705891, 0.9261706489418404, 0.5554222573874409, 0.9512466169115769, -0.1758517983517583, -0.36030125362016036, -0.4958944203819426, 0.2538349131565636, 0.005094534316414212, -0.3660749313012223, -0.49352523587084374, 0.7410199748624706, 0.7286463297710543, 0.5792766325205598, 0.6257340524108965, -0.6727073485563801, -0.20669762808030762, 0.9550365875054986, -0.4585867984822233, -0.8748389491577752, 0.3091080169912829, -0.08095864645440341, -0.7592268107759039, -0.46420418658354046, 1, 1, 0.47718729636390916, 0.2958468985473856, -0.7819532333941589, -0.6725455948764771, 0.09801577365846564, 0.7386684935880461, -0.4105857576071217, -0.9328172840111348, 0.42751724808944475, -0.24937722182969962, 0.36017089131595303, 0.40133624446476407, 0.24943135816369516, 0.3320926881979642, -0.6182756625994325, -0.5230630603972753, -0.3167447438643478, 0.688723092315654, 0.7518096998535078, -0.5523456184737815, -0.036637574925087166, 0.010540665963496116, 0.07593880252397439, -0.4763284422576085, -0.5997560648924922, -1, 0.8089556232513581, 0.4021245268743387, -0.15010256253044846, 0.3211134446798708, 0.43327360146011795, -0.8373334878389597, -0.4937663035592534, -0.45650174462820975, 0.08523936878911768, 0.6197054992122242, 0.7988367735014326, 0.4175917309972555, 0.1728321230059819, 0.6488076129378122, 0.5915761015683915, -0.46185798680058887, -0.454698948078361, 0.6174879943634067, -0.6009638380790113, -0.6720509888826729, -0.2000762610373368, -0.8182417740993355, 0.8289432185718988, 0.2393237864986811, 0.3631795830803505, 0.8878485602022983, -1, -0.2236072836431173, 0.12886335660521314, -0.011785009257109985, -0.43346471079336474, -0.38791308369635935, 0.23593995631977704, 1, 0.44616684037462573, 0.5098407628607929, 0.049600575955752485, 0.13548889435893124, -0.6280649560833609, -0.9602458413028209, 0.051318661085275996, 0.41523265921717234, -0.40338126451472345]
-15.283048629760742	(8, 12, 2)	[0.18917547568063275, -0.45326979525827515, -0.1211674203103108, -1, 0.785383529966002, 0.0902663824529096, -0.6747340844670996, -0.689758165913609, 0.13625895118774953, 0.8994482501816607, -1, 1, 0.2613122547227874, 0.44396479827615837, 0.44362583825196755, 0.5980349219560515, 0.35953089487215983, -0.864033327438286, 0.4268585149230187, 0.31203188447169466, 0.9323079896813986, 0.5702125915287046, 0.8728075973867709, 0.5031102601007797, 0.557546124832692, 0.3202085397696506, 0.11724262829255638, 0.6484903920042052, 0.6367906390466767, 0.19484444120995092, 0.7009665365038849, -0.7398727879751821, 0.1486285162120709, 0.005494372751379373, -0.4022484430510681, -0.5137332265480816, 0.1299502151237597, 0.615391620903006, -0.08008399821580792, 0.512787732734297, -0.6406930412019076, -0.1619623008603216, 0.5704952602668422, -0.004129553255964702, -0.8748389491577752, 0.5409070378471499, -0.1471400246300431, -1, -0.37087775855892247, 1, -0.7048621269717107, 0.043839563862269504, 0.0457679741392599, 0.37307370378478916, -0.6725455948764771, 0.2289541695879419, -0.615926317492557, 0.39122206349536304, -0.8768631746609024, 1, 0.2766123996137356, 0.29970558596573954, 0.40133624446476407, 0.6221525626765113, 0.13867492074550722, -1, -0.3996609036628211, 0.025962083458147767, 0.7602164514344717, 0.7291786237448041, -0.6238853827077397, -0.04931809120260691, -0.11822786126580292, -0.5173341354509379, 0.48534766340982893, -0.49002551348448065, 0.8403994245854844, -0.2575273648054641, 0.01328905124564514, 1, 0.7980774607036829, -0.3704595730359448, -0.35823974008848875, 0.06566423414116476, 0.3256864729074388, -0.4796712652332703, -0.5147329060908199, 0.18527027186614387, 0.6101131415842933, 0.5283160057517491, 0.12967910438999036, 0.3837914503578543, -0.21208897853625616, -0.03244572440583246, 0.7581278327933654, 1, 0.41389397872602995, -0.13075531703255838, -0.7854366366519596, 0.6790909177301667, -0.5442057707149215, 0.4414520445178842, 0.39231564385008, 0.40384676733300273, -0.052469726898945426, 0.08417376726861817, 0.27848463099903487, -0.9968848691602157, -0.6606135177146013, 0.5158192203422233, -0.28770792348388285, -0.8647568914367557, 0.03299812666909813, 0.25340062888397574, -1, -0.08026457185380151, -0.7882138135067627, -0.8465693837339168, 0.3778848430268009, -0.09796052351854531]
484.3744201660156	(8, 12, 2)	[0.38283183967950746, -0.1648120325227065, -0.3703983250195465, -0.8042948191379389, 0.7282424986534353, -0.4092645425775347, -0.5923181886405879, -0.380179159966477, 0.5569238095471182, 1, -1, 0.44388826855977215, 0.6923214946691895, 0.8907147058249817, 0.5376590221726958, 0.538764533557433, 0.2690926616367585, -0.7300405335412282, 0.03439863917199151, 1, 1, 0.6379803614574739, 0.8897602281576872, 0.8417243279212798, 0.25874086978487887, 0.7218871731705891, 0.9261706489418404, 0.5554222573874409, 0.9512466169115769, -0.1758517983517583, -0.36030125362016036, -0.4958944203819426, 0.2538349131565636, 0.005094534316414212, -0.3660749313012223, -0.49352523587084374, 0.7410199748624706, 0.7286463297710543, 0.5792766325205598, 0.6257340524108965, -0.6727073485563801, -0.20669762808030762, 0.9550365875054986, -0.4585867984822233, -0.8748389491577752, 0.3091080169912829, -0.04245674418278165, -0.7592268107759039, -0.46420418658354046, 1, 1, 0.47718729636390916, 0.2958468985473856, -0.7819532333941589, -0.6725455948764771, 0.09801577365846564, 0.7386684935880461, -0.4105857576071217, -0.9260333222872233, 0.42751724808944475, -0.24937722182969962, 0.36017089131595303, 0.7242259424344004, 0.24943135816369516, 0.3320926881979642, -0.6182756625994325, -0.5230630603972753, -0.3167447438643478, 0.688723092315654, 0.7518096998535078, -0.759778779753979, -0.036637574925087166, 0.010540665963496116, 0.07593880252397439, -0.4763284422576085, -0.5997560648924922, -1, 0.8089556232513581, 0.4021245268743387, -0.15010256253044846, 0.3211134446798708, 0.43327360146011795, -0.8373334878389597, -0.3968078263027679, -0.45650174462820975, 0.08523936878911768, 0.6197054992122242, 0.7988367735014326, 0.4175917309972555, 0.1728321230059819, 0.6488076129378122, 0.5915761015683915, -0.46185798680058887, -0.17115783233362053, 0.6174879943634067, -0.6009638380790113, -0.6720509888826729, -0.2000762610373368, -0.8182417740993355, 0.8289432185718988, 0.2393237864986811, 0.3631795830803505, 0.8878485602022983, -1, -0.2236072836431173, 0.12886335660521314, -0.011785009257109985, -0.43346471079336474, -0.38791308369635935, 0.23593995631977704, 1, 0.44616684037462573, 0.5098407628607929, 0.17714026337198707, 0.13548889435893124, -0.6280649560833609, -0.3797203483501759, 0.051318661085275996, 0.41523265921717234, -0.40338126451472345]
480.3997497558594	(8, 12, 2)	[0.5606957292846064, -0.45326979525827515, 0.06325154454092369, -0.7022143878813413, 0.7282424986534353, 0.16046151202175463, -0.5315531897342586, -0.7295668941224941, 0.09621321188399769, 1, -1, 0.24261266351179445, 0.8229553825274343, 0.8352106566604456, 0.304344487521228, 0.1998593067005396, -0.18806178885983532, -0.3876777774602091, 0.9138078156412984, -0.8679848317927008, 0.4734256995874101, 0.39805249861725606, 0.30598375384951965, -0.34065025609146615, 0.05672579205744743, -0.8075546122524861, -0.7075539330909341, 0.6323166556404172, 0.3640667191144927, -0.2650884092537608, -0.015396115359110896, -0.6766052662197908, 0.35661173077266495, 0.38877468257293546, -0.5365492037762613, -0.7680946270171667, 0.45948653043817045, 0.7706240820432132, 0.4771268855791515, 0.9604641001173034, -0.8986321816490185, -0.20669762808030762, 0.7024552382248016, 0.2093256779947597, -0.8776484100423516, -0.173277499868466, -0.514005969572643, -0.048574323418332246, -0.2371879655125506, 0.8106719908706632, -0.7947565258137577, -0.18347550913968094, 0.3668861734552498, -0.9996203123646853, -0.30121169658249786, 0.36578472234049475, 0.887864932721341, 0.4317603285504096, -0.5086674769527721, -0.9435923881848117, -0.8507733684074842, -0.2724614054145887, 0.21525128250067949, 0.4256888435592392, 0.13867492074550722, -0.7221849389341592, -0.3996609036628211, 0.025962083458147767, 0.7602164514344717, 0.48464480532486326, -0.8604147812741487, 0.007558172730916336, -0.11822786126580292, -0.5738212284147454, 1, -0.8640834266600157, 0.7162746008765356, 0.1790433025307678, 0.01328905124564514, 1, 0.5637090896114849, 0.8998738885130542, -0.13103079490456657, 0.7540800802661742, -0.7174959528667348, -0.319531944367192, -0.5485508327458529, 0.5159262219788028, 1, -1, -0.4184531787796171, 0.013481515483598272, -0.08309139123055487, -0.03244572440583246, 0.7581278327933654, 0.802264304441942, 0.5572091081821335, -0.8322199353769328, -0.7854366366519596, 0.5278957372745939, -0.4388638649501192, 0.23266478621305767, 0.39231564385008, 0.40384676733300273, 0.16218019195790034, 0.18176355211094172, 0.06601158128393883, -0.7716467463419432, 0.33436943287450255, 0.3911292247863538, -0.3789484299176273, -0.7141747132846376, 0.13628462355493656, 0.2948872473025292, 0.44902201638863676, 0.12089457003853399, 0.7060126094480857, -1, 1, -0.09796052351854531]
-29.15028953552246	(8, 12, 2)	[0.18917547568063275, -0.45326979525827515, -0.1211674203103108, -1, 0.785383529966002, 0.0902663824529096, -0.6747340844670996, -0.689758165913609, 0.13625895118774953, 0.8994482501816607, -1, 1, 0.2613122547227874, 0.5047148162452172, 0.44362583825196755, 0.5980349219560515, 0.35953089487215983, -0.864033327438286, 0.4268585149230187, 0.31203188447169466, 0.9323079896813986, 0.5456526699465816, 0.8728075973867709, 0.5031102601007797, 0.557546124832692, 0.3202085397696506, 0.11724262829255638, 0.6484903920042052, 0.7696543703662144, 0.19484444120995092, 0.7009665365038849, -0.7398727879751821, 0.1486285162120709, 0.005494372751379373, -0.4022484430510681, -0.5137332265480816, 0.1299502151237597, 0.615391620903006, -0.08008399821580792, 0.512787732734297, -0.6406930412019076, -0.48678717290213724, 0.5704952602668422, -0.004129553255964702, -0.8748389491577752, 0.5409070378471499, -0.1471400246300431, -1, -0.37087775855892247, 1, -0.7048621269717107, 0.043839563862269504, 0.0457679741392599, 0.37307370378478916, -0.6725455948764771, 0.2289541695879419, -0.615926317492557, 0.39122206349536304, -0.8768631746609024, 1, 0.2766123996137356, -0.03398027975894974, 0.40133624446476407, 0.6221525626765113, 0.13867492074550722, -1, -0.3996609036628211, 0.025962083458147767, 0.7602164514344717, 0.438001189017239, -0.6238853827077397, -0.04931809120260691, -0.11822786126580292, -0.6473663403419312, 0.48534766340982893, -0.49002551348448065, 0.8403994245854844, 0.1790433025307678, 0.01328905124564514, 1, 0.5637090896114849, 0.8998738885130542, -0.13103079490456657, 0.7540800802661742, -0.7174959528667348, -0.319531944367192, -0.5485508327458529, 0.5159262219788028, 1, -1, 0.12967910438999036, 0.3837914503578543, -0.21208897853625616, -0.03244572440583246, 0.7581278327933654, 1, 0.41389397872602995, -0.13075531703255838, -0.7854366366519596, 0.6790909177301667, -0.4021109282193778, 0.4414520445178842, 0.4661933617708899, 0.40384676733300273, -0.052469726898945426, 0.08417376726861817, 0.27848463099903487, -0.9968848691602157, -0.6606135177146013, 0.5158192203422233, -0.28770792348388285, -0.8647568914367557, 0.03299812666909813, 0.22858135831625742, -1, -0.08026457185380151, -0.7882138135067627, -0.8465693837339168, 0.3778848430268009, -0.09796052351854531]
-16.292144775390625	(8, 12, 2)	[0.38283183967950746, -0.1648120325227065, -0.3703983250195465, -0.8839841712121597, 0.7282424986534353, -0.4092645425775347, -0.5923181886405879, -0.380179159966477, 0.5569238095471182, 1, -1, 0.44388826855977215, 0.6923214946691895, 0.8907147058249817, 0.5376590221726958, 0.662896259472364, 0.2690926616367585, -0.7300405335412282, 0.03439863917199151, 1, 1, 0.6379803614574739, 0.8897602281576872, 0.8417243279212798, 0.25874086978487887, 0.7218871731705891, 0.9261706489418404, 0.37533142737896014, 0.9512466169115769, -0.1758517983517583, -0.36030125362016036, -0.4958944203819426, 0.2538349131565636, 0.005094534316414212, -0.3660749313012223, -0.49352523587084374, 0.7410199748624706, 0.7286463297710543, 0.5792766325205598, 0.6257340524108965, -0.6727073485563801, -0.20669762808030762, 0.9550365875054986, -0.44649679896190764, -0.8748389491577752, 0.3091080169912829, -0.04245674418278165, -0.7592268107759039, -0.46420418658354046, 1, 1, 0.47718729636390916, 0.2958468985473856, -1, -0.6725455948764771, 0.09801577365846564, 0.7386684935880461, -0.4105857576071217, -0.9260333222872233, 0.42751724808944475, -0.24937722182969962, 0.6732417304979392, 0.7242259424344004, 0.24943135816369516, 0.3320926881979642, -0.6182756625994325, -0.5230630603972753, -0.3443378049951741, 0.688723092315654, 0.7518096998535078, -0.759778779753979, -0.036637574925087166, 0.010540665963496116, 0.07593880252397439, -0.4763284422576085, -0.8870144413783067, -1, 0.8089556232513581, 0.21708520254349079, -0.15010256253044846, 0.3211134446798708, 0.43327360146011795, -0.8373334878389597, -0.4336771187377857, -0.45650174462820975, 0.08523936878911768, 0.6197054992122242, 0.7988367735014326, 0.4175917309972555, 0.1728321230059819, 0.6488076129378122, 0.5915761015683915, -0.46185798680058887, -0.17115783233362053, 0.6174879943634067, -0.6009638380790113, -0.6720509888826729, -0.2000762610373368, -0.8537256318133934, 0.8289432185718988, 0.2393237864986811, 0.3631795830803505, 0.8878485602022983, -1, -0.2236072836431173, 0.2343445426593694, -0.011785009257109985, -0.43346471079336474, -0.38791308369635935, 0.23593995631977704, 1, 0.4340227755033086, 0.03949448905900435, 0.6117457250105879, -1, -0.6280649560833609, -0.3797203483501759, 0.21349218876494774, 0.41523265921717234, -0.40338126451472345]
-9.912229537963867	(8, 12, 2)	[0.4854844651795454, -0.45326979525827515, -0.1211674203103108, -1, 0.785383529966002, 0.0902663824529096, -0.6747340844670996, -0.9164098885376801, 0.13625895118774953, 0.8994482501816607, -1, 1, 0.39198555809246405, 0.5047148162452172, 0.44362583825196755, 0.5980349219560515, 0.35953089487215983, -0.864033327438286, 0.4268585149230187, 0.31203188447169466, 0.9323079896813986, 0.5456526699465816, 0.8728075973867709, 0.5031102601007797, 0.557546124832692, 0.3202085397696506, 0.11724262829255638, 0.6484903920042052, 0.7696543703662144, 0.19484444120995092, 0.7009665365038849, -1, 0.1486285162120709, 0.005494372751379373, -0.4022484430510681, -0.5137332265480816, 0.1299502151237597, 0.615391620903006, -0.08008399821580792, 0.512787732734297, -0.6406930412019076, -0.6411914751436874, 0.5704952602668422, 0.3783546813682909, -0.8748389491577752, 0.4503472680048487, -0.1471400246300431, -1, -0.37087775855892247, 1, -0.7048621269717107, 0.043839563862269504, 0.0457679741392599, 0.060347946773527394, -0.6725455948764771, 0.2289541695879419, -0.615926317492557, 0.39122206349536304, -0.8768631746609024, 1, 0.2766123996137356, -0.03398027975894974, 0.5414784040997493, 0.7517550921700532, 0.13867492074550722, -0.8104528216728396, -0.3996609036628211, 0.04994758201942216, 0.7602164514344717, 0.438001189017239, -0.6238853827077397, -0.04931809120260691, -0.11822786126580292, -0.3574359155471354, 0.48534766340982893, -0.49002551348448065, 0.8403994245854844, -0.47754488612242313, 0.01328905124564514, 0.9532972179874615, 0.8535511560805953, -0.3704595730359448, -0.13796911059483952, 0.06566423414116476, 0.3256864729074388, -0.4796712652332703, -0.5147329060908199, 0.18527027186614387, 0.6101131415842933, 0.5283160057517491, 0.12967910438999036, 0.3837914503578543, -0.21208897853625616, -0.03244572440583246, 0.7581278327933654, 1, 0.41389397872602995, -0.13075531703255838, -0.7854366366519596, 0.6790909177301667, -0.5442057707149215, 0.4414520445178842, 0.4661933617708899, 0.5812850395015495, -0.2085694253699995, 0.08417376726861817, 0.27848463099903487, -0.9968848691602157, -0.6606135177146013, 0.5158192203422233, -0.28770792348388285, -0.8647568914367557, 0.03299812666909813, 0.7062909196006102, -1, -0.08026457185380151, -0.7882138135067627, -0.8465693837339168, 0.3778848430268009, -0.09796052351854531]
-2.8819727897644043	(8, 12, 2)	[0.40438615035655523, -0.45326979525827515, -0.1211674203103108, -1, 0.8492669981872372, 0.0902663824529096, -0.6747340844670996, -0.689758165913609, 0.13625895118774953, 0.8994482501816607, -1, 1, 0.45093848638910555, 0.8352106566604456, 0.819908032507587, 0.047849220354629185, -0.0235113268533092, -0.9617423515245968, -0.06905712375784105, 1, 0.8335910382371581, 0.8413563560045503, 0.9217644716494464, 0.9948095712797997, 0.5037321021401288, -0.28296163138525204, 0.3055237718707582, 0.6362201046107715, 0.4990880757933265, 0.0025791006048347664, -0.4239815828634945, -0.8585635558950173, 0.2987498075845855, 0.005494372751379373, -0.41354731366040187, -0.2734747210966527, 0.4456271570780761, 0.5906177445966279, -0.4903155487370748, 1, -0.5686259858002091, 0.08302779758226919, 0.903971321707784, 0.6307625392867191, -0.48305567401372196, -0.26735791794185, -0.2896833706867138, -0.24873400928481476, -0.3699659866781274, 0.8448309489738192, -0.816670923000187, 0.0032282789369972587, 0.7271157563399973, -0.43402112919448077, -0.04620407899353024, 1, -0.6121950949378197, 0.5637618809920794, -0.5223970911835936, -0.4484980541665824, 0.2425480562103537, 0.36873791664211286, 0.13017896442645968, 0.8202229237137644, 0.18699785202330504, -1, -0.5357798840033778, -0.27606525049170827, 0.7464381880006867, 0.7291786237448041, -0.8550523491291983, -0.036637574925087166, -0.03073490610851297, -0.4340018801932808, 0.5565971911224343, -0.8640834266600157, 0.7447777654981049, -0.7037548650420231, 0.5235437933468471, 0.7207261066488773, 0.8161972915841538, -0.3704595730359448, -0.4280787585948327, 0.06566423414116476, 0.3256864729074388, -0.4796712652332703, -0.5147329060908199, 0.18527027186614387, 0.6692239768617917, 0.8137676940194976, 0.12967910438999036, 0.3837914503578543, -0.21208897853625616, -0.03244572440583246, 0.7581278327933654, 1, 0.5153850003403924, -0.13075531703255838, -0.7854366366519596, 0.6790909177301667, -0.5442057707149215, 0.4414520445178842, 0.4661933617708899, 0.40384676733300273, -0.052469726898945426, 0.22638561086482434, 0.45551801941413583, -0.9968848691602157, -0.6606135177146013, 0.6931110742264434, -0.28770792348388285, -0.8647568914367557, 0.03299812666909813, 0.22858135831625742, -1, -0.08026457185380151, -0.7882138135067627, -0.9132480082606185, 0.3022045325926826, -0.3038359498161669]
-17.700952529907227	(8, 12, 2)	[0.38283183967950746, -0.1648120325227065, -0.3703983250195465, -0.8042948191379389, 0.7282424986534353, -0.4092645425775347, -0.5923181886405879, -0.380179159966477, 0.5569238095471182, 1, -1, 0.44388826855977215, 0.4969639930152354, 0.8907147058249817, 0.5376590221726958, 0.538764533557433, 0.2690926616367585, -0.9768727951366671, 0.03439863917199151, 1, 1, 0.6379803614574739, 0.9440358801733802, 0.8417243279212798, 0.09355548311896866, 0.9382546686100023, 0.9261706489418404, 0.5554222573874409, 0.9512466169115769, -0.2950893362928723, -0.238577084267873, -0.3716084197839436, 0.15129874028121776, 0.005094534316414212, -0.1630175352701639, -0.49352523587084374, 0.7410199748624706, 0.7286463297710543, 0.5792766325205598, 0.6257340524108965, -0.6727073485563801, -0.20669762808030762, 0.9550365875054986, -0.2566549834067691, -0.8748389491577752, 0.3091080169912829, 0.39917444699919075, -0.7592268107759039, -0.46420418658354046, 1, 1, 0.47718729636390916, 0.2958468985473856, -0.7819532333941589, -0.06897991919554883, -0.15080766112949753, 0.7386684935880461, -0.4105857576071217, -1, 0.42751724808944475, -0.24937722182969962, 0.36017089131595303, 0.7242259424344004, 0.24943135816369516, 0.3320926881979642, -0.6182756625994325, -0.5230630603972753, -0.3167447438643478, 0.688723092315654, 0.7518096998535078, -0.759778779753979, -0.036637574925087166, 0.22581496599970097, 0.07593880252397439, -0.4763284422576085, -0.5997560648924922, -1, 0.8089556232513581, 0.5703534240022596, -0.15010256253044846, 0.2936406510645659, 0.9695274614598366, -0.8373334878389597, -0.3968078263027679, -0.45650174462820975, 0.08523936878911768, 0.6197054992122242, 0.7988367735014326, 0.4175917309972555, -0.038127860354622706, -0.4184531787796171, 0.551628848590767, 0.38044697921403037, -0.5561919326261078, 0.4313364806455583, 0.38260564383771767, 0.17882925754637946, -0.0575540702827142, -0.5937987653065029, 0.32906888163081655, -1, 0.05751077379430797, 0.22666106722042595, -0.21455491298917295, 0.25665341118522733, 0.21153595638008826, 0.49979143479296245, -0.4092123404855603, -0.7214919285486385, 0.23593995631977704, 1, -1, 0.13628462355493656, 0.28743220810418874, 0.4518937563097486, -0.7457061430676044, -1, 0.3232712898419435, 0.41523265921717234, -0.40338126451472345]
480.8542175292969	(8, 12, 2)	[0.38283183967950746, -0.1648120325227065, -0.3703983250195465, -0.9979540604012214, 0.7282424986534353, -0.4092645425775347, -0.5923181886405879, -0.380179159966477, 0.5569238095471182, 1, -1, 0.6917783124228986, 0.6923214946691895, 0.8907147058249817, 0.5376590221726958, 0.538764533557433, 0.2690926616367585, -0.9768727951366671, 0.03439863917199151, 1, 1, 0.6379803614574739, 0.8897602281576872, 0.8417243279212798, 0.09355548311896866, 0.7218871731705891, 0.9261706489418404, 0.5554222573874409, 0.9512466169115769, -0.2950893362928723, -0.238577084267873, -0.4958944203819426, 0.2538349131565636, 0.005094534316414212, -0.1630175352701639, -0.49352523587084374, 0.7410199748624706, 0.7286463297710543, 0.6541297664496556, 0.6257340524108965, -0.6727073485563801, -0.20669762808030762, 0.9550365875054986, -0.4585867984822233, -0.8748389491577752, 0.6948501138070143, 0.39917444699919075, -0.9674060559340301, -0.49356647420718003, 1, 1, 0.47718729636390916, 0.2958468985473856, -0.7819532333941589, -0.31803888122701884, -0.15080766112949753, 0.7386684935880461, -0.4105857576071217, -1, 0.42751724808944475, -0.24937722182969962, 0.36017089131595303, 0.7754884768407578, 0.24943135816369516, 0.3320926881979642, -0.5157520647666988, -0.5230630603972753, -0.3167447438643478, 0.688723092315654, 0.7518096998535078, -0.759778779753979, -0.036637574925087166, 0.010540665963496116, 0.07593880252397439, -0.4763284422576085, -0.5997560648924922, -1, 0.8089556232513581, 0.4021245268743387, -0.15010256253044846, 0.2936406510645659, 0.29459160899304426, -0.8373334878389597, -0.33883389621195387, -0.45650174462820975, 0.19865500167803957, 0.6197054992122242, 0.6148865996087701, 0.4175917309972555, 0.1728321230059819, -0.4184531787796171, 0.551628848590767, 0.46241223642723606, -0.6105308688958497, 0.9539698707150461, 0.611054187447724, 0.2951250824992402, -0.13075531703255838, -0.691106144372863, 0.32906888163081655, -1, 0.05751077379430797, 0.22666106722042595, -0.2758850427696559, 0.25665341118522733, 0.21153595638008826, 0.4656326570106103, -0.2596372302109914, -0.7214919285486385, 0.23593995631977704, 1, 0.44616684037462573, 0.31328743198061604, 0.6925405131727265, 0.48252861287492854, -0.7457061430676044, -1, 0.3232712898419435, 0.41523265921717234, -0.40338126451472345]
485.50701904296875	(8, 12, 2)	[-0.15418120049507372, -1, -0.7193200674139014, -0.7637778067162182, 0.635738045108657, -0.9920755736118617, -0.819607342116654, -0.8778411439506587, 0.6513824477268089, 0.6726921984407661, -1, 0.4232592964636032, 0.9083726755146151, 1, 1, 0.8829970543492544, 0.6107724944157499, -0.940748875579651, 0.1172748316134383, 1, 0.7004498704723577, 0.713380814228407, 0.7529880499833216, 0.8417243279212798, 0.31010301002073193, 0.7218871731705891, 0.9261706489418404, 0.5554222573874409, 0.9512466169115769, -0.2950893362928723, -0.36030125362016036, -0.4958944203819426, 0.2538349131565636, 0.005094534316414212, -0.1630175352701639, -0.5137332265480816, 0.40644416884840723, 1, -0.4249293532421764, 0.45364243400495124, -0.9549625249497368, -0.20669762808030762, 1, 0.06320162567155617, -0.9888402367319905, 0.5081356691618937, 0.030600329621625066, -0.9251028623634557, -0.46353615242004775, 1, -0.7232915764099729, -0.2945830108214911, 0.13907964701788314, 0.37307370378478916, -0.3061821511805366, 0.4244419011360794, 1, 0.3441321828172657, -0.9214125748703339, -0.17370075471233004, -0.8151081379507443, 0.5946720633879706, 0.8723672701481197, -0.424516930180199, -0.058272152284479864, -0.2074390003358336, 0.6473349220368846, 0.516102840109859, 1, 0.8717358390693453, -0.3197572778290605, 0.03683766617037054, -0.03073490610851297, -0.4340018801932808, 0.9987894522207786, -0.6225281252351902, -1, 0.8289514258302507, 0.6440847490730408, -0.7129645013988641, 0.7437812772056245, 0.2714699330841397, -0.9000276099463466, 0.3530273285242631, -0.569558860780905, -0.319531944367192, -0.5485508327458529, 0.0897385955590384, 0.4175917309972555, 0.1728321230059819, 0.6488076129378122, 0.9916272434848424, -0.46185798680058887, 0.13799021646837012, 0.6174879943634067, -0.710551373096646, -0.6720509888826729, -0.2000762610373368, -0.8182417740993355, 0.7158480737717279, 0.2393237864986811, 0.3631795830803505, 0.9367631658658211, -1, -0.2236072836431173, 0.12886335660521314, -0.004315460995756457, -0.3074899546389497, 0.33436943287450255, 0.3911292247863538, -0.3789484299176273, 0.44616684037462573, 0.6973809583777258, 0.17714026337198707, 0.13548889435893124, -0.6280649560833609, -0.3797203483501759, 0.4578306675855469, 0.41523265921717234, -0.17100299718903508]
-24.07139778137207	(8, 12, 2)	[0.38283183967950746, -0.1648120325227065, -0.3703983250195465, -0.9979540604012214, 0.7282424986534353, -0.4092645425775347, -0.5923181886405879, -0.380179159966477, 0.5569238095471182, 1, -1, 0.6917783124228986, 0.6923214946691895, 0.8907147058249817, 0.5376590221726958, 0.538764533557433, 0.2690926616367585, -0.9768727951366671, -0.05500314335274621, 1, 1, 0.6379803614574739, 0.8897602281576872, 0.8417243279212798, 0.09355548311896866, 0.7218871731705891, 0.9261706489418404, 0.5554222573874409, 0.9512466169115769, -0.2950893362928723, -0.238577084267873, -0.4958944203819426, 0.2538349131565636, 0.005094534316414212, -0.1630175352701639, -0.49352523587084374, 0.7410199748624706, 0.7286463297710543, 0.5792766325205598, 0.6257340524108965, -0.6727073485563801, -0.20669762808030762, 0.9550365875054986, -0.4585867984822233, -0.8748389491577752, 0.3091080169912829, 0.39917444699919075, -0.9674060559340301, -0.49356647420718003, 0.9427992195367364, 1, 0.47718729636390916, 0.2958468985473856, -0.7819532333941589, -0.31803888122701884, -0.15080766112949753, 0.7386684935880461, -0.4105857576071217, -1, 0.42751724808944475, -0.24937722182969962, 0.36017089131595303, 0.7754884768407578, 0.24943135816369516, 0.3320926881979642, -0.5157520647666988, -0.5230630603972753, -0.3167447438643478, 0.7450547184242929, 0.7518096998535078, -0.9668068907214418, 0.05453814033893167, 0.22581496599970097, 0.07593880252397439, -0.4763284422576085, -0.5997560648924922, -1, 0.8089556232513581, 0.3993231708176757, -0.15010256253044846, 0.2936406510645659, 0.9695274614598366, -0.8373334878389597, -0.3968078263027679, -0.45650174462820975, 0.08523936878911768, 0.6197054992122242, 0.7988367735014326, 0.4175917309972555, 0.1728321230059819, -0.4184531787796171, 0.551628848590767, 0.46241223642723606, -0.5561919326261078, 0.4313364806455583, 0.38260564383771767, 0.17882925754637946, -0.12130983421332271, -0.4807666633763178, 0.32906888163081655, -1, 0.05751077379430797, 0.44604501916509115, 0.3341476281115102, 0.3681655821600633, -0.4757771916540147, -0.39214953287155485, -0.8470659269514568, 0.009312906302071544, 0.6164592625352695, 1, 0.38345472859565394, 0.03949448905900435, 0.6925405131727265, 0.48293884744024485, -0.7457061430676044, -1, 0.3370224805777355, 0.41523265921717234, -0.40338126451472345]
479.1158752441406	(8, 12, 2)	[0.18917547568063275, -0.45326979525827515, -0.1211674203103108, -0.7939883784556148, 0.785383529966002, 0.0902663824529096, -0.6747340844670996, -0.689758165913609, 0.13625895118774953, 0.9489689910401827, -0.8478344652787966, 1, -0.004154488090120534, 0.329987858965491, 0.44362583825196755, 0.9290597987476941, 0.37425353280365303, -0.864033327438286, 0.07098325078790219, 0.6662942410038482, 0.9323079896813986, 0.5456526699465816, 0.734423654372088, 1, 0.5037321021401288, 0.4205109641076975, 0.4043170602737802, 0.6362201046107715, 0.4932900804517316, -0.17225672848276033, -0.40511268685620716, -0.9446019319185681, 0.2879222968845437, 0.16336478004158964, -0.4022484430510681, 0.07174043675272462, -0.26259485629240337, 0.868340465362647, -0.14703323723454365, 0.8641365812818027, -0.5936901426050014, -0.07387731191633229, 0.9550365875054986, -0.4585867984822233, -0.8748389491577752, 0.6948501138070143, 0.39917444699919075, -0.8177137439706804, -0.49356647420718003, 1, 1, 0.47718729636390916, 0.3315221852943393, -0.9996203123646853, -0.30121169658249786, 0.36578472234049475, 1, 0.4317603285504096, -0.5086674769527721, -0.9435923881848117, -0.8507733684074842, -0.283433746151542, 0.4615706591427724, 0.4256888435592392, 0.13867492074550722, -0.7221849389341592, -0.41178368097862716, 0.025962083458147767, 0.7667298601269569, 0.48464480532486326, -0.623062475397123, -0.036637574925087166, 0.041108420228041856, -0.5738212284147454, 0.9540753422234636, -1, 0.7162746008765356, 0.1482315815976229, 0.01328905124564514, 1, 0.9775040368777582, 0.7971992874928995, -0.13103079490456657, 0.7540800802661742, -0.7174959528667348, -0.319531944367192, -0.8690270012685746, 0.18527027186614387, 0.6101131415842933, 0.4130686299044611, 0.12967910438999036, 0.28476226588942255, -0.21208897853625616, 0.3247588319589392, 0.7581278327933654, 0.8321579894429333, 0.41389397872602995, -0.13075531703255838, -0.7854366366519596, 0.6790909177301667, -0.5442057707149215, 0.05592873075344812, 0.3400355867865633, -0.6148666934012267, 0.20311967122175367, 0.21153595638008826, 0.49979143479296245, -0.4092123404855603, -0.6648904360556422, 0.8533936500060225, -0.28770792348388285, -0.9669514241126329, 0.03299812666909813, 0.22858135831625742, -1, -0.08026457185380151, -0.7882138135067627, -0.8465693837339168, 0.3778848430268009, -0.09796052351854531]
-19.76548957824707	(8, 12, 2)	[0.12353566490076401, -0.1648120325227065, -0.3703983250195465, -0.5623260667015837, 0.7280753367531432, -0.4092645425775347, -0.7139188253969451, -0.380179159966477, 0.5569238095471182, 1, -0.9977825362695544, 0.6954542293664615, 0.6923214946691895, 0.8907147058249817, 0.5376590221726958, 0.4903877454521464, -0.044231765954970304, -0.8549324678729399, 0.03439863917199151, 1, 0.8935786527447038, 0.6379803614574739, 0.8897602281576872, 0.604837749814302, 0.43342521802377676, 0.7218871731705891, 0.8498749724758491, 0.5554222573874409, 0.9512466169115769, -0.2950893362928723, -0.3660792530990652, -0.4958944203819426, 0.2538349131565636, 0.08157924014030223, -0.1630175352701639, -0.4852025327060096, 0.7410199748624706, 0.5265491219743628, 0.6094581922036643, 0.6257340524108965, -0.4705071607837848, -0.14691873430736632, 0.9550365875054986, -0.4585867984822233, -0.8748389491577752, 0.3091080169912829, -0.9982376111926368, 0.28771949506217576, -0.13187998035212353, 0.9492738518386911, -0.9239704041541961, 0.04170866877292059, 0.9355236949084984, -0.7479388374645362, -0.02892282770731902, 0.36578472234049475, -1, 0.23543294415010432, -0.6881569930067131, -0.7397740553370211, 0.7117325853365354, 0.36873791664211286, 0.1721071505590717, 0.878731809734989, 0.22391536470731857, -0.24345537551888918, -0.09183345541609442, -0.34215819396868097, 0.688723092315654, 0.7518096998535078, -0.759778779753979, 0.03805375922861898, 0.010540665963496116, 0.07593880252397439, -0.4763284422576085, -0.5997560648924922, -1, 0.8089556232513581, 0.4021245268743387, -0.15010256253044846, 0.18069549842959184, 0.43327360146011795, -0.8373334878389597, 0.6262340722557855, -0.30345092145915464, -0.8321646209646492, -0.7373538248694438, 0.5984011793187265, 0.7444091620915088, -0.9281338443470746, 0.3749520586648178, 0.7840719425118282, 0.3118246398998739, -0.5561919326261078, 0.4313364806455583, 0.627368784929617, 0.17882925754637946, -0.0575540702827142, -0.5937987653065029, 0.32906888163081655, -0.8863707718698007, 0.00013779662389823422, 0.662211810342018, -0.39279537340909976, -0.002924486444798813, 0.08417376726861817, 0.49979143479296245, -0.4092123404855603, -0.5286125909705643, 0.6164592625352695, 0.8084177015740801, -0.195289734760905, 0.022049214673129574, 0.6117457250105879, 0.3318488839770516, -0.5452485277721165, -0.8193185890514824, 0.32645101566967194, 0.6024499844939006, -0.3922731826601395]
478.9294128417969	(8, 12, 2)	[0.14614745575257496, -0.430288930859953, -0.08954359962046618, -1, 0.8614887896953208, -0.2074166037566584, -0.8168654826607168, -0.6799688227512097, 0.2505872211184941, 0.9207839976738712, -0.8365839254377492, 0.8253457291699569, 0.7554310848281034, 0.8352106566604456, 0.13555274510111304, 0.12478581879410242, 0.48199047924447835, -0.9617423515245968, -0.12804761240640714, 1, 0.8279199051147665, 0.8982271394740378, 0.7781326745691027, 1, 0.7367552293378887, 0.3311786806469606, 0.34895910220141735, 0.4808360930922282, 1, 0.0025791006048347664, -0.4239815828634945, -1, 0.2987498075845855, 0.005494372751379373, -0.4022484430510681, -0.2734747210966527, 0.4100306900600366, 0.891675998087134, -0.01580083165851051, 0.6257340524108965, -0.6220919105578409, 0.029142546452134307, 0.46418048109957044, 0.10644837707892771, -1, 0.278972447710601, -0.19649528354822537, -0.24873400928481476, -0.1777649972227535, 0.8106719908706632, -0.657920444687455, 0.30713911240171393, 0.5572353964807011, -0.8447631411902419, -0.2946503537095424, 0.7998641588395816, -0.2567231889779734, 0.052221718569265496, -0.5618309079977702, -0.32263567891710526, 0.2425480562103537, 0.36873791664211286, 0.24418373828847886, 0.9002260154480966, 0.6286661731872709, -0.9572664292844127, -0.21662654163247996, -0.016023254644093474, 1, 0.7291786237448041, -0.5448388793800002, 0.1856124346923993, 0.40397503425974035, 0.3883583171690241, 1, -1, 0.7447777654981049, -0.17058670116797361, 0.18382582711645645, 0.8673283571069857, 0.2819469991249219, -0.5378893908957718, -0.17941747237645853, 0.911120756041049, -0.5308840471041725, -0.319531944367192, -0.7373538248694438, 0.7609547058825735, 1, -0.8267714236411847, -0.5634142488363482, 1, -0.2629716589224314, -0.36274374075775495, 0.8762473423744177, 0.6832640235047407, -0.28161990469867487, -0.01681869111751927, -0.5324469248885869, 0.511365721007125, -0.4388638649501192, 0.15392783585986353, 0.39231564385008, 0.40384676733300273, -0.11439164889061615, 0.3069163819852044, -0.34257857287636323, -0.3696960799695165, -0.9803713848304956, 0.49012401545024004, -0.28770792348388285, -1, 0.03299812666909813, 0.22858135831625742, -0.8747964820809824, 0.10999855769778707, -1, 0.2928339483968148, 0.6024499844939006, -0.30501511682325716]
-14.376001358032227	(8, 12, 2)	[0.38283183967950746, -0.1648120325227065, -0.3703983250195465, -0.9979540604012214, 0.7282424986534353, -0.4092645425775347, -0.5923181886405879, -0.380179159966477, 0.5569238095471182, 1, -1, 0.6917783124228986, 0.6923214946691895, 0.8907147058249817, 0.5376590221726958, 0.538764533557433, 0.2690926616367585, -0.9768727951366671, -0.05500314335274621, 1, 1, 0.6379803614574739, 0.8897602281576872, 0.8417243279212798, 0.09355548311896866, 0.7218871731705891, 0.9261706489418404, 0.6248223372223782, 0.5896980911154258, -0.2950893362928723, -0.238577084267873, -0.4958944203819426, 0.2538349131565636, 0.005094534316414212, -0.1630175352701639, -0.49352523587084374, 0.7410199748624706, 0.7286463297710543, 0.5792766325205598, 0.6257340524108965, -0.6727073485563801, -0.20669762808030762, 0.9550365875054986, -0.4585867984822233, -0.8748389491577752, -0.0741706482589029, 0.3889561468764736, -0.9674060559340301, -0.49356647420718003, 0.7122806327568956, 1, 0.47718729636390916, 0.3276309656504771, -0.7819532333941589, -0.31803888122701884, -0.15080766112949753, 0.7386684935880461, -0.4105857576071217, -0.7732230618596696, 0.42751724808944475, -0.24937722182969962, 0.36017089131595303, 0.7754884768407578, 0.24943135816369516, 0.3320926881979642, -0.5157520647666988, -0.11665337329034131, -0.3167447438643478, 0.7450547184242929, 0.7518096998535078, -0.9668068907214418, 0.05453814033893167, 0.22581496599970097, 0.07593880252397439, -0.4763284422576085, -0.5997560648924922, -0.8067858583497445, 0.8089556232513581, 0.3993231708176757, -0.15010256253044846, 0.2936406510645659, 0.9695274614598366, -0.8373334878389597, -0.3968078263027679, -0.30345092145915464, -0.8321646209646492, -0.7373538248694438, 0.5984011793187265, 0.7444091620915088, -0.9281338443470746, -0.4184531787796171, 0.551628848590767, 0.46241223642723606, -0.6105308688958497, 1, 0.627368784929617, 0.17882925754637946, -0.0575540702827142, -0.38652650528666166, 0.32906888163081655, -0.8863707718698007, 0.00013779662389823422, 0.662211810342018, -0.39279537340909976, -0.002924486444798813, 0.08417376726861817, 0.49979143479296245, -0.4092123404855603, -0.5286125909705643, 0.6164592625352695, 0.8084177015740801, 0.38345472859565394, 0.03949448905900435, 0.6925405131727265, 0.48293884744024485, -0.7457061430676044, -1, 0.3370224805777355, 0.41523265921717234, -0.40338126451472345]
479.7402648925781	(8, 12, 2)	[0.18917547568063275, -0.45326979525827515, -0.1211674203103108, -0.7939883784556148, 0.785383529966002, 0.0902663824529096, -0.6747340844670996, -0.689758165913609, 0.13625895118774953, 0.9489689910401827, -0.8478344652787966, 1, -0.004154488090120534, 0.7795593577593709, 0.44362583825196755, 0.9290597987476941, 0.3134789436717963, -0.864033327438286, 0.07098325078790219, 0.6662942410038482, 0.9323079896813986, 0.5456526699465816, 0.734423654372088, 1, 0.5037321021401288, 0.30636601522593915, 0.4043170602737802, 0.6362201046107715, 0.4932900804517316, -0.17225672848276033, -0.40511268685620716, -0.9446019319185681, 0.2879222968845437, 0.16336478004158964, -0.7196358987839051, 0.07174043675272462, -0.26259485629240337, 0.7746597946523087, -0.14703323723454365, 0.8641365812818027, -0.753054490847391, -0.07387731191633229, 0.9550365875054986, -0.4585867984822233, -0.8748389491577752, 0.467687873571777, 0.39917444699919075, -0.8177137439706804, -0.49356647420718003, 1, 1, 0.47718729636390916, 0.3315221852943393, -0.9996203123646853, -0.30121169658249786, 0.36578472234049475, 1, 0.4317603285504096, -0.5086674769527721, -0.9435923881848117, -0.8507733684074842, -0.283433746151542, 0.4615706591427724, 0.4256888435592392, 0.13867492074550722, -1, -0.40584625452900497, 0.025962083458147767, 1, 0.48464480532486326, -0.623062475397123, -0.036637574925087166, 0.041108420228041856, -0.6460009732127863, 0.9540753422234636, -1, 0.7162746008765356, 0.2785127431897769, 0.01328905124564514, 1, 0.9775040368777582, 0.7064923570497061, 0.022304000468175156, 0.7540800802661742, -0.7174959528667348, -0.4074081190358694, -0.8690270012685746, 0.18527027186614387, 0.6101131415842933, 0.4428319500462451, 0.12967910438999036, 0.28476226588942255, -0.14404985161687006, 0.3247588319589392, 0.5212348963721523, 0.24982182941084305, 0.6456624640515045, -0.2782194015142111, -1, 0.34611110780508497, -0.8774111530267141, 0.5553764370033814, 0.8370330914921144, 0.40384676733300273, 0.16218019195790034, -0.15139055015959715, 0.27848463099903487, -0.6862826773305283, 0.2595866587378812, -0.16332267454388522, 0.3950439477088389, -0.8107458683843237, -0.006266752877474385, 0.28743220810418874, -1, -0.08026457185380151, -0.7882138135067627, -0.8465693837339168, 0.3778848430268009, -0.10283224354768312]
481.0317077636719	(8, 12, 2)	[-0.26286766528255245, -1, -0.230020883655266, -0.49720788864098275, 0.814994578488011, -0.4018493792127793, -1, -0.32843184775375484, 0.3731653822400581, 0.567045701298725, -0.8711592716400548, 0.7080170601132763, 0.6302952095034469, 1, 0.5513865025681586, 0.1771997075113179, 0.40603936369948784, -0.8473960483626105, 0.19403565384692936, 1, 1, 0.9235034075682474, 0.7565986864344239, 0.8061198231968947, 0.3678617184762256, 0.5163925793181968, 0.7502888482311931, 0.4715118306738789, 0.569396594357019, 0.0025791006048347664, -0.44976656668211046, -0.8585635558950173, 0.29404691064226607, -0.090328313142316, -0.4022484430510681, -0.4453078221779924, 0.060147146024033066, 0.856268703261507, 0.013380456120398256, 0.11672054164623483, -0.6456005226007555, 0.2599199856769129, 0.38763685496009714, -0.06809114500690727, -0.7473144903523266, -0.5273312000683992, 0.1358225902904731, -0.3511192525552035, -0.630767120170008, 0.9939596221800571, -0.9239704041541961, 0.3286352640015171, 1, -0.7479388374645362, -0.28088693541187815, 0.36578472234049475, -1, 0.23543294415010432, -0.5837639734312225, -0.7397740553370211, 0.7117325853365354, 0.41241304999900846, 0.4615706591427724, 0.4949960294615823, 0.13867492074550722, -0.7221849389341592, -0.24779907212713137, 0.025962083458147767, 0.7667298601269569, 0.48464480532486326, -0.623062475397123, -0.036637574925087166, 0.041108420228041856, -0.5738212284147454, 0.9540753422234636, -1, 0.7162746008765356, 0.1790433025307678, 0.01328905124564514, 0.935326534518691, 0.9775040368777582, 0.7971992874928995, -0.13103079490456657, 0.8090160956818031, -0.7174959528667348, -0.2320528094804692, -0.8690270012685746, 0.02810160635200723, 0.6101131415842933, 0.4527161043357221, 0.12967910438999036, 0.19134811049403888, -0.2502361011868011, 0.3247588319589392, 0.7581278327933654, 0.8321579894429333, 0.41389397872602995, -0.13075531703255838, -0.7854366366519596, 0.6790909177301667, -0.6665819526841182, 0.00013779662389823422, 0.8649440616403247, -0.39279537340909976, 0.0381443682496686, -0.03791420337583322, -0.11364648043728331, -0.7594654484368882, -1, 0.49012401545024004, -0.28770792348388285, 0.19440401319470144, 0.03949448905900435, 0.7605825700146844, -0.9561891707767312, 0.10999855769778707, -1, 0.32645101566967194, 0.6479111989984698, 0.13478761672725886]
-13.697840690612793	(8, 12, 2)	[-0.04127840444375897, -1, -0.3703983250195465, -0.5623260667015837, 0.7280753367531432, -0.4092645425775347, -0.7139188253969451, -0.380179159966477, 0.5569238095471182, 1, -1, 0.8301895027212604, 0.6923214946691895, 0.8907147058249817, 0.5376590221726958, 0.6637237626290896, 0.2690926616367585, -0.9768727951366671, -0.05500314335274621, 1, 1, 0.6379803614574739, 0.8897602281576872, 0.8417243279212798, 0.09355548311896866, 0.7218871731705891, 0.9261706489418404, 0.6248223372223782, 0.5896980911154258, -0.2950893362928723, -0.238577084267873, -0.4958944203819426, 0.2538349131565636, 0.005094534316414212, -0.1630175352701639, -0.4852025327060096, 0.7059297527000388, 0.5265491219743628, 0.6094581922036643, 0.6257340524108965, -0.4705071607837848, -0.14691873430736632, 0.9550365875054986, -0.4585867984822233, -0.5757730426883605, 0.3091080169912829, -0.9982376111926368, 0.28771949506217576, -0.13187998035212353, 0.9492738518386911, -0.9239704041541961, 0.04170866877292059, 0.9355236949084984, -0.7479388374645362, -0.1268701991986584, 0.36578472234049475, -1, 0.052221718569265496, -0.8204470411330984, -0.2198400611143898, 0.4278999875851953, 0.36873791664211286, 0.1542794394387074, 0.9137774171070051, 0.6286661731872709, -1, -0.21662654163247996, -0.016023254644093474, 0.9238820630793984, 0.5603075611563826, -0.8550523491291983, 0.3628376330540496, 0.7865653196541865, -0.2117221020703206, 0.7733465132614888, -0.6225281252351902, -1, 0.8289514258302507, 0.6440847490730408, -0.7129645013988641, 0.9775040368777582, 0.7064923570497061, 0.022304000468175156, 0.7540800802661742, -0.8658300644262441, -0.18810459226197163, -0.8690270012685746, 0.40350947139181903, 0.9653123056602398, 0.4428319500462451, 0.12967910438999036, 0.28476226588942255, -0.5376729089293975, 0.3247588319589392, 0.5212348963721523, 0.24982182941084305, 0.6456624640515045, -0.2782194015142111, -1, 0.34611110780508497, -0.8863707718698007, 0.23266478621305767, 0.39231564385008, 0.40384676733300273, 0.16218019195790034, 0.08417376726861817, 0.10146897287655765, -0.9110314504702117, 0.33436943287450255, 0.49012401545024004, -0.09636703077633735, -0.99430911182809, 0.13628462355493656, 0.4107775834078826, 0.4518937563097486, -0.05014166909706749, -1, 0.20654536796152562, 0.6024499844939006, -0.3110834649533041]
479.1865234375	(8, 12, 2)	[0.18917547568063275, -0.45326979525827515, -0.15955428124519072, -0.7939883784556148, 0.785383529966002, -0.4092645425775347, -0.6363876702838185, -0.380179159966477, 0.5569238095471182, 1, -0.934721527656274, 0.6917783124228986, 0.6923214946691895, 1, 0.5376590221726958, 0.49559555035995323, 0.2690926616367585, -0.9768727951366671, 0.03439863917199151, 1, 1, 0.7494906125362412, 0.6241365774638861, 0.9431670211844846, 0.09355548311896866, 0.7218871731705891, 0.886542541533621, 0.5554222573874409, 1, -0.02145967046944297, -0.238577084267873, -0.6352050688857436, 0.2879222968845437, 0.16336478004158964, -0.4022484430510681, 0.07174043675272462, -0.26259485629240337, 0.868340465362647, 0.033106338742139946, 1, -0.5936901426050014, -0.07387731191633229, 0.7024552382248016, 0.27696027155364356, -0.8748389491577752, 0.467687873571777, 0.39917444699919075, -0.8177137439706804, -0.49356647420718003, 1, 1, 0.47718729636390916, 0.3315221852943393, -0.9996203123646853, -0.30121169658249786, 0.36578472234049475, 1, 0.6220701078731193, -0.8624863223686791, -0.9435923881848117, -0.8507733684074842, -0.2930981256540544, 0.4615706591427724, 0.4256888435592392, 0.13867492074550722, -1, -0.40584625452900497, 0.025962083458147767, 1, 0.48464480532486326, -0.623062475397123, -0.036637574925087166, 0.041108420228041856, -0.6460009732127863, 0.9540753422234636, -1, 0.7162746008765356, 0.2785127431897769, 0.05491190958770806, 1, 0.9775040368777582, 0.7064923570497061, 0.022304000468175156, 0.7540800802661742, -0.7174959528667348, -0.4074081190358694, -0.8690270012685746, 0.18527027186614387, 0.6101131415842933, 0.4428319500462451, 0.12967910438999036, 0.28476226588942255, -0.14404985161687006, 0.3247588319589392, 0.5212348963721523, 0.24982182941084305, 0.6456624640515045, -0.2782194015142111, -1, 0.34611110780508497, -0.8774111530267141, 0.5553764370033814, 0.8370330914921144, 0.40384676733300273, 0.16218019195790034, -0.15139055015959715, 0.27848463099903487, -0.6862826773305283, 0.062387299857614036, -0.16332267454388522, 0.3950439477088389, -0.8107458683843237, -0.006266752877474385, 0.28743220810418874, -1, -0.08026457185380151, -0.7882138135067627, -0.8465693837339168, 0.3778848430268009, -0.10283224354768312]
-18.472135543823242	(8, 12, 2)	[0.4548191710246765, -0.20554753515516253, -0.3703983250195465, -0.9979540604012214, 0.7282424986534353, -0.4092645425775347, -0.6363876702838185, -0.380179159966477, 0.5569238095471182, 0.8684962427646019, -1, 0.6917783124228986, 0.42940107698470453, 0.8907147058249817, 0.604816718648271, 0.850644736379221, 0.2011431362306254, -0.9768727951366671, -0.05500314335274621, 1, 0.5473472266210323, 0.6853831187699226, 0.8897602281576872, 0.8417243279212798, 0.09355548311896866, 0.7218871731705891, 0.9261706489418404, 0.7233018471195751, 0.5671479327096342, -0.2950893362928723, -0.238577084267873, -0.41790391327228626, 0.2538349131565636, 0.2648918292016277, -0.1630175352701639, -0.49352523587084374, 0.8507442699142882, 0.7286463297710543, 0.5792766325205598, 0.8555991632275377, -0.6727073485563801, 0.1293571784366062, 0.8606603324837664, -0.4585867984822233, -0.8748389491577752, -0.0741706482589029, 0.3889561468764736, -0.9674060559340301, -0.7193270712835536, 0.31182727727138226, 1, 0.47718729636390916, 0.2958468985473856, -0.7686593980308565, -0.31803888122701884, 0.005752409209384912, 0.7386684935880461, -0.4105857576071217, -1, 0.42751724808944475, -0.24937722182969962, 0.2508184450871924, 0.4615706591427724, 0.4256888435592392, 0.13867492074550722, -0.6563674435948135, -0.41178368097862716, 0.003721845573839866, 0.7667298601269569, 0.48464480532486326, -0.759778779753979, -0.036637574925087166, 0.06671087649061783, 0.36118446679117605, 1, -1, 1, 0.0599907560287401, 0.14360772904358954, 0.6624191867071688, 0.17046704312358762, 0.050501110948675126, -0.5184806731832585, -0.15577508875032506, 0.3256864729074388, -0.46833698465302354, -0.5485508327458529, 0.18527027186614387, 0.9653123056602398, 0.4428319500462451, 0.12967910438999036, 0.28476226588942255, -0.14404985161687006, 0.3224008290434727, 0.5212348963721523, 0.24982182941084305, 0.6456624640515045, -0.2782194015142111, -1, 0.34611110780508497, -0.8463693104787509, 0.5553764370033814, 0.8370330914921144, 0.40384676733300273, 0.20860387614558534, -0.15139055015959715, 0.27848463099903487, -0.6862826773305283, 0.4286975941189679, -0.16332267454388522, -0.390930587542726, -0.7141747132846376, 0.45688873083387505, 0.429772274620877, -1, -0.6372484519301841, -0.7882138135067627, -0.8465693837339168, 0.5713474820638351, -0.40338126451472345]
-29.95465087890625	(8, 12, 2)	[0.18917547568063275, -0.45326979525827515, -0.1211674203103108, -1, 0.785383529966002, 0.0902663824529096, -0.6747340844670996, -0.689758165913609, 0.13988352515945518, 0.6625501919300164, -0.8478344652787966, 1, -0.004154488090120534, 0.7795593577593709, 0.7715709006103741, 0.9290597987476941, 0.3134789436717963, -0.864033327438286, 0.07098325078790219, 0.6662942410038482, 0.9323079896813986, 0.5456526699465816, 0.734423654372088, 1, 0.5037321021401288, 0.30636601522593915, 0.4043170602737802, 0.6362201046107715, 0.4932900804517316, -0.17225672848276033, -0.40511268685620716, -1, 0.2879222968845437, 0.16336478004158964, -0.7196358987839051, 0.3599537194622543, -0.07776219477994326, 0.7746597946523087, -0.245625044709286, 0.7548294722354911, -0.753054490847391, -0.07387731191633229, 1, -0.4585867984822233, -0.8748389491577752, 0.6948501138070143, 0.39917444699919075, -0.8177137439706804, -0.49356647420718003, 1, 1, 0.47718729636390916, 0.3315221852943393, -0.9996203123646853, -0.6079587299510965, 0.36578472234049475, 1, 0.4317603285504096, -0.5086674769527721, -0.9435923881848117, -1, -0.283433746151542, 0.4615706591427724, 0.37199654049967995, 0.13867492074550722, -0.7221849389341592, -0.6229492975762952, 0.025962083458147767, 1, 0.48464480532486326, -0.623062475397123, -0.036637574925087166, 0.041108420228041856, -0.5726996991916187, 0.9540753422234636, -1, 0.7162746008765356, 0.4547115372747348, 0.14375424253378594, 1, 0.9775040368777582, 0.9100896245259543, 0.022304000468175156, 0.7540800802661742, -0.8658300644262441, -0.18810459226197163, -0.8690270012685746, 0.18527027186614387, 1, 0.4428319500462451, 0.12967910438999036, 0.28476226588942255, -0.14404985161687006, 0.3247588319589392, 0.5212348963721523, 0.24982182941084305, 0.6456624640515045, -0.2782194015142111, -0.7854366366519596, 0.6790909177301667, -0.6459428364598132, 0.00013779662389823422, 0.8649440616403247, -0.39279537340909976, 0.0381443682496686, -0.03791420337583322, -0.11364648043728331, -0.7594654484368882, -1, 0.49012401545024004, -0.28770792348388285, 0.19440401319470144, 0.15674525353821575, 0.7605825700146844, -0.9561891707767312, 0.10999855769778707, -0.7882138135067627, -0.9839572927751918, 0.8919636574633322, -0.06600344158195534]
-24.997217178344727	(8, 12, 2)	[-0.2284419291308835, -0.9878031946252044, -0.3848131176960832, -0.6906294666933122, 0.3495832586793075, -0.8704252128913312, -0.8113211845553112, -0.23879436546726418, 0.17412845017746398, 0.6748872323661819, -0.6361225883391028, 0.48514810440172124, 0.9765030307585283, 0.8907147058249817, 0.5376590221726958, 0.5972614904925642, 0.47152287919334135, -0.5821079168871703, -0.030206163892543603, 0.901337711439949, 1, 0.4235198708689323, 0.7426477462978472, 1, 0.9442788553084409, 0.7330752879339366, 0.34895910220141735, 0.7261399925649124, 0.811920455243273, 0.0025791006048347664, -0.4001269464556949, -0.8585635558950173, 0.2987498075845855, 0.005494372751379373, -0.4022484430510681, -0.35193521085587287, 0.22212923275952004, 0.856268703261507, -0.03271230044994888, 0.07167321308165689, -0.7468441324646197, 0.2599199856769129, 0.38763685496009714, -0.06809114500690727, -0.7473144903523266, 0.4727917553652996, -0.10660552848896071, -0.3511192525552035, -0.630767120170008, 1, -1, 0.22496782908374072, 0.9355236949084984, -0.7479388374645362, -0.02892282770731902, 0.17606055065031717, -1, 0.23543294415010432, -0.5837639734312225, -0.5815273776619448, -0.8507733684074842, -0.5853896960743605, 0.4615706591427724, 0.4256888435592392, -0.13940285791255794, -1, -0.40584625452900497, 0.025962083458147767, 1, 0.48464480532486326, -0.623062475397123, -0.036637574925087166, 0.041108420228041856, -0.6460009732127863, 0.9540753422234636, -1, 0.9459152232894409, 0.2785127431897769, 0.05491190958770806, 1, 0.9775040368777582, 0.7064923570497061, -0.11598616208226414, 0.7540800802661742, -0.7174959528667348, -0.4074081190358694, -0.8690270012685746, 0.18527027186614387, 0.6101131415842933, 0.4428319500462451, 0.12967910438999036, 0.28476226588942255, -0.14404985161687006, 0.3247588319589392, 0.5212348963721523, 0.24982182941084305, 0.5047213481424527, -0.7060876334526272, -0.993335284594718, 0.6790909177301667, -0.5442057707149215, 0.05751077379430797, 0.41759334343738547, -1, 0.20311967122175367, 0.006622028425403131, 0.49979143479296245, -0.5898776961823651, -0.7214919285486385, 0.5356715823481382, -0.28770792348388285, -0.8647568914367557, 0.6164765784077197, 0.22858135831625742, 0.9311734176982652, 0.8325328537243928, -0.8045131963822965, 0.6834656217300079, 0.8311851913606789, -0.5942135687554371]
-15.37304401397705	(8, 12, 2)	[-0.09630997136952948, -0.876304296087175, -0.07427807044487947, -1, 0.654186667506589, -0.2074166037566584, -0.8168654826607168, -0.7253308009614503, 0.12394314538349094, 0.8996496039019477, -0.4302245523558282, 0.7330566396627414, 0.7554310848281034, 0.8352106566604456, 0.13555274510111304, -0.01569771526968785, 0.5591166448472773, -0.9617423515245968, -0.01770630900992773, 1, 0.6003690085907122, 1, 1, 1, 0.6952831211337924, 0.3311786806469606, 0.34895910220141735, 0.5343599096891039, 0.811920455243273, 0.0025791006048347664, -0.4239815828634945, -1, 0.41631115101532123, 0.005494372751379373, -0.4022484430510681, -0.2734747210966527, 0.4100306900600366, 1, 0.09497535429977218, 0.47581715404627534, -0.3948031486462657, 0.029142546452134307, 0.46418048109957044, 0.10644837707892771, -1, 0.278972447710601, -0.19649528354822537, -0.24873400928481476, -0.1777649972227535, 0.7032741872966239, -0.657920444687455, 0.30713911240171393, 0.6252243252777641, -0.9898680376190081, -0.2946503537095424, 1, -0.6121950949378197, 0.052221718569265496, -0.6310696381197436, -0.2198400611143898, 0.2425480562103537, 0.36873791664211286, 0.24418373828847886, 0.9002260154480966, 0.6286661731872709, -0.9572664292844127, -0.6716657326851148, -0.12731618625187263, 1, 0.7291786237448041, -0.5448388793800002, 0.4740206989872106, 0.40397503425974035, 0.5025184363090166, 1, -1, 0.8245698682076507, -0.17058670116797361, 0.16450848315888258, 0.8673283571069857, 0.03811350515009354, -0.3704595730359448, -0.1027879415144182, 1, -0.16894023340175068, -0.5186100442583804, -0.7373538248694438, 0.8729624813229973, 1, -0.8884291729693902, -0.4184531787796171, 0.1357587006619505, -0.13667818448757635, -0.0507459369765796, 0.7581278327933654, 0.792231103646659, 0.3285388006637281, -0.5966323623670005, -0.7854366366519596, 0.9957121069032479, -0.7991095074155714, 0.21582406773187765, 0.24191209549252052, -0.7756464935859377, 0.3681655821600633, -0.4757771916540147, -0.3492737825717911, -0.33570262164752945, 0.009312906302071544, 0.559603329149166, -0.28770792348388285, -0.8647568914367557, -0.07655423903556655, 0.18180214565137318, -1, 0.138926027622663, -1, 0.32645101566967194, 0.6024499844939006, -0.30501511682325716]
-17.26323699951172	(8, 12, 2)	[-0.2284419291308835, -0.9878031946252044, -0.3848131176960832, -0.6906294666933122, 0.3495832586793075, -0.8704252128913312, -0.8113211845553112, -0.23879436546726418, 0.5771042912332971, 0.6748872323661819, -0.7935858508029172, 0.48514810440172124, 0.9765030307585283, 0.8907147058249817, 0.5376590221726958, 0.5972614904925642, 0.47152287919334135, -0.5821079168871703, -0.030206163892543603, 0.901337711439949, 1, 0.4235198708689323, 0.7426477462978472, 1, 0.9442788553084409, 0.7330752879339366, 0.34895910220141735, 0.6907715861554822, 0.811920455243273, 0.0025791006048347664, -0.4001269464556949, -0.8585635558950173, 0.2987498075845855, 0.005494372751379373, -0.4022484430510681, -0.35193521085587287, 0.22212923275952004, 0.856268703261507, -0.03271230044994888, 0.07167321308165689, -0.7468441324646197, 0.2599199856769129, 0.38763685496009714, -0.06809114500690727, -0.7473144903523266, 0.4727917553652996, -0.10660552848896071, -0.3511192525552035, -0.630767120170008, 1, -0.47499203731060297, 0.22496782908374072, 0.7540452406902933, -0.7479388374645362, -0.28088693541187815, 0.36578472234049475, -0.7517870204440963, 0.23543294415010432, -0.5837639734312225, -0.7177497250662305, 0.7117325853365354, 0.41241304999900846, 0.5070314219402406, 0.4949960294615823, 0.1700671757801704, -0.7221849389341592, -0.24779907212713137, 0.025962083458147767, 0.7667298601269569, 0.48464480532486326, -0.623062475397123, 0.0033152968406498784, 0.041108420228041856, -0.5738212284147454, 0.9540753422234636, -1, 0.8788951627641923, 0.4186139273647014, 0.01328905124564514, 0.935326534518691, 1, 0.7971992874928995, -0.13103079490456657, 1, -0.7174959528667348, -0.4688698046247623, -0.8690270012685746, 0.0006833605715035329, 0.6101131415842933, 0.1871685126084927, 0.12967910438999036, 0.19134811049403888, -0.2502361011868011, 0.3247588319589392, 0.7581278327933654, 0.8321579894429333, 0.6664096665487138, -0.13075531703255838, -0.7854366366519596, 0.6790909177301667, -0.6665819526841182, 0.00013779662389823422, 0.8649440616403247, -0.39279537340909976, 0.0381443682496686, -0.03791420337583322, -0.11364648043728331, -0.4092123404855603, -0.7214919285486385, 0.20198325328490163, -0.28770792348388285, -0.8647568914367557, 0.03299812666909813, 0.5580037524798005, -0.927753114120121, 0.5895407113913708, -0.8037348812911412, 0.6834656217300079, 0.8311851913606789, -0.5942135687554371]
471.04345703125	(8, 12, 2)	[0.38283183967950746, -0.1648120325227065, -0.37170524291341933, -1, 0.7282424986534353, -0.4092645425775347, -0.6363876702838185, -0.380179159966477, 0.5569238095471182, 0.8755101933518801, -0.994171214832952, 0.6917783124228986, 0.5869629299419288, 1, 0.5376590221726958, 0.553571908921275, 0.6481697965680024, -0.5821079168871703, -0.1111002772290518, 0.901337711439949, 0.7515747284694873, 0.9198575336459558, 0.8023322494311655, 0.8417243279212798, 0.41201098304203365, 0.7871685400413373, 0.7077002836781838, 0.6205388699343607, 1, -0.2950893362928723, -0.3813401537256299, -0.8880570035739728, 0.6805447059926308, 0.16336478004158964, -0.4022484430510681, 0.07174043675272462, -0.46803470620519827, 0.868340465362647, -0.6248258306514429, 0.9269772750341441, -0.530181130994477, -0.20669762808030762, 0.8959387417835989, 0.06320162567155617, -0.8369487356716049, 0.6591224909405193, 0.030600329621625066, -0.8311014302544842, -0.15820079435425222, 0.9651831050326646, -0.7232915764099729, -0.2945830108214911, 0.17360211932055825, 0.37307370378478916, -0.3061821511805366, 0.4244419011360794, 0.28717182622764775, 0.4317603285504096, -0.9214125748703339, -0.41858267615529343, -0.6619762093684183, -0.20568312496168029, 0.8487465027963488, -0.424516930180199, -0.10592123059037938, -0.29942115146305587, -0.3520011872161348, -0.6393728387880644, 0.42184640309611954, 0.7934920520748465, -0.8835959298945304, -0.036637574925087166, 0.1019890450195307, -0.7240085060396889, 0.9448277844390125, -0.8817231484979474, 0.7675386702118181, -0.17058670116797361, -0.0361675307356882, 0.714658732274991, 0.21667110782838064, -0.3704595730359448, -0.25992708447224755, 0.9657790388274881, -0.5308840471041725, -0.5186100442583804, 0.6197054992122242, 1, 0.3467650278361598, 0.34781179351158775, -0.2492756173648656, 0.3726786324843373, 0.48503303098325456, -1, 0.4313364806455583, 0.21096169628260825, 0.17343673811212468, 0.0879907415350343, -0.5937987653065029, 0.10690428020169719, -1, 0.05751077379430797, 0.41759334343738547, -1, 0.20311967122175367, -0.03791420337583322, -0.11364648043728331, -0.7594654484368882, 0.009312906302071544, 0.4983040922629235, 1, 0.8269451419289061, 0.31309602012187276, 0.5891114692760527, 0.622354344354803, 0.10999855769778707, -0.5529597846126897, 0.2928339483968148, 1, -0.5141505076076416]
469.39202880859375	(8, 12, 2)	[0.12353566490076401, -0.1648120325227065, -0.6781461021923455, -0.5623260667015837, 0.7280753367531432, -0.4092645425775347, -0.7139188253969451, -0.6144393558236813, 0.3727536865944395, 0.6855909533456865, -0.975809365726561, 0.6954542293664615, 0.6923214946691895, 0.5953630274651288, 0.5980405924242895, 0.1771997075113179, 0.40603936369948784, -0.8473960483626105, -0.12746573560997598, 1, 1, 0.6379803614574739, 0.9095880474016825, 0.8417243279212798, 0.41201098304203365, 0.3311786806469606, 0.34895910220141735, 0.4808360930922282, 0.811920455243273, 0.0025791006048347664, -0.4001269464556949, -0.8585635558950173, 0.42648002278644725, 0.005494372751379373, -0.6760296726604375, -0.35193521085587287, 0.22212923275952004, 0.8797773485199225, 0.033106338742139946, 1, -0.5551337444475392, -0.07387731191633229, 0.8502833144983829, 0.27696027155364356, -0.8748389491577752, -0.5053647664497564, -0.42376144463907156, -0.048574323418332246, -0.35666090693038704, 0.8106719908706632, -0.9545319131423043, -0.28987735776528467, 0.3315221852943393, -0.9996203123646853, -0.2461433017356481, 0.36578472234049475, 1, 0.4317603285504096, -0.4486257762061711, -0.8319612710100397, -0.7340733401334399, -0.3822053056346649, 0.4615706591427724, 0.4256888435592392, 0.2544070159134797, -0.7221849389341592, -0.41178368097862716, 0.28305976896822255, 0.7667298601269569, 0.48464480532486326, -0.623062475397123, -0.28229138544095006, 0.045681276527117017, -0.5738212284147454, 0.9540753422234636, -0.7995067060948227, 0.5439950338182747, 0.2139151200752133, -0.24954270380537005, 1, 1, 0.690349308278986, 0.3121452836699712, 1, -0.7174959528667348, -0.319531944367192, -0.6022647712999762, 0.35923911415922205, 0.8097198275127891, -0.23838911943679242, -0.2492756173648656, 0.6266742640453404, 0.39994208079672494, -0.5561919326261078, 0.4313364806455583, 0.38260564383771767, 0.15557396876710108, 0.2273456209768784, -0.5937987653065029, 0.2572494899864136, -1, 0.28988613208909597, 0.6234712211477444, -0.4562509448281147, 0.25665341118522733, 0.21153595638008826, 0.7039313734923137, -0.27124578197378707, -0.789219170642362, 0.22319753924960567, -0.05737153940957887, -0.7689057477353786, 0.28215360434489245, 0.07689883371484979, -0.927753114120121, -0.5452485277721165, -0.8193185890514824, 0.018828084582699023, 0.6024499844939006, -0.26435085464381464]
482.7005310058594	(8, 12, 2)	[0.38283183967950746, -0.1648120325227065, -0.37170524291341933, -1, 0.7282424986534353, -0.4092645425775347, -0.6363876702838185, -0.380179159966477, 0.897668878835853, 0.8755101933518801, -0.994171214832952, 0.6917783124228986, 0.6923214946691895, 1, 0.8845257030363878, 0.1771997075113179, 0.40603936369948784, -1, 0.14282390294971134, 0.9246864921978456, 1, 0.9235034075682474, 0.7565986864344239, 0.8061198231968947, 0.3678617184762256, 0.5163925793181968, 0.7502888482311931, 0.4715118306738789, 0.40635355634681264, 0.0578536104094023, -0.44976656668211046, -0.7083169874082713, 0.30529803686706164, -0.3476115918192696, -0.4022484430510681, -0.4453078221779924, 0.09211137316205364, 1, -0.12146090274756746, 0.11672054164623483, -1, 0.36601194141006604, 0.13013462235935708, -0.06809114500690727, -0.7473144903523266, -0.5273312000683992, 0.1358225902904731, -0.3511192525552035, -0.463410764210756, 0.9939596221800571, -0.8559444612785214, 0.3286352640015171, 0.6979555151200906, -0.6068445344612357, -0.28088693541187815, 0.36578472234049475, -1, 0.32647632666373605, 0.05080447111219791, -0.7178597969413426, 0.515915827137727, 0.5878598271900984, 0.4615706591427724, 0.4949960294615823, 0.13867492074550722, -0.687130618209474, -0.11348203818641592, 0.22231750574384734, 0.9842585388471065, 0.6452432347796824, -0.623062475397123, -0.036637574925087166, 0.21093987276787185, -0.5738212284147454, 0.9540753422234636, -1, 0.7162746008765356, -0.15995334782857493, -0.0361675307356882, 0.714658732274991, 0.12850102661795793, -0.3704595730359448, -0.04391148440645462, 0.9657790388274881, -0.5308840471041725, -0.38252446556857195, 0.6197054992122242, 1, 0.3467650278361598, -0.11619343957146547, 0.1526807334480585, 0.28476226588942255, -0.14404985161687006, 0.3247588319589392, 0.5479868395184184, 0.24982182941084305, 0.6456624640515045, -0.6042574566947168, -1, 0.34611110780508497, -0.8774111530267141, 0.16330896488257557, 0.8370330914921144, 0.5041794065215579, 0.33729051913805197, -0.5045690498155346, -0.4091245372065206, -0.7767992877090636, -0.3012740902313418, 0.4983040922629235, 1, 0.8666388451396347, 0.03949448905900435, 0.6117457250105879, 0.622354344354803, 0.10999855769778707, -0.5529597846126897, 0.2928339483968148, 1, -0.5141505076076416]
-16.32693099975586	(8, 12, 2)	[0.12353566490076401, -0.1648120325227065, -0.6781461021923455, -0.5623260667015837, 0.7280753367531432, -0.37273205876986243, -0.7139188253969451, -0.6144393558236813, 0.3727536865944395, 0.6855909533456865, -0.975809365726561, 0.6954542293664615, 0.6128214467656956, 0.5953630274651288, 0.5980405924242895, 0.1771997075113179, 0.40603936369948784, -0.8473960483626105, -0.12746573560997598, 1, 1, 0.6379803614574739, 0.9095880474016825, 0.8417243279212798, 0.41201098304203365, 0.3311786806469606, 0.34895910220141735, 0.4808360930922282, 0.811920455243273, 0.0025791006048347664, -0.4001269464556949, -0.8585635558950173, 0.42648002278644725, 0.005494372751379373, -0.8025124711978696, -0.35193521085587287, 0.22212923275952004, 0.8797773485199225, 0.033106338742139946, 1, -0.5551337444475392, -0.07387731191633229, 0.8502833144983829, 0.27696027155364356, -0.8748389491577752, -0.5053647664497564, -0.42376144463907156, -0.048574323418332246, -0.35666090693038704, 0.8106719908706632, -0.9545319131423043, -0.07113589045769628, 0.3315221852943393, -0.9996203123646853, -0.2461433017356481, 0.36578472234049475, 1, 0.4317603285504096, -0.4486257762061711, -0.8319612710100397, -0.7340733401334399, -0.3822053056346649, 0.4615706591427724, 0.4256888435592392, 0.2544070159134797, -0.7221849389341592, -0.41178368097862716, 0.28305976896822255, 0.7667298601269569, 0.48464480532486326, -0.4916658368433967, -0.28229138544095006, 0.045681276527117017, -0.5738212284147454, 0.9540753422234636, -0.7995067060948227, 0.5439950338182747, 0.2139151200752133, -0.3629818473047643, 1, 1, 0.690349308278986, 0.3121452836699712, 1, -0.7174959528667348, -0.319531944367192, -0.6022647712999762, 0.35923911415922205, 0.8097198275127891, -0.23838911943679242, -0.11224150914960199, 0.6266742640453404, 0.39994208079672494, -0.5561919326261078, 0.4313364806455583, 0.38260564383771767, 0.15557396876710108, 0.2273456209768784, -0.5937987653065029, 0.3861432543160237, -1, 0.28988613208909597, 0.6234712211477444, -0.4562509448281147, 0.25665341118522733, 0.21153595638008826, 0.7039313734923137, -0.27124578197378707, -0.789219170642362, 0.22319753924960567, -0.05737153940957887, -0.6244924240276941, 0.28215360434489245, 0.6891760766543971, 0.5216207449608425, -0.5452485277721165, -0.8193185890514824, 0.018828084582699023, 0.6024499844939006, -0.26435085464381464]
-7.7923126220703125	(8, 12, 2)	[-0.0832672016820806, -0.9942962503558244, -0.3848131176960832, -0.6906294666933122, 0.3495832586793075, -0.8734254538726005, -0.9881846264220722, -0.03476500732108259, 0.49602634699830034, 0.6748872323661819, -0.9977825362695544, 0.4978378652309648, 0.9765030307585283, 0.9264696134032387, 0.4813037296423597, 0.5972614904925642, 0.47152287919334135, -0.5821079168871703, -0.030206163892543603, 0.8462159632459862, 1, 0.7753714103779829, 0.6241365774638861, 0.5402003354319529, 0.09355548311896866, 0.4006593966486332, 0.886542541533621, 0.7802222782621306, 1, -0.9703202664233056, -0.48188105085448996, -0.935178501804484, 0.21871663669526092, 0.46532971427478276, -0.33835030263783283, -0.0759653770773614, -0.4891797770927035, 0.8558267289804722, -0.6248258306514429, 0.6930231113760631, -0.9549625249497368, -0.20669762808030762, 1, -0.009999760052869705, -0.9924841206353182, 0.6591224909405193, 0.030600329621625066, -0.3511192525552035, -0.630767120170008, 1, -0.9239704041541961, 0.22496782908374072, 0.9355236949084984, -0.8765900305037394, -0.18054056464523016, 0.4135753992052028, -1, 0.23543294415010432, -0.5837639734312225, -0.44898009450373366, 0.7117325853365354, 0.19033964750464136, 0.6674433801899253, 0.3113908578310279, 0.292931763175612, -0.5368106833317098, -0.41178368097862716, -0.1837806458042664, 0.7667298601269569, 0.6966736083225049, -0.623062475397123, -0.036637574925087166, -0.5645151477920902, -0.6533983470841485, 0.9540753422234636, -1, 0.9459152232894409, 0.2785127431897769, 0.05491190958770806, 0.6624191867071688, 0.3310894492295368, -0.019104819665968775, 0.022304000468175156, 0.9623430489197735, -0.7174959528667348, -0.6249065430111801, -0.8690270012685746, 0.18527027186614387, 0.6101131415842933, 0.4428319500462451, 0.32706860187946013, 0.28476226588942255, -0.2887992811197204, 0.30875805838506465, 0.5212348963721523, 0.2781971852266404, 0.5047213481424527, -0.7060876334526272, -0.993335284594718, 0.6790909177301667, -0.3730356288774448, 0.05751077379430797, 0.41759334343738547, -1, -0.005696938505702714, 0.02364100215354978, -0.3028449596548973, -0.7594654484368882, -1, 0.2841303314031078, -0.6216809216436269, 0.19440401319470144, 0.3439062311117676, 0.2488024173886456, 0.9311734176982652, 0.38650630020203924, -0.8576901449646359, 0.5882074969608435, 0.5425928936543636, -0.3591990897078336]
480.4444580078125	(8, 12, 2)	[0.8729074818198286, -0.859281400840379, -0.8627618567452044, -1, 0.8710930212058936, 0.25336516370625545, -0.545743248318482, -0.4861781662553383, -0.16733949278273302, 1, -0.9149654548769646, 1, 0.618825084767486, 0.6954474423602797, 0.40297125810572176, 0.43513996655662324, 0.45496761509379324, -1, 0.23537307445316794, 1, 1, 1, 1, 1, 0.3678617184762256, 0.41015686166619647, 0.3055237718707582, 0.21497448421095794, 0.4611415358742924, 0.005714826227324148, -0.5276629021190655, -0.9850689108048721, 0.5090244070654392, -0.4677934445530142, -0.4022484430510681, -0.22120903626120558, 0.8465794832726938, 0.856268703261507, 0.4264638606828297, 0.06398353850481495, -0.9549625249497368, -0.5248915905454818, 0.06797591649278012, -0.40614472217823394, -0.7953626123589503, 0.6591224909405193, 0.030600329621625066, -0.5368491256760629, -0.3691278050787056, 0.5341676597776598, -0.9199563030624469, -0.2945830108214911, 0.0804536535388651, 0.37307370378478916, -0.3061821511805366, 0.4244419011360794, 0.6898652136824082, 0.4124788675320619, -0.9214125748703339, -0.41858267615529343, -0.38256617636115675, 0.5986268029479529, 0.130180314685378, 0.735448043236464, 0.05050929187220585, -0.24345537551888918, 0.20510728476800297, -0.025567245304706887, 0.623561726373066, 0.7518096998535078, -0.759778779753979, 0.20805678924056892, 0.010540665963496116, 0.07593880252397439, -0.4763284422576085, -0.5997560648924922, -0.9900222901983464, 0.6049563118926242, 0.27677163511359126, -0.12925599409612995, 0.5637090896114849, 0.717409968073785, -0.13103079490456657, 0.7667692105708347, -0.7925355230823345, -0.23456203875763676, -0.5485508327458529, 0.5378658329410947, 0.9413617627178392, -1, -0.19569076247770362, 0.6890452723362652, 0.022595348551902483, 0.06902879057164918, 0.7581278327933654, 0.4662171753864395, -0.5052423825925823, -0.0575540702827142, -0.9702376479558343, 0.32906888163081655, -1, 0.05751077379430797, 1, 0.5003487207426375, -0.11439164889061615, 0.3069163819852044, -0.13788729055489393, -0.4092123404855603, -0.7986516986231602, 0.5560443829892847, -0.4558844431228222, -0.6057838652336667, 0.13628462355493656, 0.33972500197482275, -0.008245184453173293, 0.126304751306662, 0.8171927817852425, -1, 1, -0.36007091002352815]
475.853515625	(8, 12, 2)	[-0.2284419291308835, -0.9878031946252044, -0.3848131176960832, -0.6906294666933122, 0.3255093676820285, -0.8704252128913312, -0.9115567574175307, -0.23879436546726418, 0.5771042912332971, 0.6748872323661819, -0.5236293914728476, 0.6917783124228986, 0.6923214946691895, 1, 0.5990415632353595, 0.3862290694585926, 0.2690926616367585, -0.9748865369775488, -0.23173117105652505, 0.8845605908276905, 1, 0.6697579494457035, 0.7301379791252031, 0.9431670211844846, 0.4240385335026796, 0.867042900487239, 0.6514807577506472, 0.5554222573874409, 1, -0.02145967046944297, -0.17234935312505806, -0.6352050688857436, 0.18680443572387134, 0.16336478004158964, -0.375308235896663, 0.5121607883783665, -0.034609180292354325, 1, 0.033106338742139946, 1, -0.5936901426050014, -0.07387731191633229, 0.7024552382248016, 0.04134722130188431, -1, 0.467687873571777, 0.39917444699919075, -0.8177137439706804, -0.49356647420718003, 1, 1, 0.5295899705524862, -0.10461446963775145, -0.9887315653958224, 0.27209525320314343, 0.36578472234049475, -0.6538814933655973, 0.23543294415010432, -0.5837639734312225, -0.7177497250662305, 0.7117325853365354, 0.41241304999900846, 0.5070314219402406, 0.4949960294615823, 0.1700671757801704, -0.7221849389341592, -0.24779907212713137, 0.29889204989845836, 0.7667298601269569, 0.29789453886202616, -0.37829545560894484, 0.0033152968406498784, 0.041108420228041856, -0.5738212284147454, 0.9540753422234636, -1, 1, 0.4186139273647014, 0.01328905124564514, 0.935326534518691, 1, 0.7971992874928995, -0.13103079490456657, 1, -0.7174959528667348, -0.4688698046247623, -0.9925163438432948, 0.0006833605715035329, 0.6101131415842933, 0.23195170917969044, 0.12967910438999036, 0.19134811049403888, -0.3462406031834651, 0.3247588319589392, 0.7581278327933654, 0.8321579894429333, 0.6664096665487138, -0.13075531703255838, -0.5642353152827562, 0.6790909177301667, -0.6665819526841182, 0.00013779662389823422, 0.8649440616403247, 0.16731203400204786, 0.20053862474665868, -0.03791420337583322, -0.11364648043728331, -0.4092123404855603, -0.7214919285486385, 0.20198325328490163, -0.28770792348388285, -0.7689057477353786, 0.28215360434489245, 0.07689883371484979, -0.927753114120121, -0.5452485277721165, -0.8193185890514824, 0.018828084582699023, 0.6024499844939006, -0.5942135687554371]
-2.1189675331115723	(8, 12, 2)	[-0.0832672016820806, -0.9942962503558244, -0.3848131176960832, -0.6503588404459919, 0.3495832586793075, -0.8734254538726005, -0.9881846264220722, -0.03476500732108259, 0.49602634699830034, 0.6748872323661819, -0.9977825362695544, 0.4978378652309648, 0.9765030307585283, 0.9264696134032387, 0.511706217908845, 0.5972614904925642, 0.47152287919334135, -0.5821079168871703, -0.030206163892543603, 0.8462159632459862, 1, 0.7753714103779829, 0.6241365774638861, 0.5990986841797115, 0.018059200279163495, 0.4006593966486332, 0.886542541533621, 0.7802222782621306, 1, -0.9703202664233056, -0.4001269464556949, -0.9275918853762051, 0.2987498075845855, 0.005494372751379373, -0.4022484430510681, -0.35193521085587287, 0.22212923275952004, 1, -0.03271230044994888, 0.25637347390274917, -0.7468441324646197, 0.2599199856769129, 0.16147363462349285, -0.06809114500690727, -0.7473144903523266, 0.4727917553652996, -0.10660552848896071, -0.3511192525552035, -0.5781327218802844, 1, -0.4149872923416042, 0.22496782908374072, 0.7540452406902933, -0.6263546440155713, 0.15678396306881048, 0.4135753992052028, -1, 0.23543294415010432, -0.5837639734312225, -0.44898009450373366, 0.7117325853365354, 0.19033964750464136, 0.6674433801899253, 0.3113908578310279, 0.292931763175612, -0.5368106833317098, -0.5981770897039496, -0.1837806458042664, 0.7667298601269569, 0.6966736083225049, -0.623062475397123, -0.036637574925087166, -0.5331950188699678, -0.6533983470841485, 0.9540753422234636, -1, 0.9459152232894409, 0.2785127431897769, -0.12461303231111437, 0.6624191867071688, 0.3310894492295368, -0.019104819665968775, 0.022304000468175156, 0.9623430489197735, -0.7174959528667348, -0.6249065430111801, -0.8690270012685746, 0.18527027186614387, 0.6101131415842933, 0.46303357317789984, 0.32706860187946013, 0.28476226588942255, -0.4128036413641255, 0.0070262829484224465, 0.5212348963721523, 0.2781971852266404, 0.5047213481424527, -0.7060876334526272, -0.993335284594718, 0.6790909177301667, -0.3730356288774448, 0.05751077379430797, 0.15064619092975268, -1, -0.012001849479168526, 0.02364100215354978, -0.3028449596548973, -0.7594654484368882, -1, 0.2841303314031078, -0.6216809216436269, 0.4485396865357283, 0.3439062311117676, 0.2488024173886456, 0.9311734176982652, 0.38650630020203924, -0.8576901449646359, 0.5882074969608435, 0.5425928936543636, -0.3591990897078336]
485.33782958984375	(8, 12, 2)	[-0.0832672016820806, -0.9051222477815274, -0.3848131176960832, -0.9630177777181853, 0.7727464720694138, -0.3582687181732453, -0.9842757268242174, -0.10782370556480211, 0.18416627539990055, 0.5159063095278413, -1, 0.7201354841650867, 0.9458743241811719, 0.6714706148375, 0.5376590221726958, 0.4292998382603215, 0.34634830490032475, -0.8473960483626105, -0.12746573560997598, 1, 1, 0.6379803614574739, 0.8897602281576872, 0.8417243279212798, 0.27589891756517726, 0.3940855948523102, 0.34895910220141735, 0.11797584115961893, 0.5597945008270342, 0.0025791006048347664, -0.4001269464556949, -0.8585635558950173, 0.2987498075845855, 0.005494372751379373, -0.5516535380735132, -0.3550653201251579, 0.22212923275952004, 0.856268703261507, 0.16723338930530918, -0.08146147342288618, -1, 0.2599199856769129, 0.38763685496009714, 0.11542060373214913, -0.6153495721913959, 0.4727917553652996, 0.4803014537484971, -0.5958602342220376, -0.630767120170008, 1, -0.9239704041541961, 0.4073437183926299, 0.3315221852943393, -0.9996203123646853, -0.30121169658249786, 0.36578472234049475, 0.8914134627044372, 0.6084980308313799, -0.8624863223686791, -0.7047078948666715, -0.74939276530681, -0.2930981256540544, 0.4615706591427724, -0.07069785990766042, 0.13867492074550722, -1, -0.40584625452900497, 0.025962083458147767, 1, 0.7518096998535078, -0.759778779753979, 0.26985148136981535, -0.2143502588266138, 0.10534580343434732, -0.7544603737243856, -0.4289547528715907, -0.856151665590134, 0.6847506748858455, 0.27677163511359126, -0.14277888403131725, 0.769258856879469, 1, 0.09613035829718033, 1, -0.7925355230823345, -0.23456203875763676, -0.6212011001727399, 0.5378658329410947, 0.6101131415842933, 0.3984070114414596, 0.12967910438999036, 0.28476226588942255, -0.14404985161687006, 0.22243623260826484, 0.5212348963721523, -0.10351439829360479, 0.5047213481424527, -0.7060876334526272, -0.993335284594718, 0.6790909177301667, -0.4243469185958964, 0.06812861711968603, 0.4751239624822917, -0.9137614753026371, 0.15970579283346137, -0.4053296646040674, -0.11364648043728331, -0.7594654484368882, -1, 0.2841303314031078, -0.6216809216436269, 0.19440401319470144, 0.3439062311117676, 0.2488024173886456, 1, 0.38650630020203924, -0.892928523643894, 0.5858130220392226, 0.8311851913606789, -0.3812688498854759]
-7.275558948516846	(8, 12, 2)	[-0.2284419291308835, -0.9878031946252044, -0.3848131176960832, -0.6906294666933122, 0.3255093676820285, -0.8704252128913312, -0.8113211845553112, -0.23879436546726418, 0.5771042912332971, 0.3573970741107941, -0.7935858508029172, 0.6917783124228986, 0.6923214946691895, 1, 0.5838760766562328, 0.3862290694585926, 0.2690926616367585, -0.9571132796785187, -0.23173117105652505, 1, 1, 0.6697579494457035, 0.6241365774638861, 0.9431670211844846, 0.6234881781558073, 0.867042900487239, 0.6514807577506472, 1, 1, -0.02145967046944297, -0.17234935312505806, -0.6352050688857436, 0.32239980748964253, 0.16336478004158964, -0.375308235896663, 0.5121607883783665, -0.034609180292354325, 1, 0.033106338742139946, 1, -0.5936901426050014, -0.07387731191633229, 0.7024552382248016, 0.04134722130188431, -1, 0.467687873571777, 0.39917444699919075, -0.8177137439706804, -0.49356647420718003, 1, 1, 0.5295899705524862, -0.26930285949705257, -0.9887315653958224, 0.21419712812757138, 0.025632335401592987, -1, 0.6557383876731718, -0.5837639734312225, -0.5134566618840214, -0.8507733684074842, -0.5853896960743605, 0.4843820746159739, 0.6069385540933669, 0.1700671757801704, -1, -0.24779907212713137, 0.025962083458147767, 0.7667298601269569, 0.48464480532486326, -0.37829545560894484, 0.0033152968406498784, -0.2143502588266138, 0.10534580343434732, -0.7544603737243856, -0.4289547528715907, -0.856151665590134, 0.6639913921850626, 0.27677163511359126, -0.14277888403131725, 0.769258856879469, 1, 0.09613035829718033, 1, -0.7925355230823345, -0.23456203875763676, -0.6212011001727399, 0.5378658329410947, 0.6101131415842933, 0.3984070114414596, 0.12967910438999036, 0.28476226588942255, -0.14404985161687006, 0.22243623260826484, 0.5212348963721523, -0.10351439829360479, 0.5047213481424527, -0.7060876334526272, -0.993335284594718, 0.6790909177301667, -0.4243469185958964, 0.06812861711968603, 0.4751239624822917, -0.9137614753026371, 0.15970579283346137, -0.4053296646040674, -0.11364648043728331, -0.8074620041509475, -1, 0.20198325328490163, -0.28770792348388285, -0.6293556907908406, 0.28215360434489245, 0.24033117058510559, -0.927753114120121, -0.5452485277721165, -0.7059593755986395, 0.018828084582699023, 0.6024499844939006, -0.5942135687554371]
467.8781433105469	(8, 12, 2)	[-0.0832672016820806, -0.9051222477815274, -0.472604938950784, -0.9630177777181853, 0.6786498663591379, -0.3582687181732453, -0.9842757268242174, -0.10782370556480211, 0.18416627539990055, 0.5159063095278413, -0.8820252715737811, 0.7201354841650867, 0.9458743241811719, 0.6714706148375, 0.8164697991802465, 0.649488192888273, 0.439561352763346, -0.8473960483626105, -0.34081334660297724, 1, 1, 0.6379803614574739, 0.8897602281576872, 0.8547071996779827, 0.27589891756517726, 0.3940855948523102, 0.34895910220141735, 0.11797584115961893, 0.6497134886007354, 0.0025791006048347664, -0.4001269464556949, -0.8585635558950173, 0.2987498075845855, 0.12927319980604862, -0.39250277970040137, -0.3550653201251579, 0.22212923275952004, 0.856268703261507, 0.16723338930530918, -0.08146147342288618, -0.9438225334798684, 0.2599199856769129, 0.38763685496009714, 0.11542060373214913, -0.7473144903523266, 0.4727917553652996, 0.4803014537484971, -0.3830826920575855, -0.630767120170008, 1, -0.9239704041541961, 0.4073437183926299, 0.3315221852943393, -0.9996203123646853, -0.37025538570486516, 0.36578472234049475, 0.8914134627044372, 0.6084980308313799, -1, -0.7047078948666715, -0.74939276530681, -0.2930981256540544, 0.4615706591427724, -0.07069785990766042, 0.13867492074550722, -1, -0.40584625452900497, 0.025962083458147767, 1, 0.7518096998535078, -0.759778779753979, 0.010559931847006876, -0.2143502588266138, 0.10534580343434732, -0.7544603737243856, -0.3113744050584297, -0.856151665590134, 0.6847506748858455, 0.27677163511359126, 0.06589062513240293, 0.769258856879469, 1, -0.018154483961579218, 1, -0.9064625893896294, -0.5090638916245598, -0.6212011001727399, 0.5378658329410947, 0.6101131415842933, 0.40690640251664817, 0.19348368296510968, 0.28476226588942255, -0.14404985161687006, 0.22243623260826484, 0.5212348963721523, 0.24982182941084305, 0.6664096665487138, -0.017434061188555477, -0.8488927567095074, 0.6790909177301667, -0.5442057707149215, 0.00013779662389823422, 0.22666106722042595, -0.9813790853462687, 0.25524944925968795, 0.08106625851101096, 0.513160441899355, -0.380678130358834, -0.7214919285486385, 0.5685692563133318, -0.33240093305120394, -0.6057838652336667, 0.2549822901057225, 0.15192518573123132, 0.6114359585706721, -0.19235252286676202, -0.9664939355660362, 0.5858130220392226, 0.8311851913606789, -0.3812688498854759]
489.34368896484375	(8, 12, 2)	[-0.0832672016820806, -0.9924166263716823, -0.3848131176960832, -0.9630177777181853, 0.7771160559217246, -0.3582687181732453, -1, -0.10782370556480211, 0.18416627539990055, 0.5159063095278413, -0.8820252715737811, 0.7201354841650867, 0.9458743241811719, 1, 0.7717220786078731, 0.4292998382603215, 0.34634830490032475, -0.8473960483626105, -0.15311015836893463, 1, 1, 0.6379803614574739, 0.8897602281576872, 0.8417243279212798, 0.27589891756517726, 0.3940855948523102, 0.34895910220141735, 0.11797584115961893, 0.811920455243273, 0.0025791006048347664, -0.4001269464556949, -0.8585635558950173, 0.2987498075845855, 0.09214463449501606, -0.4296753608702512, 0.07174043675272462, -0.17695294852397972, 0.8797773485199225, 0.10861169057970677, 0.7084795395795005, -0.5551337444475392, -0.054720135225240336, 0.8502833144983829, -0.03898762706744452, -1, 0.6591224909405193, 0.030600329621625066, -0.3511192525552035, -0.630767120170008, 1, -0.9239704041541961, 0.2700219757133141, 0.9355236949084984, -0.6706251413316686, -0.18054056464523016, 0.4135753992052028, -1, 0.23543294415010432, -0.30943224171239564, -0.44898009450373366, 0.8304881913806242, 0.37485281493046885, 0.5355792384351643, 0.3113908578310279, 0.292931763175612, -0.4998911535957684, -0.5996817896302896, -0.3173127600466146, 0.7667298601269569, 0.6966736083225049, -0.3136145537869282, -0.036637574925087166, -0.5645151477920902, -0.6533983470841485, 0.9540753422234636, -1, 0.9459152232894409, 0.2785127431897769, 0.05491190958770806, 0.7086244283597403, 0.3310894492295368, -0.019104819665968775, 0.022304000468175156, 0.9623430489197735, -0.7174959528667348, -0.9653315457627585, -0.8611999407013795, 0.18527027186614387, 0.5948439466506857, 0.4428319500462451, 0.12967910438999036, 0.28476226588942255, -0.14404985161687006, 0.25912556574032275, 0.6121439940917637, 0.24982182941084305, 0.5047213481424527, -0.7060876334526272, -0.993335284594718, 0.6790909177301667, -0.4243469185958964, -0.03608238435260819, 0.41759334343738547, -0.9137614753026371, 0.15970579283346137, -0.5197640171389313, 0.0246984030983651, -0.7792082016199448, -1, 0.2841303314031078, -0.6970847991013439, 0.3155447243108733, 0.356245509305797, 0.2488024173886456, 0.6114359585706721, -0.19235252286676202, -0.9664939355660362, 0.5858130220392226, 0.8311851913606789, -0.3812688498854759]
486.7838439941406	(8, 12, 2)	[-0.0832672016820806, -0.9924166263716823, -0.3848131176960832, -0.9630177777181853, 0.7771160559217246, -0.3582687181732453, -1, -0.10782370556480211, 0.18416627539990055, 0.5159063095278413, -0.8820252715737811, 0.7201354841650867, 0.9458743241811719, 1, 0.7717220786078731, 0.4292998382603215, 0.34634830490032475, -0.8473960483626105, -0.15311015836893463, 1, 1, 0.6379803614574739, 0.8897602281576872, 0.8417243279212798, 0.27589891756517726, 0.3940855948523102, 0.34895910220141735, 0.11797584115961893, 0.811920455243273, 0.0025791006048347664, -0.4001269464556949, -0.8585635558950173, 0.2987498075845855, 0.09214463449501606, -0.4296753608702512, 0.07174043675272462, -0.17695294852397972, 0.8797773485199225, 0.10861169057970677, 0.7084795395795005, -0.5551337444475392, -0.054720135225240336, 0.8502833144983829, -0.03898762706744452, -1, 0.6591224909405193, 0.030600329621625066, -0.3511192525552035, -0.630767120170008, 1, -0.9239704041541961, 0.2700219757133141, 0.9355236949084984, -0.6706251413316686, -0.18054056464523016, 0.4135753992052028, -1, 0.23543294415010432, -0.30943224171239564, -0.44898009450373366, 0.8304881913806242, 0.37485281493046885, 0.5355792384351643, 0.3113908578310279, 0.292931763175612, -0.4998911535957684, -0.5996817896302896, -0.3173127600466146, 0.7667298601269569, 0.6966736083225049, -0.3136145537869282, -0.036637574925087166, -0.5645151477920902, -0.6533983470841485, 0.9540753422234636, -1, 0.9459152232894409, 0.2785127431897769, 0.05491190958770806, 0.7086244283597403, 0.3310894492295368, -0.019104819665968775, 0.022304000468175156, 0.9623430489197735, -0.7174959528667348, -0.9653315457627585, -0.8611999407013795, 0.18527027186614387, 0.5948439466506857, 0.4428319500462451, 0.12967910438999036, 0.28476226588942255, -0.14404985161687006, 0.25912556574032275, 0.6121439940917637, 0.24982182941084305, 0.5047213481424527, -0.7060876334526272, -0.993335284594718, 0.6790909177301667, -0.4243469185958964, -0.03608238435260819, 0.41759334343738547, -0.9137614753026371, 0.15970579283346137, -0.5197640171389313, 0.0246984030983651, -0.7792082016199448, -1, 0.2841303314031078, -0.6970847991013439, 0.3155447243108733, 0.356245509305797, 0.2488024173886456, 0.6114359585706721, -0.19235252286676202, -0.9664939355660362, 0.5858130220392226, 0.8311851913606789, -0.3812688498854759]
463.9258117675781	(8, 12, 2)	[0.042249768787453484, -1, -0.3848131176960832, -0.9630177777181853, 0.7727464720694138, -0.3582687181732453, -0.9842757268242174, -0.15788748446031267, 0.3331901090300299, 0.5159063095278413, -1, 0.5544549257920636, 0.7555887556138483, 0.734555315904789, 0.5980405924242895, 0.1771997075113179, 0.40603936369948784, -0.6406954175666563, -0.12746573560997598, 1, 1, 0.6379803614574739, 0.9095880474016825, 0.9500982227306705, 0.41201098304203365, 0.3311786806469606, 0.21421834671778234, 0.6556989385068153, 0.6521119928407663, 0.0025791006048347664, -0.4001269464556949, -0.9424069439073408, 0.42648002278644725, 0.09247305050159885, -0.4408453831243405, -0.2944498850242311, 0.22212923275952004, 0.9487054358667131, -0.01992462086074228, 1, -0.5551337444475392, -0.07387731191633229, 0.7691929400692636, 0.3231270333828279, -0.8748389491577752, -0.32948034428621753, -0.42376144463907156, -0.7912261378137075, -0.2371879655125506, 0.8955270318266025, -1, -0.4295571953884673, 0.3315221852943393, -1, -0.173894996561955, 0.4008925264380243, 1, 0.4317603285504096, -0.7876230117737735, -0.8319612710100397, -0.7340733401334399, -0.4180856009795006, 0.565620407939611, -0.07069785990766042, 0.13544864513642732, -1, -0.40584625452900497, 0.025962083458147767, 0.8119413832795952, 0.7518096998535078, -0.759778779753979, 0.26985148136981535, -0.2143502588266138, 0.10534580343434732, -0.7544603737243856, -0.4289547528715907, -0.856151665590134, 0.5895018457359229, -0.4019197927010013, -0.14277888403131725, 0.769258856879469, 1, 0.0709608475441589, 1, -0.7925355230823345, -0.23456203875763676, -0.6212011001727399, 0.9460337573437059, 0.574010050388829, 0.3984070114414596, 0.6385796875845258, 0.28476226588942255, -0.14404985161687006, 0.3501983642251699, 0.5212348963721523, -0.10334545944299325, 0.5047213481424527, -0.7060876334526272, -0.993335284594718, 0.6843011091917953, -0.4243469185958964, 0.06812861711968603, 0.4751239624822917, -0.9137614753026371, 0.4770431695217669, -0.4053296646040674, -0.11364648043728331, -0.7594654484368882, -1, 0.078550136719724, -0.6216809216436269, 0.19440401319470144, 0.4500564620255638, 0.2488024173886456, 0.8925886540584662, 0.38650630020203924, -0.892928523643894, 0.5858130220392226, 0.9991682522297823, -0.3812688498854759]
485.5822448730469	(8, 12, 2)	[-0.30425130378589044, -0.9924166263716823, -0.3848131176960832, -0.6906294666933122, 0.3255093676820285, -0.8704252128913312, -0.8113211845553112, -0.23879436546726418, 0.7693504357392976, 0.3573970741107941, -0.7935858508029172, 0.6137349324277466, 0.4843758443768652, 1, 0.5838760766562328, 0.3862290694585926, 0.2690926616367585, -1, -0.23173117105652505, 1, 1, 0.6697579494457035, 0.6241365774638861, 1, 0.6234881781558073, 0.867042900487239, 0.4159379897405419, -0.13230590701715894, 0.5695816434321281, 0.0025791006048347664, -0.4001269464556949, -0.9770614469174128, 0.2987498075845855, 0.005494372751379373, -0.27566282310641077, -0.3550653201251579, 0.22212923275952004, 0.856268703261507, 0.16723338930530918, 0.24338417076193336, -0.9438225334798684, 0.2599199856769129, 0.38763685496009714, 0.11542060373214913, -0.7473144903523266, 0.4727917553652996, 0.34850653693027017, -0.3830826920575855, -0.630767120170008, 1, -0.9239704041541961, 0.4073437183926299, 0.3315221852943393, -0.9996203123646853, -0.37025538570486516, 0.36578472234049475, 0.8914134627044372, 0.6084980308313799, -1, -0.7047078948666715, -0.74939276530681, 0.03205613578612265, 0.4615706591427724, 0.0456069050605213, 0.292931763175612, -0.4998911535957684, -0.9812824422531039, -0.3173127600466146, 0.7667298601269569, 0.6966736083225049, -0.21874098588077134, -0.036637574925087166, -0.7288911108880474, -0.6533983470841485, 0.9540753422234636, -1, 0.9459152232894409, 0.2785127431897769, 0.05491190958770806, 0.7086244283597403, 0.3310894492295368, -0.019104819665968775, 0.022304000468175156, 0.9623430489197735, -0.7174959528667348, -0.9653315457627585, -0.8611999407013795, 0.18527027186614387, 0.5948439466506857, 0.4428319500462451, 0.12967910438999036, 0.28476226588942255, -0.14404985161687006, 0.25912556574032275, 0.6121439940917637, 0.24982182941084305, 0.5047213481424527, -0.7060876334526272, -0.993335284594718, 0.6790909177301667, -0.4243469185958964, -0.03608238435260819, 0.41759334343738547, -0.9137614753026371, 0.15970579283346137, -0.5197640171389313, 0.0246984030983651, -0.7501843764255878, -1, 0.2841303314031078, -0.600389701126192, 0.3155447243108733, 0.356245509305797, 0.2488024173886456, 0.6114359585706721, -0.19235252286676202, -0.9664939355660362, 0.5858130220392226, 0.8311851913606789, -0.3812688498854759]
486.7208251953125	(8, 12, 2)	[0.042249768787453484, -0.8890527663421708, -0.3848131176960832, -0.9432904849779953, 0.7727464720694138, -0.3582687181732453, -0.9842757268242174, -0.15788748446031267, 0.298056647943493, 0.5159063095278413, -1, 0.5544549257920636, 0.7555887556138483, 0.734555315904789, 0.5980405924242895, 0.1771997075113179, 0.36116574862080236, -0.6406954175666563, -0.12746573560997598, 1, 1, 0.6379803614574739, 0.9095880474016825, 0.6053130087750749, 0.41201098304203365, 0.3311786806469606, 0.21421834671778234, 0.6556989385068153, 0.6521119928407663, 0.0025791006048347664, -0.5228889866782439, -0.9424069439073408, 0.42648002278644725, 0.09247305050159885, -0.24674504330244199, -0.2944498850242311, 0.22212923275952004, 0.9487054358667131, -0.01992462086074228, 1, -0.5551337444475392, -0.07387731191633229, 0.7691929400692636, 0.3231270333828279, -1, -0.32948034428621753, -0.42376144463907156, -0.7912261378137075, -0.2371879655125506, 0.8955270318266025, -1, -0.4295571953884673, 0.3315221852943393, -1, -0.173894996561955, 0.4008925264380243, 1, 0.4317603285504096, -0.7876230117737735, -0.8319612710100397, -0.7340733401334399, -0.4180856009795006, 0.565620407939611, -0.07069785990766042, 0.2358114448739972, -1, -0.40584625452900497, 0.025962083458147767, 0.8119413832795952, 0.7518096998535078, -0.759778779753979, 0.26985148136981535, -0.2143502588266138, 0.24211954945115954, -0.7544603737243856, -0.4289547528715907, -0.856151665590134, 0.5895018457359229, -0.4019197927010013, -0.14277888403131725, 0.769258856879469, 1, 0.0709608475441589, 1, -0.7925355230823345, -0.23456203875763676, -0.6212011001727399, 0.9460337573437059, 0.203485590288569, 0.19688660108688016, 0.19348368296510968, 0.28476226588942255, -0.14404985161687006, 0.3501983642251699, 0.5212348963721523, -0.10334545944299325, 0.5047213481424527, -0.7060876334526272, -0.993335284594718, 0.8132013862550648, -0.4243469185958964, 0.06812861711968603, 0.4804935472781713, -0.9137614753026371, 0.4770431695217669, -0.4053296646040674, -0.11364648043728331, -1, -1, 0.078550136719724, -0.6216809216436269, 0.19440401319470144, 0.3857287368158314, 0.2488024173886456, 0.8925886540584662, 0.38650630020203924, -0.892928523643894, 0.5858130220392226, 0.9991682522297823, -0.3812688498854759]
489.2312316894531	(8, 12, 2)	[-0.0832672016820806, -1, -0.6178648808899334, -0.9630177777181853, 0.7727464720694138, -0.3582687181732453, -0.8566414289419256, -0.34564255961147694, 0.18416627539990055, 0.5159063095278413, -1, 0.7201354841650867, 0.9458743241811719, 0.6714706148375, 0.6453615952925723, 0.4292998382603215, 0.34634830490032475, -0.8473960483626105, -0.26073884673720016, 1, 1, 1, 0.8897602281576872, 0.8417243279212798, 0.27589891756517726, 0.14951068370762882, 0.02834475062404551, 0.14805390666096976, 0.5803742950086677, 0.0025791006048347664, -0.5732705019544195, -0.8585635558950173, 0.30852002895078146, 0.45096177426433437, -1, -0.3363275982915905, 0.5255338628348829, 0.856268703261507, -0.24025288221873148, -0.08146147342288618, -0.37513323436625107, 0.2599199856769129, 0.38763685496009714, 0.11542060373214913, -0.7473144903523266, 0.4780008784592755, 0.4803014537484971, -0.3830826920575855, -0.715845879884873, 1, -0.6971149965856013, 0.4073437183926299, 0.15807304942724745, -0.9996203123646853, -0.37025538570486516, 0.36578472234049475, 1, 0.8660192048452606, -1, -1, -0.642391271740884, -0.2930981256540544, 0.4615706591427724, -0.07069785990766042, 0.09085427369444314, -1, -0.40584625452900497, 0.025962083458147767, 1, 0.7518096998535078, -0.7300814442971367, 0.010559931847006876, -0.2143502588266138, 0.10534580343434732, -0.7544603737243856, -0.3113744050584297, -0.856151665590134, 0.4110391760293923, 0.27677163511359126, -0.14277888403131725, 0.769258856879469, 1, 0.09613035829718033, 1, -0.7925355230823345, -0.0040710431215089105, -0.6212011001727399, 0.5378658329410947, 0.6101131415842933, 0.22505121606787232, 0.19348368296510968, 0.28476226588942255, -0.14404985161687006, 0.22243623260826484, 0.5212348963721523, -0.12771651272506085, 0.6664096665487138, -0.017434061188555477, -0.8488927567095074, 0.6790909177301667, -0.5780995103952047, 0.07500744082523167, 0.4751239624822917, -0.9137614753026371, 0.15970579283346137, -0.41965041850417945, -0.11364648043728331, -0.7594654484368882, -1, 0.5122934731970004, -0.6216809216436269, 0.19440401319470144, 0.10782399809893159, -0.14060239587368956, 1, 0.38650630020203924, -1, 0.5858130220392226, 0.8311851913606789, -0.22294139016870493]
494.9461364746094	(8, 12, 2)	[-0.0832672016820806, -1, -0.6178648808899334, -0.9630177777181853, 0.7727464720694138, -0.3582687181732453, -0.8566414289419256, -0.34564255961147694, 0.18416627539990055, 0.5159063095278413, -1, 0.7201354841650867, 0.9458743241811719, 0.6714706148375, 0.6453615952925723, 0.4292998382603215, 0.34634830490032475, -0.8473960483626105, -0.26073884673720016, 1, 1, 1, 0.8897602281576872, 0.8417243279212798, 0.27589891756517726, 0.14951068370762882, 0.02834475062404551, 0.14805390666096976, 0.5803742950086677, 0.0025791006048347664, -0.5732705019544195, -0.8585635558950173, 0.30852002895078146, 0.45096177426433437, -1, -0.3363275982915905, 0.5255338628348829, 0.856268703261507, -0.24025288221873148, -0.08146147342288618, -0.37513323436625107, 0.2599199856769129, 0.38763685496009714, 0.11542060373214913, -0.7473144903523266, 0.4780008784592755, 0.4803014537484971, -0.3830826920575855, -0.715845879884873, 1, -0.6971149965856013, 0.4073437183926299, 0.15807304942724745, -0.9996203123646853, -0.37025538570486516, 0.36578472234049475, 1, 0.8660192048452606, -1, -1, -0.642391271740884, -0.2930981256540544, 0.4615706591427724, -0.07069785990766042, 0.09085427369444314, -1, -0.40584625452900497, 0.025962083458147767, 1, 0.7518096998535078, -0.7300814442971367, 0.010559931847006876, -0.2143502588266138, 0.10534580343434732, -0.7544603737243856, -0.3113744050584297, -0.856151665590134, 0.4110391760293923, 0.27677163511359126, -0.14277888403131725, 0.769258856879469, 1, 0.09613035829718033, 1, -0.7925355230823345, -0.0040710431215089105, -0.6212011001727399, 0.5378658329410947, 0.6101131415842933, 0.22505121606787232, 0.19348368296510968, 0.28476226588942255, -0.14404985161687006, 0.22243623260826484, 0.5212348963721523, -0.12771651272506085, 0.6664096665487138, -0.017434061188555477, -0.8488927567095074, 0.6790909177301667, -0.5780995103952047, 0.07500744082523167, 0.4751239624822917, -0.9137614753026371, 0.15970579283346137, -0.41965041850417945, -0.11364648043728331, -0.7594654484368882, -1, 0.5122934731970004, -0.6216809216436269, 0.19440401319470144, 0.10782399809893159, -0.14060239587368956, 1, 0.38650630020203924, -1, 0.5858130220392226, 0.8311851913606789, -0.22294139016870493]
477.98236083984375	(8, 12, 2)	[-0.1764406525442026, -0.9051222477815274, -0.3848131176960832, -0.9630177777181853, 0.7727464720694138, -0.3582687181732453, -0.9842757268242174, 0.06826040921789212, 0.3143119869289083, 0.5834904622122958, -1, 0.6624096350258555, 0.9458743241811719, 0.9343518892621546, 0.5376590221726958, 0.4292998382603215, 0.34634830490032475, -0.776972607178805, -0.12746573560997598, 1, 1, 0.37197825771239035, 0.8897602281576872, 0.8417243279212798, 0.27589891756517726, 0.14951068370762882, 0.02834475062404551, 0.11797584115961893, 0.5699711611784276, 0.0025791006048347664, -0.5732705019544195, -1, 0.30852002895078146, 0.45096177426433437, -0.9782443415911137, -0.3550653201251579, 0.5255338628348829, 0.856268703261507, 0.07347025685439534, -0.08146147342288618, -0.37513323436625107, 0.2599199856769129, 0.38763685496009714, 0.11542060373214913, -0.7473144903523266, 0.4780008784592755, 0.4803014537484971, -0.3830826920575855, -0.715845879884873, 1, -0.6971149965856013, 0.4073437183926299, 0.3315221852943393, -0.9996203123646853, -0.37025538570486516, 0.36578472234049475, 1, 0.8660192048452606, -1, -1, -0.642391271740884, -0.2930981256540544, 0.5594817969011948, -0.07069785990766042, 0.09085427369444314, -1, -0.4291507374789475, 0.025962083458147767, 1, 0.7518096998535078, -0.7300814442971367, 0.010559931847006876, -0.2143502588266138, 0.10534580343434732, -0.7544603737243856, -0.3113744050584297, -0.9333618840242839, 0.5956258675391274, 0.318212174271204, -0.011738759292743844, 0.769258856879469, 0.7877217444736088, -0.13115852291603675, 1, -0.9064625893896294, -0.5090638916245598, -0.6212011001727399, 0.5378658329410947, 0.6101131415842933, 0.19688660108688016, 0.19348368296510968, 0.28476226588942255, -0.48230320566068086, 0.22243623260826484, 0.5212348963721523, 0.02906103602937657, 0.6664096665487138, -0.23692841547917823, -0.797899407860122, 0.6790909177301667, -0.5780995103952047, -0.1759882954308176, 0.4149179895282971, -0.9813790853462687, 0.41356209415692347, -0.5197640171389313, -0.10264117740136133, -0.4957297464058929, -0.874842458439963, 0.2841303314031078, -0.5526907101167238, 0.16471749017850373, 0.2549822901057225, 0.2488024173886456, 1, 0.38650630020203924, -0.892928523643894, 0.5858130220392226, 0.8311851913606789, -0.3812688498854759]
