-66.10678100585938	(8, 12, 2)	[-0.664950510726378, -0.21198284423905034, -0.7604712326449976, -0.34377078673371897, -0.7916339620346169, -0.4024605450062322, -0.48700643963682233, -0.7029464408438777, 0.46964642266254253, -0.473621618591229, 0.11048606436891673, 0.3795313953322317, -0.140802965415864, 0.44503041745240624, 0.9499318607687859, 0.9938784876620572, 0.8434956758943628, -0.41004897265433216, -0.3900454596107801, 0.17453341705901848, -0.9101024479771189, -0.18861636184557162, 0.20870175271464908, -0.4862664561076102, 0.9726209665099157, -0.6537175515482994, -0.5048966282766378, -0.7530213665718317, -0.9114677106139764, 0.5625975043832923, 0.37457701061724147, -0.4908096761816767, 0.33882659333984333, -0.05711514462128631, -0.4236792921573287, -0.6572317770115321, 0.4526769896161422, 0.38437002357837136, 0.4922540047370063, -0.7842763502955075, -0.6881371797123543, -0.3297470962307423, -0.39782733221841804, -0.4115373215251874, -0.24809120766056791, -0.9468683621698126, -0.15190995122129025, -0.952638884775572, -0.34073953631638565, 0.23473250894376307, -0.8933498513598577, 0.4558733287065748, -0.3492919259007623, 0.5488356703496251, 0.5450170962467344, -0.7974335482717259, -0.5306372210167911, 0.7287693185855479, 0.3051963931642516, -0.8298549633963757, -0.5645796902165738, 0.7974313652654095, 0.36216101670441714, 0.5952530282536432, -0.20141349353013505, -0.7179167536778397, -0.2493048232197721, 0.7877368079607459, -0.840224591978052, -0.42663409082591697, -0.5149218534231641, -0.5758717658113062, -0.8366002232718834, 0.5479157725184698, -0.979960177844704, -0.13368179760970533, -0.753727357933837, 0.1663454483711131, -0.3799513933744072, 0.2630293931334333, 0.7497655937193417, -0.9390166567794767, 0.0963668592861151, -0.4881843715024159, 0.018289533709318517, -0.727345406139106, -0.01859225063580139, 0.7186126679087868, -0.4697139669339312, 0.6273843850698344, -0.9867414764887503, -0.27948736598635504, 0.853976438692009, 0.9421575835510814, -0.3100444673745175, -0.6143832269870433, -0.3131821303257669, 0.7988587969770593, 0.4102441253585065, -0.20169916635688123, 0.4540819190108605, 0.9760247260981856, 0.02470082335486734, 0.3854200535715304, 0.8552228522535483, -0.8221183457720416, 0.5964996069176796, -0.6580403303368141, -0.41191400394463606, 0.07482062463788197, 0.5987347937308514, 0.547802840396447, -0.3505828374038298, 0.04316637128056966, 0.9620948528638427, 0.9418390215516033, 0.3293850664509699, 0.9573936875487667, -0.6903540096404979, -0.27256750794155726]
-63.13930130004883	(8, 12, 2)	[-0.9155720897720505, -0.28396981094571716, 0.6560003592187764, -0.6897529562051072, 0.748807636212258, 0.9106204811806692, -0.5960877849522317, 0.5631007915857829, 0.6029837693340052, -0.3032928362392955, 0.617104795810405, -0.7718465740858107, 0.6961394780435424, 0.49211111765803595, 0.02525566160489623, 0.621263049454641, -0.6352824122665195, 0.1821076090680438, 0.57556962050201, -0.936876299463443, -0.06065151369405308, 0.106188286378182, 0.8422792877908705, -0.829989008361528, -1, 0.3158529770820735, -0.7885927365640735, -0.3440150390622252, -0.9861215348150205, 0.61338850656971, 0.24755691789124423, 0.7885054803457525, -0.0577480244822548, -0.255058102267528, 0.020480492384001847, 0.43163964872498606, -0.2501249019353484, 0.49092789481043475, -0.9930702114012473, 0.7257200927337504, -0.8426712135336258, -0.029555479221692993, -0.5188363563560685, 0.04415282360851158, 0.7263272711860589, -0.7967006571165968, 0.48793798367752994, 0.5315187588607062, 0.44717563019676887, 0.5318945736671776, -0.6174444815176627, 0.765329883631765, 0.016330295306468123, 0.3219266373084879, 0.15769564381695367, -0.6749695500885327, -0.9672125995567646, -0.7916217559307224, 0.9768519213733227, -0.029573383514013507, 0.24892482949571604, -0.2486859604879228, -0.3467417035023568, -0.1548694506804269, -0.395209521583593, 0.3325207439424289, -0.8939403174852727, -0.03284536640135394, 0.9451968831483337, 0.49279953121678677, 0.892631564641482, -0.6111018319708221, 0.34148673946230734, 0.34889394972583676, 0.7278764776524715, 0.3116092317847541, 0.8024982930023941, 1, -0.8338170244874359, 0.4767633236983779, -0.9735622361784309, -0.4491979278460203, 0.5851067060393647, 0.9729162509962512, -0.16376697502445992, 0.4918719464079939, 0.5700142356857516, -0.8503531590642117, 0.7344926642463281, 0.6554243915652431, -0.5019393613669918, -0.6812180604763582, -0.35096470035495453, -0.6664136367517199, -0.8715266572241502, -0.606551422799505, -0.12881856475455855, 0.418837993709096, 0.8893949362009299, 0.829164776988361, -0.6950630568110019, 0.7844678064722572, -0.8229288201897098, 0.31673357000229396, 0.5797046229117576, 0.9051367998087252, 0.5736216724815417, -0.6366800627149207, 0.1543386918871547, -0.5633783207208383, 0.4605831817906012, -0.2620846789874909, -0.15217683637217294, 0.15777499027918496, 0.6033720374759666, 0.2396090936090014, -0.5995749082784427, -0.8228189827049479, -0.8834941017478348, 0.7683252001921033]
-44.34059524536133	(8, 12, 2)	[-0.451528434990935, -0.5573991001984084, 0.5232341088350871, 0.24734507011478213, 0.3447100740540041, 0.03244752477634094, 0.9363427475055572, 0.002574197766571862, -0.35235346925912703, -0.5164924818988385, -0.5135161507864943, -0.6646080616275867, -0.7498794058245972, 0.7639444923343865, -0.08015597991632095, -0.6572628910144851, 0.9581110104973227, -0.1606824864572698, 0.6065783015565507, -0.6923917185992201, -0.705255723349776, 0.9435193440407463, 0.8684725297026978, -0.2260896276166009, 0.5360186801093973, -0.5580139109282707, -0.7081881635073006, -0.7919277193545065, -0.07736865120169223, 0.5341138177625779, 0.03319540429611845, -0.4360443529595981, -0.9380747310583619, -0.5125384872265664, -0.4758178828648032, 0.13387135076533085, -0.1114733879711658, -0.7291054818058773, -0.9629379854076918, 0.8893917289195385, -0.31823407303940776, -0.09616464993841856, -0.25732727114572573, -0.1676976559910235, 0.9424641521284924, -0.7794333412755055, 0.05817440324856693, -0.5716122742987653, 0.58650899386924, 0.21524689943689967, 0.01566131942291138, -0.4098530935174576, -0.8563442990605257, 0.7437593477344169, -0.8799731200910603, -0.19859473041668219, 0.7157942722177588, 0.41302742290518757, 0.7400178710455227, -0.4383808964018485, -0.7017882051190305, 0.11462918137842704, -0.26380273159469314, -0.6670873409300113, 0.15855212746415037, 0.7623033545976499, 0.5658436951590671, -0.5464231299363183, 0.0580193685167294, 0.255625904756398, 0.3753561318849459, 0.9594172960383165, -0.01509249202425389, -0.06543395568055721, -0.11507835926763343, -0.48031262228118843, 0.5353596528529934, -0.4568596283298547, 0.26257118942485747, -0.28456784867836915, -0.05429475249043936, 0.4704676590398924, 0.3432748486268278, 0.2552458938448654, -0.8641014203025432, 0.5650310443947086, -0.9117202599315388, -0.6761665527728025, -0.23029602022268758, -0.33548615534485515, -0.8249436475803471, 0.05129108181510772, 0.8135854427562226, -0.35428235951614995, 0.40520753043003044, 0.4731023325916406, -0.49457620784421685, -0.6824265606271083, -0.436815938053005, -0.07330422925636815, 0.6740925322651936, 0.951975327082047, 0.6198986846863885, 0.7524138496739496, -0.22500557297149815, 0.7852834594108684, 0.9148444715920909, 0.19700226970148904, -0.586216113193496, -0.2788699167098547, 0.12091334178198343, 0.1668971149865861, 0.6878759375840815, 0.6737680364850123, -0.7072536442070498, 0.6808426720314003, -0.03207936413531076, -0.6376018482376911, -0.990838332237749, -0.6497435187581249]
-66.48624420166016	(8, 12, 2)	[0.9828043992563305, -0.7047503879735484, -0.5428344190865086, -0.5357589979478441, -0.06350711070449044, 0.2493464735612274, 0.5715049928671818, -0.9824573036840412, 0.48071200505699485, -0.6165399781838856, -0.4327842463812501, 0.1679704720345463, -0.31924681230772345, -0.43151535216993353, -0.2664335216527074, -0.9174281291259734, 0.41364567594622637, 0.004938820403521227, -0.3412369467288343, 0.30762217414398485, -0.17449827209966284, 0.6766202429885413, -0.7323085383794217, 0.665590164730318, 0.5165944236282589, 0.46555493064586373, 0.32078467548314094, 0.856912349965788, -0.022684107427779487, 0.3119209301754271, -0.1515026359142555, 0.1924880378083198, 0.15665943500674495, -0.11661609267484696, 0.5092725185010529, -0.07532307983764808, 0.35313307367095326, 0.30724344677320437, 0.26371511978613627, -0.34223203517264555, -0.17365506675605658, -0.6901619779203867, 0.17062132803802488, 0.8920622915837255, -0.3348920080706983, 0.9365954194530925, 0.3307781154893399, -0.2911814242940962, -0.9527151853706426, -0.9135060041595013, 0.8716837658005252, -0.7693077392643162, 0.8237399384369171, 0.41839597364222403, 0.5544079656784966, -0.7954950128096869, 0.7288894397467198, -0.8302198890766124, -0.2555752326413012, 0.7002164937808915, -0.00862826235634162, 0.6947365482443226, -0.20590650434457913, 0.6615616068575922, -0.622925413082936, -0.18250702530182594, -0.2273341243631073, -0.7291119935567343, 0.8531071523915355, -0.0030014226691750592, 0.546830472017761, 0.7099565676928283, 0.9305327519434827, 0.027486960305242114, 0.7443918910775456, -0.7040552347083706, -0.6571967925356366, 0.5493509244223053, 0.4683529859985063, 0.2158549101906455, 0.4164841873925531, -0.24930253321864226, 0.543294183569385, -0.2084508408370982, -0.8500001715036172, 0.5813815535703084, -0.0009920293520786494, 0.1818423509021051, 0.8199965768399886, -0.633369128032802, -0.435866273022943, -0.27269789829477364, -0.48384636350521576, 0.31172358429605596, 0.467607807447721, -0.20613576578885362, -0.32125229004942213, 0.9660570346613084, 0.2269399793500746, 0.06387172871373203, 0.9016037475957772, -0.09824770547915107, -0.5293850141686474, 0.10609256898507069, -0.28123975862291095, 0.5233158730219065, -0.4210374372744794, 0.7004861617398579, 0.7653207828440292, -0.013745046577960274, -0.19971653819167967, 0.7930588932041418, 0.5644355074849243, -0.5146703559162464, -0.33436912929487916, 0.8435021494470925, 0.6313855865063844, 0.431435877566561, -0.8893269082979978, -0.8909519746721284]
-35.778167724609375	(8, 12, 2)	[0.9828043992563305, -0.7047503879735484, -0.5428344190865086, -0.5357589979478441, -0.06350711070449044, 0.2493464735612274, 0.52442655932504, -0.9824573036840412, 0.48071200505699485, -0.40786377010540265, -0.3502104681948992, 0.1679704720345463, -0.31924681230772345, -0.43151535216993353, -0.2664335216527074, -0.9174281291259734, 0.41364567594622637, 0.004938820403521227, -0.3412369467288343, 0.30762217414398485, -0.17449827209966284, 0.6766202429885413, -0.7323085383794217, 0.665590164730318, 0.5165944236282589, 0.46555493064586373, 0.32078467548314094, 0.856912349965788, -0.022684107427779487, 0.3119209301754271, -0.1515026359142555, 0.1924880378083198, 0.15665943500674495, -0.11661609267484696, 0.5092725185010529, -0.0759862038613621, 0.35313307367095326, 0.30724344677320437, 0.26371511978613627, -0.34223203517264555, -0.17365506675605658, -0.6901619779203867, 0.17062132803802488, 0.8920622915837255, -0.3348920080706983, 0.9365954194530925, 0.3307781154893399, -0.2911814242940962, -0.9527151853706426, -0.9135060041595013, 0.8716837658005252, -0.7693077392643162, 0.8237399384369171, 0.41839597364222403, 0.5544079656784966, -0.7954950128096869, 0.7288894397467198, -0.8302198890766124, -0.2555752326413012, 0.7002164937808915, -0.00862826235634162, 0.5596244926973446, -0.20590650434457913, 0.6615616068575922, -0.622925413082936, -0.18250702530182594, -0.2273341243631073, -0.7291119935567343, 0.8531071523915355, -0.0030014226691750592, 0.546830472017761, 0.7099565676928283, 0.9305327519434827, 0.027486960305242114, 0.7443918910775456, -0.7040552347083706, -0.6571967925356366, 0.5493509244223053, 0.4683529859985063, 0.2158549101906455, 0.4164841873925531, -0.24930253321864226, 0.7457267592379568, -0.2084508408370982, -0.8500001715036172, 0.5813815535703084, -0.0009920293520786494, 0.1818423509021051, 0.8199965768399886, -0.633369128032802, -0.435866273022943, -0.27269789829477364, -0.48384636350521576, 0.31172358429605596, 0.467607807447721, -0.20613576578885362, -0.32125229004942213, 0.9660570346613084, 0.2269399793500746, 0.06387172871373203, 0.9016037475957772, -0.09824770547915107, -0.5293850141686474, 0.10609256898507069, -0.28123975862291095, 0.5233158730219065, -0.4210374372744794, 0.7004861617398579, 0.7653207828440292, -0.013745046577960274, -0.19971653819167967, 0.7930588932041418, 0.5644355074849243, -0.5146703559162464, -0.33436912929487916, 0.8435021494470925, 0.6313855865063844, 0.431435877566561, -0.8893269082979978, -0.8909519746721284]
-64.22135925292969	(8, 12, 2)	[-0.19934450297358253, 0.29598103414204746, 0.7737846370531534, 0.6740647756075036, -0.7970176866787051, -0.4372068661302426, 0.9403114461673954, 0.08618110595202833, -0.7276898801463914, 0.8575655410285725, 0.6063107672694744, 0.9014632249589329, -0.11734047410088122, -0.8940684633712002, 0.19328417780272633, 0.8732755548609858, 0.16868103119118216, 0.47467246612456027, -0.5880091661490321, 0.030542202470621893, -0.9058124228436474, 0.9971654881924419, -0.5470549016626447, 0.23804876164402805, -0.541003337835031, -0.5640571171130704, -0.334578186628256, -0.12365807680945773, -0.5032448190950622, 0.6631599565299827, -0.45107544192584204, -0.22294544280545026, 0.8001316781768952, -0.5721564572460076, 0.6237799511262893, -0.6433556815517272, -0.9565398532502607, -0.04679427148385362, -0.07707592042042921, 0.5460731236786829, -0.1376531770999807, 0.543431401066724, -0.6715554778810908, 0.8248278825842865, 0.1816340745349246, -0.5373903212539357, -0.977718860507178, 0.2823083270434586, -0.5912167575203797, -0.9049040817064913, -0.7753008229362859, -0.45403735989155547, -0.7571700402539756, -0.6571299522537031, 0.7816438666792362, -0.9185903489283236, 0.23584915704307696, -0.9612484953418505, 0.7237214942840589, -0.8374278800037482, 0.3786260774315915, -0.6062472662306304, 0.5060614775639511, -0.1461089799493449, 0.500217809168146, 0.7278180238922272, -0.39614591753296646, 0.2245227788374048, 0.007850931324044685, -0.29221425305274384, -0.6543672149431037, 0.20501162393005634, 0.06281491494151092, 0.597042382317805, -0.47281340188614207, 0.300669576855187, 0.5706576386395696, -0.7301568764210744, 0.10678142444450489, 0.3837803000678668, -0.7582135173742017, -0.7039912432792097, 0.2990899234608446, 0.40153054970159396, 0.6862800366745401, 0.13687102429168907, -0.4617872565539697, 0.3072183630863643, 0.6197175301675575, -0.23222793816847043, -0.9408383168310364, 0.9701806860297533, 0.38968437562992386, 0.39813251051759657, 0.299983174244165, 0.6533276260194838, -0.7880105010640674, 0.07076640797508454, 0.19551023679371904, 0.06387172871373203, 0.9016037475957772, -0.09824770547915107, -0.5293850141686474, 0.10609256898507069, -0.023610710636340904, 0.5233158730219065, -0.4210374372744794, 0.7004861617398579, 0.7653207828440292, -0.013745046577960274, -0.3430538282536386, 0.2604741906952943, 0.6663055110514273, -0.6075520639389367, -0.31075559593752033, -0.7139549850506863, 0.6577303918944744, 0.36340398299158716, -0.6726905893798478, -0.29350303145554535]
-57.660972595214844	(8, 12, 2)	[0.5007953224509418, -0.5474722915521026, 0.8373551191137499, -0.3419370407263147, -0.2044536396891492, 0.3414935053497512, 1, 0.9351849871506352, 0.15141298836950812, 0.09082842381293821, 0.12052655064178319, 0.6362286196352211, -0.532144698188648, 0.6601530854528894, -0.28805704774222574, -0.8312749545505771, 0.490480681167037, 0.31804851425506775, -0.3900532722500715, -0.9771932982813942, 0.25971146960310265, -0.3436882276322642, -0.8910370786288841, -0.8044614105109553, 0.11175672824682215, -0.13551573445229614, 0.08701308246475525, 0.18889388481066016, 0.7009173960914599, 0.18586248848589992, 0.39726402431926666, -0.08255344015189503, 0.9928262028982748, 0.7272691678004525, 0.35502228764855004, 0.44851112485113265, 0.39975584040631995, -0.19489472314297962, 0.799187011719376, 0.35122366664228216, 0.4638605183997533, -0.7305427684300079, -0.4485697079501443, -0.8760777530330679, 0.42468006132316494, 0.3279287867371772, 0.5746659845768061, -0.11387645329232127, 0.26207538344846015, -0.3961612962907215, 0.29469616502813434, -0.4992077033558515, -0.8178839521234376, 0.03606779597839771, -0.3525536659861839, 0.43871118248213753, -0.43171457580304495, -0.13997664124101972, 0.6964486942306121, 0.044325559927805847, 0.20350352035418195, 0.23183294270484822, 0.3046819337717615, 0.21111012808331897, 0.4016887230634413, -0.6173754168374215, 0.4380548991328329, -0.49606215894484174, -0.9690052664377455, -0.6371971670623733, 0.04719800267757711, -0.1418955918620045, -0.36641242317071043, -0.4657107711566211, 0.1103324665745482, 0.2759386499891776, 0.4373153521517783, -0.06798765192865175, -0.06162362350989209, 0.2028197820904203, 0.06201854183718081, 0.7871971181741113, -0.6313851925684868, -0.15441038665843432, 0.7676982215735999, 0.861723483104827, -0.14076673293229613, 0.7653125438989075, 0.970504913830567, 0.46194287842985005, -0.9377266102082755, 1, -0.531984103510827, -0.9072156643741278, 0.5421100921251447, 0.6735765786882509, -0.34547409864829454, 0.8342720418482004, 0.1095540755127507, 0.829164776988361, -0.6950630568110019, 0.7844678064722572, -0.8229288201897098, 0.34360443264060936, 0.46893520582855475, 0.9051367998087252, 0.5736216724815417, -0.7016707017116008, 0.40475289590806285, -0.4785133430110109, 0.6348174879801887, 0.802039612507196, 0.7814065301740369, 0.34068281092370434, -0.21118466839551686, -0.11739878283534932, 0.5064867567829534, -0.18815078621407189, 0.9319274388774452, 0.2724453769794688]
-20.93541717529297	(8, 12, 2)	[0.09336857103914187, 0.11510635342885145, -0.7204935828961749, 0.6293395738551473, 0.25253199513822233, -0.28775334314629264, -0.5101487014545709, 0.2639385685908304, 0.5170566505331988, -0.8533473694888609, -0.17706557144871288, 0.9403330521615332, -0.3925989609163434, 0.6237739102260587, 0.131143605063889, 0.9267307540154626, 0.37931896243160773, 0.5056541507588086, -0.2584677352250593, -0.05607698709214737, 0.7203624425397683, -0.1359971049701557, 0.9454759229713421, 0.20609987762102677, 0.3037443025798423, -0.40900700094903764, -0.650571582668046, 0.558321993035406, 0.616276704097815, 0.28700185001273004, -0.5840805909187774, -1, -0.9703117697699567, 0.21056083018415375, 0.6237799511262893, -0.6433556815517272, -0.9565398532502607, 0.16727675048322144, 0.013692039068007103, 0.5765737528236491, -0.039805264847614735, 0.543431401066724, -0.6715554778810908, 0.8248278825842865, 0.11366141196340962, -0.5373903212539357, -1, 0.196309807652695, -0.5919592981829989, -0.9049040817064913, -0.8723731294247022, -0.45403735989155547, -0.7571700402539756, -0.9709197272161991, 0.9882637023860498, -0.9185903489283236, 0.23584915704307696, -0.9612484953418505, 0.6791029118926216, -0.8374278800037482, 0.6239922515496037, -0.8132000782244326, 0.323515949795536, -0.1461089799493449, 0.500217809168146, 0.7002025399399452, -0.39614591753296646, 0.2245227788374048, 0.007850931324044685, -0.29221425305274384, -0.6543672149431037, 0.007913869953745989, 0.06281491494151092, 0.597042382317805, -0.47281340188614207, 0.26787419857479083, 0.5706576386395696, -0.7301568764210744, -0.4247044899463967, -0.9180573306411952, 0.16114783457092607, 0.8451197158958437, -0.7461800045283697, -0.8272054747971588, -0.1761396424381152, -0.5680306413666967, -0.5670563150842554, -0.786368491418648, 0.4131628910054117, 0.21344893108648222, 0.8955311700472777, -0.3934140791681855, -0.2461960290966251, -0.9660049349642712, -0.042924419903308975, -0.34897046604493265, -0.16713606862431507, 0.5651035378918694, 0.8600948397704244, -0.5716738009728674, -0.6618438162963626, -0.049153685983355455, 0.9247356674493714, 0.7130635849059219, 0.8378768667995394, 0.5512542570765173, 0.07570320667714836, -0.3890338494688035, 0.5331796361859167, -0.3032044025466676, -0.5652664877871757, 0.6638167709794967, 0.41507281516680794, -0.08396386440691009, -0.8360163214821588, -0.3613363857388552, -0.04037164084419237, 0.14555296727788805, -0.26250812403849644, -0.036993921312829525]
-65.37496185302734	(8, 12, 2)	[0.3481043767915195, -0.9736813724198647, 0.7415997098979155, -0.6318347952475787, 0.6003861051445991, -0.8695662195384394, 0.6561026512485844, 0.9099512043305513, -0.4625237876790611, -0.15577568491869984, -0.9318174500887662, 1, -0.6097000330107918, -0.745654247512813, -0.5220070876424476, 0.8704934837646212, 0.6553721962464822, -0.23085094289071612, -0.4192343200847535, 0.3843861740844956, 0.9493205719435873, -0.7093140741576176, 0.46345779195735926, 0.9575451766374146, -0.6327100162287045, 0.030990624277640766, -0.9320587550899919, 0.5553730634472844, 0.8998356513989143, 0.5672281332224278, 0.6677282395646351, -0.47846636371558504, 0.571310342514115, 0.368760824803699, -0.8280824936107616, -0.4026582616796821, 0.6831183694330373, -0.377207872441229, 0.9572665532441393, 1, -0.2684765925251269, -0.62794598083563, 0.8432193610579299, 0.15690251837212488, -0.963497231763971, 0.7322390462470341, -0.299874810710941, -0.8154791948934415, 0.6712615816556788, 0.458389050910047, 0.8526719475044002, -0.6996470249915565, -0.7100590539469414, 0.5946066193771147, 0.5500101523371418, 0.13039312849052775, -0.5360807826293974, -0.28666983399000445, -0.6311424046992213, 0.960703502010525, 0.6991989356455619, 0.2768900176582998, -0.02711324643494009, -0.5140893111104061, -0.8901108058415528, -0.8758768282064318, 0.11192292385400071, 0.8783035393587102, -0.5742955450125837, -0.969663779237645, -0.4983150985013405, 0.8561425561120322, 0.18167682167152188, 0.6205813392024149, 0.12968673767841277, 0.6027580195874183, -0.1618085004330726, 0.3604412508798993, -0.6428647515173431, -0.35741967931360086, 0.7242670014867263, 0.8097360493422807, 0.8045295747694158, -0.43177785354344267, -0.8054841634967633, 0.9872127814553882, -0.5162019927534742, 0.6003184317042309, 0.3089976104132368, 0.1575734865130214, -0.5877074027948543, 0.5821025957947958, 0.487390932290384, 0.5526530780812363, -0.2702309354732828, -0.2300215429578314, 0.990531382424781, -0.5937104432259627, 0.3657558209675046, 0.512660694699361, 0.30511079350103887, -0.9173625685282667, 0.29810751156929305, 0.40462088133520924, -1, 1, -0.6159729799034244, 0.5641156406605442, 0.4080605816902583, 0.678363806302084, -0.3430538282536386, 0.802039612507196, 0.42296260194116986, 0.23199967832649482, -0.4821099079870417, 0.5286091626254629, -0.20232967382256128, 0.8465204372472743, 0.7386561479094544, -0.15632592239958276]
-61.42665100097656	(8, 12, 2)	[0.19259253649729646, 0.43462030285017506, -0.08927669331789773, 0.6060905880307151, 0.4744329006333461, 0.22245476607868386, -0.493647108382966, 0.20427507418099, 0.5076664264080843, -0.3137187410339045, -0.9510288885186506, 0.1678727272198991, 0.5961954846696002, 0.9339395524811298, -0.5741718780179941, -0.0704258372298241, 0.1736665454662797, -0.7842010007361635, -0.20645421103976513, -0.4414039041433804, -0.2745691228192937, -0.8606614972086284, -1, -0.3734145505978541, 0.778408236280892, 0.5515001738832621, -0.9320587550899919, 0.5553730634472844, 0.8998356513989143, 0.5672281332224278, 0.6677282395646351, -0.47846636371558504, 0.571310342514115, 0.368760824803699, -0.950712447599917, -0.4026582616796821, 0.8451289130304903, -0.377207872441229, 0.9572665532441393, 0.8468905825094786, -0.2652889643368246, -0.62794598083563, 0.8432193610579299, 0.15690251837212488, -0.963497231763971, 0.7322390462470341, -0.299874810710941, -0.8154791948934415, 0.6712615816556788, 0.458389050910047, 0.8526719475044002, -1, -0.7100590539469414, 0.6996938859296693, 0.5500101523371418, 0.13039312849052775, -0.5360807826293974, -0.28666983399000445, -0.6311424046992213, 0.960703502010525, 0.6991989356455619, 0.2768900176582998, 0.051433909448496115, -0.5140893111104061, -0.8901108058415528, -0.8758768282064318, 0.11192292385400071, 0.8783035393587102, -0.5742955450125837, -0.969663779237645, 0.004373754260601573, 0.8561425561120322, 0.18167682167152188, 0.6205813392024149, 0.12968673767841277, 0.6027580195874183, -0.1618085004330726, 0.3604412508798993, -0.6428647515173431, -0.35741967931360086, 0.7242670014867263, 1, 0.8045295747694158, -0.5420544305467381, -0.8054841634967633, 1, -0.5162019927534742, 0.6003184317042309, 0.3089976104132368, 0.1575734865130214, -0.5826652172143298, 0.5821025957947958, 0.487390932290384, 0.694534367017843, -0.2702309354732828, -0.2300215429578314, 0.990531382424781, -0.493066572978931, 0.3657558209675046, 0.512660694699361, 0.30511079350103887, -0.7419048696741068, 0.29810751156929305, 0.5741655049994896, -1, 0.5415130228884188, -0.6159729799034244, 0.41970817257685367, 0.4080605816902583, 0.678363806302084, -0.3430538282536386, -0.5774544352737672, 0.4122095528201828, -0.5972750552568808, 0.9485415905864811, -0.19234476710528114, 1, -0.07128089551588235, 0.8625735451540717, -0.05339937686631341]
-55.650856018066406	(8, 12, 2)	[0.09336857103914187, 0.11510635342885145, -0.5464194688818955, 0.6293395738551473, 0.25253199513822233, -0.35855157407966276, -0.4838728288790752, 0.2639385685908304, 0.028004417009876353, 0.5217385611281877, -0.49251538846399456, 0.7515030849625193, -0.8980454039249415, -0.8260870281751245, -0.7527095124433245, -0.8292107927723256, -0.6810607948817429, 0.06684933487639005, 0.7812117821761184, -0.6128000236476687, 0.691370952319775, 0.7140734798497037, 0.32412052980600303, -0.33865613297534003, -0.22832038361467902, -0.03924179051741805, 0.5576337761948009, -0.039928263457316815, -0.42950078800634084, -0.8950677033546566, -0.2694878728153458, -0.5924447929586462, -0.21096393330806462, 0.1548333004108542, -0.13072153791410646, 0.9577493452359951, 0.6675419627277503, -0.6822961412126851, -0.6101355778569095, -0.9084835057170018, -0.6148321743157663, -0.2908796501057973, -0.8859276060756067, -0.41579699389802016, 0.9934317062514277, 0.19874341478897234, 0.985995142954768, -1, 0.5751630318710675, 0.37805379932917815, 0.25125759096357303, 0.9351161595850157, -0.5178151316854906, -0.10926817092107632, -0.6064403736096431, -0.9708251404200121, 0.753677483725399, -0.7648859858635695, -0.7329164205138834, -0.15991857713298807, -0.28087902256740876, -0.2965622033287739, 0.1669930732281928, 0.6502102694227012, 0.4303250347025307, -0.2514927258615389, -0.14775295510761569, 0.7677793619680775, -0.7021340586730326, -0.07472493854611773, 0.7471824860960306, 0.8085108717837657, -0.8880526268195883, -0.9636872811440274, -0.3825203383433385, -0.8507153235969063, 1, 0.16738883068717897, 0.04027113620089473, 0.25569864984343615, -0.5414409508613567, 0.7149135964454054, 0.5438854178206607, -0.27632265568582803, 0.9721870688327412, -0.04724957384377282, 0.5031866640259377, -0.786368491418648, 0.5185968205779781, 0.21344893108648222, 0.8955311700472777, -0.3934140791681855, -0.16421756649977723, 0.9231858482809039, -0.7329619245236536, 0.6711903372965085, 0.06790396122447007, -0.4870404585286891, 0.2001617617188957, 0.7818704148223629, -0.9899487601181023, 0.014241871480322799, -0.7397160917123078, 0.14557659496566736, 0.9209909540442931, 0.5512542570765173, 0.07570320667714836, -0.45769522269149754, 0.4088705255663325, -0.3032044025466676, -0.7016858179236061, 0.5605860951769572, 0.4072744733970396, -0.09008401710502256, -0.9583315254582662, -0.3613363857388552, -0.36714792489440445, 0.03440686229856671, -0.41247820535013885, -0.38755330974574687]
-42.765926361083984	(8, 12, 2)	[-0.4410687614358262, 0.9005197491537935, 0.04535087149482986, 0.264544203418273, 0.6991562113340315, -0.9245506947909213, 0.1144781259745728, 0.4093303515033244, -0.46544405505899006, -0.2668701024559672, 0.6881202967150992, -0.34462936887530016, -0.43919622017992466, -0.06619738663645802, 0.12851211435341403, -0.9299802458879249, 0.5382984501943132, 0.31804851425506775, 0.7812117821761184, -0.6128000236476687, 0.5449707344053215, 0.7140734798497037, 0.32412052980600303, -0.27367747868806364, -0.22832038361467902, -0.03924179051741805, 0.7446822798345263, -0.039928263457316815, -0.42950078800634084, -0.8950677033546566, -0.2694878728153458, -0.39448720294495376, -0.21096393330806462, 0.1548333004108542, -0.2907332699379359, 0.9577493452359951, 0.2322460788076853, 0.2744781590268712, -0.01267806790082382, 0.34696106237344637, -0.1127719609211606, 0.9008339898408038, 0.9039261691258234, 0.3904617871433571, -0.44257507540514096, -0.2972636260866177, -0.3751475143647105, -0.06336572937549079, 0.31046752482776396, 0.0471085848510855, -0.31041111900270923, 0.8936916242586228, -0.9819768765092545, 0.5003445560994391, 0.5176676863960255, 0.8808487387389763, 0.26512846147996516, -0.06845717902974724, -0.5555391443256139, -0.9185050011601583, 0.3861894316415728, -0.7188533518171699, -0.8404635710537396, 0.20392886202347751, -0.84674616110722, -0.23499148229010403, 0.993000471913434, -0.6764192402278935, -0.3373420258281319, -0.39658318265212267, 0.21356474368631462, -0.3910465046849818, -0.1718748878727659, 0.7891870759353502, 0.7701378974162025, -0.09931799675320163, 0.608340782144621, -0.08191928971813464, 0.5937801689782349, -0.2898583546626714, 0.506008292783855, -0.5187138798275008, -0.6208092396977247, 0.38460839334361197, 0.04945414878300253, -0.2939865436703053, 0.35933549491246564, -0.5088020494498586, -0.02546926223311774, -0.8353896307781463, -0.2925969931253427, 0.937408014127599, -0.2699956037486333, -0.2885728569473909, -0.3508489101711414, 0.6438319667694352, 0.20772753801827554, 0.49030228880016136, 0.6981289217315458, 0.6811855150794786, 0.8259670210951087, 0.4572037895743182, -0.7748066095085544, -0.7570102438960096, -0.043135010378461125, 0.6154243782211553, 0.5962220793775432, 1, 0.38790353729525195, 0.09957581660479331, -0.5893400647753317, 0.2937800889306319, -0.25103662286253275, 0.24583503966967268, 0.5596013883305564, -0.08378207248629166, 0.4361754762394234, -0.2739248107442114, -0.9981779369483998, -0.8139685404650783]
-65.22815704345703	(8, 12, 2)	[0.09361492216370011, 0.11510635342885145, -0.7753016126196056, 0.6293395738551473, 0.25253199513822233, -0.28775334314629264, -0.5101487014545709, 0.34405531021261904, 0.5170566505331988, -0.8533473694888609, -0.49251538846399456, 1, -0.8588297871735044, -0.8260870281751245, -0.7527095124433245, -0.8292107927723256, -0.6810607948817429, 0.21574580424970213, 0.9674808753799269, -0.3316552607338144, 0.691370952319775, 0.6569520125026533, -0.8684364493105705, 0.4539308629433394, -0.2517703247431766, -0.6512423416645297, 0.7446822798345263, -0.039928263457316815, -0.42950078800634084, -0.8950677033546566, -0.2865819023548124, -0.39448720294495376, -0.37706392680137624, 0.1548333004108542, -0.17410323881529516, 0.8044712088432474, 0.8081978390954051, -0.6822961412126851, -0.6101355778569095, -0.9084835057170018, -0.6148321743157663, -0.1231632299798372, -0.8859276060756067, -0.3121749220897037, 0.6832552369496661, 0.1895565371884227, 0.985995142954768, -0.9311664864516402, 0.5365805247673414, 0.5193209418961586, 0.25125759096357303, 0.8216399506415253, -0.6420622917117653, -0.10926817092107632, -0.6064403736096431, -0.9708251404200121, 0.5924046442473578, 0.8783212328561031, -0.17739386005568458, 0.6418493557069966, -0.3815126213897495, -0.35090574142005104, 0.09150397797364788, 0.6502102694227012, 0.3734536904266473, -0.3520190494261731, 0.0423570233130692, 0.8124262552874408, -0.7021340586730326, 0.14261839061321369, 0.7471824860960306, 0.8085108717837657, -0.8880526268195883, -1, -0.3825203383433385, -0.3674688037708854, 0.9733917638654673, 0.16738883068717897, 0.09579655810832705, 0.25569864984343615, -0.5414409508613567, 0.7149135964454054, 0.4648287043711763, -0.27632265568582803, 1, 0.10623309399206882, 0.5031866640259377, -0.786368491418648, 0.5185968205779781, 0.21344893108648222, 0.8955311700472777, -0.36404334114162124, -0.01385772005367597, 0.8499922372998241, -0.7329619245236536, 0.6711903372965085, 0.12296466434181541, -0.4870404585286891, 0.2001617617188957, 0.49125738862158014, -0.9899487601181023, -0.40648178984439753, -0.6839577959917799, -0.033586686435221, 0.9209909540442931, 0.4326931623755183, 0.07570320667714836, -0.6451163095212142, 0.4088705255663325, -0.3032044025466676, -0.7016858179236061, 0.5159210041957388, 0.41507281516680794, -0.09008401710502256, -1, -0.35703955538320986, -0.04037164084419237, 0.03440686229856671, -0.33771239057190905, -0.38755330974574687]
-54.75777053833008	(8, 12, 2)	[0.6685331379207733, -0.28553954804852366, 0.19855959482078683, 0.5531735583301927, 0.605007931266154, 0.32974914245290626, 0.3095288364740405, 0.4093303515033244, -0.46544405505899006, -0.2654631678385893, 0.4614743301683648, -0.34462936887530016, -0.26986547984230425, -0.047084519744714656, -0.6029548480355194, 0.7051065879319726, 0.3046732769969134, -0.2662965563956641, -0.5429136396667706, -0.5761782336414437, -0.881577971362087, 0.8672643528946852, -0.9371253330276363, 0.2931470473056723, -0.6891671486113234, -1, 0.7308569622641553, -0.5589232146667382, -0.8270830046369031, 0.10793130477484225, 0.8857200163230969, -0.2720405756819397, 0.023879750162338675, 0.7725278078297995, 0.3107386824062639, -0.4411352468118742, -0.046072452690365306, 0.7007429205875274, -0.37033052586754356, 0.0460100331787654, -0.03210309637633488, -0.8434044592255054, -1, 0.021730060077547853, -0.20770469391849314, 0.040701526136184274, -0.07558796784117972, -0.3523392268663712, 0.44724249659491444, 0.33663925390569704, -0.31041111900270923, 0.8936916242586228, -0.9819768765092545, 0.5003445560994391, 0.35399328041881384, 0.8307689876867916, 0.38442267658515983, -0.13667556333537967, -0.5555391443256139, -0.9409865302493046, -0.9346953227927031, -0.8291981298408053, -1, 0.17258463768997892, -0.84674616110722, -0.23499148229010403, 0.9760442980454038, 0.15863253519767265, -0.4194679891272315, 0.024548344086592178, 0.3093056387854197, 0.1604131732217009, -0.36005744475596174, -0.6989768425394056, -0.7753744187545915, 0.26787419857479083, 0.8539005914572441, -0.7301568764210744, 0.07167811238670524, 0.424529826890656, -0.8013597644366217, -0.7039912432792097, 0.2990899234608446, 0.03014345489203696, 0.6862800366745401, 0.13687102429168907, -0.07778123687650496, 0.3072183630863643, 0.6197175301675575, -0.23222793816847043, -0.9276452720734903, 0.9296325188919269, 0.38968437562992386, 0.49105670263808965, 0.299983174244165, 1, -1, 0.3386209247209233, 0.9075652263504198, 0.3651674103239705, 0.13381435110937015, 0.61538518176532, -0.035302590953159754, -0.8961124945378451, -0.34473421077952504, -0.4902823300148178, 0.8568227148627185, 0.6248882777023204, 0.4088705255663325, -0.5296085583499708, -0.7016858179236061, -0.09549854176831274, -0.5120316835788654, 0.5037438251783231, 0.8548249808727548, -0.209503381367041, -0.4064970555907992, 0.03440686229856671, -0.41247820535013885, 0.14659316118623256]
-67.4101791381836	(8, 12, 2)	[0.3481426291625578, 0.44370788242327025, 0.40836572037425595, 0.7498936990370069, 0.912888588917846, 0.6274962210687275, -0.52012057384675, 0.20427507418099, 0.5076664264080843, -0.7317543972022208, -0.9510288885186506, 0.05788825097297211, 0.3694042055217124, 0.9339395524811298, -0.7421336624560362, -0.07613019001191083, -0.008380340191750948, -0.8271786534044757, -0.06417794635644683, -0.4414039041433804, -0.3230546361037679, -0.8606614972086284, -0.9016974697411178, -0.3734145505978541, 0.778408236280892, 0.10383643227029271, 0.03448449816929178, 0.7358230280313451, -1, 0.989532417875927, 0.20458632952249264, -0.6629479543225797, -0.038314195212336206, -0.4169260965317123, 0.33677339301979103, -0.26960094079388375, 0.9523726224461395, -0.805251027977814, -0.7847159414299416, -0.2503557768666197, 0.19874406531328348, 0.8565209489551522, 0.389300184031937, -0.676167273851144, 0.7018419401881437, -1, -0.37428305459393485, -0.8114878882846392, -0.13528044712997134, 0.9771926231304691, 0.8539412957822563, 0.6801572001319278, -0.4106308839623025, -0.9392540448646316, 0.6228745973889305, -0.6766250814237851, 0.10318189778976428, 0.1495272475644005, 0.5580229212840921, 0.41385703827443576, 0.6991989356455619, 0.2768900176582998, -0.02711324643494009, -0.4448486342909995, -0.8901108058415528, -0.4819315538899168, -0.1830825711357953, 0.18984673890891957, -0.49462085814892737, 0.9410688520882013, 0.7548469506894813, -0.39234144686794403, -0.7079879093940679, 0.30245308003471305, -0.4341528800405734, 0.05129262844784799, -0.49063667606364514, -0.57223560539728, 0.5607049558035944, 0.6394974391261463, 0.9042133633253373, -0.34172308020149555, 0.8045295747694158, 0.33354982435389346, -0.11198232409980063, -0.2939865436703053, 0.35933549491246564, -0.34550837343577523, -0.45279434758706016, -0.2887699795873271, 0.25823619831525946, -0.2564596228991126, 0.0398139907739601, -0.8479826486331391, -0.45724883315045944, -0.8427777916681921, -0.3131821303257669, 1, 0.7962766632565932, -0.16583618302060066, 0.4540819190108605, 0.9184723469874534, 0.02470082335486734, 0.089232082878405, 0.9835790473167325, -0.5515957474352218, 0.5964996069176796, -0.6580403303368141, -0.41191400394463606, 0.07482062463788197, -0.4087756144043144, 0.7930669972125928, -0.9667853182766204, 0.40217069660444316, 0.7041416177224447, 0.5422360523227637, 1, 0.6241255550791281, 0.9048641865545891, 0.32575207708841164]
-64.31266784667969	(8, 12, 2)	[0.19259253649729646, 0.3100955958861087, -0.08927669331789773, 0.6060905880307151, 0.4744329006333461, 0.22245476607868386, -0.493647108382966, 0.20427507418099, 0.5076664264080843, -0.38862406866267746, -0.9510288885186506, 0.1678727272198991, 0.9140986294755982, 1, -0.7421336624560362, -0.07613019001191083, -0.11186883711391608, -0.8039750796102095, -0.06417794635644683, -0.4414039041433804, -0.2745691228192937, -0.8606614972086284, -0.9016974697411178, -0.3734145505978541, 0.7208647214830977, 0.10383643227029271, 0.03448449816929178, 0.7358230280313451, -1, -0.9526990866153133, 0.10344460210439103, 0.9750659133819346, -0.28003134917999706, -0.42350027291475567, -0.04828039401706086, 0.4442429604537065, -0.1160007842062021, 0.6076652701666976, 1, -0.34167790530329745, -0.26105522625294436, -0.35626466462303935, 0.3120266657994241, -0.6551477199768811, -0.798463592665984, 0.5051285915538647, 0.6669407772323415, 0.8240832967312858, 1, -0.17061740737484787, -0.30490430951684455, 0.7866231153651726, -0.4080581988881633, 0.5615636785720617, -0.39350235794005584, 0.041495981222723355, -0.520333659435702, -0.571647607852213, -0.4120479506928083, -0.4690280568189171, 0.3466306474302148, 0.6235481491615505, -0.3476339891594453, -0.7568346658429228, -1, -0.8203934365106966, 0.11057604912147385, 0.18984673890891957, -0.49462085814892737, 0.8315068281923252, 0.7548469506894813, -0.39234144686794403, -0.7079879093940679, 0.15292623428475072, -0.4341528800405734, -0.39638295535011747, -0.4963535002081346, -0.57223560539728, 0.5648042225472696, 0.49210731546749004, 0.9042133633253373, -0.1403937970034963, -0.30116728154119743, 0.4956824271872533, -0.25262345062954644, 0.6121839377581402, -0.5719417894749439, 0.24879329566247108, -0.9833941144304358, -0.23222793816847043, -0.9408383168310364, 1, 0.07505931065582758, 0.39813251051759657, -0.19291140060646417, -0.7839790802136904, -0.44686896573733237, 0.7556882865732677, -0.43707006455814623, 0.23363843009575236, -0.32342601062450643, 1, 0.31639513227046634, -0.01010690101451657, -0.8078030571957536, 0.6233969083689606, -0.5757699197092354, 0.5360144410783312, 0.4088705255663325, -0.5527605631859194, -0.7016858179236061, -0.46673896640938894, -0.5120316835788654, -0.5972750552568808, 0.7861799840973606, -0.08378207248629166, 0.4361754762394234, -0.2739248107442114, -0.9981779369483998, -0.10953501905113822]
-61.249141693115234	(8, 12, 2)	[0.19546950306438057, 0.43462030285017506, -0.08927669331789773, 0.6060905880307151, 0.3270219533375698, 0.22245476607868386, -0.493647108382966, 0.24671339216020954, 0.5076664264080843, -0.3137187410339045, -0.7895554708348704, 0.829817967414978, 0.3694042055217124, 0.9339395524811298, -0.5741718780179941, -0.0704258372298241, 0.1736665454662797, -0.7842010007361635, -0.20645421103976513, -0.4503128896982711, -0.5182780940746975, -0.8606614972086284, -1, -0.6373637342626468, 0.778408236280892, 0.5515001738832621, 0.1116651699000396, -0.4656872858221224, -0.8270830046369031, 0.5672281332224278, 0.618089537296493, -0.47846636371558504, 0.571310342514115, 0.526141919184852, -0.950712447599917, -0.4026582616796821, 0.8451289130304903, -0.377207872441229, 0.9572665532441393, 0.8468905825094786, -0.2652889643368246, -0.62794598083563, 0.8432193610579299, 0.15690251837212488, -0.963497231763971, 0.7322390462470341, -0.26415425840387025, -0.8154791948934415, 0.6712615816556788, 0.458389050910047, 0.6299099243533559, -1, -0.8974654377264907, 0.6996938859296693, 0.5500101523371418, 0.13039312849052775, -0.5707057922782958, -0.45947092047932464, -0.6311424046992213, 0.960703502010525, 0.6991989356455619, 0.2768900176582998, 0.051433909448496115, -0.32784359617552705, -0.8901108058415528, -0.7010094107931958, 0.11192292385400071, 0.8783035393587102, -0.6741109015854562, -1, -0.13381319562255609, 0.8355789249570513, 0.5481685376604568, 0.6205813392024149, -0.3256785339167629, 0.6027580195874183, -0.1763158480627094, 0.3604412508798993, -0.7268714604906324, -0.35741967931360086, 0.757773652781869, 1, 0.4437023483799206, -0.29744987470668793, -0.8054841634967633, 1, -0.5162019927534742, 0.31546014395663524, 0.3089976104132368, 0.209010413756649, -0.5266273462445896, 0.5821025957947958, 0.487390932290384, 0.694534367017843, -0.2702309354732828, -0.2300215429578314, 0.990531382424781, -0.6113616923264591, 0.3657558209675046, 0.12329844113406452, -0.8590395938191927, -0.18382587375490148, -0.620760158579158, 0.04270831061879132, -0.5626472008136971, -0.021781175490340976, 0.6113886354376443, 0.7525170811224426, -0.5783126769111726, -0.2683883440698309, -0.4199984438846085, -0.5774544352737672, 0.42029069808165165, -0.5972750552568808, 0.9485415905864811, -0.19234476710528114, 0.7772963314079862, -0.07128089551588235, 0.8625735451540717, -0.05339937686631341]
-43.97227096557617	(8, 12, 2)	[0.6685331379207733, -0.8796217053350786, 0.19855959482078683, 0.23284852469688017, 0.605007931266154, 0.32974914245290626, 0.3095288364740405, 0.4093303515033244, -0.6467217947289925, -0.2654631678385893, 0.4614743301683648, -0.34462936887530016, -0.26986547984230425, -0.047084519744714656, -0.8499321284573158, 0.9232960808991634, 0.17413420729618606, -0.2662965563956641, -0.9791543754075499, -0.5032343727183789, -0.881577971362087, 0.9685609463994205, -0.9371253330276363, 0.21354421288568026, -0.6891671486113234, -1, 0.6320321603052182, -0.46813807823472076, -0.8270830046369031, -0.06244152421867677, 0.8857200163230969, -0.2720405756819397, 0.023879750162338675, 0.7725278078297995, 0.3107386824062639, -0.4411352468118742, -0.046072452690365306, 0.7007429205875274, -0.37033052586754356, 0.0460100331787654, 0.020403965032074478, -0.8434044592255054, -1, 0.021730060077547853, -0.20770469391849314, -0.23637855950537578, -0.07558796784117972, -0.3523392268663712, 0.44724249659491444, 0.5645917281732813, -0.31041111900270923, 0.9545021195800056, -0.9819768765092545, 0.6007238296598685, 0.4684221198678742, 0.8307689876867916, 0.26512846147996516, -0.13667556333537967, -0.5555391443256139, -0.9409865302493046, -0.9346953227927031, -0.8291981298408053, -1, 0.17258463768997892, -0.84674616110722, -0.23499148229010403, 0.9760442980454038, 0.15863253519767265, -0.4194679891272315, 0.024548344086592178, 0.2156142969183477, 0.1604131732217009, -0.36005744475596174, -0.6989768425394056, -0.7753744187545915, 0.26787419857479083, 0.8539005914572441, -0.7301568764210744, 0.07167811238670524, 0.424529826890656, -0.7582135173742017, -0.7039912432792097, 0.2990899234608446, 0.19713020446710755, 0.6862800366745401, 0.13687102429168907, -0.07778123687650496, 0.3072183630863643, 0.6671197490582148, -0.23222793816847043, -0.9276452720734903, 0.9296325188919269, 0.4349071050109358, 0.49105670263808965, 0.299983174244165, 1, -1, 0.3386209247209233, 0.719157213491982, 0.3651674103239705, 0.13381435110937015, 0.61538518176532, -0.035302590953159754, -0.8743688339046684, -0.34473421077952504, -0.5174622134135202, 0.8568227148627185, 0.6248882777023204, 0.4088705255663325, -0.5296085583499708, -0.7016858179236061, -0.09549854176831274, -0.5120316835788654, 0.38505087498960994, 0.8548249808727548, -0.209503381367041, -0.4064970555907992, -0.9818375150418397, 0.3051878450603913, 0.14659316118623256]
-41.20744705200195	(8, 12, 2)	[0.7010583876659129, -0.8690482051536259, 0.7415997098979155, -0.7663124573161415, 0.7335130528225028, -0.8695662195384394, 0.651354085272909, 1, -0.4625237876790611, -0.15577568491869984, -0.9318174500887662, 1, -0.6097000330107918, -0.745654247512813, -0.5220070876424476, 0.8704934837646212, 0.6553721962464822, -0.23085094289071612, -0.4192343200847535, 0.5523089770375368, 1, -0.7093140741576176, 0.46345779195735926, 0.9575451766374146, -0.653939013298066, 0.030990624277640766, -0.9320587550899919, 0.5553730634472844, 0.8998356513989143, 0.5672281332224278, 0.3763618571935217, -0.39661646622471036, 0.571310342514115, 0.368760824803699, -0.8280824936107616, -0.27640718072416703, 0.6716148104108821, -0.3706351894216992, 0.97865813440959, 1, -0.517051250915419, -0.6952558431722664, 0.48444929576437584, -0.9615277715001735, 0.32022465380609483, -0.9465495365533771, -0.006543713092726944, -0.8114878882846392, -0.20036147115452907, -1, -0.4973072959228687, 0.7866231153651726, -0.4080581988881633, 0.5615636785720617, -0.3007586450524762, 0.041495981222723355, -0.520333659435702, -0.571647607852213, -0.4489573900810124, -0.4690280568189171, 0.3466306474302148, 0.6235481491615505, 0.11487210089014244, -0.1461089799493449, 0.500217809168146, 0.7002025399399452, -0.39614591753296646, 0.5825530588684134, 0.2673230380356471, -0.29221425305274384, -0.7711703808328406, 0.20501162393005634, 0.06281491494151092, 0.597042382317805, -0.7753744187545915, 0.29170278353339607, 0.5706576386395696, -0.7301568764210744, 0.17347196092247044, 0.424529826890656, -1, -0.7039912432792097, 0.2990899234608446, 0.40153054970159396, 0.6862800366745401, 0.13687102429168907, -0.014405951677923634, 0.16160927714125947, 0.54514468844952, -0.23222793816847043, -0.2925969931253427, 0.7944547385060946, -0.5114254134353569, 0.39813251051759657, -0.5720658609455631, -0.14275136960478285, -0.1329277939581559, 0.7548588679246966, -0.43707006455814623, -0.08348022003264516, -0.11855396573797046, -0.030920556222483592, 0.9247356674493714, 0.7130635849059219, 0.4730305123923684, 0.39733512532402243, 0.8452637465187585, -0.5658798186011624, -0.24029960222994262, -0.7883824042803393, 0.7898433616237089, 0.4500044670827822, 0.5557526311596164, 0.6487102780740557, -0.88648783362675, 0.5422360523227637, 0.9564892338072947, 0.16738424773024396, -0.7126723991423487, 0.32575207708841164]
-44.30272674560547	(8, 12, 2)	[0.7010583876659129, -0.8690482051536259, 0.7415997098979155, -0.7663124573161415, 0.7335130528225028, -0.8695662195384394, 0.651354085272909, 1, -0.4625237876790611, -0.15577568491869984, -0.9318174500887662, 1, -0.6097000330107918, -0.745654247512813, -0.5220070876424476, 0.8704934837646212, 0.6553721962464822, -0.23085094289071612, -0.4192343200847535, 0.5523089770375368, 1, -0.7093140741576176, 0.46345779195735926, 0.9575451766374146, -0.653939013298066, 0.030990624277640766, -0.9320587550899919, 0.5553730634472844, 0.8998356513989143, 0.5672281332224278, 0.3763618571935217, -0.39661646622471036, 0.571310342514115, 0.368760824803699, -0.8280824936107616, -0.27640718072416703, 0.6716148104108821, -0.3706351894216992, 0.97865813440959, 1, -0.517051250915419, -0.6952558431722664, 0.48444929576437584, -0.9615277715001735, 0.32022465380609483, -0.9465495365533771, -0.006543713092726944, -0.8114878882846392, -0.20036147115452907, -1, -0.4973072959228687, 0.7866231153651726, -0.4080581988881633, 0.5615636785720617, -0.3007586450524762, 0.041495981222723355, -0.520333659435702, -0.571647607852213, -0.4489573900810124, -0.4690280568189171, 0.3466306474302148, 0.6235481491615505, 0.11487210089014244, -0.1461089799493449, 0.500217809168146, 0.7002025399399452, -0.39614591753296646, 0.5825530588684134, 0.2673230380356471, -0.29221425305274384, -0.7711703808328406, 0.20501162393005634, 0.06281491494151092, 0.597042382317805, -0.7753744187545915, 0.29170278353339607, 0.5706576386395696, -0.7301568764210744, 0.17347196092247044, 0.424529826890656, -1, -0.7039912432792097, 0.2990899234608446, 0.40153054970159396, 0.6862800366745401, 0.13687102429168907, -0.014405951677923634, 0.16160927714125947, 0.54514468844952, -0.23222793816847043, -0.2925969931253427, 0.7944547385060946, -0.5114254134353569, 0.39813251051759657, -0.5720658609455631, -0.14275136960478285, -0.1329277939581559, 0.7548588679246966, -0.43707006455814623, -0.08348022003264516, -0.11855396573797046, -0.030920556222483592, 0.9247356674493714, 0.7130635849059219, 0.4730305123923684, 0.39733512532402243, 0.8452637465187585, -0.5658798186011624, -0.24029960222994262, -0.7883824042803393, 0.7898433616237089, 0.4500044670827822, 0.5557526311596164, 0.6487102780740557, -0.88648783362675, 0.5422360523227637, 0.9564892338072947, 0.16738424773024396, -0.7126723991423487, 0.32575207708841164]
-47.41403579711914	(8, 12, 2)	[0.7010583876659129, -0.8690482051536259, 0.7415997098979155, -0.7663124573161415, 0.7335130528225028, -0.8695662195384394, 0.651354085272909, 1, -0.4625237876790611, -0.15577568491869984, -0.9318174500887662, 1, -0.6097000330107918, -0.745654247512813, -0.5220070876424476, 0.8704934837646212, 0.6553721962464822, -0.23085094289071612, -0.4192343200847535, 0.5523089770375368, 1, -0.7093140741576176, 0.46345779195735926, 0.9575451766374146, -0.653939013298066, 0.030990624277640766, -0.9320587550899919, 0.5553730634472844, 0.8998356513989143, 0.5672281332224278, 0.3763618571935217, -0.39661646622471036, 0.571310342514115, 0.368760824803699, -0.8280824936107616, -0.27640718072416703, 0.6716148104108821, -0.3706351894216992, 0.97865813440959, 1, -0.517051250915419, -0.6952558431722664, 0.48444929576437584, -0.9615277715001735, 0.32022465380609483, -0.9465495365533771, -0.006543713092726944, -0.8114878882846392, -0.20036147115452907, -1, -0.4973072959228687, 0.7866231153651726, -0.4080581988881633, 0.5615636785720617, -0.3007586450524762, 0.041495981222723355, -0.520333659435702, -0.571647607852213, -0.4489573900810124, -0.4690280568189171, 0.3466306474302148, 0.6235481491615505, 0.11487210089014244, -0.1461089799493449, 0.500217809168146, 0.7002025399399452, -0.39614591753296646, 0.5825530588684134, 0.2673230380356471, -0.29221425305274384, -0.7711703808328406, 0.20501162393005634, 0.06281491494151092, 0.597042382317805, -0.7753744187545915, 0.29170278353339607, 0.5706576386395696, -0.7301568764210744, 0.17347196092247044, 0.424529826890656, -1, -0.7039912432792097, 0.2990899234608446, 0.40153054970159396, 0.6862800366745401, 0.13687102429168907, -0.014405951677923634, 0.16160927714125947, 0.54514468844952, -0.23222793816847043, -0.2925969931253427, 0.7944547385060946, -0.5114254134353569, 0.39813251051759657, -0.5720658609455631, -0.14275136960478285, -0.1329277939581559, 0.7548588679246966, -0.43707006455814623, -0.08348022003264516, -0.11855396573797046, -0.030920556222483592, 0.9247356674493714, 0.7130635849059219, 0.4730305123923684, 0.39733512532402243, 0.8452637465187585, -0.5658798186011624, -0.24029960222994262, -0.7883824042803393, 0.7898433616237089, 0.4500044670827822, 0.5557526311596164, 0.6487102780740557, -0.88648783362675, 0.5422360523227637, 0.9564892338072947, 0.16738424773024396, -0.7126723991423487, 0.32575207708841164]
-54.013038635253906	(8, 12, 2)	[0.7010583876659129, -0.8690482051536259, 0.7415997098979155, -0.7663124573161415, 0.7335130528225028, -0.8695662195384394, 0.651354085272909, 1, -0.4625237876790611, -0.15577568491869984, -0.9318174500887662, 1, -0.6097000330107918, -0.745654247512813, -0.5220070876424476, 0.8704934837646212, 0.6553721962464822, -0.23085094289071612, -0.4192343200847535, 0.5523089770375368, 1, -0.7093140741576176, 0.46345779195735926, 0.9575451766374146, -0.653939013298066, 0.030990624277640766, -0.9320587550899919, 0.3040113799302274, 0.8998356513989143, 0.5672281332224278, 0.3763618571935217, -0.39661646622471036, 0.571310342514115, 0.368760824803699, -0.8280824936107616, -0.27640718072416703, 0.6716148104108821, -0.3706351894216992, 0.97865813440959, 1, -0.517051250915419, -0.6952558431722664, 0.48444929576437584, -0.4599109130427458, 0.32022465380609483, -0.9465495365533771, -0.006543713092726944, -0.8114878882846392, -0.20036147115452907, -1, -0.4973072959228687, 0.7866231153651726, -0.4080581988881633, 0.5615636785720617, -0.3007586450524762, 0.041495981222723355, -0.520333659435702, -0.571647607852213, -0.6010188842116562, -0.4690280568189171, 0.3466306474302148, 0.6235481491615505, 0.2087038067914307, -0.1461089799493449, 0.4976709422410032, 0.7002025399399452, -0.39614591753296646, 0.5825530588684134, 0.2673230380356471, -0.29221425305274384, -0.7711703808328406, 0.20501162393005634, 0.06281491494151092, 0.597042382317805, -0.7753744187545915, 0.29170278353339607, 0.5706576386395696, -0.7301568764210744, 0.17347196092247044, 0.424529826890656, -1, -0.7039912432792097, 0.2990899234608446, 0.40153054970159396, 0.6862800366745401, 0.13687102429168907, -0.014405951677923634, 0.16160927714125947, 0.54514468844952, -0.23222793816847043, -0.2925969931253427, 0.7944547385060946, -0.5114254134353569, 0.39813251051759657, -0.5720658609455631, -0.14275136960478285, -0.1329277939581559, 0.7548588679246966, -0.43707006455814623, -0.08348022003264516, -0.11855396573797046, -0.030920556222483592, 0.9247356674493714, 0.7130635849059219, 0.4730305123923684, 0.39733512532402243, 0.8452637465187585, -0.5658798186011624, -0.24029960222994262, -0.7883824042803393, 0.7898433616237089, 0.4500044670827822, 0.5557526311596164, 0.6487102780740557, -0.88648783362675, 0.5422360523227637, 0.9564892338072947, 0.16738424773024396, -0.7126723991423487, 0.32575207708841164]
-40.278526306152344	(8, 12, 2)	[-0.27549128296523184, 0.33070189938174754, 0.7937843028556499, 0.5293520305274783, -0.8245906629937981, -0.5629812117561017, 0.7067375621898369, 0.08618110595202833, -0.7464132650032105, 0.5435047935439683, 0.5669063014961468, 0.6294165225619603, -0.2966134041326983, -1, 0.30473222645980247, 0.8758881780195642, -0.1839493249962465, 0.47467246612456027, -0.5708462152040215, 0.20059975060297552, -0.16763512987924978, 0.6766202429885413, -0.629633513826032, 0.665590164730318, 0.5165944236282589, -0.3582298901662699, -0.06754076726256936, 0.9004813036176655, 0.29704646639712096, 0.377582399614417, -0.1515026359142555, 0.1924880378083198, 0.49052320738222555, -0.1955245364385372, 0.42964957614025795, 0.9577493452359951, 0.3231509227252362, 0.6215085352590046, -0.01267806790082382, -0.29147183577749775, 0.014866203033140846, 1, 0.9039261691258234, 0.6560449453318732, -0.44257507540514096, 0.6182915744263416, 0.6669407772323415, 0.9239674714542583, 0.15481785842017798, -0.3961612962907215, 0.3254304449956025, -0.5031571087412733, -1, -0.9534996871475924, -0.9943155377033759, 0.4677857131405732, -0.81545179527497, -0.14307173903361758, 1, -0.671686376836854, 0.8809190280875324, -0.0852161070214067, -0.045768134647156344, 0.30557936534104346, 0.8993644754256449, 0.41987713195062115, -0.8402498014011383, 0.7935479244919403, -0.46493206846076973, -0.3755517459457565, 0.7471824860960306, 0.8085108717837657, -1, -0.7397830035186483, -0.5833905879107242, -0.9704901420675174, 1, 0.04539808179420149, 0.03392237313255755, 0.25569864984343615, -0.21237359469980294, 0.7389478073120692, 0.4648287043711763, -0.27632265568582803, -0.855060992530505, -0.44539493472980257, 0.24336622513026462, 0.9637025826858885, 0.17110512975335704, -0.8396933050633577, -0.8790300036721231, 0.9701806860297533, 0.31342893785485804, 0.15440406720872774, -0.5720658609455631, -0.3174251148782089, -0.1117961862872563, 0.8054001395205892, -0.21208058503390206, 0.492445873454763, -0.8094944296563398, -0.0670054723592925, 0.9247356674493714, 0.7130635849059219, 0.8836609560939978, 0.45653042227854335, 0.5258740370182661, -0.22484441850171627, -0.3998515195299143, -0.7883824042803393, 0.7243770639105982, 0.2288966285257784, 0.39481548181424064, -0.7806552649307612, -0.887381558176666, -0.20524157907705903, 1, 0.5645089614781164, -0.7126723991423487, -0.29350303145554535]
-68.92621612548828	(8, 12, 2)	[0.09336857103914187, 0.25767959781220495, -0.582363781694722, 0.6293395738551473, 0.25253199513822233, -0.3814433392078229, -0.5101487014545709, 0.2639385685908304, 0.4522362039477561, 0.2655682038536971, -0.6967279767513681, 0.18722358292061614, 0.5721172370680802, 0.9339395524811298, -0.7826135757385195, -0.07613019001191083, 0.2483085807487232, -0.5338798852897613, -0.09303223087807053, -0.3392590489600738, -0.31383997986218704, -0.5348729184823487, -0.9016974697411178, -0.3734145505978541, 0.5477971990068771, -0.20817799047279678, 0.6207964552110666, 0.6514691282103188, -0.7998324435709818, -0.83792377549163, -0.010174675809638767, 0.28629694621750823, -0.2611558754472427, -0.34960256559165753, -0.10006109661063763, 0.5985411668055668, 0.11603345488361422, 0.6829791763298306, 1, -0.026351717046877665, -0.3902786920044658, -0.4215060760397155, -0.4649871055109073, -0.3121749220897037, 0.5259152808838303, 0.1895565371884227, 1, -0.9311664864516402, 0.7899470831124423, 0.3845782067504101, 0.6412469829285653, 0.8216399506415253, -0.5554353819385162, -0.013175947867739221, -0.6064403736096431, -1, 0.5634385286034234, 0.8623515861000914, -0.17739386005568458, 0.6418493557069966, -0.3286172257783896, -0.4175303714427334, 0.1669930732281928, 0.3273105476993935, 0.13926607854582934, -0.40358808444722905, 0.25923347599258784, 0.7078954556990981, -0.7588403357910728, 0.14261839061321369, 0.7471824860960306, 0.7776162369588668, -0.8808879712695469, -0.9636872811440274, -0.3825203383433385, -0.8507153235969063, 1, 0.16738883068717897, 0.03392237313255755, 0.42352524867893326, -0.5414409508613567, 0.7389478073120692, 0.4648287043711763, -0.27632265568582803, 1, -0.04724957384377282, 0.5031866640259377, -0.8218919770068901, 0.6882212783880771, -0.16152224298278814, -0.9408383168310364, 0.912178921785188, 0.223717988567732, 0.39813251051759657, -0.5720658609455631, -0.6541968056565962, -0.44686896573733237, 0.8944132103200282, -0.23250337863203482, 0.2586059243946688, -0.36560329946851416, 0.021050104501324194, 0.31639513227046634, 0.7130635849059219, 1, 0.5512542570765173, 0.07570320667714836, -0.12282407836211581, 0.40008272405433026, 0.621679818193653, -0.5652664877871757, 0.7930669972125928, -0.8567129429195568, 0.7331262804480507, 0.5596013883305564, 0.5422360523227637, 0.4361754762394234, -0.28082170962340935, -1, -0.36329825861676057]
-27.54703140258789	(8, 12, 2)	[0.09336857103914187, -0.27790267524848566, -0.582363781694722, 0.6293395738551473, 0.25253199513822233, -0.35787021600592295, -0.5101487014545709, 0.2639385685908304, 0.06117783340405735, 0.2655682038536971, -0.49251538846399456, 1, -0.8980454039249415, -0.7106776096004732, -0.7527095124433245, -0.8292107927723256, -0.5922586125273, -0.23149531178111848, 0.670624327646134, -0.49021195203383616, 0.691370952319775, 0.5462178673286409, 0.6447014157359516, -0.33865613297534003, -0.22832038361467902, -0.03924179051741805, 0.5576337761948009, -0.06770226279513694, -0.8963752996291019, -0.8284247244020151, -0.2694878728153458, -0.3338962364142383, -0.39642109073725307, 0.04900797878701381, -0.2907332699379359, 0.9577493452359951, 0.755766762342445, -1, -0.6424153161675693, -0.9084835057170018, -0.35184533237930066, -0.4215060760397155, -0.4649871055109073, -0.6201204736224502, 0.5259152808838303, 0.2729002354028377, 1, -0.9311664864516402, 0.8672096040568702, 0.3845782067504101, 0.25800463547987196, 0.8216399506415253, -0.7911980742244621, -0.10926817092107632, -0.6045978243353571, -0.9708251404200121, 0.2591986291155992, 0.8623515861000914, -0.27165715476287144, 0.6418493557069966, -0.3815126213897495, -0.43588558017575185, 0.2621618345591563, 0.3273105476993935, 0.4303250347025307, -0.40358808444722905, 0.10072069696094876, 0.7780005272463363, -0.7021340586730326, -0.05921767277491005, 0.9055566419983367, 1, -0.45507136767716067, -0.9636872811440274, -0.4341528800405734, -0.8577513843668044, -0.49063667606364514, -0.5357634029584669, 0.9011963846959121, 1, 0.9809709663333159, 0.6074291374645193, 0.4784974077010665, -0.27632265568582803, 0.8259089775005041, 0.18245586806719422, 0.5435976031753462, -0.786368491418648, 0.5185968205779781, 0.2180226652561227, 0.853040765495793, -0.46884499452207956, 0.2691404549485306, 1, -0.7329619245236536, 0.5489667236659292, 0.07397048208532044, -0.4682184310264036, -0.07604526526338817, 0.16864389415248426, -0.2727839391323165, 0.7720686588064349, 0.43545184552022875, 0.5594663402125732, -0.7443896621503915, 1, 0.027386600820905126, 0.1619998084855287, -0.35329039808499796, 0.24186670994787285, -0.37726257446386874, -0.06222125207138984, 0.20522457311259687, 0.40217069660444316, 0.8959963057538995, 0.04450625428194743, -0.2961664446893675, 0.18282469787480848, 0.9048641865545891, -0.5272534039172533]
-66.84903717041016	(8, 12, 2)	[-0.27549128296523184, 0.33070189938174754, 0.816384038175281, -0.060763292739229625, -1, -0.14939328431868718, -0.3869345647525041, 0.5533207292195608, 0.5511705718368173, 0.5068495736214342, 0.1745066981896113, 0.5005313840148853, -0.8436198251934117, 0.8165032389701464, 0.2067606478482268, -0.89234555553432, 0.3046732769969134, -0.2662965563956641, -0.6617191883303549, -0.3274728079370714, -0.5297348343101248, 1, -0.6991732848836638, -0.3734145505978541, 0.6838950124089274, 0.5515001738832621, -0.10053850901665472, 0.6514691282103188, -0.56192504737039, -0.83792377549163, -0.14804440544953384, -0.005752447665374971, -0.5124906026030429, -0.34960256559165753, 0.08345894744951773, -0.14615612474470138, 0.44654274915624514, 0.2951149912196004, 0.7370563916678735, -0.34223203517264555, 0.1460385105529148, 0.2598316221864774, 0.427297436765724, -1, 0.6504165372249389, 0.66313557911968, 0.7365350017919607, 0.20547971303931048, 0.6145202131654872, 1, 0.9950475452897551, -0.606866577747312, -0.8380136094712218, -0.5973505848739987, -1, 0.7300976988121487, -0.81545179527497, -0.571647607852213, -0.5555391443256139, -0.9409865302493046, -0.8925797765601291, -0.8291981298408053, -1, 0.17258463768997892, -0.84674616110722, -0.18380647503394035, 0.993000471913434, -0.6764192402278935, -0.3373420258281319, -0.2521936252988638, 0.32491328504875205, -0.3910465046849818, 0.25855654674648143, 0.32932428095961125, -0.7753744187545915, 0.29170278353339607, 0.6534670799417849, -0.7301568764210744, 0.17347196092247044, 0.424529826890656, -1, -0.7039912432792097, 0.2990899234608446, 0.40153054970159396, 0.6862800366745401, 0.523004869796469, 0.10163318179822767, 0.16160927714125947, 0.3940030036368305, -0.23222793816847043, -0.2925969931253427, 0.7944547385060946, -0.4587774200717813, 0.39813251051759657, -0.5720658609455631, -0.011763826393799037, -0.1329277939581559, 0.7548588679246966, -0.43707006455814623, 0.5989453666665001, -0.9899487601181023, -0.3010656672944078, -0.2504583440140822, 0.31580711664259364, 1, -1, 0.4553238935941046, -0.29648070163312046, -0.6903548608781545, -0.7883824042803393, 0.7243770639105982, 0.2288966285257784, 0.39481548181424064, -0.7806552649307612, -0.887381558176666, -0.3722951433498142, -0.2961664446893675, 0.40867882829783087, -0.7126723991423487, -0.29350303145554535]
-52.15671920776367	(8, 12, 2)	[0.09336857103914187, 0.25767959781220495, -0.582363781694722, 0.6293395738551473, 0.25253199513822233, -0.3814433392078229, -0.5101487014545709, 0.2639385685908304, 0.4522362039477561, 0.2655682038536971, -0.6967279767513681, 0.18722358292061614, 0.5721172370680802, 0.9339395524811298, -0.7826135757385195, -0.07613019001191083, 0.2483085807487232, -0.5338798852897613, -0.09303223087807053, -0.3392590489600738, -0.31383997986218704, -0.5348729184823487, -0.9016974697411178, -0.3734145505978541, 0.5477971990068771, -0.20817799047279678, 0.7804151700319439, 0.6514691282103188, -0.7998324435709818, -0.83792377549163, -0.010174675809638767, 0.28629694621750823, -0.4003045518970415, -0.34960256559165753, -0.10006109661063763, 0.5985411668055668, 0.11603345488361422, 0.6829791763298306, 1, -0.026351717046877665, -0.3902786920044658, -0.4215060760397155, -0.4649871055109073, -0.3121749220897037, 0.5259152808838303, 0.1895565371884227, 1, -0.9311664864516402, 0.7899470831124423, 0.3845782067504101, 0.6412469829285653, 0.8216399506415253, -0.5554353819385162, -0.013175947867739221, -0.6064403736096431, 0.5366368516556401, 0.18186096790201978, -0.1251353321942017, -0.6821249750915064, -0.18066219915576903, 0.2394437305114631, -1, -0.5320398885212049, 0.20392886202347751, -1, -0.2497563660589321, 0.993000471913434, 0.9050943732104844, -0.6741109015854562, -0.9217230113544788, -0.22419310039894522, 0.7776162369588668, -0.8064092620073342, -0.9636872811440274, -0.3825203383433385, -0.8682665463563262, 1, 0.02932578547055331, 0.03392237313255755, 0.42352524867893326, -0.5414409508613567, 0.7389478073120692, 0.4648287043711763, -0.27632265568582803, 1, -0.04724957384377282, 0.5031866640259377, -0.8218919770068901, 0.6882212783880771, -0.16152224298278814, -0.9408383168310364, 0.912178921785188, 0.6403190639279541, 0.39813251051759657, -0.5720658609455631, -0.6541968056565962, -0.44686896573733237, 0.8944132103200282, -0.23250337863203482, 0.2586059243946688, -0.36560329946851416, 0.021050104501324194, 0.31639513227046634, 0.7130635849059219, 0.9525699871827036, 0.5512542570765173, 0.07570320667714836, -0.12282407836211581, 0.40008272405433026, 0.621679818193653, -0.5652664877871757, 0.7930669972125928, -0.8567129429195568, 0.8482664224957882, 0.5596013883305564, 0.5422360523227637, 0.4361754762394234, -0.28082170962340935, -1, -0.36329825861676057]
-54.629615783691406	(8, 12, 2)	[-0.27549128296523184, 0.3976979826914097, 0.6369068605499998, 1, -0.8245906629937981, -0.5560577574120361, 0.7067375621898369, 0.4453233519743855, 0.5076664264080843, -0.3137187410339045, -0.7468105717878899, 0.10038685974410153, 0.9140986294755982, 0.7671821867597521, -0.8022417313836744, -0.07613019001191083, -0.13004462977558598, -0.6903238811649376, -0.09303223087807053, -0.3392590489600738, 0.13727615477366772, -0.3448372691600338, -0.9016974697411178, -0.3734145505978541, 0.5477971990068771, 0.10383643227029271, 0.2503057236472348, -0.6361871660881153, -0.3936306913522246, 0.30620467194703005, 0.6677282395646351, 0.28629694621750823, -0.2611558754472427, -0.34960256559165753, -0.04828039401706086, 0.5985411668055668, -0.2781368982974161, 0.6829791763298306, 1, -0.026351717046877665, -0.26105522625294436, -0.5025714607236349, 0.3120266657994241, -0.6551477199768811, -0.798463592665984, 0.5051285915538647, 0.3901146995801141, 0.9628952224347531, 1, -0.17061740737484787, -0.30490430951684455, 0.7866231153651726, -0.4080581988881633, 0.5615636785720617, -0.39350235794005584, 0.5953374189719743, -0.520333659435702, -0.7868781639504279, -0.23937702954324203, -0.3910220437681898, 0.09308428132624624, 0.7569730507548262, -0.5520942432705389, -0.6457065990399198, -0.6581703913114916, -0.6530794176497443, 0.11057604912147385, 0.1860089979484462, -0.49462085814892737, 0.8315068281923252, 0.7548469506894813, -0.15626730515646925, -0.738628276665639, -0.1976020512093632, -0.4341528800405734, -0.5284549926142486, -0.24317254208843353, -0.4755954327738491, 0.7277492550051493, -0.8639767096857437, -0.45324047280178803, -0.16096016433240729, 0.5226808535539845, -0.43177785354344267, -1, 0.13687102429168907, 0.18685694213893778, 0.3072183630863643, 0.3089976104132368, 0.1575734865130214, -0.3173893338432451, 0.3550044965798823, 0.8307115051808178, 0.5526530780812363, -0.23924171895418755, -0.2300215429578314, 0.9758597323832955, -0.5937104432259627, 0.3214558547924526, 0.3009720712816204, 0.30511079350103887, -1, 0.29810751156929305, 0.40462088133520924, -0.34473421077952504, 0.30732040433258867, -0.5757699197092354, -0.8420268684291924, 0.9922515612163811, 1, 0.18671347586485582, -0.18353661157045278, -0.4301351089762209, -0.3515075811513518, 0.2604493627859761, 0.10727694876169164, 0.4361754762394234, 0.40867882829783087, -1, -0.4102481033702957]
-61.02374267578125	(8, 12, 2)	[0.7735325688835796, -0.27790267524848566, -0.6633104465976276, 0.6293395738551473, -0.06191350938768293, -0.35787021600592295, -0.5101487014545709, 0.2639385685908304, -0.08014679997384999, 0.2655682038536971, -0.49251538846399456, 1, -0.8980454039249415, -0.8394534559303302, -0.7527095124433245, -0.8292107927723256, -0.6810607948817429, -0.23149531178111848, 0.9353618104806851, -0.49021195203383616, 0.691370952319775, 0.5462178673286409, 0.6447014157359516, -0.33865613297534003, -0.22832038361467902, -0.03924179051741805, 0.5576337761948009, -0.06770226279513694, -0.8963752996291019, -0.8284247244020151, -0.04190975832662927, -0.3338962364142383, -0.39642109073725307, 0.04900797878701381, -0.2907332699379359, 0.9577493452359951, 0.6335789817410028, -1, -0.7628684240384564, -0.9353221024438025, -0.35184533237930066, -0.35098114209814946, -0.4649871055109073, -0.6201204736224502, 0.5259152808838303, 0.2729002354028377, 0.7414621041513574, -0.9249541238048365, 0.538809664702683, 0.3845782067504101, 0.25800463547987196, 1, -0.46680244491188294, -0.10926817092107632, -0.6045978243353571, -0.9708251404200121, 0.2591986291155992, 0.8623515861000914, -0.27165715476287144, 0.6418493557069966, -0.3815126213897495, -0.43588558017575185, 0.1669930732281928, 0.3273105476993935, 0.4303250347025307, -0.40358808444722905, 0.10072069696094876, 0.7580945123815555, -0.24675211661530255, -0.05921767277491005, 0.9055566419983367, 0.8266460486306404, -0.5526646024381816, -0.9636872811440274, -0.4341528800405734, -0.8725301252234643, -0.49063667606364514, -0.5357634029584669, 0.7834321400912952, 1, 1, 0.390432827013911, 0.4648287043711763, -0.27632265568582803, 0.8259089775005041, 0.4262184362751775, 0.5435976031753462, -0.786368491418648, 0.5185968205779781, 0.07746355297582824, 0.853040765495793, -0.5331801508858363, -0.5114254134353569, 0.694534367017843, -0.2702309354732828, -0.2300215429578314, 1, -0.6246848285516058, 0.3657558209675046, 0.12329844113406452, -0.7024270292214626, -0.18382587375490148, -0.620760158579158, 0.04270831061879132, -0.7544500809288316, -0.35254647495468294, 0.6113886354376443, 0.8348589841180493, -0.5783126769111726, -0.2683883440698309, -0.4199984438846085, -0.7478684973921919, 0.42029069808165165, -0.5972750552568808, 0.9485415905864811, 0.5422360523227637, 1, 0.6241255550791281, 0.9048641865545891, -0.5272534039172533]
-53.85025405883789	(8, 12, 2)	[0.09336857103914187, -0.27790267524848566, -0.582363781694722, 0.6293395738551473, 0.25253199513822233, -0.35787021600592295, -0.5101487014545709, 0.2639385685908304, 0.06117783340405735, 0.2655682038536971, -0.49251538846399456, 1, -0.8980454039249415, -0.9160433599469803, -0.7085522086655095, -0.8292107927723256, -0.5922586125273, 0.24448478164057114, 0.40786306924139826, -0.49021195203383616, 0.691370952319775, 0.5462178673286409, 0.57697724834274, -0.33865613297534003, -0.22841520618722833, -0.38586468171839533, 0.5576337761948009, -0.06770226279513694, -0.8963752996291019, -0.8284247244020151, -0.2694878728153458, -0.3338962364142383, -0.39642109073725307, 0.04900797878701381, -0.2907332699379359, 0.9577493452359951, 0.755766762342445, -1, -0.6424153161675693, -0.9084835057170018, -0.35184533237930066, -0.4215060760397155, -0.4649871055109073, -0.6201204736224502, 0.5259152808838303, 0.2729002354028377, 1, -0.9311664864516402, 0.8672096040568702, 0.5073481348273061, 0.25800463547987196, 0.7868681676804634, -0.7911980742244621, -0.10926817092107632, -0.6045978243353571, -0.9659838280339228, 0.2591986291155992, 0.8623515861000914, -0.210938407616316, 0.36268108567919205, -0.5353833230955704, -0.4175303714427334, 0.5781291990386768, 0.2892732838910578, 0.19115776102101525, -0.40358808444722905, 0.1269320438278627, 0.7078954556990981, 0.7855478696055271, 0.42547707620998, -0.454297590607253, -0.4931566237541943, 0.6753561639291009, -0.38599552633776807, -0.32440553343164513, 0.3532820812229416, 0.9898227746127793, -0.29356176279900476, 0.36614229949792704, -0.2898583546626714, -0.9207233038678537, 0.6074291374645193, 0.4784974077010665, -0.27632265568582803, 0.5961581923847041, 0.18245586806719422, 0.5435976031753462, -0.786368491418648, 0.5185968205779781, -0.23222793816847043, -0.2925969931253427, 0.7944547385060946, -0.4587774200717813, 0.39813251051759657, -0.5720658609455631, -0.011763826393799037, -0.1329277939581559, 0.7548588679246966, -0.43707006455814623, 0.5989453666665001, -0.9899487601181023, -0.3010656672944078, -0.2504583440140822, 0.31580711664259364, -0.9048025912520686, 0.5621771997439788, 0.027386600820905126, 0.29598297006556296, -0.35329039808499796, 0.24186670994787285, -0.37726257446386874, -0.06222125207138984, 0.20522457311259687, 0.40217069660444316, 0.8959963057538995, 0.04450625428194743, -0.2961664446893675, 0.2348579910772929, 0.9048641865545891, -0.5272534039172533]
-49.21300506591797	(8, 12, 2)	[0.09336857103914187, -0.27790267524848566, -0.582363781694722, 0.6293395738551473, 0.25253199513822233, -0.35787021600592295, -0.5101487014545709, 0.2639385685908304, 0.06117783340405735, 0.2655682038536971, -0.49251538846399456, 1, -0.8980454039249415, -0.9160433599469803, -0.7085522086655095, -0.8292107927723256, -0.5922586125273, 0.24448478164057114, 0.40786306924139826, -0.49021195203383616, 0.691370952319775, 0.5462178673286409, 0.57697724834274, -0.33865613297534003, -0.22841520618722833, -0.38586468171839533, 0.5576337761948009, -0.06770226279513694, -0.8963752996291019, -0.8284247244020151, -0.2694878728153458, -0.3338962364142383, -0.39642109073725307, 0.04900797878701381, -0.2907332699379359, 0.9577493452359951, 0.755766762342445, -1, -0.6424153161675693, -0.9084835057170018, -0.35184533237930066, -0.4215060760397155, -0.4649871055109073, -0.6201204736224502, 0.5259152808838303, 0.2729002354028377, 1, -0.9311664864516402, 0.8672096040568702, 0.5073481348273061, 0.25800463547987196, 0.7868681676804634, -0.7911980742244621, -0.10926817092107632, -0.6045978243353571, -0.9659838280339228, 0.2591986291155992, 0.8623515861000914, -0.210938407616316, 0.36268108567919205, -0.5353833230955704, -0.4175303714427334, 0.5781291990386768, 0.2892732838910578, 0.19115776102101525, -0.40358808444722905, 0.1269320438278627, 0.7078954556990981, 0.7855478696055271, 0.42547707620998, -0.454297590607253, -0.4931566237541943, 0.6753561639291009, -0.38599552633776807, -0.32440553343164513, 0.3532820812229416, 0.9898227746127793, -0.29356176279900476, 0.36614229949792704, -0.2898583546626714, -0.9207233038678537, 0.6074291374645193, 0.4784974077010665, -0.27632265568582803, 0.5961581923847041, 0.18245586806719422, 0.5435976031753462, -0.786368491418648, 0.5185968205779781, -0.23222793816847043, -0.2925969931253427, 0.7944547385060946, -0.4587774200717813, 0.39813251051759657, -0.5720658609455631, -0.011763826393799037, -0.1329277939581559, 0.7548588679246966, -0.43707006455814623, 0.5989453666665001, -0.9899487601181023, -0.3010656672944078, -0.2504583440140822, 0.31580711664259364, -0.9048025912520686, 0.5621771997439788, 0.027386600820905126, 0.29598297006556296, -0.35329039808499796, 0.24186670994787285, -0.37726257446386874, -0.06222125207138984, 0.20522457311259687, 0.40217069660444316, 0.8959963057538995, 0.04450625428194743, -0.2961664446893675, 0.2348579910772929, 0.9048641865545891, -0.5272534039172533]
-60.72124481201172	(8, 12, 2)	[-0.13172310934105969, 0.5857060757131425, -0.11488115269349927, 0.7498936990370069, 0.3528107258515142, 0.318694228243837, -0.52012057384675, -0.10042402744850798, 0.3755979356302426, -0.5251827644486274, -0.9510288885186506, 0.09654794308705811, 0.38119201621875864, 0.9339395524811298, -0.5741718780179941, -0.0704258372298241, 0.1736665454662797, -0.38816422502709774, -0.03963632389435698, -0.4503128896982711, -0.8638843560387879, -0.4224011777679433, -1, -0.7882589804221285, 0.5977628566244307, 0.5515001738832621, 0.1116651699000396, -0.19776392531653975, -0.9147053251171229, 0.4632966119242057, 0.9639261020251559, -0.42940069782340995, 0.38460262348845436, 0.011629218527037966, -0.9272292128870402, -0.4026582616796821, 0.8451289130304903, 0.06554674007100664, 0.9348047560736968, -0.34167790530329745, -0.517051250915419, -0.934906995228881, 0.7119302247082081, -0.9615277715001735, 0.32022465380609483, -0.9465495365533771, 0.3242224568455606, -0.6963116510783812, -0.1513949952488256, -1, -0.4973072959228687, 0.7866231153651726, -0.3276401739597738, 0.5615636785720617, -0.3007586450524762, 0.13039312849052775, -0.5707057922782958, -0.4032741746810505, -0.6523140420369822, 0.4845558484734319, 0.6991989356455619, 0.2768900176582998, -0.015185990537863847, -0.28785447592300667, -0.8901108058415528, -0.7010094107931958, 0.11192292385400071, 0.8783035393587102, -0.6630211825857937, -1, 0.2019155533621846, 0.8085108717837657, -0.45507136767716067, -0.9636872811440274, -0.6172652105778172, -0.5459089086803985, -0.49937978051535414, -0.5357634029584669, 0.886217268781508, 1, 0.9366604242635316, 0.6074291374645193, 0.4648287043711763, -0.07319650113337375, 0.5332421672156628, 0.18245586806719422, 0.5031866640259377, -0.5843533472108796, 0.5185968205779781, -0.20691694373065736, 0.853040765495793, -0.4178370691597235, 0.24304592494249838, 1, -0.7213958864318302, 0.33807855333801673, 0.07397048208532044, -0.24179428047305726, -0.05203865327368089, 0.16864389415248426, -0.1966076132971724, 0.7720686588064349, 0.43545184552022875, 0.5594663402125732, -0.7443896621503915, -0.3020169572809653, 0.8568227148627185, 0.6248882777023204, -0.6494820365434185, -0.2683883440698309, -0.6011304453798538, -0.7478684973921919, 0.42029069808165165, -0.5739324627878979, 0.9485415905864811, 0.16756949361811319, -0.4064970555907992, 0.6399142592468656, 0.8043620337428312, -0.2771417896458387]
-32.94749450683594	(8, 12, 2)	[0.7010583876659129, -1, 0.8169229982294441, -1, -0.8245906629937981, -0.5629812117561017, 0.7067375621898369, 0.08618110595202833, -0.7464132650032105, 0.5435047935439683, 0.5669063014961468, 0.7255638318216464, -0.2723751444159818, -1, 0.30473222645980247, 0.8758881780195642, -0.033010901979614427, 0.47467246612456027, -0.28365481576251184, 0.04133225068747193, -0.17449827209966284, 0.6766202429885413, -0.5386303832210982, 0.665590164730318, 0.5477971990068771, 0.10383643227029271, -0.2163370510556703, 0.9004813036176655, 0.29704646639712096, 0.377582399614417, 0.2122780874692063, 0.3775668324917817, 0.49052320738222555, -0.1955245364385372, 0.11045582894150131, -0.14615612474470138, 0.5203962504196438, 0.2951149912196004, 0.7370563916678735, -0.319773053985403, 0.1460385105529148, 0.32930749812503546, 0.427297436765724, -0.9189157017641417, 0.8112056474004063, 0.66313557911968, 0.7365350017919607, 0.20547971303931048, 0.5096379091353924, 1, 0.9950475452897551, -0.606866577747312, -0.8380136094712218, -0.5973505848739987, -1, 0.7335505641627647, -0.81545179527497, -0.571647607852213, -0.5555391443256139, -0.9409865302493046, -0.8925797765601291, -0.8291981298408053, -1, 0.17258463768997892, -0.84674616110722, -0.18380647503394035, 0.993000471913434, -0.6764192402278935, -0.3373420258281319, -0.2521936252988638, 0.32491328504875205, -0.33659267293830636, 0.3875407506134134, 0.32932428095961125, -0.7753744187545915, 0.49962956096834255, 0.6534670799417849, -0.4203400780112893, 0.5648042225472696, 0.401518990287397, 0.9042133633253373, -0.1403937970034963, -0.30116728154119743, -0.27632265568582803, 0.8259089775005041, 0.18245586806719422, -0.4335088349536209, 1, -0.4588658652122055, 0.11672659275188213, -0.9408383168310364, 1, 0.07505931065582758, 0.39813251051759657, -0.241379742597731, -0.6517086902388611, -0.26067757929266094, 0.49681355945181177, -0.43707006455814623, 0.10106351983433418, -0.24232568641292024, 0.7720686588064349, 0.44236144187935794, 0.5594663402125732, -0.7443896621503915, 1, 0.08529030920813119, 0.1619998084855287, -0.3250502261970412, 0.24186670994787285, 0.6006625760533348, 0.7930669972125928, -1, 0.5309528110733615, 0.3579423017520961, -0.05266815694223502, 0.9564892338072947, 0.16738424773024396, -0.36319841571907596, 0.2579209705060099]
462.9504089355469	(8, 12, 2)	[0.7010583876659129, -1, 0.8169229982294441, -1, -0.8245906629937981, -0.5629812117561017, 0.7067375621898369, 0.08618110595202833, -0.7464132650032105, 0.5435047935439683, 0.5669063014961468, 0.7255638318216464, -0.2723751444159818, -1, 0.30473222645980247, 0.8758881780195642, -0.033010901979614427, 0.47467246612456027, -0.28365481576251184, 0.04133225068747193, -0.17449827209966284, 0.6766202429885413, -0.5386303832210982, 0.665590164730318, 0.5477971990068771, 0.10383643227029271, -0.2163370510556703, 0.9004813036176655, 0.29704646639712096, 0.377582399614417, 0.2122780874692063, 0.3775668324917817, 0.49052320738222555, -0.1955245364385372, 0.11045582894150131, -0.14615612474470138, 0.5203962504196438, 0.2951149912196004, 0.7370563916678735, -0.319773053985403, 0.1460385105529148, 0.32930749812503546, 0.427297436765724, -0.9189157017641417, 0.8112056474004063, 0.66313557911968, 0.7365350017919607, 0.20547971303931048, 0.5096379091353924, 1, 0.9950475452897551, -0.606866577747312, -0.8380136094712218, -0.5973505848739987, -1, 0.7335505641627647, -0.81545179527497, -0.571647607852213, -0.5555391443256139, -0.9409865302493046, -0.8925797765601291, -0.8291981298408053, -1, 0.17258463768997892, -0.84674616110722, -0.18380647503394035, 0.993000471913434, -0.6764192402278935, -0.3373420258281319, -0.2521936252988638, 0.32491328504875205, -0.33659267293830636, 0.3875407506134134, 0.32932428095961125, -0.7753744187545915, 0.49962956096834255, 0.6534670799417849, -0.4203400780112893, 0.5648042225472696, 0.401518990287397, 0.9042133633253373, -0.1403937970034963, -0.30116728154119743, -0.27632265568582803, 0.8259089775005041, 0.18245586806719422, -0.4335088349536209, 1, -0.4588658652122055, 0.11672659275188213, -0.9408383168310364, 1, 0.07505931065582758, 0.39813251051759657, -0.241379742597731, -0.6517086902388611, -0.26067757929266094, 0.49681355945181177, -0.43707006455814623, 0.10106351983433418, -0.24232568641292024, 0.7720686588064349, 0.44236144187935794, 0.5594663402125732, -0.7443896621503915, 1, 0.08529030920813119, 0.1619998084855287, -0.3250502261970412, 0.24186670994787285, 0.6006625760533348, 0.7930669972125928, -1, 0.5309528110733615, 0.3579423017520961, -0.05266815694223502, 0.9564892338072947, 0.16738424773024396, -0.36319841571907596, 0.2579209705060099]
-28.99501609802246	(8, 12, 2)	[0.7010583876659129, -1, 0.8169229982294441, -1, -0.8245906629937981, -0.5629812117561017, 0.6383756149083388, 0.08618110595202833, -0.6714750547036815, 0.5435047935439683, 0.5669063014961468, 0.7255638318216464, -0.2723751444159818, -1, 0.30473222645980247, 0.8758881780195642, -0.033010901979614427, 0.47467246612456027, -0.28365481576251184, 0.04133225068747193, -0.17449827209966284, 0.6766202429885413, -0.5386303832210982, 0.665590164730318, 0.5477971990068771, 0.10383643227029271, -0.2163370510556703, 0.9004813036176655, 0.29704646639712096, 0.377582399614417, 0.2122780874692063, 0.3775668324917817, 0.49052320738222555, -0.1955245364385372, 0.11045582894150131, -0.14615612474470138, 0.5203962504196438, 0.2951149912196004, 0.7370563916678735, -0.319773053985403, 0.1460385105529148, 0.32930749812503546, 0.427297436765724, -0.9189157017641417, 0.8286234295825783, 0.66313557911968, 0.7365350017919607, 0.20547971303931048, 0.09282925665588226, 0.9898420641768998, 0.9950475452897551, -0.606866577747312, -0.8380136094712218, -0.5973505848739987, -1, 0.7335505641627647, -0.81545179527497, -0.571647607852213, -0.5555391443256139, -0.9409865302493046, -0.8925797765601291, -0.8291981298408053, -1, 0.11469400418728416, -0.84674616110722, -0.1541469847314914, 0.993000471913434, 0.44594249743263337, 0.7098647145333213, 0.42547707620998, -0.454297590607253, -0.4931566237541943, 0.6454706924174691, -0.06807377616454545, 0.57227321825093, 0.36647172634235836, 0.1835919723381787, 0.17013076298115842, -0.004231400353100323, -0.130999455717323, -0.2443316884835956, 0.022040801734906024, 0.024186151702638936, 0.5017231795493979, 0.42756985559354327, 0.9268925114641542, -0.3357833478580261, 0.24879329566247108, -1, -0.10865586731197287, -0.7826940673881034, 1, -0.6335336777229617, 0.39813251051759657, -0.913823248706216, 0.6711903372965085, 0.07397048208532044, 0.49681355945181177, -0.2602061647355001, 0.10106351983433418, -0.24232568641292024, 0.7720686588064349, 0.44236144187935794, 0.5594663402125732, -0.7443896621503915, 1, 0.08529030920813119, 0.1619998084855287, -0.3250502261970412, 0.24186670994787285, 0.6006625760533348, 0.7930669972125928, -1, 0.5309528110733615, 0.3579423017520961, -0.05266815694223502, 0.9564892338072947, 0.16738424773024396, -0.36319841571907596, 0.2579209705060099]
-28.951583862304688	(8, 12, 2)	[0.7010583876659129, -1, 0.8169229982294441, -1, -0.8245906629937981, -0.5629812117561017, 0.6383756149083388, 0.08618110595202833, -0.6714750547036815, 0.5435047935439683, 0.5669063014961468, 0.7255638318216464, -0.2723751444159818, -1, 0.30473222645980247, 0.8758881780195642, -0.033010901979614427, 0.47467246612456027, -0.28365481576251184, 0.04133225068747193, -0.17449827209966284, 0.6766202429885413, -0.5386303832210982, 0.665590164730318, 0.5477971990068771, 0.10383643227029271, -0.2163370510556703, 0.9004813036176655, 0.29704646639712096, 0.377582399614417, 0.2122780874692063, 0.3775668324917817, 0.49052320738222555, -0.1955245364385372, 0.11045582894150131, -0.14615612474470138, 0.5203962504196438, 0.2951149912196004, 0.7370563916678735, -0.319773053985403, 0.1460385105529148, 0.32930749812503546, 0.427297436765724, -0.9189157017641417, 0.8286234295825783, 0.66313557911968, 0.7365350017919607, 0.20547971303931048, 0.09282925665588226, 0.9898420641768998, 0.9950475452897551, -0.606866577747312, -0.8380136094712218, -0.5973505848739987, -1, 0.7335505641627647, -0.81545179527497, -0.571647607852213, -0.5555391443256139, -0.9409865302493046, -0.8925797765601291, -0.8291981298408053, -1, 0.11469400418728416, -0.84674616110722, -0.1541469847314914, 0.993000471913434, 0.44594249743263337, 0.7098647145333213, 0.42547707620998, -0.454297590607253, -0.4931566237541943, 0.6454706924174691, -0.06807377616454545, 0.57227321825093, 0.36647172634235836, 0.1835919723381787, 0.17013076298115842, -0.004231400353100323, -0.130999455717323, -0.2443316884835956, 0.022040801734906024, 0.024186151702638936, 0.5017231795493979, 0.42756985559354327, 0.9268925114641542, -0.3357833478580261, 0.24879329566247108, -1, -0.10865586731197287, -0.7826940673881034, 1, -0.6335336777229617, 0.39813251051759657, -0.913823248706216, 0.6711903372965085, 0.07397048208532044, 0.49681355945181177, -0.2602061647355001, 0.10106351983433418, -0.24232568641292024, 0.7720686588064349, 0.44236144187935794, 0.5594663402125732, -0.7443896621503915, 1, 0.08529030920813119, 0.1619998084855287, -0.3250502261970412, 0.24186670994787285, 0.6006625760533348, 0.7930669972125928, -1, 0.5309528110733615, 0.3579423017520961, -0.05266815694223502, 0.9564892338072947, 0.16738424773024396, -0.36319841571907596, 0.2579209705060099]
480.03472900390625	(8, 12, 2)	[0.7010583876659129, -1, 0.8169229982294441, -1, -0.8245906629937981, -0.5629812117561017, 0.6383756149083388, 0.08618110595202833, -0.6714750547036815, 0.5435047935439683, 0.5669063014961468, 0.7255638318216464, -0.2723751444159818, -1, 0.30473222645980247, 0.8758881780195642, -0.033010901979614427, 0.47467246612456027, -0.28365481576251184, 0.04133225068747193, -0.17449827209966284, 0.6766202429885413, -0.5386303832210982, 0.665590164730318, 0.5477971990068771, 0.10383643227029271, -0.2163370510556703, 0.9004813036176655, 0.29704646639712096, 0.377582399614417, 0.2122780874692063, 0.3775668324917817, 0.49052320738222555, -0.1955245364385372, 0.11045582894150131, -0.14615612474470138, 0.5203962504196438, 0.2951149912196004, 0.7370563916678735, -0.319773053985403, 0.1460385105529148, 0.32930749812503546, 0.427297436765724, -0.9189157017641417, 0.8286234295825783, 0.66313557911968, 0.7365350017919607, 0.20547971303931048, 0.09282925665588226, 0.9898420641768998, 0.9950475452897551, -0.606866577747312, -0.8380136094712218, -0.5973505848739987, -1, 0.7335505641627647, -0.81545179527497, -0.571647607852213, -0.5555391443256139, -0.9409865302493046, -0.8925797765601291, -0.8291981298408053, -1, 0.11469400418728416, -0.84674616110722, -0.1541469847314914, 0.993000471913434, 0.44594249743263337, 0.7098647145333213, 0.42547707620998, -0.454297590607253, -0.4931566237541943, 0.6454706924174691, -0.06807377616454545, 0.57227321825093, 0.36647172634235836, 0.1835919723381787, 0.17013076298115842, -0.004231400353100323, -0.130999455717323, -0.2443316884835956, 0.022040801734906024, 0.024186151702638936, 0.5017231795493979, 0.42756985559354327, 0.9268925114641542, -0.3357833478580261, 0.24879329566247108, -1, -0.10865586731197287, -0.7826940673881034, 1, -0.6335336777229617, 0.39813251051759657, -0.913823248706216, 0.6711903372965085, 0.07397048208532044, 0.49681355945181177, -0.2602061647355001, 0.10106351983433418, -0.24232568641292024, 0.7720686588064349, 0.44236144187935794, 0.5594663402125732, -0.7443896621503915, 1, 0.08529030920813119, 0.1619998084855287, -0.3250502261970412, 0.24186670994787285, 0.6006625760533348, 0.7930669972125928, -1, 0.5309528110733615, 0.3579423017520961, -0.05266815694223502, 0.9564892338072947, 0.16738424773024396, -0.36319841571907596, 0.2579209705060099]
-40.87919616699219	(8, 12, 2)	[0.7010583876659129, -1, 0.8169229982294441, -1, -0.8245906629937981, -0.5629812117561017, 0.6383756149083388, 0.08618110595202833, -0.679037813602948, 0.5435047935439683, 0.5669063014961468, 0.7255638318216464, -0.2723751444159818, -1, 0.30473222645980247, 0.8758881780195642, -0.033010901979614427, 0.47467246612456027, -0.28365481576251184, 0.04133225068747193, -0.17449827209966284, 0.6766202429885413, -0.5386303832210982, 0.681804398349557, 0.6997521783941029, 0.10383643227029271, -0.2163370510556703, 0.9004813036176655, 0.29704646639712096, 0.377582399614417, 0.2122780874692063, 0.3775668324917817, 0.49052320738222555, -0.1955245364385372, 0.11045582894150131, -0.14615612474470138, 0.5203962504196438, 0.2951149912196004, 0.7370563916678735, -0.319773053985403, 0.1460385105529148, 0.32930749812503546, 0.427297436765724, -0.9189157017641417, 0.8286234295825783, 0.66313557911968, 0.7365350017919607, 0.20547971303931048, 0.09282925665588226, 0.9898420641768998, 0.9950475452897551, -0.606866577747312, -0.7625541577420891, -0.5973505848739987, -1, 0.7335505641627647, -0.81545179527497, -0.571647607852213, -0.5555391443256139, -1, -0.8925797765601291, -0.8291981298408053, -1, 0.11469400418728416, -0.84674616110722, -0.1541469847314914, 0.993000471913434, 0.44594249743263337, 0.7098647145333213, 0.42547707620998, -0.454297590607253, -0.4931566237541943, 0.6454706924174691, -0.06807377616454545, 0.57227321825093, 0.36647172634235836, 0.04503923827217385, 0.17013076298115842, -0.004231400353100323, -0.130999455717323, -0.2443316884835956, 0.022040801734906024, 0.024186151702638936, 0.5017231795493979, 0.42756985559354327, 0.9268925114641542, -0.3357833478580261, 0.24879329566247108, -1, -0.10865586731197287, -0.6587450088364949, 1, -0.6335336777229617, 0.39813251051759657, -0.913823248706216, 0.6711903372965085, 0.07397048208532044, 0.6268599303712247, -0.2602061647355001, 0.10106351983433418, -0.24232568641292024, 0.7720686588064349, 0.44236144187935794, 0.5594663402125732, -0.7443896621503915, 1, 0.08529030920813119, 0.1619998084855287, -0.3250502261970412, 0.24186670994787285, 0.6006625760533348, 0.7930669972125928, -1, 0.5309528110733615, 0.107690208690717, -0.05266815694223502, 0.9564892338072947, 0.16738424773024396, -0.36319841571907596, 0.2579209705060099]
-29.418716430664062	(8, 12, 2)	[-0.0950527203831032, -0.27790267524848566, -0.7329608080837611, 0.6293395738551473, 0.0365053223999474, -0.3525330482934888, -0.49275277049586386, 0.2639385685908304, 0.06117783340405735, 0.528773796932593, -0.49251538846399456, 0.6784790269324525, -0.8980454039249415, -0.7106776096004732, -0.47331806356716283, -0.9491511665417813, -0.5922586125273, -0.2662965563956641, -0.9791543754075499, -0.7739232679224914, -0.07702755272701045, 0.9624819336454732, -1, 0.8090866393337246, -0.6726293538479449, -0.8659897290862713, -0.01534894482742133, -0.4656872858221224, -0.9176332879969594, 0.5898524440654848, 0.9426134971081914, -0.5680164316298884, 0.4613883037050673, 0.11806766278410136, -0.950712447599917, -0.3242075578576602, 0.24805141236541656, -0.377207872441229, 0.9124454465260688, 0.6600693487011955, -0.6372550275005948, -0.62794598083563, 1, 0.06142861177703288, -0.9825454928760511, 0.7947697259453952, -0.5140764331012077, -0.8154791948934415, 0.3217291234673957, 0.2697732533521963, 0.25800463547987196, 0.6803432048400925, -0.4763896090420189, -0.10926817092107632, -0.47716285664153796, -0.9708251404200121, 0.2591986291155992, 0.8623515861000914, -0.27165715476287144, 0.9552995913378535, -0.3815126213897495, 0.2768900176582998, -0.5561543953354915, -0.29351407824028414, -0.6071358829210903, -0.7044794090879538, 0.11057604912147385, 0.11375609446611032, -0.9642493448454456, -1, 0.2019155533621846, 0.8085108717837657, -0.05444633549077349, -1, -0.5807885361097063, -0.8577513843668044, -0.42937013580024175, -0.7427176170968851, 0.7745042248305645, 1, 0.9652032049854505, 0.6058291019180235, 0.7197918636500311, -0.27632265568582803, 0.6222484337824918, 0.1768387126178127, 0.5435976031753462, -0.786368491418648, 0.5185968205779781, 0.07746355297582824, 0.9728601314628613, 0.9701806860297533, 0.21237541068781152, 0.5933963142344242, 0.5302868302867993, 0.6710642687770227, -1, 0.32104429228342024, 1, 0.3651674103239705, 0.019706134687299315, 0.7720686588064349, 0.21321645716015478, 0.5594663402125732, -0.7443896621503915, 0.496976034329773, -0.060345455563701245, 0.1554849825950452, -0.0519046967333511, 0.1609351646753195, -0.14760940846368492, 0.22155550092545456, 0.20522457311259687, 0.3791211646737736, 0.8898928751506157, 0.5422360523227637, 1, 0.738333117700086, 0.9048641865545891, -0.7559208191533653]
-42.23674774169922	(8, 12, 2)	[-0.4595908957539346, 0.33070189938174754, 1, -0.060763292739229625, -1, -0.14939328431868718, -0.5101487014545709, 0.16578475233241557, 0.06117783340405735, 0.2655682038536971, -0.6599803649196276, 1, -1, -0.6617254039828996, -0.8666621737105589, -1, -0.11006486868566476, -0.23149531178111848, 0.670624327646134, -0.44598987704527476, 0.691370952319775, -0.777558204221547, -0.757934856640987, 0.665590164730318, 0.5769441993915146, -0.45346781969729877, -0.21716047123129925, 0.4222556972367171, -0.8639269868905286, -0.8020898326029631, 0.09464354645192008, -0.03171615696622904, 0.3048407018681058, -0.12930951409087232, 0.6266233281481085, -0.07532307983764808, 0.5098244744777645, 0.536472385941051, 1, -0.8031665354677974, -0.2678199735458474, -0.5025714607236349, 0.44601462100639483, -0.515340104321549, -1, 0.3915335049967541, 1, 0.8240832967312858, 1, 0.2300724166854979, -0.1332926984815142, 0.4673531863114333, -0.4080581988881633, 0.5615636785720617, -0.39350235794005584, -0.0661366705363687, -0.4598740155941124, -0.48520945981398594, -0.4120479506928083, -0.4959235339002208, 0.641166876722782, 0.5978593194161524, -0.010487784665632605, -0.7568346658429228, -0.7833682722304669, -0.6336904664487877, 0.11057604912147385, 0.30980346510630125, -0.881835022123392, 0.8315068281923252, 0.7865179821752093, -0.18338846865718894, -0.7235070215406905, -0.604290768283706, -0.4341528800405734, -0.8577513843668044, -0.1605083368835547, -0.9602595337748422, 0.7834321400912952, 1, 0.9809709663333159, 1, 0.4648287043711763, -0.3474911272289564, -0.8829848612601733, 0.8376009338186471, -0.881527382697789, 0.2553305241790611, 0.3089976104132368, 0.1575734865130214, -0.27227685369285687, -0.6594862889214606, 0.32756012149049385, 1, -0.7455172416928655, 0.5489667236659292, 0.164560509809224, -0.2587475603291455, -0.07604526526338817, -0.03546303783580573, -0.2727839391323165, 0.7720686588064349, 0.322967290604183, 0.5594663402125732, -0.04589715507622369, -0.5174622134135202, 0.8568227148627185, 0.4943955781352811, -0.6494820365434185, -0.4192423050345484, -0.7016858179236061, -0.1229879448311966, 0.8443689356875347, -0.5956512187790346, -1, -0.40008271239985693, -0.2961664446893675, 0.22285333446816272, -0.7126723991423487, -0.2590295729797023]
-44.66154098510742	(8, 12, 2)	[0.19259253649729646, 0.3100955958861087, -0.038296355183803504, 0.6060905880307151, 0.802732507134456, 0.0032894861671031173, -0.6944161089590387, -0.07886808741656248, 0.5076664264080843, -0.42678685145593165, -0.656934246453444, 0.10038685974410153, 0.9140986294755982, 0.9049257552522608, -0.8022417313836744, -0.35872731337043295, -0.11186883711391608, -0.824734597335182, -0.06417794635644683, -0.4374427296849209, -0.2745691228192937, -0.8606614972086284, -0.757934856640987, 0.665590164730318, 0.7556830098839201, -0.45346781969729877, -0.12275886399401595, 0.4222556972367171, -0.9300665888378673, -0.8020898326029631, 0.06145739617526692, -0.03171615696622904, 0.05990776484675139, 0.01530489415680953, 0.6266233281481085, -0.07532307983764808, 0.32077753612114895, 0.8360953083076615, 1, 0.05847279945080193, -0.48186109724481363, -0.995021249322101, -0.4276418867371561, -0.2584550266042736, 0.797001804850257, -0.39695735815267286, 1, -0.718122941229622, 0.7027533318315449, 0.5478039429596417, -0.15268833490421083, 1, -0.7911980742244621, -0.26192909316831453, -0.76931884037865, -0.9708251404200121, 0.5585269958200576, 1, -0.21726033888928303, 0.6418493557069966, -0.5353833230955704, -0.562473422484496, 0.1669930732281928, 0.5001173254207103, -0.84674616110722, 0.010486784111772507, 0.9614005557494254, -0.4749649608928792, -0.8290087403777358, 0.8315068281923252, 0.7115269828078153, -0.17052108356510484, -0.7235070215406905, 0.15292623428475072, -0.4341528800405734, 0.0677325142908996, -0.3418456357702428, -1, 0.5648042225472696, 0.27344132759133155, 0.9042133633253373, -0.1403937970034963, -0.3424762002205711, 0.2661586457873143, 0.1346433956596941, -0.6159177449215822, -0.1907722184166405, 1, -0.4588658652122055, 0.1550923379558451, -0.2925969931253427, 0.937408014127599, -0.435916754351256, -1, -0.9147117882530627, 0.570391369452317, -0.12842340114797893, 0.9882762729209369, 0.6095354731017938, -0.2836357845852769, -0.2207955898567066, -0.7377469778639768, 0.6470771006004887, 0.8142723646977654, 0.3123166018266667, -0.0986526186321109, 0.3138104358957452, 0.2000144570446332, -0.6422314118487391, -0.5909417038132659, 0.13484532394377924, 1, -1, 0.20230922398713347, 0.41402874632532527, 0.30096330216314454, 0.4361754762394234, -0.13342064464230957, -1, -0.3669827462445548]
-55.9410285949707	(8, 12, 2)	[0.19259253649729646, 0.3100955958861087, -0.038296355183803504, 0.6060905880307151, 0.802732507134456, 0.0032894861671031173, -0.6944161089590387, -0.07886808741656248, 0.5076664264080843, -0.42678685145593165, -0.656934246453444, 0.10038685974410153, 0.9140986294755982, 0.9049257552522608, -0.8022417313836744, -0.35872731337043295, -0.11186883711391608, -0.8285074709649919, -0.06417794635644683, -0.4374427296849209, -0.2745691228192937, -0.8606614972086284, -0.757934856640987, 0.665590164730318, 0.7556830098839201, -0.45346781969729877, -0.12275886399401595, 0.4222556972367171, -0.5917937221885146, -0.8020898326029631, 0.06145739617526692, -0.03171615696622904, 0.05990776484675139, -0.1955245364385372, 0.19962260195809925, -0.14615612474470138, 0.5203962504196438, 0.2951149912196004, 0.9448298857968163, -0.28332434498622294, 0.1460385105529148, -0.18888907685552137, 0.6366615750032032, -0.44712791873681607, -0.7887631947055005, 0.4583107415447843, 0.26538805850465297, 0.6257041967857061, 1, 0.3496601683980136, -0.3004240775555394, 0.4673531863114333, -0.21883478840437018, 0.5615636785720617, 0.11836827921600801, 0.007437619299178189, -0.6982370663771751, -0.48520945981398594, -0.4120479506928083, -0.4959235339002208, 0.3466306474302148, 0.5873883279297284, -0.010487784665632605, -0.5833346644476606, -0.8693521246210735, -0.7425218402700677, 0.4785382138276747, 0.2598376807752984, -0.8495969981662408, 0.8513837642257552, 1, 0.6627786111761353, -0.6669981914554347, -0.89236484377976, -0.7753744187545915, 0.14550646366345535, 0.7316312827247616, -0.16861753310891897, 0.5648042225472696, 0.31526166305168435, 0.6186032867359683, -0.27776263093480896, -0.15921481065439935, 0.4956824271872533, -1, -0.44539493472980257, -0.009976944093756768, 1, 0.06923068243983518, -0.6587127113043989, -1, 0.9701806860297533, -0.3370191359863102, 0.7152542798700592, -0.06467751129891491, -0.14275136960478285, -0.36571109023119885, 0.38334401907458976, -0.6051807616127467, 0.4529322174109216, -0.31831841723909426, -0.3846501786087845, 0.8946784231055065, 1, 0.9943768489766167, 0.7730407854825316, 0.5258740370182661, -0.22484441850171627, -0.24029960222994262, -0.7883824042803393, 0.13484532394377924, 1, -1, 0.20230922398713347, 0.41402874632532527, 0.30096330216314454, 0.6416914179594795, -0.13342064464230957, -1, -0.3669827462445548]
-63.5294075012207	(8, 12, 2)	[-0.49745270101438344, 0.5892692924345272, 0.6444226732776799, 0.6060905880307151, 0.8699152633773198, 0.22245476607868386, -0.5708833261880891, 0.20427507418099, 0.4157553360575219, -0.3137187410339045, -0.7727080227940789, 0.1678727272198991, 1, 0.9938808940801848, -0.9093505945040018, -0.07613019001191083, -0.11186883711391608, -1, -0.030131604818277636, -0.4414039041433804, -0.3329466707359371, -0.833225796162126, -0.5365011990875602, 0.665590164730318, 0.3693653517299603, -0.3582298901662699, 0.296181627102806, 0.3277014476732769, -1, -0.08390395635816306, 0.35704993564598275, 0.1924880378083198, 0.22062824988627344, -0.2317619077233595, 0.4930777146314027, -0.0876125360063903, 0.14305154188320177, 0.4514074953696021, -0.8422187811319175, -0.34167790530329745, -0.6376742163157569, -0.49963196432456547, 0.4137855242569352, -0.7941515316909838, 0.2549301905726292, 0.45863571261054176, 0.883747910288377, 0.7277719125358415, 1, 0.02580925666141934, -0.6462001800211645, -0.19073175691960248, -0.29983772406692116, -0.39118969752359106, -0.6064403736096431, 0.5366368516556401, 0.12294383840219655, 0.051461842063734414, -0.8842451989155571, 0.512818951172758, 0.4175808199140188, 0.2768900176582998, 0.226075184892577, -0.2886263160384472, -0.9541269076007313, -0.6207193650579854, 0.11192292385400071, 0.8783035393587102, -0.6630211825857937, -0.9645871812203366, 0.10278258148665464, 0.8085108717837657, -0.18870650212671025, -0.8013747502859788, -0.6172652105778172, -0.8577513843668044, -0.5301455157448649, -1, 0.5648042225472696, 0.25497524334418276, 0.9042133633253373, -0.1403937970034963, -0.30116728154119743, 0.5017231795493979, 0.1346433956596941, -0.6159177449215822, -0.4335088349536209, 1, -0.4588658652122055, 0.11672659275188213, -0.2925969931253427, 0.937408014127599, -0.435916754351256, -1, -0.6126767377680824, 0.570391369452317, -0.12842340114797893, -0.10387422770173721, -0.07604526526338817, -0.03546303783580573, -0.2727839391323165, 0.7720686588064349, 0.322967290604183, 1, 0.8836609560939978, 0.23372443468544563, 0.5258740370182661, 0.8348589841180493, 0.06300049102515229, -0.6130803116276891, 0.13484532394377924, 1, -0.8397954468152603, 0.28005762659028643, 1, 0.4856903542252857, 1, 0.5744537790471317, -0.8159179493135544, -0.49725418569901414]
-40.72513198852539	(8, 12, 2)	[-0.2555381751134973, 0.090739061534202, 0.9605791600765863, 0.7934875459014054, 0.7920941500510765, 0.8224038194603254, -0.145271617257705, 0.20427507418099, 0.9469147368134221, -0.7317543972022208, -1, -0.11786827680564659, 0.16149110601801187, 1, -0.5757472455377071, -0.19622519470182068, 0.012135188558371424, -0.874322881328393, 0.0541882734477758, -0.09663966431426681, 0.12348112691630964, -0.9178221466271043, -0.73568112190127, -0.30977283474117306, 0.5477971990068771, 0.4367998501112693, 0.7503162350294368, -0.19903370381460897, -0.44958763241950256, 0.5898524440654848, 0.9426134971081914, -0.5979397421119447, 0.4613883037050673, 0.2042326665773992, -0.9847150454570738, -0.3242075578576602, 0.24805141236541656, -0.5155080917523952, 0.9668911614304714, 0.6600693487011955, -0.4119178447146699, -0.62794598083563, 1, -0.515340104321549, -0.7974517649121298, 0.26303027472388446, 1, 0.11076412130943286, 1, 0.2300724166854979, -0.3004240775555394, 0.4673531863114333, -0.5328183901726927, 0.47400488570111604, -0.8652619347870653, -0.03603972113437154, -0.520333659435702, -0.3020604168532445, -0.14143423895371846, -0.3585798509496286, 0.10975500275292638, 0.9526364924332571, 0.5924634406728049, -0.7568346658429228, -1, -1, 0.11057604912147385, 0.15575473967837072, -0.5001600586616903, -1, -0.025113348924922868, 0.8085108717837657, -0.45507136767716067, -0.9636872811440274, -0.18752099345309858, 0.21680207288177458, 1, -0.7301568764210744, 0.5585389429434573, 0.6394974391261463, 0.902421029466986, 0.9994635912725753, -0.07616995874811505, -0.29744987470668793, -0.8785265519328885, 0.672207751876545, -0.46266563842389985, 0.34831343660565517, 0.5657493773845641, 0.06520333936860218, 0.3585959377474477, 0.6968194716256323, -0.03854963425675856, 0.4103199217053234, 0.356324293460577, 0.7800337286023751, -0.8070948378993792, 0.3386209247209233, 1, 0.5478839999277241, -0.11791834337401201, 0.7720686588064349, 0.6547093145900843, 0.5913384445883955, -0.39085507125744073, 0.9699949535080202, -0.060345455563701245, 0.1284050713015153, -0.35329039808499796, -0.835699187196164, 0.9618523161942965, 0.971640405977473, 0.7137627721552293, -0.5972750552568808, 0.7404544367945146, 0.08188949832357012, 0.4361754762394234, -0.2989238024933481, -0.8159179493135544, -0.49725418569901414]
-34.70289611816406	(8, 12, 2)	[0.19259253649729646, 0.44235655157761955, -0.10828093922158079, 0.6060905880307151, 0.802732507134456, 0.0032894861671031173, -0.6944161089590387, -0.07886808741656248, 0.5076664264080843, -0.42678685145593165, -0.46005924614676913, 0.10038685974410153, 0.9140986294755982, 1, -0.8022417313836744, -0.35872731337043295, 0.023159621361461824, -0.824734597335182, -0.06417794635644683, -0.4374427296849209, -0.2745691228192937, -0.8606614972086284, -0.757934856640987, 0.665590164730318, 0.7556830098839201, -0.45346781969729877, -0.12275886399401595, 0.4222556972367171, -0.9300665888378673, -0.8020898326029631, 0.06145739617526692, -0.03171615696622904, 0.12822552243083934, 0.01530489415680953, 0.6266233281481085, -0.07532307983764808, 0.5917017076484656, 0.8360953083076615, 0.8800946503499125, 0.05847279945080193, -0.48186109724481363, -0.995021249322101, -0.5684973229370037, -0.3121749220897037, -0.7887631947055005, 1, 0.5899394270924253, 0.8240832967312858, 1, 0.02580925666141934, -0.6462001800211645, 0.3155834116971739, -0.3410647226989268, 0.5615636785720617, -0.5089139191640338, 0.022608991262308586, -0.955449002987052, -0.48520945981398594, -0.6340976190646233, 0.13438641186979194, -0.3815126213897495, 0.2768900176582998, -0.015185990537863847, -0.10223882865680528, -0.8901108058415528, -0.8459233615982779, -0.090842801623924, 0.8783035393587102, -1, -1, 0.2019155533621846, 1, -0.05444633549077349, -1, -0.6475067842724844, -0.8577513843668044, -0.42937013580024175, -0.5357634029584669, 0.7745042248305645, 1, 0.9652032049854505, 0.9415516442996855, 0.5469549840638689, -0.30376336148276123, 0.6834588847809344, 0.1768387126178127, 0.5435976031753462, -0.786368491418648, 0.5185968205779781, -0.1883570555212457, 0.43238180178560365, -0.49400515487071806, -0.38412154922251035, 0.5874994214093516, -0.050752807628833524, -0.2300215429578314, 1, 0.8054001395205892, -0.4587994674396181, 0.1526011204450275, -0.6387696774916778, -0.14461459241463312, 0.9247356674493714, 1, 0.3123166018266667, -0.0986526186321109, 0.3138104358957452, 0.2000144570446332, -0.6422314118487391, -0.5909417038132659, 0.13484532394377924, 1, -1, 0.20230922398713347, 0.41402874632532527, 0.30096330216314454, 0.4361754762394234, -0.19818966038441205, -1, -0.3669827462445548]
-55.5493278503418	(8, 12, 2)	[-0.15126882275924752, 0.7909999084075634, -0.08927669331789773, 0.6853807280039049, 0.4744329006333461, -0.2087038266162474, -0.35349413895953286, 0.1321924423821324, 0.43073044685911616, 0.06519987842753378, -0.5912519113422158, 0.17799732817522573, 0.5324788545043291, 0.33558560228927026, -0.7421336624560362, -0.9491511665417813, -0.6440204803622027, -0.2662965563956641, -0.6570312049177313, -0.6274016202427845, -0.07959600488956331, -0.7967071309063916, -0.6837701819016967, -0.08596194054564493, 0.6414573214177378, 0.13771435658709258, 0.20837556669331744, 0.35317608471991396, -0.924131736209558, -0.68269285112704, -0.3008572729461159, 0.012096584768945434, -0.4021232484133368, -0.01091945984803766, -0.950712447599917, -0.22973972726570469, 0.3769336357744479, -0.07599302776748879, 0.9124454465260688, 0.7010061395666354, -0.4119178447146699, -0.3179053433833061, 0.7340988344344066, 0.15690251837212488, -0.9825454928760511, 0.5605878078553329, -0.5295065391767333, -0.8446808194442172, 0.3217291234673957, 0.2697732533521963, 0.3122624232432657, 0.8216399506415253, -0.4763896090420189, -0.10926817092107632, -0.47716285664153796, -0.9708251404200121, 0.2591986291155992, 1, -0.27165715476287144, 0.6577800818539565, -0.48814114213664983, 0.5873883279297284, 0.05253517405708395, -1, -1, -0.5801054445730964, 0.09669246572442192, 0.5802424255982387, -0.8495969981662408, 0.8791170702990329, 0.6053521197370062, 0.786221928600616, -0.23888761531001618, -1, -0.6172652105778172, -0.9386736092674349, 0.25908282542697075, -0.5357634029584669, 0.38401390709724964, 1, 0.8119613003827355, 0.6074291374645193, 0.4648287043711763, -0.631174461488072, 0.8620843383216183, 0.4481134726905464, 0.3457029463147773, -0.1752892699878084, 0.3940030036368305, 0.17332343733731048, 0.7601281814113243, 0.9701806860297533, 0.2326575254781812, 0.5426918062170362, 0.34700008622007844, 0.7800337286023751, -0.8070948378993792, 0.3386209247209233, 1, 0.3651674103239705, -0.11791834337401201, 0.7720686588064349, 0.43545184552022875, 0.5913384445883955, -0.3716919625130794, 1, 0.4764475609463972, -0.38468636312781157, -0.6635252586160764, 0.34454427602168763, -0.37726257446386874, -0.06222125207138984, 0.4559277512004698, 0.5522294488809997, 0.7024302712717096, 0.11031479993117692, 0.19290563421596268, -0.16727750114263296, -0.9981779369483998, -0.1691312177906852]
-35.56732177734375	(8, 12, 2)	[-0.5230259970553238, 0.3976979826914097, 0.5599345940879529, 0.8515986796338745, -0.8245906629937981, -0.5333549026961472, 1, 0.1032469150851027, -0.10726832281961249, 0.3183679766449282, -0.49251538846399456, 0.7758718437059785, -1, -0.961949460548088, -0.7527095124433245, -0.7869253113156224, -0.8242755841245263, -0.23149531178111848, 0.644541661666703, 0.14317610259741465, 0.586194779848883, 0.5462178673286409, 0.6447014157359516, -0.4287086062376325, -0.4278633548172033, -0.03924179051741805, 0.5225333589250569, -0.06770226279513694, -0.5556852737790877, -0.8284247244020151, -0.2860476602153053, 0.4976049822113041, 0.5240416275930858, -0.1955245364385372, 0.4478117706195627, -0.14615612474470138, 0.8374141804482064, 0.2951149912196004, 0.9448298857968163, -0.28332434498622294, 0.1460385105529148, -0.18888907685552137, 0.6366615750032032, -0.3833132166205439, -0.7887631947055005, 0.4583107415447843, 0.26538805850465297, 0.6257041967857061, 1, 0.3496601683980136, -0.052506222511316425, 0.4673531863114333, -0.21883478840437018, 0.5615636785720617, -0.44397828353828445, 0.007437619299178189, -0.6982370663771751, -0.48520945981398594, -0.5362387003853102, -0.3470566016158742, 0.3466306474302148, 0.5873883279297284, -0.010487784665632605, -0.5833346644476606, -0.8693521246210735, -0.7010094107931958, 0.5244410244261852, 0.16280982630667373, -0.7719733702146981, 0.8315068281923252, 0.7865179821752093, -0.22510673500077252, -0.7235070215406905, -0.604290768283706, -0.4341528800405734, -0.982316971664051, -0.1605083368835547, -0.9602595337748422, 0.7834321400912952, 1, 0.9809709663333159, 0.7389478073120692, 0.5463524067863923, -0.38747125548394507, 1, -0.04724957384377282, 0.2879674683495329, -0.7553192767729008, 0.4251331756857205, -0.16152224298278814, -0.9408383168310364, -0.5331801508858363, -0.7046434857338482, 0.5097475002314412, -0.2702309354732828, 0.058742963916680546, 1, 0.8054001395205892, -0.5182822504189448, 0.5026555822741511, -0.5674426025400581, -0.06810167610748162, 0.9247356674493714, 1, 0.8836609560939978, 0.0426001236056085, 0.5990575887898395, 0.3482690946537954, -1, -0.17203177322654672, 0.13484532394377924, 0.6656815298276605, -1, 0.7257852304533956, 0.45855287513718007, 0.06656026425732571, 0.7632004735727846, 0.32418338145354464, -0.8159179493135544, -0.6026659821328222]
-34.245269775390625	(8, 12, 2)	[0.2500571338511377, 0.7437767458301784, -0.08927669331789773, 0.8336252634488965, 0.8694592803066545, 0.012842579818678874, -0.2832052820910165, 0.20427507418099, 0.4602626768560065, -0.7317543972022208, -0.7521914710270253, -0.09496813549691929, 0.16149110601801187, 0.9693162829401079, -0.6744433040126874, 0.1034139765434164, 0.2483085807487232, -0.874322881328393, 0.0541882734477758, -0.09663966431426681, 0.12348112691630964, -0.9178221466271043, -0.73568112190127, -0.12679599148507636, 0.5477971990068771, 0.408758623231969, 0.622384272329107, -0.40682946368978135, -0.44958763241950256, -0.43256001439762803, 0.7818566274166396, 0.1924880378083198, 0.121562629040246, -0.4400177182133047, 0.3542386313792954, 0.19318203415082308, 0.14305154188320177, 0.1236507220883174, 0.5992037960871643, 0.08123359548284886, -0.5761994125551194, -0.6949537742118245, 0.012407469650929343, -0.9882589240390192, -1, 0.4639901734777833, 0.751842740507213, 0.7528537438816216, 0.9073072714334245, 0.5284554952030791, -0.18167663147241658, 0.7866231153651726, -0.35252508770851365, 0.7046121162728489, -0.34835469102028294, 0.1692384949112008, -0.4886504809135961, -0.4571732887735647, -0.834863131921142, -0.8973010708643635, -0.4173674255202101, 0.7569730507548262, -0.5561543953354915, -0.29351407824028414, -0.861416798360302, -0.7044794090879538, 0.26364403230195615, 0.1654560672491965, -0.999549702118194, -1, 0.4175952309393025, 1, -0.05444633549077349, -1, -0.9733293413630344, -0.8577513843668044, -0.42937013580024175, -0.5357634029584669, 0.7745042248305645, 0.9189923943395099, 1, 0.9138502645607942, 0.326671417477689, -0.27632265568582803, 0.6222484337824918, -0.12217641302332943, 0.4135413369381334, -0.786368491418648, 0.5185968205779781, -0.1883570555212457, 0.43238180178560365, -0.12355400899745084, -0.5114254134353569, 0.5346425226535688, -0.4227720960102085, -0.2300215429578314, 0.9204894712842353, 0.8288629440013459, -0.6749510234991913, -0.32546296185634244, -0.6022581963538469, -0.17621516054032166, 0.9247356674493714, 0.9650997668024217, 0.8836609560939978, 0.4612316663908976, 0.4460603418538407, 0.8348589841180493, -0.35329039808499796, -0.835699187196164, -0.4920562459837528, -0.5716677490977555, 0.26421704750777, 0.5522294488809997, 0.874247736624872, 0.11031479993117692, 0.4361754762394234, -0.2989238024933481, -0.9857197795740812, -0.10953501905113822]
-25.226945877075195	(8, 12, 2)	[-0.08585053117640423, 0.44235655157761955, -0.10828093922158079, 0.6060905880307151, 0.7423542833799682, 0.15552497385746, -0.4805961926228382, -0.07886808741656248, 0.5076664264080843, -0.42678685145593165, -0.39450584765772106, -0.2683908318355669, 0.9140986294755982, 1, -1, -0.2853948733788645, -0.37003782313564026, -0.4496096415427379, -0.2662763229848464, -0.3217308152628834, -0.1714142815634534, -0.833225796162126, -0.5538135334738516, 0.7860767020495766, 0.30411748626514457, -0.1453641232208625, 0.22971913534499752, 0.4222556972367171, -0.9300665888378673, -0.8020898326029631, 0.06145739617526692, -0.03171615696622904, 0.05990776484675139, 0.01530489415680953, 0.6266233281481085, -0.07532307983764808, 0.32077753612114895, 0.8360953083076615, 1, 0.05847279945080193, -0.48186109724481363, -0.995021249322101, -0.7037672212394197, -0.2584550266042736, 0.797001804850257, -0.39695735815267286, 1, -0.718122941229622, 0.7027533318315449, 0.5478039429596417, -0.15268833490421083, 1, -1, -0.26192909316831453, -0.76931884037865, -1, 0.3915840153196758, 1, -0.8112976352019363, 0.3825528503326576, -0.5353833230955704, -0.6929708127898216, 0.06726071508230591, 0.5001173254207103, -0.84674616110722, 0.010486784111772507, 0.9614005557494254, -0.02634030315841368, -0.8290087403777358, 0.8315068281923252, 0.7115269828078153, -0.17052108356510484, -0.7235070215406905, 0.15292623428475072, -0.4341528800405734, -0.09109186638103323, -0.23507691081769833, -1, 0.5648042225472696, 0.3324994685869358, 0.9042133633253373, -0.1403937970034963, -0.3424762002205711, 0.2661586457873143, 0.1346433956596941, -0.6517168051408346, -0.1907722184166405, 1, -0.4588658652122055, 0.282759256232518, -0.2925969931253427, 0.937408014127599, -0.435916754351256, -1, -0.9147117882530627, 0.570391369452317, -0.12842340114797893, 0.9882762729209369, 0.8037242559339391, -0.2836357845852769, -0.2207955898567066, -0.7377469778639768, 1, 0.8142723646977654, 0.4711255852736584, 0.020072814069735365, 0.3138104358957452, 0.2000144570446332, -0.6422314118487391, -0.5282969933643061, -0.030335493068617797, 1, -1, 0.22929211202026123, 0.41402874632532527, 0.30096330216314454, 0.22967061552877907, -0.19818966038441205, -1, -0.3669827462445548]
-18.50754165649414	(8, 12, 2)	[0.2500571338511377, 0.7437767458301784, -0.08927669331789773, 0.8336252634488965, 0.8694592803066545, 0.012842579818678874, -0.2832052820910165, 0.20427507418099, 0.4602626768560065, -0.7317543972022208, -0.7521914710270253, -0.043668012372655024, 0.16149110601801187, 0.9693162829401079, -0.7102178360071929, 0.1034139765434164, 0.2483085807487232, -0.874322881328393, 0.0541882734477758, -0.09663966431426681, 0.12348112691630964, -0.9178221466271043, -0.73568112190127, -0.12679599148507636, 0.5477971990068771, 0.408758623231969, 0.622384272329107, -0.40682946368978135, -0.44958763241950256, -0.43256001439762803, 0.7818566274166396, 0.1924880378083198, 0.121562629040246, -0.4400177182133047, 0.3542386313792954, 0.19318203415082308, 0.14305154188320177, 0.36441096281665153, 0.5992037960871643, 0.08123359548284886, -0.5761994125551194, -0.6949537742118245, 0.012407469650929343, -0.9882589240390192, -1, 0.3001429557244672, 1, -0.9311664864516402, 0.7835009684076948, 0.23704454704327177, 0.6867309075261042, 0.7817746332902215, -1, 0.7075933634883579, -0.39350235794005584, 0.1692384949112008, -0.4886504809135961, -0.4571732887735647, -0.834863131921142, -0.8973010708643635, -0.4173674255202101, 0.7569730507548262, -0.5561543953354915, -0.29351407824028414, -0.8866856122115151, -0.7044794090879538, 0.26364403230195615, -0.03983492876057115, -0.999549702118194, -1, 0.4175952309393025, 1, -0.1302169606717945, -1, -0.9733293413630344, -0.8228738068868527, -0.42937013580024175, -0.5357634029584669, 0.7745042248305645, 0.9189923943395099, 1, 0.9138502645607942, 0.326671417477689, -0.27632265568582803, 0.6222484337824918, -0.12217641302332943, 0.4135413369381334, -0.786368491418648, 0.5185968205779781, -0.1883570555212457, 0.43238180178560365, -0.12355400899745084, -0.5114254134353569, 0.5346425226535688, -0.4227720960102085, -0.2300215429578314, 0.9204894712842353, 0.8288629440013459, -0.6749510234991913, -0.32546296185634244, -0.6022581963538469, -0.16514735945353784, 0.9247356674493714, 0.9650997668024217, 0.8836609560939978, 0.4612316663908976, 0.4460603418538407, 0.8348589841180493, -0.35329039808499796, -0.7351519171406634, -0.4920562459837528, -0.5716677490977555, 0.26421704750777, 0.5522294488809997, 0.874247736624872, 0.11031479993117692, 0.4361754762394234, -0.2989238024933481, -0.9857197795740812, -0.10953501905113822]
-37.402183532714844	(8, 12, 2)	[0.19069393135370144, 0.5821668639561322, -0.07156043844625336, 1, 0.07404498473029977, 0.3223744239920581, -0.5357062718569586, 0.30883259858963996, -0.10647332769799189, -0.3285816270708512, -0.9410025986575146, 0.35375102154725846, 0.6428191394650073, 0.9938808940801848, -1, 0.19556744883196997, -0.08011326906580092, -0.9819056509314331, -0.3971357488967916, -0.3217308152628834, -0.1714142815634534, -0.833225796162126, -0.5538135334738516, 0.6757805654537398, 0.30411748626514457, -0.041414622169813786, -0.12275886399401595, 0.4222556972367171, -0.9300665888378673, -0.8020898326029631, 0.06145739617526692, -0.03171615696622904, 0.10991645196022173, 0.01530489415680953, 0.7348431759148348, -0.07532307983764808, 0.32077753612114895, 0.8360953083076615, 0.9840065751854211, 0.05847279945080193, -0.48186109724481363, -0.995021249322101, -0.4276418867371561, -0.2584550266042736, 0.797001804850257, -0.39695735815267286, 1, -0.718122941229622, 0.7027533318315449, 0.5478039429596417, -0.15268833490421083, 1, -0.9798877845113818, -0.26192909316831453, -0.76931884037865, -0.9708251404200121, 0.3915840153196758, 1, -0.21726033888928303, 0.32165855568057633, -0.5353833230955704, -0.6289172933220416, -0.07376936625260996, 0.5001173254207103, -0.84674616110722, -0.09335902178347173, 0.9614005557494254, -0.4749649608928792, -0.8290087403777358, 0.6450718174232909, 0.811910347335912, -0.17052108356510484, -0.7235070215406905, 0.15292623428475072, -0.4341528800405734, -0.09109186638103323, -0.3418456357702428, -1, 0.5144379800977519, 0.3324994685869358, 0.9042133633253373, -0.1403937970034963, -0.3424762002205711, 0.2661586457873143, 0.1346433956596941, -0.6159177449215822, -0.1907722184166405, 1, -0.4588658652122055, 0.20300762595091054, -0.2526617509173418, 0.937408014127599, -0.3773021020556614, -1, -0.9147117882530627, 0.3992990956829868, -0.12842340114797893, 0.9882762729209369, 0.8532936404825925, -0.2836357845852769, -0.2207955898567066, -0.7377469778639768, 0.6470771006004887, 0.8215939487770882, 0.3123166018266667, -0.2863597360928553, 0.3138104358957452, 0.5915770081557049, -0.33543719563538665, -0.7696429337150104, 0.43977785374408923, 1, -1, 0.20230922398713347, 0.8292813933527063, 0.16321617055943688, 0.75789432134063, 0.32418338145354464, -0.8159179493135544, 0.08014576267273082]
-55.36991500854492	(8, 12, 2)	[0.2500571338511377, 0.7437767458301784, -0.08927669331789773, 0.8336252634488965, 0.8694592803066545, 0.012842579818678874, -0.2832052820910165, 0.20427507418099, 0.4602626768560065, -0.7317543972022208, -0.7521914710270253, -0.043668012372655024, 0.16149110601801187, 0.9693162829401079, -0.7102178360071929, 0.1034139765434164, 0.2483085807487232, -0.874322881328393, 0.0541882734477758, -0.09663966431426681, 0.12348112691630964, -0.9178221466271043, -0.73568112190127, -0.12679599148507636, 0.5477971990068771, 0.27741151547585574, 0.6318837902086527, -0.40682946368978135, -0.44958763241950256, -0.43256001439762803, 0.7818566274166396, 0.1924880378083198, 0.32642113909491, -0.4400177182133047, 0.3542386313792954, 0.19318203415082308, 0.14305154188320177, 0.36441096281665153, 0.5992037960871643, 0.08123359548284886, -0.5761994125551194, -0.6949537742118245, 0.012407469650929343, -0.9882589240390192, -1, 0.5134094098145892, 1, -0.9311664864516402, 0.7835009684076948, 0.23704454704327177, 0.6867309075261042, 0.7817746332902215, -1, 0.7075933634883579, -0.39350235794005584, 0.1692384949112008, -0.4886504809135961, -0.4571732887735647, -0.834863131921142, -0.9138181381479348, -0.4173674255202101, 0.7569730507548262, -0.5561543953354915, -0.29351407824028414, -0.8866856122115151, -0.7044794090879538, 0.2923846979384195, -0.03983492876057115, -0.999549702118194, -1, 0.4175952309393025, 1, -0.22175718249051501, -1, -1, -0.8228738068868527, -0.42937013580024175, -0.5357634029584669, 0.7745042248305645, 0.9189923943395099, 0.48096872163922566, 0.9138502645607942, 0.326671417477689, -0.27632265568582803, 0.6222484337824918, -0.12217641302332943, 0.4135413369381334, -0.786368491418648, 0.5185968205779781, -0.1883570555212457, 0.38815550413402883, -0.12355400899745084, -0.5114254134353569, 0.2711379396001271, -0.4227720960102085, -0.2300215429578314, 0.9204894712842353, 0.8288629440013459, -0.44190290789840325, -0.32546296185634244, -0.6022581963538469, -0.16514735945353784, 0.7916045658946921, 0.9650997668024217, 0.8836609560939978, 0.4612316663908976, 0.4460603418538407, 0.8348589841180493, -0.35329039808499796, -0.7351519171406634, -0.4920562459837528, -0.6579860031833001, 0.26421704750777, 0.5522294488809997, 0.874247736624872, -0.3812915866627443, 0.4361754762394234, -0.2989238024933481, -0.9857197795740812, -0.10953501905113822]
-50.21112060546875	(8, 12, 2)	[-0.2555381751134973, 0.090739061534202, 0.7911147849058822, 0.6809989268925398, 0.8694592803066545, -0.10846975545078225, -0.2832052820910165, 0.20427507418099, 0.7149599147302472, -0.19900817345751565, -0.8465339284650897, -0.07544102239874889, 0.7644679387317621, 1, -0.810682898068374, 0.06017382883605997, -0.029796513200928937, -0.874322881328393, 0.0541882734477758, -0.09663966431426681, 0.12348112691630964, -0.9178221466271043, -0.6929761059038378, -0.4950076154312261, 0.5477971990068771, 0.0954693788361749, 0.622384272329107, -0.19903370381460897, -0.44958763241950256, -0.43256001439762803, 0.35704993564598275, 0.1924880378083198, 0.121562629040246, -0.4400177182133047, 0.2046857346318127, 0.6123819073691055, 0.14305154188320177, 0.1236507220883174, 0.8022376780436157, 0.08123359548284886, -0.6662065654459526, -0.35668538844366776, 0.39373487020964437, -0.7741572365124634, -0.7887631947055005, 0.6108852966774108, 1, 0.4064421090806294, 1, -0.3647076207214615, 0.18314736293261025, 0.7874460671031336, -0.29983772406692116, -0.5881019146486144, -0.5696948294801497, 0.43937649516511024, -0.520333659435702, -0.3020604168532445, -0.14143423895371846, -0.39894808904676593, 0.39756037608758166, 0.5873883279297284, -0.010487784665632605, -0.5833346644476606, -0.9636923245887357, -0.26589191960277553, 0.5244410244261852, 0.12439027196968606, -0.7719733702146981, 0.8315068281923252, 0.7865179821752093, -0.3081023347889719, -0.7235070215406905, -0.604290768283706, -0.4341528800405734, -0.7166353651664759, -0.1605083368835547, -0.8782804167490823, 0.6595863197840676, 1, 0.9809709663333159, 0.7462540084891385, 0.5463524067863923, -0.38747125548394507, 1, 0.4481134726905464, 0.24446981901398293, -0.786368491418648, 0.5185968205779781, -0.1883570555212457, 0.43238180178560365, -0.5331801508858363, -0.5114254134353569, 0.8432879093153729, -0.2702309354732828, -0.0864642598059905, 0.9204894712842353, 0.9429090665777489, -0.5182822504189448, 0.1339238344414655, -0.6593167374590946, -0.7377469778639768, 0.6470771006004887, 0.3053496446184026, -0.6799943950416356, 0.45928780621103676, -0.17678462487230934, 0.07967479172708185, -0.7827576750189832, -0.4411667888919978, -0.882431068348742, 1, -1, 0.40217069660444316, 0.9173281196173642, 0.5560664593975484, 0.792867464017601, 0.04307194585058305, -0.6144993724156966, -0.49725418569901414]
-39.738059997558594	(8, 12, 2)	[0.04585624754244838, 0.7437767458301784, 0.16922880248277922, 0.8934921449982393, 0.8694592803066545, 0.13644194346873578, -0.2832052820910165, 0.04719798781723927, 0.5433097813685707, -0.5494123123399862, -0.7727080227940789, -0.007754236321817293, 0.5668586677069019, 0.8872516990757882, -0.9093505945040018, -0.07613019001191083, -0.11186883711391608, -0.9064529107703919, -0.27722107515955974, -0.3217308152628834, -0.1714142815634534, -0.833225796162126, -0.5538135334738516, 0.7860767020495766, 0.30411748626514457, -0.1453641232208625, 0.22971913534499752, 0.4222556972367171, -0.9300665888378673, -0.8020898326029631, 0.06145739617526692, 0.3980716437000874, 0.15579944375955526, -0.1794795008978504, 0.3542386313792954, 0.19318203415082308, -0.1875332808595029, 0.1236507220883174, 0.9037057001865456, 0.08123359548284886, -0.4602937460663125, -0.3833614695828675, 0.27979734137911527, -1, -1, 0.6995130176400215, 0.8407913937944546, 0.7216899571448926, 0.9956311698013355, 0.2300724166854979, -0.3094119963983935, 0.4673531863114333, -0.5328183901726927, 0.6133259027224911, -1, -0.154477056793754, -0.39519147105804975, -0.3020604168532445, -0.14143423895371846, 0.5421064193145261, -0.12950044776917174, 0.6421822877065559, -0.5561543953354915, -0.0877516578219372, -0.4386871133760882, -0.6376655947851958, 0.11057604912147385, -0.12188730027147851, -1, 1, 0.7865179821752093, -0.6878113024000332, -0.7235070215406905, -0.604290768283706, -0.4341528800405734, -0.982316971664051, -0.1605083368835547, -1, 0.7834321400912952, 1, 0.9809709663333159, 0.7389478073120692, 0.35236381757122137, -0.38747125548394507, 1, -0.04724957384377282, 0.2879674683495329, 0.7864710728775784, 0.39193523433452815, -0.23222793816847043, -0.9408383168310364, 0.5553310443541725, -0.38412154922251035, 0.5874994214093516, -0.2702309354732828, -0.2300215429578314, 1, 0.5274808545310345, -0.4353852088506529, 0.1526011204450275, -0.6387696774916778, -0.17621516054032166, 0.6470771006004887, 0.5781081929309335, 0.8836609560939978, 0.23372443468544563, 0.7564983145290627, 0.3482690946537954, -1, -0.49206496859804255, -0.4199984438846085, 1, -1, 0.20230922398713347, 0.09909984579734978, 0.05633950966107875, -0.3260652741716429, 0.7977330865644444, -0.9857197795740812, 0.19302668533750267]
-37.975528717041016	(8, 12, 2)	[0.04585624754244838, 0.7558609074726383, 0.06201859269434015, 0.8934921449982393, 0.8694592803066545, 0.13644194346873578, -0.2832052820910165, 0.04719798781723927, 0.5433097813685707, -0.3137187410339045, -0.7727080227940789, 0.18728607515719212, 0.5668586677069019, 0.8872516990757882, -0.9093505945040018, -0.22663259269850683, -0.11186883711391608, -0.8689834718315239, -0.052586801520070184, -0.4414039041433804, -0.29418856897851453, -0.9425621292118028, -0.5365011990875602, 0.6442539384465149, 0.19740040225106398, -0.45463643660495057, 0.3909010924208829, 0.1418735516450546, -1, -0.5636983674665155, 0.9115531005787436, -0.5979397421119447, 0.42140834549643036, -0.12318829909928146, 0.3542386313792954, -0.2550073100117814, 0.07477182360744936, 0.1236507220883174, 0.656368046994589, 0.08123359548284886, -0.4602937460663125, -0.3833614695828675, 0.27979734137911527, -0.6685179946011779, -1, 0.6995130176400215, 1, 0.8240832967312858, 1, 0.2300724166854979, -0.09820717593607209, 0.4673531863114333, -0.5328183901726927, 0.742534806024027, -1, -0.10713777644040878, -0.39519147105804975, -0.3020604168532445, -0.2603293959006717, 0.5421064193145261, -0.10871270680760219, 0.6421822877065559, -0.3525306611386203, -0.37544996407794684, -0.4386871133760882, -0.4881959529365596, -0.03215271667946763, -0.12188730027147851, -1, 1, -0.3465831698127786, 0.7330063323681231, -0.45507136767716067, -1, -0.18752099345309858, -0.32263367887451966, -0.6445848696899527, -0.29919157823362164, 0.6239182431236477, 0.2781991214153572, 1, -0.27776263093480896, -0.15578612713518156, 0.2661586457873143, -0.22378733444618334, -0.6159177449215822, -0.5073059869664651, 1, -0.2604746051222644, -0.10086823521797345, -0.2925969931253427, 0.8159734728668411, -0.435916754351256, -1, -1, 0.570391369452317, -0.25999657090549955, 0.8126373115701935, 0.6542399088127773, -0.2836357845852769, -0.048071911697930486, 0.9158845891664693, 0.6404186676239833, 0.5594663402125732, -0.8017692356612304, -0.7048917568092012, 0.3138104358957452, -0.14867934184315557, 0.01296206244845155, -0.831415289797297, 0.13484532394377924, 1, -1, 0.40217069660444316, 0.9173281196173642, 0.3304317484819125, 0.3385267016105448, -0.43906747073636543, -0.9857197795740812, 0.19302668533750267]
-41.4090690612793	(8, 12, 2)	[0.20261747790400933, 0.8616462883419145, -0.2083885277017304, 0.5298743196259034, 0.7156835102298008, 0.5387565484185814, -0.4250607272521299, 0.2662928113863553, -0.13202716300533912, -0.5579618971605211, -0.32193425244526486, 0.10038685974410153, 0.9507896687952444, 0.9049257552522608, -1, -0.35872731337043295, -0.37003782313564026, -0.824734597335182, -0.052070900793841, -0.4374427296849209, 0.07604775856639778, -0.833225796162126, -0.4769202151473484, 0.5210806380288702, 0.2834747636459728, -0.09372135509078358, -0.06754076726256936, 0.3277014476732769, -1, -0.14533790705612465, -0.010174675809638767, 0.1924880378083198, 0.1186102286361931, -0.2317619077233595, 0.7667503677393703, -0.0876125360063903, 0.2325495010365805, 0.6076652701666976, 1, -0.34167790530329745, -0.6659769231754061, -0.6425028366708244, -0.3652919935276185, -0.7917009599050612, -0.743516844846938, 0.14530729689678412, 0.26538805850465297, 0.6987700335237632, -0.1864277314326759, 1, 1, 0.5026222507006595, -1, 0.4598873025381947, -0.722458130601852, -0.03603972113437154, -0.4479578349085126, -0.3020604168532445, -0.5555391443256139, 0.512818951172758, 0.6991989356455619, 0.6117497340099358, -0.3944406871755325, -0.34997473439964566, -1, -0.6207193650579854, 0.11192292385400071, 0.7014439215368629, -0.5906059862793345, -0.926395717660635, 0.10278258148665464, 0.706567621619025, -0.18870650212671025, -1, -0.5425023409536247, -0.32263367887451966, -0.6445848696899527, -0.4830109077465302, 0.7745042248305645, 1, 0.823810385152027, 0.9415516442996855, 0.5032025436394337, -0.1754909760414813, 1, -0.6159177449215822, -0.38118213736076434, 1, -0.4588658652122055, -0.005657854030809706, -0.2925969931253427, 1, -0.26026673131808475, -0.647144343543531, -0.9147117882530627, 0.3292741928880386, 1, 0.8076671135721105, -0.4353852088506529, 0.1526011204450275, -0.6387696774916778, -0.17621516054032166, 0.7367889110198159, 0.5594663402125732, -0.884840384921727, 0.41248464367018284, 0.40757580194684967, 0.8815537409220449, 0.3952265774149125, -0.27352464460022874, -0.3586658912001254, -0.09549854176831274, -1, -0.3288326866701907, 0.5737193820648527, -0.039497565117628065, -0.3260652741716429, 0.6664438129280879, -0.8159179493135544, 0.244438822388877]
-57.31699752807617	(8, 12, 2)	[0.04585624754244838, 0.7437767458301784, 0.030235787299267104, 0.7981520314508129, 0.8694592803066545, 0.13644194346873578, -0.2832052820910165, 0.04719798781723927, 0.7269393387206731, -0.3137187410339045, -1, 0.23968154581736026, 0.5668586677069019, 0.8872516990757882, -0.8075517892499876, -0.14718082524924112, -0.11186883711391608, -0.8689834718315239, 0.004294499618839459, -0.28241585544853604, -0.4195029444288302, -0.9425621292118028, -0.5365011990875602, 0.8121582306871069, 0.19740040225106398, -0.7577482967322565, 0.2968037984680233, 0.3277014476732769, -0.9500612884660402, -0.5636983674665155, 0.6589872295789565, -0.5979397421119447, 0.4613883037050673, 0.11746529921694368, 0.3542386313792954, 0.19318203415082308, 0.21020002663053508, -0.2516898925479233, 0.9037057001865456, -0.2507447103402515, -0.4851363168123207, -0.3833614695828675, 0.27979734137911527, -0.9719813699386927, -0.7670115378537954, 0.5108313986714549, 0.8407913937944546, 1, 0.6122965197526224, 0.2300724166854979, -0.09820717593607209, 0.4673531863114333, -0.3588893875326249, 0.47400488570111604, -1, -3.3807837178885525e-05, -0.39519147105804975, -0.15751217876258386, -0.14143423895371846, 0.5421064193145261, -0.44793278792779767, 0.5218306821243923, -0.5561543953354915, -0.20032593802298349, -0.4386871133760882, -0.6376655947851958, 0.11057604912147385, 0.1860089979484462, -1, 1, -0.3465831698127786, 0.5839542071088293, -0.45507136767716067, -0.8935031898244734, -0.5425023409536247, -0.32263367887451966, -0.6445848696899527, -0.29919157823362164, 0.6390150050206942, 0.3110675330246694, 1, -0.13326990642632966, -0.15578612713518156, 0.2661586457873143, 0.1346433956596941, -0.6653736923621284, -0.1907722184166405, 1, -0.4588658652122055, -0.005657854030809706, -0.2925969931253427, 1, -0.26026673131808475, -1, -0.7521560055729656, 0.3292741928880386, -0.3285108167326596, 1, 0.8705252719958583, -0.2836357845852769, -0.12681689742459892, -0.7035446040915839, 0.322967290604183, 1, 0.8114000839448522, 0.36787157651392577, 0.5258740370182661, 0.8348589841180493, -0.07761443003579022, -0.282494438586254, -0.12203451519637679, 0.4746509934454741, 0.4559277512004698, 0.22929211202026123, 0.6735734764759758, 0.3304317484819125, 0.792867464017601, 0.03417360711821055, -0.9857197795740812, -0.10953501905113822]
-46.54878234863281	(8, 12, 2)	[0.04585624754244838, 0.6811632415643846, 0.030235787299267104, 0.8693042689459871, 0.8694592803066545, 0.13644194346873578, -0.4453365041552987, 0.04719798781723927, 0.8918382915468643, -0.3137187410339045, -1, 0.23968154581736026, 0.5668586677069019, 0.9508511516671729, -0.8075517892499876, -0.14718082524924112, -0.11186883711391608, -0.9437326901158528, -0.052586801520070184, -0.08381882580913885, -0.4195029444288302, -0.9425621292118028, -0.5365011990875602, 0.8121582306871069, 0.19740040225106398, -0.7577482967322565, 0.5082287876357119, 0.3277014476732769, -1, -0.5636983674665155, 1, -0.5979397421119447, 0.4613883037050673, 0.11746529921694368, 0.7175389216651005, 0.19318203415082308, 0.21020002663053508, 0.1236507220883174, 0.9037057001865456, -0.2507447103402515, -0.4851363168123207, -0.3833614695828675, 0.15911224880868158, -0.9719813699386927, -1, 0.5108313986714549, 0.8407913937944546, 1, 0.8413089547082113, 0.23341663780148802, 0.7428726341167838, 0.6106761196512583, -0.836215419461701, 0.7075933634883579, -0.709090771263263, 0.1692384949112008, -0.4886504809135961, -0.34436059579192035, -0.834863131921142, -0.4643662921906849, -0.4173674255202101, 0.7569730507548262, -0.1452857780478195, -0.29351407824028414, -0.9724751173679858, -0.7044794090879538, 0.26364403230195615, -0.03983492876057115, -0.999549702118194, -1, 0.4175952309393025, 1, -0.08045977268402643, -1, -0.9352888326297986, -0.43128486382145464, -0.42937013580024175, -0.5357634029584669, 0.7745042248305645, 0.9189923943395099, 1, 0.9818395567852768, 0.326671417477689, -0.27632265568582803, 0.6222484337824918, -0.6159177449215822, -0.38118213736076434, 1, -0.4588658652122055, -0.005657854030809706, -0.2925969931253427, 0.937408014127599, -0.5114254134353569, 0.2900617058691201, -0.4227720960102085, -0.2300215429578314, 0.9204894712842353, 1, -0.6749510234991913, -0.3672142756160399, -0.6022581963538469, -0.16514735945353784, 0.8673732097319969, 0.8597747930285236, 0.6605882787440699, 0.23372443468544563, 0.4180135330361018, 0.12668449553733213, -0.8207492044738295, -0.19768987309412223, 0.13484532394377924, 1, -0.7229661873831816, 0.40217069660444316, 0.6735734764759758, 0.3304317484819125, 0.792867464017601, 0.03417360711821055, -0.9857197795740812, -0.10953501905113822]
-28.301036834716797	(8, 12, 2)	[0.20261747790400933, 0.8616462883419145, 0.0749033156373958, 0.5298743196259034, 0.7156835102298008, 0.5387565484185814, -0.4250607272521299, 0.2662928113863553, -0.13202716300533912, -0.3137187410339045, -0.32193425244526486, 0.10038685974410153, 0.9051700939382237, 0.9049257552522608, -1, -0.39955236096984365, -0.37003782313564026, -0.824734597335182, -0.052070900793841, -0.4374427296849209, -0.05007490301083049, -0.833225796162126, -0.4769202151473484, 0.5210806380288702, 0.2834747636459728, 0.06828849402733272, -0.06754076726256936, 0.3277014476732769, -1, -0.14533790705612465, -0.010174675809638767, 0.1924880378083198, 0.1186102286361931, -0.12750203130309742, 0.7667503677393703, -0.0876125360063903, 0.2325495010365805, 0.6076652701666976, 1, -0.57056151963486, -0.6659769231754061, -0.6353535794363593, -0.3652919935276185, -0.8247742103870661, -0.743516844846938, 0.14530729689678412, 0.3843244536535925, 0.6987700335237632, -0.21330598945191218, 0.9748650981010888, 0.8868817110584232, 0.568038111492364, -0.9726265767698722, 0.7924787556144757, -0.5346679927678132, -0.03603972113437154, -0.4479578349085126, -0.3020604168532445, -0.8584364221666378, 0.512818951172758, 0.6991989356455619, 0.6117497340099358, -0.06281545711877162, -0.34997473439964566, -1, -0.6207193650579854, 0.08384235176495708, 0.7014439215368629, -0.5906059862793345, -0.9645871812203366, 0.10278258148665464, 0.48163206323377916, -0.09897682878759743, -1, -0.5425023409536247, 0.10350033470792946, -0.6445848696899527, -0.5619570668344115, 0.5350448372703498, 1, 0.823810385152027, 0.9415516442996855, 0.5032025436394337, -0.10303920339824024, 1, -0.6159177449215822, -0.38118213736076434, 1, -0.4588658652122055, -0.005657854030809706, -0.2925969931253427, 1, -0.26026673131808475, 0.958705663493289, 0.1572740065871766, -0.0864642598059905, 1, 0.9429090665777489, -0.5182822504189448, 0.1339238344414655, -0.6593167374590946, -0.7618426640268287, 0.6470771006004887, 0.5664148491505574, -0.6799943950416356, 0.45928780621103676, 0.04715791968758881, -0.14867934184315557, 0.01296206244845155, -0.8746565024845279, 0.13484532394377924, 1, -0.9351153588572059, -0.3288326866701907, 0.5737193820648527, -0.039497565117628065, -0.3260652741716429, 0.8432198374657438, -0.9893058618998003, 0.244438822388877]
-47.026180267333984	(8, 12, 2)	[0.13279585203527527, 1, -0.08927669331789773, 0.6431397083874111, 0.9917758831433838, 0.22245476607868386, -0.4895875000274048, -0.021792743923198743, 0.3061686473815769, 0.1346765789997264, -0.7727080227940789, -0.015818671353703573, 0.6337980014503598, 0.99173062361175, -0.5865646877522279, -0.07613019001191083, -0.0671166778081482, -0.9198106182206616, -0.006306602834885967, -0.7194979034136804, -0.45142941689228355, -0.9261948777247757, -0.5538135334738516, 0.7860767020495766, 0.8425048348493684, -0.6644631096303588, -0.26888148119390926, -0.009676630946789666, -1, -0.297795607861597, 1, -0.47011483563403456, 0.4613883037050673, 0.2042326665773992, -1, -0.3242075578576602, 0.24805141236541656, -0.5155080917523952, 1, 0.06205581595453752, -0.6659769231754061, -0.7345871178860884, -0.3652919935276185, -0.7830715084501122, -0.8671785979903152, -0.13320689218780823, 0.23783036191034204, 0.7223807331700639, -0.2706901538466794, 1, 1, -0.5997375900449929, -0.9903080157210915, -0.34195885412274474, -0.7462615768562553, -0.08529678521181797, -0.47282777920384716, -0.3020604168532445, -0.43841570744098024, -0.3585798509496286, 0.24452666035440762, 0.9526364924332571, 0.6498044402123355, -0.7568346658429228, -1, -1, 1, -0.4749649608928792, -0.8290087403777358, 0.5708703948527426, 0.811910347335912, 0.01640355412298708, -0.7235070215406905, 0.15292623428475072, -0.4341528800405734, -0.27702922101371535, -0.5155658925826735, -1, 0.4381611671698417, 0.35571657341452484, 0.5384761022430267, 0.1351303433825637, -0.3424762002205711, 0.2661586457873143, 0.4665373969501744, -0.8925007116926031, -0.1907722184166405, 1, -0.5410698450461324, 0.07492359556659857, -0.2925969931253427, 0.937408014127599, -0.4058214758282765, -1, -0.42628318726486014, 0.7251447772759361, -0.12842340114797893, 0.9882762729209369, 0.7304850875835655, -0.2960534449862409, -0.2207955898567066, -0.7377469778639768, 0.7335428500182095, 0.9672367069763776, -0.6799943950416356, 0.7486206811343408, -0.17678462487230934, 0.07967479172708185, -0.7827576750189832, -0.4411667888919978, -1, 1, -0.9476365293649116, 0.20230922398713347, 0.09909984579734978, -0.1358910538415869, 0.6299261286160097, -0.5967084947482015, -0.4766097711482455, -0.1464589972004966]
-46.1148796081543	(8, 12, 2)	[0.2648247801067541, 0.6075582966738237, 0.06201859269434015, 0.8934921449982393, 0.8694592803066545, 0.13644194346873578, -0.5636371466611378, 0.04719798781723927, 0.40861438678797646, -0.11671213922005952, -0.9006274761683112, -0.1758720518666906, 0.5668586677069019, 0.8872516990757882, -0.8694762533326675, -0.10611305419860434, -0.11186883711391608, -0.8689834718315239, -0.052586801520070184, -0.4414039041433804, -0.29418856897851453, -1, -0.5365011990875602, 0.3252203886676989, 0.19740040225106398, -0.45463643660495057, 0.3909010924208829, 0.3277014476732769, -0.8150929129677458, -0.35123366349777885, 0.9115531005787436, -0.5979397421119447, 0.234803395636026, -0.2317619077233595, 0.3542386313792954, -0.2550073100117814, -0.05857719518523455, 0.07146708737587187, 0.656368046994589, 0.18897350283453715, -0.4602937460663125, -0.3833614695828675, 0.27979734137911527, -0.9719813699386927, -1, 0.6995130176400215, 1, 0.7476498932890002, 1, 0.2603764152137904, -0.09820717593607209, 0.4673531863114333, -0.2719034130333495, 0.742534806024027, -1, 0.10887733017931225, -0.39519147105804975, -0.3020604168532445, -0.2962927918613346, 0.5421064193145261, -0.007063511018676902, 0.6523450275846893, -0.5561543953354915, -0.37544996407794684, -0.4386871133760882, -0.6376655947851958, 0.848418848077661, 0.1860089979484462, -0.8480914410287426, 0.9318029495326112, -0.3465831698127786, 0.7330063323681231, -0.6163648349605835, -0.8393667156644354, -0.5425023409536247, -0.09109186638103323, -0.23507691081769833, -1, 0.5648042225472696, 0.7964774358762567, 0.6936576403892665, -0.10744837097494012, -0.6932713451728075, 0.18794216462767996, 0.1346433956596941, -0.4705435694042903, -0.5185802012549098, 1, -0.895363179618786, 0.1550923379558451, -0.2925969931253427, 0.937408014127599, -0.39893178841584476, -1, -0.9147117882530627, 0.36531204699861064, -0.12842340114797893, -0.12964296000845857, -0.451644237795365, 0.3983101655617961, -0.017511923026759708, -0.7377469778639768, 0.9792578349739134, 0.600869010097514, 1, 0.23372443468544563, 0.7564983145290627, 0.3482690946537954, -1, -0.17203177322654672, 0.13484532394377924, 1, -0.9351153588572059, 0.2733053034263869, 0.015390991138954549, -0.0702089690609655, 0.39775406646559563, -0.5967084947482015, -1, 0.19302668533750267]
-49.19318389892578	(8, 12, 2)	[0.20261747790400933, 0.8616462883419145, -0.13326542282879472, 0.5298743196259034, 0.7156835102298008, 0.5387565484185814, -0.004714027640648377, 0.2662928113863553, -0.13202716300533912, -0.3137187410339045, -0.32193425244526486, 0.10038685974410153, 0.9051700939382237, 0.9049257552522608, -0.9093505945040018, 0.01099231150235215, -0.11186883711391608, -0.8062658395469728, -0.052586801520070184, -0.4414039041433804, -0.5538945722484223, -0.9425621292118028, -0.5039156870040391, 0.6442539384465149, 0.19740040225106398, -0.45463643660495057, 0.3909010924208829, 0.3277014476732769, -1, -0.5636983674665155, 0.9115531005787436, -0.5979397421119447, 0.42140834549643036, -0.2317619077233595, 0.3542386313792954, -0.2550073100117814, -0.05857719518523455, 0.1236507220883174, 0.4832856012800424, 0.18897350283453715, -0.4602937460663125, -0.10031101993146685, 0.27979734137911527, -0.9904921005067101, -0.9904371878143374, 0.6995130176400215, 1, 0.8240832967312858, 1, 0.2191746652928392, -0.09820717593607209, 0.4673531863114333, -0.5328183901726927, 0.742534806024027, -0.5346679927678132, -0.03603972113437154, -0.4479578349085126, -0.3020604168532445, -0.8584364221666378, 0.512818951172758, 0.6991989356455619, 0.7142753635859559, -0.06281545711877162, -0.34997473439964566, -1, -0.6207193650579854, 0.08384235176495708, 0.7014439215368629, -0.5906059862793345, -1, 0.10278258148665464, 0.48163206323377916, -0.09897682878759743, -1, -0.5425023409536247, 0.10350033470792946, -0.6445848696899527, -0.5619570668344115, 0.5350448372703498, 1, 0.823810385152027, 0.9415516442996855, 0.5032025436394337, -0.10303920339824024, 1, -0.6159177449215822, -0.38118213736076434, 1, -0.4588658652122055, -0.005657854030809706, -0.2925969931253427, 1, -0.30921676751326255, 0.958705663493289, 0.1572740065871766, -0.0864642598059905, 1, 0.9429090665777489, -0.5182822504189448, 0.1339238344414655, -0.6593167374590946, -0.7618426640268287, 0.6470771006004887, 0.5664148491505574, -0.6799943950416356, 0.45928780621103676, 0.04715791968758881, -0.14867934184315557, -0.14993955795080507, -0.8746565024845279, 0.13484532394377924, 1, -0.9351153588572059, -0.3288326866701907, 0.5737193820648527, -0.039497565117628065, -0.3260652741716429, 0.8432198374657438, -0.9893058618998003, 0.244438822388877]
-27.293846130371094	(8, 12, 2)	[-0.13360564740742992, 0.48084505908885966, -0.2083885277017304, 0.5828199465847577, 0.7156835102298008, 0.22245476607868386, -0.4250607272521299, 0.41988980939122683, -0.28181731606869, -0.3137187410339045, -0.8373546881449879, 0.18105458305658287, 0.793119529067307, 0.9938808940801848, -0.9093505945040018, -0.07613019001191083, -0.0671166778081482, -0.6584747549177836, -0.006306602834885967, -0.4414039041433804, -0.25179738277416164, -0.9261948777247757, -0.5538135334738516, -0.30977283474117306, 0.5225283067554704, 0.25412408631514294, 0.9934128550066676, -0.47598197260388575, -0.6472238181647241, -0.3893903526257313, 0.35704993564598275, 0.1924880378083198, 0.121562629040246, -0.4400177182133047, 0.514875169409057, 0.5769035810996591, -0.07111817962757933, -0.07627517868935146, 0.9037057001865456, 0.08123359548284886, -0.6508460778462797, -0.35668538844366776, 0.45372516138780267, -0.4764455980542176, -0.7887631947055005, 0.5779431876027977, 1, 0.4548674404309765, 1, -0.3647076207214615, 0.18314736293261025, 0.8350455358051001, -0.021606964993174382, -0.29255504589810527, -0.5696948294801497, 0.26681385055081924, -0.4250566206292445, -0.20571108892339346, -0.14143423895371846, -0.39894808904676593, 0.03576784847676508, 0.8759113478515457, 0.5457577650793825, -0.25054449180035293, -1, -0.5801054445730964, 0.24809559186378616, 0.5384324918077388, -0.46421310361050183, 0.6528404954368554, 0.5995162729079124, 0.786221928600616, 0.08816438835875097, -0.8235932273995776, -0.6172652105778172, -0.30826499414784325, 0.1103258149368875, -0.9402110909590395, 0.8141768791974606, 0.35571657341452484, 0.5384761022430267, 0.1351303433825637, -0.3424762002205711, 0.18070753172502252, 0.4665373969501744, -0.8925007116926031, -0.1907722184166405, 1, -0.5410698450461324, 0.27604268770901974, -0.2768048783363662, 0.937408014127599, -0.8295713831183772, -1, -0.42628318726486014, 0.7251447772759361, -0.25798692888346186, 0.4953290700055278, -0.8935029389661515, 0.3777634613323444, -0.08435241847168251, 0.4171221248078243, 0.76401450800267, 1, -0.6128524097722762, 1, -0.060345455563701245, 0.07967479172708185, -0.5777213732266148, -0.4411667888919978, 0.071071378505877, 0.8055615774899083, -0.8101396624768309, 0.37745775254546, 0.7851539609882451, 0.3304317484819125, 0.792867464017601, 0.03358325482135638, -0.7891964339435188, 0.03780740366644694]
-43.52970886230469	(8, 12, 2)	[0.20261747790400933, 0.8616462883419145, -0.2083885277017304, 0.5298743196259034, 0.669573793545882, 0.5387565484185814, -0.4250607272521299, 0.2662928113863553, -0.015508850319821563, -0.3137187410339045, -0.3505585858732884, 0.10038685974410153, 0.9051700939382237, 0.6319238906460503, -1, -0.35872731337043295, -0.229126776730863, -0.5488726682040718, -0.052070900793841, -0.4374427296849209, -0.371997430622873, -0.6821235899527859, -0.4769202151473484, 0.5210806380288702, 0.29450137517067126, -0.0550369118822851, -0.06754076726256936, 0.3277014476732769, -0.6756626824074013, -0.14533790705612465, -0.2330728812212907, 0.1924880378083198, 0.3995371985705638, -0.2317619077233595, 0.7667503677393703, 0.006692367433922264, 0.2325495010365805, 0.6076652701666976, 1, -0.34167790530329745, -0.5736384132921344, -0.6425028366708244, -0.3652919935276185, -0.7917009599050612, -0.743516844846938, 0.14530729689678412, 0.17371021381207508, 1, 0.9956311698013355, 0.29101580747892464, -0.09820717593607209, 0.8196938557036405, -0.3690697807702667, 0.47400488570111604, -0.9400763302907555, -3.3807837178885525e-05, -0.39519147105804975, -0.3020604168532445, -0.14143423895371846, 0.5421064193145261, -0.33411081798666814, 0.5218306821243923, -0.5561543953354915, -0.06627656925285966, -0.4386871133760882, -0.6376655947851958, 0.12871625876981543, 0.7014439215368629, -0.5906059862793345, -0.926395717660635, 0.10278258148665464, 0.9671985730957633, -0.18870650212671025, -1, -0.5425023409536247, -0.32263367887451966, -0.6445848696899527, -0.4830109077465302, 0.7745042248305645, 1, 0.823810385152027, 0.9415516442996855, 0.5980010365708248, -0.1754909760414813, 1, 0.1768387126178127, -0.04866596922646334, -0.786368491418648, -0.4588658652122055, -0.022514162297197785, -0.27472482307139934, 0.7478021454296281, 0.002494177704906675, -1, -0.9123271971650725, 0.570391369452317, -0.25999657090549955, 0.8126373115701935, 0.6542399088127773, -0.2836357845852769, -0.048071911697930486, 0.9158845891664693, 0.6404186676239833, 0.40735766959971975, -0.851506950245693, -0.6141608484273583, 0.3138104358957452, -0.41179509517485446, 0.3952265774149125, -0.27352464460022874, -0.6451833804895118, 0.292974166735329, -0.9238565851673085, -0.34020424052536313, 0.6627561164139083, -0.039497565117628065, -0.3260652741716429, 0.59035891509987, -0.8159179493135544, -0.13603395496056336]
-40.02500915527344	(8, 12, 2)	[-0.4424386443783957, 0.44891016157148855, -0.2083885277017304, 0.8446390500550915, 0.7156835102298008, 0.22245476607868386, -0.4250607272521299, 0.08799198169253336, 0.045848024690761546, -0.5494123123399862, -0.7727080227940789, 0.3667229742787891, 0.5668586677069019, 1, -0.9093505945040018, -0.09694911422780758, -0.1361951988919353, -0.8689834718315239, -0.052586801520070184, -0.28241585544853604, -0.29418856897851453, -1, -0.4769202151473484, 0.5210806380288702, 0.29450137517067126, -0.0550369118822851, -0.06754076726256936, 0.3277014476732769, -0.6756626824074013, -0.14533790705612465, -0.2330728812212907, 0.1924880378083198, 0.3995371985705638, -0.2317619077233595, 0.7667503677393703, 0.006692367433922264, 0.2325495010365805, 0.4889190493356532, 1, -0.34167790530329745, -0.5736384132921344, -0.6425028366708244, -0.3652919935276185, -0.7917009599050612, -0.743516844846938, 0.14530729689678412, 0.26538805850465297, 0.8728995699374891, 0.9956311698013355, 0.29101580747892464, -0.09820717593607209, 0.30123563858384794, -0.3690697807702667, 0.47400488570111604, -0.9400763302907555, -3.3807837178885525e-05, -0.39519147105804975, -0.24117401159172325, -0.14143423895371846, 0.5421064193145261, -0.33411081798666814, 0.5218306821243923, -0.5561543953354915, -0.9294879849833377, -1, -1, 1, 0.1509341214188249, -0.745672587540992, 0.5383009934334946, 0.811910347335912, -0.17052108356510484, -0.7213021158032122, 0.15292623428475072, -0.3572522701941635, -0.16808905445705213, -0.2285216196391286, -0.5177346405058059, 0.5144379800977519, 0.35571657341452484, 1, 0.1712034124176458, -0.46157903304303666, 0.2661586457873143, 0.4665373969501744, -1, 0.2172275953639694, 1, -0.5410698450461324, 0.1550923379558451, -0.34288692364588386, 0.937408014127599, -0.7442617171415098, -1, -0.42628318726486014, 0.7251447772759361, -0.12842340114797893, 0.8055406962875449, 0.6987508948226887, -0.2836357845852769, -0.2207955898567066, -0.7377469778639768, 1, 1, 0.6004968220203207, 0.41248464367018284, 0.40757580194684967, 0.8815537409220449, 0.3952265774149125, -0.015496119296053865, -0.5868533082236022, -0.09549854176831274, -1, 0.16936535278252313, 0.5737193820648527, -0.2622166299666852, 0.057064417165171855, 0.8432198374657438, -0.9287537785321291, 0.03780740366644694]
-39.156063079833984	(8, 12, 2)	[0.29488689239975063, 0.7437767458301784, 0.15086552767563952, 0.6011584591180629, 0.8531724469647513, 0.012842579818678874, -0.2832052820910165, 0.542293261874113, 0.712509860487931, -0.7317543972022208, -0.7521914710270253, 0.5891990623022293, 0.5668586677069019, 0.8872516990757882, -0.9093505945040018, 0.04139308086701457, -0.11186883711391608, -0.8689834718315239, -0.052586801520070184, -0.4414039041433804, -0.29418856897851453, -0.8844249680445977, -0.24074954938840004, 0.6442539384465149, 0.1074045786001177, -0.45463643660495057, 0.3909010924208829, 0.21516087478611506, -1, -0.5636983674665155, 0.9115531005787436, -0.5979397421119447, 0.13485997006088218, -0.5351162774116043, 0.4211457425545744, -0.18307090144722182, -0.05857719518523455, 0.6076652701666976, 1, -0.34167790530329745, -0.4220291111206157, -0.781540023820197, -0.3652919935276185, -0.9211925077504843, -0.6492932919570564, 0.14530729689678412, 0.3997223575163286, 0.6540414334915606, -0.1864277314326759, 1, 1, 0.1948475344241003, -1, 0.4598873025381947, -0.722458130601852, -0.03603972113437154, -0.32702826026244824, -0.3020604168532445, -0.9682671594866781, 0.512818951172758, 0.6991989356455619, 0.7817392496324119, -0.08759828507456002, -0.34997473439964566, -1, -0.6991174269967444, 0.23181742854412526, 0.7014439215368629, -1, -0.926395717660635, -0.14528326780258888, 0.7330063323681231, -0.45507136767716067, -1, -0.45621508901151175, -0.32263367887451966, -0.6445848696899527, -0.35569054500751063, 0.7745042248305645, 1, 0.823810385152027, 0.9415516442996855, 0.5032025436394337, 0.2661586457873143, -0.22378733444618334, -0.6159177449215822, -0.5459349095088901, 1, -0.5762742502400097, 0.33860436768100666, -0.42831190228965016, 0.8159734728668411, -0.435916754351256, -0.892820736464947, -0.9147117882530627, 0.36531204699861064, -0.2906843819326008, -0.12964296000845857, -0.451644237795365, 0.4494811558627253, -0.07235316442481686, -0.6049202648427048, 0.6470771006004887, 0.5243246800618, 0.4923585704069471, 0.23372443468544563, 0.7564983145290627, 0.32210547893757674, -0.6769777684322591, -0.17203177322654672, 0.13484532394377924, 1, -1, 0.20230922398713347, 1, 0.11031479993117692, 0.575320158203342, -0.2989238024933481, -0.9857197795740812, -0.12468661346012347]
-56.57438659667969	(8, 12, 2)	[0.17590927849009197, 1, -0.021006597527916684, 0.6431397083874111, 0.9917758831433838, 0.22245476607868386, -0.27002224127109314, -0.021792743923198743, 0.3854100340525216, 0.1346765789997264, -0.7727080227940789, -0.015818671353703573, 0.793119529067307, 0.9938808940801848, -0.7963334117033039, -0.07613019001191083, -0.0671166778081482, -0.6584747549177836, 0.26235779000681736, -0.7539187065361668, -0.25179738277416164, -0.9261948777247757, -0.5538135334738516, 0.32428247916270425, 0.8508066779765828, -0.6644631096303588, -0.26888148119390926, -0.23264020735324292, -1, -0.297795607861597, 0.3402027582344146, 0.11788821555876339, -0.7894337068387363, -1, -0.12261275861634827, 0.3459871890928583, -0.261449950624417, 0.3150419144597636, 0.5470730918925899, -0.6300345890452013, -0.5272539510425849, -0.4291076525041989, 0.27979734137911527, -0.41577148667934394, -0.7974517649121298, 0.26303027472388446, 0.9685508554871862, -0.056224446094141955, 1, 0.2300724166854979, -0.4187378395164107, -0.09854446822800178, -0.24569581428777204, 0.5086965403229289, -0.9374435356518492, -0.03603972113437154, -0.9044156967964883, -0.3020604168532445, -0.1509183416259295, -0.21165900449960706, 0.24452666035440762, 0.9402768129816949, 0.6498044402123355, -0.7994099215403326, -1, -1, 1, -0.4749649608928792, -0.8290087403777358, 0.5708703948527426, 0.811910347335912, 0.01640355412298708, -0.7235070215406905, 0.15292623428475072, -0.49612185815764964, -0.27702922101371535, -0.4511725558800113, -1, 0.30712941063712307, 0.25843965240324684, 0.5384761022430267, -0.13074619880359034, -0.3424762002205711, 0.2661586457873143, -0.02255035724367921, -1, -0.1907722184166405, 1, -0.34959280024067463, 0.07089530459781103, -0.008941720580876666, 0.937408014127599, -0.8745405763814411, -0.9603317750024752, -0.6120664306391376, 0.6061035020449421, -0.12842340114797893, 0.9882762729209369, 0.7304850875835655, -0.2836357845852769, -0.2207955898567066, -0.7377469778639768, 0.7335428500182095, 0.9672367069763776, -0.6799943950416356, 0.7790286011718477, -0.28988224124513173, 0.07967479172708185, -0.7827576750189832, -0.47805065444178696, -1, 1, -0.7406599445631672, 0.20230922398713347, 0.1999632782163315, -0.1358910538415869, 0.6664020022645866, -0.5967084947482015, -0.4766097711482455, -0.1464589972004966]
-44.438621520996094	(8, 12, 2)	[-0.039414570525218406, 0.39645239194833115, -0.5727110639538554, 0.3240382287943397, 0.7156835102298008, 0.22245476607868386, -0.4250607272521299, 0.20047599328759128, -0.28181731606869, -0.3137187410339045, -0.8855325888582256, 0.18105458305658287, 0.7974153988994148, 0.9938808940801848, -0.8335223306174155, -0.021712555456042212, 0.05318452479335889, -1, -0.46464455787240855, -0.28241585544853604, -0.4195029444288302, -0.8216178373927282, -0.4213387125219711, 0.8121582306871069, 0.19740040225106398, -0.7577482967322565, 0.22640457080042395, 0.767377450414096, -0.9065003445809323, -0.4454218936335542, 0.22046092226722092, -0.5979397421119447, 0.4613883037050673, 0.11746529921694368, 0.5127943686445091, 0.03972470598842201, 0.21020002663053508, -0.2516898925479233, 1, -0.3402826461670627, -0.4851363168123207, -0.3443182093098934, 0.27979734137911527, -0.5773161741595852, -0.7887631947055005, 0.6108852966774108, 1, 0.4548674404309765, 1, 0.2300724166854979, -0.09820717593607209, 0.4673531863114333, -0.45238815294454915, 0.32053968679910755, -1, -3.3807837178885525e-05, -0.5878049419890027, -0.15751217876258386, -0.49417221593443206, 0.5421064193145261, -0.044901079846917324, 0.7292053800446443, -0.5561543953354915, -0.5207015569362323, -0.5625544410348453, -0.6376655947851958, 0.11057604912147385, 0.1860089979484462, -0.9790154264917191, 1, -0.7337551206383447, 0.5839542071088293, -0.45507136767716067, -1, -0.6442703788370244, -0.32263367887451966, -0.6445848696899527, -0.35334478143370035, 0.6390150050206942, 0.3110675330246694, 0.8961516043196386, 0.9415516442996855, 0.45806253702231264, 0.2661586457873143, 0.4665373969501744, -0.8925007116926031, -0.1907722184166405, 0.5263321543069828, -0.6055499105921934, 0.07492359556659857, -0.2925969931253427, 0.5451987157244131, -0.6728119772870718, -1, 0.1257441249581501, 1, -0.9644047397676663, 0.14705735585673663, 1, 0.5478839999277241, -0.1770197800532679, 0.7720686588064349, 0.6547093145900843, 0.5913384445883955, -0.39085507125744073, 0.809757040300967, -0.17678462487230934, 0.16037950344443336, -0.7827576750189832, -0.4411667888919978, -0.7065867949690618, 1, -0.9351153588572059, -0.056572126195406136, 0.09909984579734978, 0.019831794411354353, 0.8232843224877466, -0.5967084947482015, -0.3480965721707067, -0.2425699961464126]
-32.72052001953125	(8, 12, 2)	[0.17590927849009197, 1, 0.1021186449211035, 0.6431397083874111, 1, 0.22245476607868386, -0.3464485811016239, -0.021792743923198743, 0.3854100340525216, 0.1346765789997264, -0.8069456500453435, -0.015818671353703573, 0.6337980014503598, 0.99173062361175, -0.5865646877522279, -0.07613019001191083, -0.0671166778081482, -0.8206459884134885, -0.052586801520070184, -0.35291764276261983, 0.048751008110906824, -0.9727114544480676, -0.7940504078755866, 0.6442539384465149, 0.19740040225106398, -0.45463643660495057, -0.05772285625500323, 0.3277014476732769, -1, -0.5636983674665155, 0.9994411059665664, -0.3825644109893441, 0.1186102286361931, -0.2317619077233595, 0.7667503677393703, -0.0876125360063903, 0.30493437931799877, 0.6076652701666976, 1, -0.34167790530329745, -0.7703418333213135, -0.7770449689742165, -0.3823487434298036, -0.7917009599050612, -0.6001696296997121, 0.14530729689678412, 0.04732351915850677, 0.9682996585650351, -0.10448878159723654, 1, -0.09820717593607209, 0.30123563858384794, -0.5618717009238369, 0.3896203964492043, -1, -3.3807837178885525e-05, -0.39519147105804975, -0.2880592435828192, -0.3638187825374618, 0.6091324114769776, 0.8356198345282078, 0.6117497340099358, -0.24040131891106986, -0.5270917051943887, -1, -0.6810156447457064, 0.11192292385400071, 0.6738739451966745, -0.7974341506012956, -0.781120440575095, -0.0995227362835584, 0.9671985730957633, -0.18870650212671025, -1, -0.6859900072402493, -0.32263367887451966, -0.6445848696899527, -0.2654038018687067, 0.8198759063229506, 1, 0.823810385152027, 0.9415516442996855, 0.5032025436394337, 0.2661586457873143, -0.22378733444618334, -0.6159177449215822, -0.5459349095088901, 1, -0.6055499105921934, 0.07492359556659857, -0.035142545454963314, -0.508965981957554, 0.08252236960761425, 0.3654390986028362, 0.356324293460577, 0.4939883111396133, -0.11160018598659445, 0.23818800374150711, -0.4300358046138875, 0.023707035151488587, -0.6387696774916778, -0.17621516054032166, 1, 0.7053551257596082, 0.6004968220203207, 0.555706507596681, 0.4153074434249074, 0.6368783272051515, 0.35156529818231264, -0.17865497572803363, -0.8432367635157154, 1, -0.7406599445631672, 0.20230922398713347, 0.1999632782163315, 0.056041992387080686, 0.7244870270149717, -0.5967084947482015, -0.4766097711482455, -0.1464589972004966]
-45.327735900878906	(8, 12, 2)	[-0.039414570525218406, 0.39645239194833115, -0.5018940642176455, 0.3240382287943397, 0.7156835102298008, 0.22245476607868386, -0.4630544813987227, 0.12713472156177974, 0.2699836403164731, 0.13126761979120422, -0.7203797320671486, 0.022381122592746702, 0.793119529067307, 0.9938808940801848, -0.9093505945040018, -0.07613019001191083, -0.4768021042925493, -0.9198106182206616, -0.006306602834885967, -0.4414039041433804, -0.25179738277416164, -1, -0.5538135334738516, -0.30977283474117306, 0.5225283067554704, 0.25412408631514294, 0.9934128550066676, -0.47598197260388575, -0.6472238181647241, -0.17620135151762784, 0.35704993564598275, 0.1924880378083198, 0.121562629040246, -0.5414331312403305, 0.7469152566630635, 0.004103105725480394, 0.22621093504925202, -0.10833063285171524, 0.9037057001865456, -0.2601895414999418, -0.5390483285244198, -0.38838947347402525, 0.4680544153607321, -0.9719813699386927, -0.6388430436408338, 0.8278851042120868, 0.5941108971033784, 1, 0.9956311698013355, 0.2300724166854979, -0.13639209818576556, 0.42144084487502453, -0.5973637132294575, 0.6083090351440493, -1, -3.3807837178885525e-05, -0.39519147105804975, -0.3020604168532445, -0.14143423895371846, -0.7086002586972973, 0.035633652523119994, 1, -0.351745455566423, -0.5207015569362323, -0.2983124209099027, -0.5732185545790759, 0.11057604912147385, -0.16065033874194237, -0.9790154264917191, 0.7585223034644486, -0.7337551206383447, 0.5839542071088293, -0.45507136767716067, -1, -0.6442703788370244, 0.10350033470792946, -1, -0.7775824881380873, 0.5103139822929939, 1, 0.823810385152027, 0.9415516442996855, 0.5032025436394337, -0.10303920339824024, 1, -0.6159177449215822, -0.38118213736076434, 1, -0.5114025440098423, 0.1279993276323744, -0.05903180808395633, 1, -0.3670575889603791, -1, -0.976121037093607, 0.570391369452317, -0.25999657090549955, 0.6913045059588672, 0.37280371230506226, -0.20750542800625554, 0.022876629214544572, 0.5908008577920335, 0.7068104461281739, 0.5913384445883955, -0.39085507125744073, 0.7486206811343408, -0.17678462487230934, 0.16037950344443336, -0.7827576750189832, -0.4411667888919978, -0.7065867949690618, 1, -0.9351153588572059, -0.056572126195406136, 0.09909984579734978, 0.019831794411354353, 0.8232843224877466, -0.5967084947482015, -0.3480965721707067, -0.03579095826617071]
-42.482444763183594	(8, 12, 2)	[0.0702736764354552, 1, -0.021006597527916684, 0.6431397083874111, 0.9917758831433838, 0.22245476607868386, -0.27002224127109314, -0.021792743923198743, 0.16501073358429874, 0.1346765789997264, -0.7727080227940789, -0.015818671353703573, 0.8433215024397506, 0.9938808940801848, -0.7963334117033039, -0.21157970269655557, -0.0671166778081482, -0.6584747549177836, 0.32576122199622326, -0.7539187065361668, -0.018930017835354085, -0.9261948777247757, -0.5538135334738516, 0.32428247916270425, 0.8508066779765828, -0.6644631096303588, -0.26888148119390926, -0.23264020735324292, -1, -0.297795607861597, 0.6427351684614733, -0.859298684049097, 0.45252456372352723, -0.2871455808142358, 0.26235061130139375, -0.32583551002183075, -0.07111817962757933, -0.07627517868935146, 0.902115668610291, 0.11980186431214887, -0.5257926714318821, -0.35668538844366776, 0.8017772499054916, -0.515340104321549, -0.5592893346533018, 0.6108852966774108, 1, 0.4413410135869353, 1, 0.06522667952581152, 1, 0.3550871078576542, -0.6343540426169529, 0.36508067004825506, -0.3253571152801522, 0.20518909370029892, -0.6191597624917632, -0.3020604168532445, -0.5555391443256139, 0.9168164149547406, 0.5929225719757363, 0.8437271547273253, -0.3944406871755325, -0.34997473439964566, -1, -0.5051533868621504, 0.4733110740479539, -0.4749649608928792, -0.8290087403777358, 0.5708703948527426, 0.680557418005955, 0.01640355412298708, -0.7235070215406905, 0.4252496876880141, -0.49612185815764964, -0.27702922101371535, -0.4511725558800113, -1, 0.30712941063712307, 0.5014168960349831, 1, 0.3224191822462047, -0.46157903304303666, 0.5613997680812413, 0.4665373969501744, -1, 0.2172275953639694, 1, -1, 0.1550923379558451, -0.05838425982929013, 0.7345919065692705, -0.7442617171415098, -1, -0.42628318726486014, 0.6061035020449421, -0.12842340114797893, -0.4281148520623642, -0.4547312396287473, 0.6457480537323697, -0.5740779790333967, -0.7377469778639768, 0.4919222766591008, 0.9672367069763776, -0.5314895595475834, 0.7486206811343408, -0.28988224124513173, 0.07967479172708185, -0.7827576750189832, -0.47805065444178696, -1, 1, -0.76812102249476, 0.20230922398713347, 0.1999632782163315, -0.1358910538415869, 0.6664020022645866, -0.5967084947482015, -0.4766097711482455, -0.1464589972004966]
-37.45955276489258	(8, 12, 2)	[0.17590927849009197, 1, -0.021006597527916684, 0.6431397083874111, 0.9917758831433838, 0.22245476607868386, -0.3882883776487092, -0.021792743923198743, 0.3854100340525216, 0.1346765789997264, -0.918033396214565, -0.015818671353703573, 0.793119529067307, 0.9938808940801848, -0.6705407583896238, 0.03140137324231934, -0.16405431343793855, -0.8911551241934766, 0.19477791416807147, -0.4563263215429349, -0.19932651073575014, -0.9611372916055126, -0.5538135334738516, 0.7860767020495766, 0.7098842824657933, -0.6644631096303588, -0.23534999463269407, 0.15594689529454842, -1, -0.297795607861597, 0.835468814940913, -0.6508046880930987, 0.4613883037050673, -0.2317619077233595, -0.12261275861634827, 0.2919693848808552, -0.24887609941910535, 0.3150419144597636, 0.5470730918925899, -0.6300345890452013, -0.4156102949834929, -0.4291076525041989, 0.27979734137911527, -0.41577148667934394, -0.7974517649121298, 0.26303027472388446, 0.9685508554871862, -0.056224446094141955, 0.9699676344196262, 0.2995184631324036, -0.4187378395164107, -0.09854446822800178, -0.24569581428777204, 0.5086965403229289, -0.9374435356518492, -0.03603972113437154, -0.9044156967964883, -0.3020604168532445, -0.1509183416259295, -0.21165900449960706, 0.24452666035440762, 0.9402768129816949, 0.6498044402123355, -0.7994099215403326, -1, -1, 1, -0.4749649608928792, -0.8290087403777358, 0.553287374752195, 0.811910347335912, 0.01640355412298708, -0.7235070215406905, 0.15292623428475072, -0.49612185815764964, -0.27702922101371535, -0.4511725558800113, -0.9741936318895861, 0.2376182386015545, 0.17443298154645226, 0.5384761022430267, -0.13074619880359034, -0.3424762002205711, 0.2661586457873143, -0.10470225973075362, -1, -0.1907722184166405, 1, -0.34959280024067463, 0.07089530459781103, -0.008941720580876666, 0.937408014127599, -0.8745405763814411, -0.8222422231331976, -0.6120664306391376, 0.7251447772759361, -0.12842340114797893, 0.8342468302547027, 0.29223864093756324, -0.2571231418464311, -0.048071911697930486, -0.7377469778639768, 1, 1, 0.6004968220203207, 0.41248464367018284, -0.28988224124513173, 0.07967479172708185, -0.7827576750189832, -0.47805065444178696, -1, 1, -0.7810316866920306, 0.20230922398713347, 0.1999632782163315, -0.1358910538415869, 0.6664020022645866, -0.5967084947482015, -0.6152684634028732, -0.1464589972004966]
-45.148494720458984	(8, 12, 2)	[0.0702736764354552, 1, -0.021006597527916684, 0.6431397083874111, 0.9917758831433838, 0.22245476607868386, -0.27002224127109314, -0.021792743923198743, 0.16501073358429874, 0.1346765789997264, -0.7727080227940789, -0.015818671353703573, 0.8433215024397506, 0.9938808940801848, -0.7963334117033039, -0.21157970269655557, -0.0671166778081482, -0.6584747549177836, 0.32576122199622326, -0.7539187065361668, -0.018930017835354085, -0.9261948777247757, -0.5538135334738516, 0.32428247916270425, 0.8508066779765828, -0.6644631096303588, -0.26888148119390926, -0.23264020735324292, -1, -0.297795607861597, 0.6427351684614733, -1, 0.45252456372352723, -0.2871455808142358, 0.26235061130139375, -0.32583551002183075, -0.07111817962757933, -0.032168079899906714, 0.902115668610291, 0.11980186431214887, -0.5257926714318821, -0.35668538844366776, 0.8017772499054916, -0.515340104321549, -0.5592893346533018, 0.6108852966774108, 1, 0.4413410135869353, 1, 0.06522667952581152, 1, 0.3550871078576542, -0.6343540426169529, 0.36508067004825506, -0.3253571152801522, 0.20518909370029892, -0.6191597624917632, -0.3020604168532445, -0.5555391443256139, 0.9168164149547406, 0.5929225719757363, 0.8437271547273253, -0.3944406871755325, -0.34997473439964566, -1, -0.5051533868621504, 0.4733110740479539, -0.4749649608928792, -0.8290087403777358, 0.5708703948527426, 0.680557418005955, 0.01640355412298708, -0.7235070215406905, 0.4252496876880141, -0.49612185815764964, -0.6106370380769393, -0.5906754137172303, -1, 0.30712941063712307, 0.5014168960349831, 1, 0.3224191822462047, -0.46157903304303666, 0.5613997680812413, 0.4665373969501744, -1, 0.2172275953639694, 1, -1, 0.1550923379558451, -0.05838425982929013, 0.7345919065692705, -0.7442617171415098, -1, -0.42628318726486014, 0.6061035020449421, -0.12842340114797893, -0.4281148520623642, -0.4547312396287473, 0.6457480537323697, -0.5740779790333967, -0.7377469778639768, 0.4919222766591008, 0.9672367069763776, -0.5314895595475834, 0.7486206811343408, -0.28988224124513173, 0.07967479172708185, -0.7827576750189832, -0.47805065444178696, -1, 1, -0.76812102249476, 0.20230922398713347, 0.18343695145074967, -0.1358910538415869, 0.6664020022645866, -0.5967084947482015, -0.4766097711482455, -0.1464589972004966]
-19.776105880737305	(8, 12, 2)	[0.0702736764354552, 1, -0.021006597527916684, 0.6431397083874111, 0.9917758831433838, 0.22245476607868386, -0.27002224127109314, -0.021792743923198743, 0.16501073358429874, 0.1346765789997264, -0.7727080227940789, -0.015818671353703573, 0.8433215024397506, 0.9938808940801848, -0.7963334117033039, -0.21157970269655557, -0.0671166778081482, -0.6584747549177836, 0.32576122199622326, -0.7539187065361668, -0.018930017835354085, -0.9261948777247757, -0.5538135334738516, 0.32428247916270425, 0.8508066779765828, -0.6644631096303588, -0.26888148119390926, -0.23264020735324292, -1, -0.297795607861597, 0.6427351684614733, -1, 0.45252456372352723, -0.2871455808142358, 0.26235061130139375, -0.32583551002183075, -0.07111817962757933, -0.032168079899906714, 0.902115668610291, 0.11980186431214887, -0.5257926714318821, -0.35668538844366776, 0.8017772499054916, -0.515340104321549, -0.5592893346533018, 0.6108852966774108, 1, 0.4413410135869353, 1, 0.06522667952581152, 1, 0.3550871078576542, -0.6343540426169529, 0.36508067004825506, -0.3253571152801522, 0.20518909370029892, -0.6191597624917632, -0.3020604168532445, -0.5555391443256139, 0.9168164149547406, 0.5929225719757363, 0.8437271547273253, -0.3944406871755325, -0.34997473439964566, -1, -0.5051533868621504, 0.4733110740479539, -0.4749649608928792, -0.8290087403777358, 0.5708703948527426, 0.680557418005955, 0.01640355412298708, -0.7235070215406905, 0.4252496876880141, -0.49612185815764964, -0.6106370380769393, -0.5906754137172303, -1, 0.30712941063712307, 0.5014168960349831, 1, 0.3224191822462047, -0.46157903304303666, 0.5613997680812413, 0.4665373969501744, -1, 0.2172275953639694, 1, -1, 0.1550923379558451, -0.05838425982929013, 0.7345919065692705, -0.7442617171415098, -1, -0.42628318726486014, 0.6061035020449421, -0.12842340114797893, -0.4281148520623642, -0.4547312396287473, 0.6457480537323697, -0.5740779790333967, -0.7377469778639768, 0.4919222766591008, 0.9672367069763776, -0.5314895595475834, 0.7486206811343408, -0.28988224124513173, 0.07967479172708185, -0.7827576750189832, -0.47805065444178696, -1, 1, -0.76812102249476, 0.20230922398713347, 0.18343695145074967, -0.1358910538415869, 0.6664020022645866, -0.5967084947482015, -0.4766097711482455, -0.1464589972004966]
-27.569889068603516	(8, 12, 2)	[0.0702736764354552, 1, -0.021006597527916684, 0.6431397083874111, 0.9917758831433838, 0.22245476607868386, -0.27002224127109314, -0.021792743923198743, 0.16501073358429874, 0.1346765789997264, -0.7727080227940789, -0.015818671353703573, 0.8433215024397506, 0.9938808940801848, -0.7963334117033039, -0.21157970269655557, -0.0671166778081482, -0.6584747549177836, 0.32576122199622326, -0.7539187065361668, -0.018930017835354085, -0.9261948777247757, -0.5538135334738516, 0.32428247916270425, 0.8508066779765828, -0.6644631096303588, -0.26888148119390926, -0.23264020735324292, -1, -0.297795607861597, 0.6427351684614733, -1, 0.45252456372352723, -0.2871455808142358, 0.26235061130139375, -0.32583551002183075, -0.07111817962757933, -0.032168079899906714, 0.902115668610291, 0.11980186431214887, -0.5257926714318821, -0.35668538844366776, 0.8017772499054916, -0.515340104321549, -0.5592893346533018, 0.6108852966774108, 1, 0.4413410135869353, 1, 0.06522667952581152, 1, 0.3550871078576542, -0.6343540426169529, 0.36508067004825506, -0.3253571152801522, 0.20518909370029892, -0.6191597624917632, -0.3020604168532445, -0.5555391443256139, 0.9168164149547406, 0.5929225719757363, 0.8437271547273253, -0.3944406871755325, -0.34997473439964566, -1, -0.5051533868621504, 0.4733110740479539, -0.4749649608928792, -0.8290087403777358, 0.5708703948527426, 0.680557418005955, 0.01640355412298708, -0.7235070215406905, 0.4252496876880141, -0.49612185815764964, -0.6106370380769393, -0.5906754137172303, -1, 0.30712941063712307, 0.5014168960349831, 1, 0.3224191822462047, -0.46157903304303666, 0.5613997680812413, 0.4665373969501744, -1, 0.2172275953639694, 1, -1, 0.1550923379558451, -0.05838425982929013, 0.7345919065692705, -0.7442617171415098, -1, -0.42628318726486014, 0.6061035020449421, -0.12842340114797893, -0.4281148520623642, -0.4547312396287473, 0.6457480537323697, -0.5740779790333967, -0.7377469778639768, 0.4919222766591008, 0.9672367069763776, -0.5314895595475834, 0.7486206811343408, -0.28988224124513173, 0.07967479172708185, -0.7827576750189832, -0.47805065444178696, -1, 1, -0.76812102249476, 0.20230922398713347, 0.18343695145074967, -0.1358910538415869, 0.6664020022645866, -0.5967084947482015, -0.4766097711482455, -0.1464589972004966]
-27.64693832397461	(8, 12, 2)	[0.0702736764354552, 1, 0.288991348027713, 0.6431397083874111, 0.9917758831433838, 0.22245476607868386, -0.10462838767468471, -0.0012576725205406536, 0.16501073358429874, -0.07702772368114832, -0.7727080227940789, -0.015818671353703573, 0.9389702690829388, 0.9938808940801848, -0.7963334117033039, -0.21157970269655557, -0.15053268994824967, -0.6584747549177836, 0.32576122199622326, -0.7539187065361668, -0.018930017835354085, -0.9261948777247757, -0.7930620051562215, 0.32428247916270425, 0.8508066779765828, -0.6644631096303588, -0.104715416487773, -0.3393135572569153, -0.9185888175946151, -0.297795607861597, 0.6427351684614733, -0.6791416622446727, 0.45252456372352723, -0.2871455808142358, 0.26235061130139375, -0.32583551002183075, 0.17755727131468216, -0.07627517868935146, 0.5037229825004688, 0.11980186431214887, -0.7165177692863387, -0.28919693394910284, 0.8017772499054916, -0.1260501369978792, -0.5592893346533018, 0.1323219017472806, 0.9871677247207811, 0.4413410135869353, 1, 0.06522667952581152, 1, 0.3550871078576542, -0.6343540426169529, 0.4182734770097604, -0.27286634567317347, 0.09412036292472284, -0.34889878672059904, -0.3020604168532445, -0.5555391443256139, 0.9168164149547406, 0.5929225719757363, 0.6117497340099358, -0.2706198199866306, -0.42085147448769966, -1, -0.5051533868621504, 0.3401842170962468, -0.4749649608928792, -0.6663108661837533, 0.5708703948527426, 0.680557418005955, 0.01640355412298708, -0.7235070215406905, 0.4252496876880141, -0.49612185815764964, -0.27702922101371535, -0.4511725558800113, -1, 0.30712941063712307, 0.3439505966530839, 1, 0.3224191822462047, -0.46157903304303666, 0.49047569572703625, 0.4665373969501744, -1, 0.2172275953639694, 1, -1, 0.1550923379558451, -0.023338348546462356, 0.6714133375363742, -0.9724959303326517, -1, -0.42628318726486014, 0.6061035020449421, -0.12842340114797893, 0.016892005021687792, 0.7304850875835655, -0.2836357845852769, -0.4267837154070399, -0.17621516054032166, 0.9017647472070521, 1, 0.9253755222075462, 0.5011957099282789, 0.40757580194684967, 0.2979732686713016, 0.3810075688998236, -0.3126112791070552, -0.8772336251596068, 0.11302030138422858, -0.770032936318456, 0.2008734372328343, 0.1999632782163315, -0.1358910538415869, 0.6664020022645866, -0.5967084947482015, -0.4766097711482455, -0.1464589972004966]
-20.197052001953125	(8, 12, 2)	[0.0702736764354552, 1, -0.021006597527916684, 0.6431397083874111, 0.9917758831433838, 0.22245476607868386, -0.27002224127109314, 0.11611120616943518, 0.16501073358429874, 0.1346765789997264, -0.7727080227940789, -0.015818671353703573, 0.7836919247057423, 0.9938808940801848, -0.7963334117033039, -0.21157970269655557, -0.0671166778081482, -0.6584747549177836, 0.32576122199622326, -0.7539187065361668, -0.018930017835354085, -0.9261948777247757, -0.5538135334738516, 0.32428247916270425, 0.8508066779765828, -0.6644631096303588, -0.26888148119390926, -0.23264020735324292, -1, -0.297795607861597, 0.6427351684614733, -1, 0.45252456372352723, -0.2871455808142358, 0.26235061130139375, -0.32583551002183075, -0.07111817962757933, -0.032168079899906714, 0.902115668610291, 0.11980186431214887, -0.5257926714318821, -0.35668538844366776, 0.8017772499054916, -0.515340104321549, -0.5592893346533018, 0.6108852966774108, 1, 0.4413410135869353, 0.8973555411621795, 0.06522667952581152, 1, 0.3550871078576542, -0.6343540426169529, 0.36508067004825506, -0.3253571152801522, 0.20518909370029892, -0.4672571442538549, -0.3020604168532445, -0.5555391443256139, 0.9168164149547406, 0.5929225719757363, 0.8437271547273253, -0.3944406871755325, -0.34997473439964566, -0.9642617766383047, -0.5051533868621504, 0.4733110740479539, -0.4749649608928792, -0.8290087403777358, 0.5708703948527426, 0.680557418005955, -0.08118629164079341, -0.7235070215406905, 0.4252496876880141, -0.49612185815764964, -0.6106370380769393, -0.5906754137172303, -1, 0.30712941063712307, 0.5014168960349831, 1, 0.22082912371735547, -0.46157903304303666, 0.5613997680812413, 0.4665373969501744, -1, 0.2172275953639694, 1, -1, 0.1550923379558451, 0.2820678675240146, 0.7345919065692705, -0.7442617171415098, -1, -0.42628318726486014, 0.6061035020449421, -0.12842340114797893, 0.016892005021687792, 0.7304850875835655, 0.011239003823056426, -0.6387696774916778, -0.17621516054032166, 1, 0.9672367069763776, -0.5314895595475834, 0.7486206811343408, -0.28988224124513173, 0.07967479172708185, -0.7827576750189832, -0.47805065444178696, -0.9664174121238334, 1, -0.76812102249476, 0.20230922398713347, 0.18343695145074967, -0.1358910538415869, 0.6664020022645866, -0.5967084947482015, -0.4766097711482455, -0.1464589972004966]
-29.851558685302734	(8, 12, 2)	[0.17590927849009197, 1, -0.021006597527916684, 0.6431397083874111, 0.785238776298909, 0.22245476607868386, -0.3882883776487092, -0.021792743923198743, 0.06726373950506691, 0.1346765789997264, -1, -0.015818671353703573, 0.793119529067307, 1, -0.7963334117033039, -0.08477238370969219, 0.022158507907551292, -0.8911551241934766, 0.19477791416807147, -0.4563263215429349, -0.19932651073575014, -0.9611372916055126, -0.5538135334738516, 0.7860767020495766, 0.235114168536522, -0.6644631096303588, -0.23534999463269407, 0.13508604858818923, -1, -0.297795607861597, 0.9671548632889717, -0.6508046880930987, 0.4613883037050673, -0.2317619077233595, -0.12261275861634827, 0.2919693848808552, -0.24887609941910535, 0.33189761549571456, 0.5470730918925899, -0.6300345890452013, -0.4156102949834929, -0.4291076525041989, 0.2901198064109844, -0.41577148667934394, -0.7974517649121298, 0.26303027472388446, 0.9685508554871862, -0.0874044804226273, 1, 0.2995184631324036, -0.47121189276297615, -0.09854446822800178, -0.4921218561911885, 0.5086965403229289, -0.9165228309941945, -0.06082913484664991, -0.556733600909388, -0.3020604168532445, -0.1509183416259295, 0.18090320831231488, 0.6174619888923188, 0.6117497340099358, -0.24040131891106986, -0.4293733595025086, -1, -1, 0.036349038338110345, 0.2774122902961549, -0.36855793318584135, -0.6594372020682304, 0.22885068856527221, 1, -0.18870650212671025, -1, -0.5748909830860084, -0.32263367887451966, -0.6445848696899527, -0.2654038018687067, 0.8198759063229506, 0.7784730663965693, 0.823810385152027, 0.9415516442996855, -0.2490718376832907, 0.24305508112768048, 0.07839741900092317, -1, -0.14773011524744753, 1, -0.5322468198097312, 0.4491218372788971, 0.43238180178560365, 0.937408014127599, -0.8509260808648174, -0.9603317750024752, 0.1257441249581501, 1, -0.2771634013623415, -0.12964296000845857, 0.7304850875835655, -0.2836357845852769, -0.09648149113654146, -0.682944759289472, 0.6470771006004887, 0.3326585073664638, -0.6578468256271115, 0.4287823739847665, -0.17678462487230934, -0.004432169722141402, -0.8153510838976121, -0.4411667888919978, -0.5365832507171855, 1, -1, 0.4155249997547519, -0.10263023168992372, -0.35737173722420723, 0.5792709004464155, -0.6668802879040683, -0.4766097711482455, -0.17322226179108122]
-31.691286087036133	(8, 12, 2)	[0.17590927849009197, 1, -0.021006597527916684, 0.6431397083874111, 0.785238776298909, 0.22245476607868386, -0.3882883776487092, -0.021792743923198743, 0.06726373950506691, 0.1346765789997264, -1, -0.015818671353703573, 0.793119529067307, 1, -0.7963334117033039, -0.08477238370969219, 0.022158507907551292, -0.8911551241934766, 0.19477791416807147, -0.4563263215429349, -0.19932651073575014, -0.9611372916055126, -0.5538135334738516, 0.7860767020495766, 0.235114168536522, -0.6644631096303588, -0.23534999463269407, 0.13508604858818923, -1, -0.297795607861597, 0.9671548632889717, -0.6508046880930987, 0.4613883037050673, -0.2317619077233595, -0.12261275861634827, 0.2919693848808552, -0.24887609941910535, 0.33189761549571456, 0.5470730918925899, -0.6300345890452013, -0.4156102949834929, -0.4291076525041989, 0.2901198064109844, -0.41577148667934394, -0.7974517649121298, 0.26303027472388446, 0.9685508554871862, -0.0874044804226273, 1, 0.2995184631324036, -0.478968713819366, -0.09854446822800178, -0.4921218561911885, 0.5086965403229289, -0.9165228309941945, -0.06082913484664991, -0.556733600909388, -0.3020604168532445, -0.1509183416259295, 0.18090320831231488, 0.6174619888923188, 0.6117497340099358, -0.24040131891106986, -0.4293733595025086, -1, -1, 0.1662594131492955, 0.2774122902961549, -0.36855793318584135, -0.6594372020682304, 0.22885068856527221, 1, -0.18870650212671025, -1, -0.5748909830860084, -0.4626797408183566, -0.6445848696899527, -0.2654038018687067, 0.8198759063229506, 0.7784730663965693, 0.823810385152027, 0.9415516442996855, -0.2490718376832907, 0.24305508112768048, 0.07839741900092317, -1, -0.14773011524744753, 1, -0.5322468198097312, 0.4491218372788971, 0.43238180178560365, 0.937408014127599, -0.8509260808648174, -0.9603317750024752, 0.1257441249581501, 1, -0.2771634013623415, -0.1319113073361859, 0.7304850875835655, -0.2836357845852769, -0.09648149113654146, -0.682944759289472, 0.6470771006004887, 0.3326585073664638, -0.6578468256271115, 0.4287823739847665, -0.15286330868165032, -0.004432169722141402, -0.8153510838976121, -0.4411667888919978, -0.5365832507171855, 1, -1, 0.4155249997547519, -0.10263023168992372, -0.35737173722420723, 0.5792709004464155, -0.6668802879040683, -0.4766097711482455, -0.17322226179108122]
-40.501338958740234	(8, 12, 2)	[0.22636569012023602, 1, -0.021006597527916684, 0.6343161166992684, 0.9917758831433838, 0.22245476607868386, -0.3464485811016239, 0.003814842598396137, 0.7055948331596037, 0.1346765789997264, -0.8654947632796782, -0.015818671353703573, 0.6337980014503598, 0.99173062361175, -0.9093505945040018, -0.5145294902013029, 0.014322376477839543, -0.6156838324541586, 0.36780687863424827, -0.4414039041433804, -0.2329184543243808, -1, -0.5496575013935757, -0.30977283474117306, 0.5225283067554704, 0.25412408631514294, 0.7627610672286148, 0.17263827730832892, -0.873920353408784, -0.36614645371322946, -0.08516951219593719, 0.11495685754867788, -0.7894337068387363, -1, 0.39370626619198423, 0.13078295337888862, 0.21020002663053508, -0.2516898925479233, 0.7228640524275892, -0.2080859394909137, -0.6009093615817507, -0.3833614695828675, 0.27979734137911527, -0.9391212278152885, -0.6129281402423946, 0.36346181483049744, 0.8407913937944546, 0.7620788234536073, 0.5523189526786554, 0.3667607595736575, -0.08188355921988269, 0.4673531863114333, -0.45238815294454915, -0.013162885887595122, -1, -0.25565191026383544, -0.39519147105804975, -0.15751217876258386, -0.14143423895371846, 0.5421064193145261, -0.044901079846917324, 0.5218306821243923, -0.5561543953354915, -0.47880408791255546, -0.15398507782326465, -1, 1, -0.4749649608928792, -0.8290087403777358, 0.7708059091410069, 0.680557418005955, 0.01640355412298708, -0.7235070215406905, 0.4252496876880141, -0.49612185815764964, -0.6106370380769393, -0.924768517348594, -1, 0.30712941063712307, 0.5014168960349831, 1, 0.3224191822462047, -0.46157903304303666, 0.5613997680812413, 0.22658182902945867, -0.9973110350621299, 0.2172275953639694, 0.914642561123603, -1, 0.09088312645643318, -0.05838425982929013, 0.7345919065692705, -0.35061586409731066, -1, -0.42628318726486014, 0.6061035020449421, -0.12842340114797893, 0.016892005021687792, 0.7304850875835655, 0.011239003823056426, -0.6387696774916778, -0.17621516054032166, 1, 1, 0.9253755222075462, 0.3296734284396064, 0.40757580194684967, 0.2979732686713016, 0.3810075688998236, -0.3126112791070552, -0.8772336251596068, 0.11302030138422858, -0.770032936318456, 0.2008734372328343, 0.1999632782163315, -0.1358910538415869, 0.5853155080538677, -0.5967084947482015, -0.4766097711482455, -0.1464589972004966]
-33.61402893066406	(8, 12, 2)	[0.43568504407740744, 1, -0.021006597527916684, 0.48375212736609874, 0.9917758831433838, 0.22245476607868386, -0.27002224127109314, -0.15443268502592886, 0.16501073358429874, 0.1741797053792883, -0.48860896727511716, -0.1694493534983106, 0.8433215024397506, 0.9938808940801848, -0.7963334117033039, -0.23717610854272922, -0.0671166778081482, -0.6584747549177836, 0.32576122199622326, -0.7539187065361668, -0.018930017835354085, -0.9261948777247757, -0.5538135334738516, 0.32428247916270425, 0.8508066779765828, -0.6644631096303588, -0.104715416487773, -0.26521115499407244, -0.5945495554536777, -0.297795607861597, 0.6427351684614733, -0.6791416622446727, 0.45252456372352723, -0.2871455808142358, 0.26235061130139375, -0.32583551002183075, 0.17755727131468216, -0.07627517868935146, 0.5037229825004688, 0.11980186431214887, -0.7165177692863387, -0.28919693394910284, 0.8017772499054916, -0.4211099183235522, -0.7848605083630263, 0.1323219017472806, 1, 0.4413410135869353, 1, 0.06522667952581152, 1, 0.3550871078576542, -0.6343540426169529, 0.36508067004825506, -0.3253571152801522, 0.20518909370029892, -0.6191597624917632, -0.3020604168532445, -0.5555391443256139, 0.9168164149547406, 0.4795089191171432, 0.8437271547273253, -0.03881426966087026, -0.34997473439964566, -1, -0.437461600190997, 0.40694812124485236, -0.8416670555169223, -0.8290087403777358, 0.5749755749309539, 0.8284006764860142, 0.01640355412298708, -0.7235070215406905, 0.4252496876880141, -0.39867829366807384, -0.6106370380769393, -0.5906754137172303, -1, 0.30712941063712307, 0.5014168960349831, 1, 0.3224191822462047, -0.46157903304303666, 0.5613997680812413, 0.7200684275126947, -1, 0.2172275953639694, 1, -1, 0.1550923379558451, -0.023338348546462356, 0.6714133375363742, -0.9724959303326517, -1, -0.23252323423730029, 0.6061035020449421, -0.43111563468421743, 0.016892005021687792, 0.616307029044207, -0.2836357845852769, -0.35080073513637666, -0.7780891952925211, 0.8190978381626663, 0.9672367069763776, -0.5072174230729148, 0.7486206811343408, -0.28988224124513173, 0.07967479172708185, -0.7827576750189832, -0.8234830518689494, -1, 1, -0.6855058611329664, 0.20230922398713347, 0.1999632782163315, -0.09621177013866919, 0.6299261286160097, -0.46268558553621286, -0.5201351058937208, -0.1464589972004966]
-33.915191650390625	(8, 12, 2)	[-0.039414570525218406, 0.43539187030149007, -0.2083885277017304, 0.1493040706053192, 0.7156835102298008, 0.7454029148179937, -0.4250607272521299, 0.1072324533909566, -0.28181731606869, -0.6426029933181264, -0.6932118930344988, 0.2555144793042949, 0.4659825146732561, 0.9938808940801848, -0.7880289540729174, 0.06686837394973646, 0.25528462089048404, -1, -0.052586801520070184, -0.22960790370756995, -0.40678717801155123, -0.9425621292118028, -0.24238340199634997, 0.6800751864355541, -0.0158425660443694, -0.6274830039214869, 0.16341397832780657, 0.27093897954382595, -0.9500612884660402, -1, 0.9115531005787436, -1, 0.48906364864146135, -0.29121282242415186, 0.3235098078343086, -0.2550073100117814, -0.15345677364122126, 0.03419974288264392, 0.4832856012800424, 0.048245285683569755, -0.4602937460663125, -0.16520333085442385, 0.18313163289625034, -0.8219944477535563, -0.7974517649121298, -0.02744011445468042, 0.5361177176151961, 0.6498569264345178, 1, -0.1962907623525454, -0.11007258644915766, 0.3255408140108435, -0.5328183901726927, 0.9590731583522493, -1, 0.05988581553353983, -0.39591655527915615, -0.3020604168532445, -0.27788713278516536, 1, -0.24486169316613204, 1, -0.5561543953354915, -0.3068688171378947, -0.09069767899292923, -0.6069760451498724, 0.5453599287844787, 0.04999480153388261, -0.9688244580034343, 0.6048446999200063, -0.3465831698127786, 0.4202849931271646, -0.12855860707044037, -0.750098574018342, -0.5425023409536247, 0.27663095764020956, -0.6496184133520579, -0.7775824881380873, 0.6988893072959799, 0.995163300972926, 0.8776243363510391, 0.9415516442996855, 0.6401896209389302, -0.10303920339824024, 1, -0.6159177449215822, -0.28892761793740657, 1, -0.5114025440098423, 0.1354993969539271, -0.008941720580876666, 0.937408014127599, 0.03402612277652045, 0.6314992680990632, 0.3611071228635673, 0.4939883111396133, -0.11160018598659445, 0.23818800374150711, -0.568517024603359, -0.28184977406939926, -0.6387696774916778, -0.17621516054032166, 1, 1, 0.8414871498146338, 0.555706507596681, 0.4153074434249074, -0.05049060725803951, -0.7217349998750273, -0.4411667888919978, -0.5365832507171855, 0.5221013439093157, -0.9923638334391911, 0.4155249997547519, 0.1999632782163315, 0.3623421078560454, 0.575320158203342, -0.5967084947482015, -0.6138490492106335, -0.2425699961464126]
-28.93045997619629	(8, 12, 2)	[0.43568504407740744, 1, -0.021006597527916684, 0.5608280304503859, 0.6708116067682397, 0.22245476607868386, -0.27907631226938545, -0.019267905080202208, 0.3854100340525216, 0.27635926489057194, -0.8213962661061782, -0.015818671353703573, 0.793119529067307, 0.9462361130911179, -0.7963334117033039, 0.2889016277404094, -0.0671166778081482, -0.9568360965864722, -0.052586801520070184, -0.3691956498069203, -0.40678717801155123, -0.9425621292118028, -0.24238340199634997, 0.6355632175124277, -0.0158425660443694, -0.7408969557374493, 0.16341397832780657, 0.3277014476732769, -0.950991580576315, -0.6535466965848631, 0.9115531005787436, -1, 0.48906364864146135, -0.29121282242415186, 0.307517172968234, -0.2550073100117814, -0.15345677364122126, 0.17463603754456453, 0.4832856012800424, 0.048245285683569755, -0.4602937460663125, -0.2669879578855251, 0.8017772499054916, -0.4211099183235522, -0.5592893346533018, 0.2411242151397568, 1, 0.4413410135869353, 1, 0.06522667952581152, 1, 0.246604199674207, -0.6343540426169529, 0.4182734770097604, -0.15850885875872517, 0.09412036292472284, -0.34889878672059904, -0.3020604168532445, -0.5234976824163466, 0.9168164149547406, 0.5111249979844814, 0.6117497340099358, -0.2706198199866306, -0.42085147448769966, -1, -0.5051533868621504, 0.3401842170962468, -0.4749649608928792, -0.8290087403777358, 0.5708703948527426, 0.680557418005955, -0.08118629164079341, -0.8616674084613043, 0.4252496876880141, -0.49612185815764964, -0.8386313204723406, -0.5906754137172303, -1, 0.30712941063712307, 0.5014168960349831, 1, 0.22082912371735547, -0.46157903304303666, 0.5613997680812413, 0.4665373969501744, -0.8161716495614002, 0.2172275953639694, 1, -1, 0.1350865741877217, 0.23604879712400492, 0.7345919065692705, -0.7442617171415098, -1, -0.23252323423730029, 0.6061035020449421, -0.43111563468421743, -0.34219961168977503, 0.616307029044207, 0.17437497702049182, -0.35080073513637666, -0.7780891952925211, 0.8190978381626663, 1, -0.6799943950416356, 0.7486206811343408, -0.28988224124513173, 0.07967479172708185, -0.7827576750189832, -0.8234830518689494, -1, 1, -0.6855058611329664, 0.052854701073772076, 0.1999632782163315, -0.09621177013866919, 0.6299261286160097, -0.46268558553621286, -0.528831453242045, -0.1464589972004966]
-19.673982620239258	(8, 12, 2)	[0.0234518176934205, 0.9071926594195929, -0.021006597527916684, 0.6343161166992684, 0.9917758831433838, 0.22245476607868386, -0.22548969793303503, 0.003814842598396137, 0.7055948331596037, 0.1346765789997264, -0.8654947632796782, -0.015818671353703573, 0.6337980014503598, 0.99173062361175, -0.9093505945040018, -0.5145294902013029, 0.014322376477839543, -0.6156838324541586, 0.36780687863424827, -0.4414039041433804, -0.3881523356026954, -1, -0.5496575013935757, -0.30977283474117306, 0.1486821248108831, 0.25412408631514294, 0.7627610672286148, 0.17263827730832892, -0.873920353408784, -0.3671901013890828, -0.08516951219593719, 0.11495685754867788, -0.7894337068387363, -1, 0.39370626619198423, 0.13078295337888862, 0.21020002663053508, -0.2516898925479233, 0.7228640524275892, -0.2080859394909137, -0.6009093615817507, -0.3833614695828675, 0.27979734137911527, -0.9391212278152885, -0.6129281402423946, 0.36346181483049744, 0.8407913937944546, 0.7620788234536073, 0.5523189526786554, 0.2273486931561397, -0.08188355921988269, 0.4673531863114333, -0.45238815294454915, -0.013162885887595122, -1, -0.25565191026383544, -0.39519147105804975, -0.15751217876258386, -0.18267622624608182, 0.5147491999049602, 0.5929225719757363, 0.8437271547273253, -0.3944406871755325, -0.9237942845348736, -0.9427052832062204, -0.9101704415127075, 1, -0.4749649608928792, -0.8290087403777358, 0.35655542501731985, 1, 0.01640355412298708, -0.7235070215406905, 0.10478175233326187, -0.44565579401659694, -0.27702922101371535, -0.20658141054995113, -1, 0.30712941063712307, 0.5014168960349831, 1, 0.09147115116014135, -0.5431453411524394, 0.8057981069515302, 0.04835775692904837, -1, -0.1907722184166405, 1, -0.5343962854777935, 0.5375611909939046, -0.008941720580876666, 0.937408014127599, -0.8509260808648174, -1, -0.42628318726486014, 0.6061035020449421, -0.12842340114797893, 0.016892005021687792, 0.7304850875835655, 0.011239003823056426, -0.6387696774916778, -0.4833590307017366, 1, 1, 0.8479654518046804, 0.3296734284396064, 0.40757580194684967, 0.2979732686713016, 0.3810075688998236, -0.3126112791070552, -0.8772336251596068, 0.11302030138422858, -0.770032936318456, 0.2008734372328343, 0.1999632782163315, -0.1358910538415869, 0.779103679332515, -0.5967084947482015, -0.4766097711482455, -0.1464589972004966]
-20.714290618896484	(8, 12, 2)	[0.43568504407740744, 1, -0.021006597527916684, 0.5608280304503859, 0.6708116067682397, 0.23328025145326656, -0.27907631226938545, -0.019267905080202208, 0.3854100340525216, 0.27635926489057194, -0.8213962661061782, -0.015818671353703573, 0.793119529067307, 0.9462361130911179, -0.7963334117033039, 0.2889016277404094, -0.0671166778081482, -0.9568360965864722, -0.052586801520070184, -0.3691956498069203, -0.40678717801155123, -0.9425621292118028, -0.24238340199634997, 0.6355632175124277, -0.0158425660443694, -0.7408969557374493, 0.16341397832780657, 0.3277014476732769, -0.950991580576315, -0.6535466965848631, 0.9115531005787436, -1, 0.48906364864146135, -0.29121282242415186, 0.307517172968234, -0.2550073100117814, -0.15345677364122126, 0.17463603754456453, 0.4832856012800424, 0.048245285683569755, -0.4602937460663125, -0.2669879578855251, 0.8017772499054916, -0.4211099183235522, -0.5592893346533018, 0.2411242151397568, 1, 0.4413410135869353, 1, 0.06522667952581152, 1, 0.246604199674207, -0.6126502165917467, 0.33889442284776833, -0.15850885875872517, 0.09412036292472284, -0.34889878672059904, -0.3020604168532445, -0.5234976824163466, 0.9168164149547406, 0.5111249979844814, 0.6117497340099358, -0.2706198199866306, -0.42085147448769966, -1, -0.5051533868621504, 0.3401842170962468, -0.4749649608928792, -0.8290087403777358, 0.5708703948527426, 0.680557418005955, -0.08118629164079341, -0.8616674084613043, 0.4252496876880141, -0.49612185815764964, -0.8386313204723406, -0.5906754137172303, -1, 0.30712941063712307, 0.5014168960349831, 1, 0.22082912371735547, -0.46157903304303666, 0.5613997680812413, 0.7351536544228543, -1, 0.2172275953639694, 1, -1, 0.34680964515445317, 0.23604879712400492, 0.7345919065692705, -0.7442617171415098, -1, -0.23252323423730029, 0.6061035020449421, -0.20237338305036398, -0.34219961168977503, 0.616307029044207, 0.17437497702049182, -0.31005620203846496, -0.17621516054032166, 0.9344122869645592, 1, -0.6799943950416356, 0.7486206811343408, -0.28988224124513173, 0.07967479172708185, -0.7827576750189832, -0.8234830518689494, -1, 1, -0.6855058611329664, 0.052854701073772076, 0.1999632782163315, -0.09621177013866919, 0.8913316243760194, -0.46268558553621286, -0.528831453242045, -0.1464589972004966]
-34.368995666503906	(8, 12, 2)	[0.5688916352424647, 1, -0.3729647077280393, 0.6431397083874111, 0.9917758831433838, -0.08425633546949418, -0.6945179649890485, -0.021792743923198743, 0.3854100340525216, 0.1346765789997264, -0.776959325081161, -0.5286742025049034, 1, 0.9938808940801848, -0.6452140812784917, 0.03140137324231934, 0.022158507907551292, -0.9795597655151784, 0.08346341986431763, -0.13702983616229353, -0.19932651073575014, -0.9611372916055126, -0.9889478371216741, 0.5742730314342616, 0.2611510972851622, -0.09321974829720836, -0.6019803105815598, 0.3277014476732769, -1, -0.5636983674665155, 1, -0.3825644109893441, -0.18874727039358474, -0.07562238569113414, 0.7667503677393703, -0.20793137164949388, 0.3774753678479956, 0.6076652701666976, 0.9340544719016928, -0.34167790530329745, -0.7703418333213135, -0.7770449689742165, -0.48927702228356434, -0.5475663935456451, -0.8871757585966358, 0.14530729689678412, 0.04732351915850677, 1, -0.10448878159723654, 1, -0.09820717593607209, 0.5429108690280021, -0.3878266599526685, 0.1576824742342001, -0.5395625261927642, 0.037198439243726775, -0.401211428779515, 1, -0.01994418141829246, 1, 0.12975912586444666, 0.7880977942963285, 0.36597222241130095, -0.7906406291498919, -0.5625544410348453, -0.7334958722462563, 0.12859782383188814, 0.09366742003216759, -0.8290087403777358, 0.5708703948527426, 1, 0.11896986586247611, -0.8150714372317225, 0.15292623428475072, -0.42678170046410796, -0.7436499847648916, -0.4511725558800113, -0.8035164946121232, 0.2376182386015545, 0.40929249026819914, 0.7132484389140651, -0.13074619880359034, -0.3424762002205711, 0.2661586457873143, -0.02255035724367921, -1, -0.13988019875695745, 1, 0.4664076360351922, -0.04251986851777051, -0.008941720580876666, 0.937408014127599, -0.8509260808648174, -0.6513159262038313, -0.8437025549674122, 0.4444036352192198, 0.22273549305231954, 0.9882762729209369, 0.616307029044207, -0.14418163007267792, -0.2207955898567066, -0.6390926237012553, 0.020833154969937207, 0.9218955918251206, 0.6004968220203207, 0.47078047076663004, -0.6483526190464091, 0.07967479172708185, -0.7827576750189832, -0.39305329425214186, -0.8548246784365026, 0.3828343007505707, -0.7810316866920306, 0.20230922398713347, -0.14812626407648236, -0.1395113505014181, 0.7170122732646453, -0.7645811121460704, -0.3355776737443712, -0.13700251526863327]
-30.859310150146484	(8, 12, 2)	[0.08845089214655188, 1, -0.021006597527916684, 0.2991353745409633, 0.9917758831433838, 0.22245476607868386, -0.3464485811016239, 0.003814842598396137, 0.7055948331596037, 0.2409294861164819, -0.8654947632796782, -0.015818671353703573, 0.6337980014503598, 0.99173062361175, -1, -0.45422971351233193, -0.1277627243292462, -0.6156838324541586, 0.36780687863424827, -0.4414039041433804, -0.3837708204973459, -0.6182119383674429, -0.5496575013935757, -0.30977283474117306, 0.5225283067554704, 0.23527681156173627, 0.7627610672286148, 0.17263827730832892, -0.873920353408784, -0.36614645371322946, 0.07010513425698253, 0.11495685754867788, -0.6433460078827615, -1, 0.3542386313792954, 0.13078295337888862, 0.21020002663053508, -0.2516898925479233, 0.6727954841796754, -0.3396464978233771, -0.6009093615817507, -0.10170137298546406, 0.27979734137911527, -0.8996490080936177, -0.7670115378537954, 0.36346181483049744, 0.8407913937944546, 0.324667017266869, 0.5696973216300115, 0.3667607595736575, -0.08188355921988269, 0.659243922857276, -0.5618717009238369, 0.3896203964492043, -1, -0.12127735358720115, -0.2933090886128158, 1, -0.2918011297011719, 1, 0.04831328555431813, 0.5706119518032482, 0.36597222241130095, -0.7906406291498919, -0.8557389617353067, -0.7373049346357442, 0.3978338602026408, -0.4749649608928792, -0.8134041477287691, 0.35655542501731985, 0.811910347335912, 0.01640355412298708, -0.7235070215406905, 0.15292623428475072, -0.49612185815764964, -0.27702922101371535, -0.4511725558800113, -1, 0.5822765956744269, 0.45558685337413823, 0.9880326581477357, 0.3224191822462047, -0.5985062256204746, 0.8057981069515302, 0.24654674838221313, -0.9973110350621299, -0.13988019875695745, 0.8480684663625895, -0.34959280024067463, 0.1354993969539271, -0.008941720580876666, 0.937408014127599, -0.5974754822566909, -0.9603317750024752, -0.6431363497815249, 0.12862930065026645, -0.12842340114797893, -0.08280663501859309, -0.09097267203479564, 0.4620192861055199, -1, -0.0034853377246606143, 0.9344122869645592, 1, 0.7784744785762587, 0.7486206811343408, -0.28988224124513173, -0.04179401342761341, -0.7827576750189832, -0.5061045609408907, -0.573251603033623, 0.8567069136618305, -0.7406599445631672, -0.17846979556799403, 0.2312545282280217, -0.1358910538415869, 0.5936424511322865, -0.5967084947482015, -0.4766097711482455, -0.1464589972004966]
-16.683576583862305	(8, 12, 2)	[0.43568504407740744, 1, -0.021006597527916684, 0.3180443656729243, 0.6061993373344833, 0.22245476607868386, 0.037825797581707454, -0.021792743923198743, 0.3854100340525216, 0.05325949739461028, -0.7727080227940789, -0.3975755673325887, 0.983618360248821, 0.9462361130911179, -0.7963334117033039, 0.12128875736988916, 0.25528462089048404, -0.9640706180595744, -0.6927921037674678, -0.3211171416945092, -0.40678717801155123, -0.9425621292118028, -0.24238340199634997, 1, 0.14368653391795333, -0.6274830039214869, 0.16341397832780657, 0.27093897954382595, -0.9500612884660402, -1, 0.9115531005787436, -1, 0.48906364864146135, -0.5701068447467723, 0.3235098078343086, -0.6929704302081743, -0.15345677364122126, -0.013709298324951623, 0.4832856012800424, 0.048245285683569755, -0.4602937460663125, -0.060563725967944154, 0.18313163289625034, -0.8219944477535563, -0.8568632146422122, -0.4374299994825136, 0.41616017466757477, 0.6498569264345178, 0.9745406546461329, -0.22853537377329344, -0.11007258644915766, 0.3255408140108435, -0.5328183901726927, 0.5598444011837801, -1, 0.05988581553353983, -0.39591655527915615, -0.1903116586356254, -0.14143423895371846, 1, -0.044901079846917324, 0.5218306821243923, -0.5561543953354915, -1, -0.15398507782326465, -0.6376655947851958, 0.22168197481741686, 0.1860089979484462, -1, 0.4750161864671167, 0.8289804921227907, 0.01640355412298708, -1, 0.3435729409360682, -0.49612185815764964, -1, -0.15758625589434638, -1, 0.2376182386015545, 0.2083037479005576, 0.9537302086639423, -0.1407330483369963, -0.24944164876393285, -0.012629911600780974, -0.02255035724367921, -1, -0.13988019875695745, 0.5765953565168127, -0.26668716249161767, 0.1354993969539271, -0.33534348029883376, 0.937408014127599, -1, -0.3824355341082744, -0.7418063735229521, 0.49596390591756523, 0.13158764074113435, 0.9882762729209369, 0.6451730359445812, -0.33835982775034634, -0.2207955898567066, -0.7377469778639768, 0.5354866493108621, 0.9672367069763776, -0.6799943950416356, 0.41248464367018284, -0.6483526190464091, 0.07967479172708185, -0.7827576750189832, -0.2936608663834599, -0.8208317515968653, 0.02764741149847849, -0.9005733824564733, 0.20230922398713347, 0.1999632782163315, -0.1395113505014181, 1, -0.7645811121460704, -0.528831453242045, -0.1464589972004966]
-32.829734802246094	(8, 12, 2)	[0.17590927849009197, 1, -0.021006597527916684, 0.6431397083874111, 0.9917758831433838, -0.08425633546949418, -0.6945179649890485, -0.021792743923198743, 0.06218976022054046, 0.322622124119061, -0.918033396214565, -0.2656275264192516, 1, 0.9938808940801848, -1, -0.02214775397406163, 0.022158507907551292, -0.9795597655151784, 0.13076216524531212, -0.03581463476022076, -0.19932651073575014, -1, -0.8323779872204289, 0.5742730314342616, 0.2611510972851622, -0.08364666582930778, -0.6019803105815598, 0.3277014476732769, -1, -0.5036592480069131, 1, -0.3825644109893441, -0.7894337068387363, -1, 0.3542386313792954, 0.13078295337888862, -0.09187556718895093, -0.10469142462157371, 0.7363604633543633, -0.2080859394909137, -0.2867547962326546, -0.26873194548241974, 0.3814330220278003, -0.8437917442267219, -0.7626076230361702, 0.36346181483049744, 0.6723094030191347, 1, 0.9375912065977815, 0.47202388505415876, 0.1050021580654038, 0.44260339203716376, -0.6154414560209902, 0.056728518112582824, -0.5395625261927642, 0.007629554149170811, -0.47760324473865606, 1, -0.37979537434900357, 1, 0.04831328555431813, 0.7626054485376244, 0.36597222241130095, -0.7906406291498919, -0.5625544410348453, -0.6376655947851958, 0.12859782383188814, 0.09366742003216759, -0.8290087403777358, 0.6924122585945184, 1, 0.11896986586247611, -1, -0.06987626239251118, -0.42678170046410796, -0.7436499847648916, -0.5954103169104661, -0.8035164946121232, 0.2376182386015545, 0.40929249026819914, 0.5384761022430267, -0.13074619880359034, -0.5263104329308982, 0.2661586457873143, -0.02255035724367921, -1, -0.13988019875695745, 0.8327529068774154, 0.07500140461823049, -0.04251986851777051, -0.008941720580876666, 1, -0.8509260808648174, -0.6513159262038313, -0.35969388558962734, 0.0757431199178755, -0.082238843403799, 0.9411060011464761, 0.4917352532595366, 0.4620192861055199, -0.6387696774916778, -0.17621516054032166, 1, 0.8102653469191965, 0.5027529150739527, 0.31105717985367676, -0.6483526190464091, 0.07967479172708185, -0.7827576750189832, -0.0739892059954197, -1, 0.3828343007505707, -0.7806904816155951, 0.20230922398713347, 0.1999632782163315, -0.1395113505014181, 0.8526392817524069, -0.31220649365045, -0.4766097711482455, -0.13700251526863327]
-20.589563369750977	(8, 12, 2)	[0.17590927849009197, 1, -0.021006597527916684, 0.6605219390605646, 1, -0.08425633546949418, -0.6945179649890485, -0.08208248283074313, 0.3854100340525216, 0.17392426997492152, -0.5410201383815914, -0.2656275264192516, 0.6724659386439891, 1, -0.8335223306174155, -0.07726334024689574, -0.0671166778081482, -0.9062427802833284, 0.6277953794989224, -0.1036327017566813, -0.475130346109773, -0.9323555158445663, -0.8249912480808187, 0.6442539384465149, 0.07229540835785317, -0.45463643660495057, -0.07458906524953368, 0.2339142955874379, -0.7167237944408904, -0.8378245918205728, 0.9994411059665664, -1, 0.3031674693754993, -0.6343806122701695, 0.5820195115027413, -0.3629189681438626, -0.12038761127762003, -0.3394467350480295, 0.5235636659888367, -0.39277030404124375, -0.6009093615817507, -0.3833614695828675, 0.3605185097883726, -0.7917009599050612, -0.743516844846938, -0.053984263778802166, 0.04732351915850677, 1, 1, -0.7332039887422471, 0.1383314389521488, 0.6658031555987538, -0.5328183901726927, 0.9608493878917386, -0.8168186133982638, -0.03502696631602267, -0.4320233960342393, -0.3020604168532445, -0.2123050476302168, 1, -0.24486169316613204, 1, -0.5561543953354915, -1, -0.15398507782326465, -0.6376655947851958, 0.22168197481741686, 0.1860089979484462, -1, 0.4750161864671167, 0.8289804921227907, -0.26547361979987555, -1, 0.3435729409360682, -0.49612185815764964, -1, -0.15758625589434638, -1, 0.2376182386015545, 0.2083037479005576, 0.9537302086639423, -0.1407330483369963, -0.24944164876393285, -0.012629911600780974, -0.02255035724367921, -1, -0.13988019875695745, 0.5765953565168127, -0.26668716249161767, 0.1354993969539271, -0.33534348029883376, 0.937408014127599, -1, -0.7772841051213892, -0.7418063735229521, 0.49596390591756523, 0.13158764074113435, 0.9882762729209369, 0.6451730359445812, -0.22007817380315026, -0.24080511475901803, -0.7377469778639768, 0.5851411244894731, 0.9672367069763776, -0.6799943950416356, 0.41248464367018284, -0.6483526190464091, 0.07967479172708185, -0.44090606043755814, -0.47805065444178696, -1, 0.02764741149847849, -0.6773449724796875, 0.20230922398713347, 0.1999632782163315, -0.1395113505014181, 1, -0.7645811121460704, -0.3026071139070652, -0.13700251526863327]
-20.52388572692871	(8, 12, 2)	[0.17590927849009197, 0.8248781737110076, -0.021006597527916684, 0.6431397083874111, 0.8374738898455055, -0.24860984410606687, -0.3882883776487092, 0.0765672764905551, 0.3854100340525216, 0.3830426649587936, -1, -0.015818671353703573, 0.8001781651212215, 0.602041228077545, -1, -0.0931786534542057, -0.05829545997586531, -0.5535108430343185, 0.5112014518819878, -0.3513157123793838, -0.5532485715059267, -0.7072838722404718, -0.48413124091473553, 0.32428247916270425, 0.8803303349250676, -0.6644631096303588, -0.2837366798666836, -0.2414165716553392, -0.9490330196722134, -0.3741554263870178, 0.3402027582344146, 0.18909037034335852, -0.39693841178911765, -0.8944609011691076, -0.047610324263914594, 0.25840505812018477, -0.261449950624417, -0.29003278224248386, 0.7228640524275892, -0.2080859394909137, -0.4851363168123207, -0.3768648978837192, 0.6266234607637116, -0.515340104321549, -0.7991261330672195, 0.6108852966774108, 1, 0.4413410135869353, 0.9522150729048247, 0.12258957259496935, 0.8273542366897237, 0.3550871078576542, -0.8746923163025866, 0.36508067004825506, -1, 0.1301457982361887, -0.46553520911861135, -0.4491973293099803, -0.14143423895371846, 0.38424950903665134, -0.4018544079469574, 0.36579183913577157, -0.27364806558274785, -0.20225456311691872, -0.592175431307973, -0.6376655947851958, -0.07213680283377373, 0.36231754936128713, -1, 0.6658506081309703, -0.01032308129205306, 0.6922134968463809, -0.48129241773773873, -0.8097366284180907, -0.5425023409536247, -0.5278252314579772, -0.6445848696899527, -0.9741936318895861, 0.0021322389263944697, 0.5917643041098657, 0.5384761022430267, -0.13074619880359034, -0.3424762002205711, 0.2661586457873143, -0.02255035724367921, -1, -0.13988019875695745, 1, -0.05673026578233084, 0.14810938195692247, -0.008941720580876666, 1, -0.7346285442802843, -0.9650180680189046, -0.6431363497815249, 0.36512276948523575, -0.16332374471699349, 1, 0.7098396070370971, 0.1694316115900857, -0.9055127357667134, -0.29681710248156934, 0.8046929359624515, 0.9560199009563917, 0.9253755222075462, 0.7246345170872156, 0.40757580194684967, 0.1902452524267532, -0.744316779776855, -0.47805065444178696, -0.7733420350663999, 0.8009649964764745, -0.6855058611329664, -0.21770307550956458, 0.31632864046025294, -0.1358910538415869, 0.8521350817097317, -0.48800838821377795, -0.4766097711482455, -0.00542370448045934]
-38.096431732177734	(8, 12, 2)	[0.43568504407740744, 1, -0.021006597527916684, 0.5440820353512554, 0.9917758831433838, -0.21403902399734298, -0.3464485811016239, -0.03707947795650425, 0.7055948331596037, 0.2409294861164819, -0.8654947632796782, -0.21767773217433425, 0.6858229244919662, 0.8209206252161172, -1, -0.45422971351233193, -0.1277627243292462, -0.6156838324541586, 0.36780687863424827, -0.4414039041433804, -0.3837708204973459, -0.6182119383674429, -0.5496575013935757, -0.30977283474117306, 0.5225283067554704, 0.23527681156173627, 0.799649026999158, 0.05149031455796013, -0.873920353408784, -0.36614645371322946, 0.07010513425698253, -0.35939288543304015, -0.6433460078827615, -1, 0.3542386313792954, 0.13078295337888862, -0.001563201776452361, -0.2516898925479233, 0.6727954841796754, -0.3396464978233771, -0.6009093615817507, -0.10170137298546406, 0.10744969102241919, -0.8996490080936177, -0.7670115378537954, 0.36346181483049744, 0.04732351915850677, 1, -0.10448878159723654, 0.8800044783008536, -0.09820717593607209, 0.7300904156849639, -0.3878266599526685, 0.23610054888454635, -0.5395625261927642, 0.14255593476414571, -0.0764682321748032, 1, -0.6593536913156645, 1, 0.04831328555431813, 0.5706119518032482, 0.36597222241130095, -0.7906406291498919, -0.8964498327378353, -0.6714059524887914, 0.16466917855364097, -0.4749649608928792, -0.8290087403777358, 0.35655542501731985, 0.811910347335912, 0.01640355412298708, -0.7235070215406905, 0.23891080372152063, -0.507432179427711, -0.27702922101371535, -0.4511725558800113, -1, 0.34829864219684004, 0.5014168960349831, 0.9880326581477357, 0.3224191822462047, -0.5985062256204746, 0.8057981069515302, 0.22658182902945867, -0.8444914582593238, -0.6373865220171157, 0.7558446140891417, 0.018021457869174196, 0.1354993969539271, -0.04876045991251608, 0.5965773154571536, -0.3094149649320239, -1, -0.6431363497815249, 0.12862930065026645, -0.12842340114797893, -0.08280663501859309, -0.3584198403149011, 0.4620192861055199, -0.6387696774916778, -0.0034853377246606143, 0.9344122869645592, 1, 0.6004968220203207, 0.5927159012577565, -0.6483526190464091, 0.07967479172708185, -0.7827576750189832, -0.39305329425214186, -0.9938010858295239, 0.15605531425248487, -0.7810316866920306, 0.20230922398713347, 0.1999632782163315, -0.1395113505014181, 0.8526392817524069, -0.9782722225781832, -0.528831453242045, -0.1464589972004966]
-27.422748565673828	(8, 12, 2)	[0.43568504407740744, 1, -0.021006597527916684, 0.5440820353512554, 0.9917758831433838, -0.21403902399734298, -0.3464485811016239, -0.03707947795650425, 0.7055948331596037, 0.2409294861164819, -0.8654947632796782, -0.21767773217433425, 0.6858229244919662, 0.8209206252161172, -1, -0.45422971351233193, -0.1277627243292462, -0.6156838324541586, 0.36780687863424827, -0.4414039041433804, -0.3837708204973459, -0.6182119383674429, -0.5496575013935757, -0.30977283474117306, 0.5225283067554704, 0.23527681156173627, 0.799649026999158, 0.05149031455796013, -0.873920353408784, -0.36614645371322946, 0.07010513425698253, -0.35939288543304015, -0.6433460078827615, -1, 0.3542386313792954, 0.13078295337888862, -0.001563201776452361, -0.2516898925479233, 0.6727954841796754, -0.3396464978233771, -0.6009093615817507, -0.10170137298546406, 0.10744969102241919, -0.8996490080936177, -0.7670115378537954, 0.36346181483049744, 0.04732351915850677, 1, -0.10448878159723654, 0.8800044783008536, -0.09820717593607209, 0.7300904156849639, -0.3878266599526685, 0.23610054888454635, -0.5395625261927642, 0.14255593476414571, -0.0764682321748032, 1, -0.6593536913156645, 1, 0.04831328555431813, 0.5706119518032482, 0.36597222241130095, -0.7906406291498919, -0.8964498327378353, -0.6714059524887914, 0.16466917855364097, -0.4749649608928792, -0.8290087403777358, 0.35655542501731985, 0.811910347335912, 0.01640355412298708, -0.7235070215406905, 0.23891080372152063, -0.507432179427711, -0.27702922101371535, -0.4511725558800113, -1, 0.34829864219684004, 0.5014168960349831, 0.9880326581477357, 0.3224191822462047, -0.5985062256204746, 0.8057981069515302, 0.22658182902945867, -0.8444914582593238, -0.6373865220171157, 0.7558446140891417, 0.018021457869174196, 0.1354993969539271, -0.04876045991251608, 0.5965773154571536, -0.3094149649320239, -1, -0.6431363497815249, 0.12862930065026645, -0.12842340114797893, -0.08280663501859309, -0.3584198403149011, 0.4620192861055199, -0.6387696774916778, -0.0034853377246606143, 0.9344122869645592, 1, 0.6004968220203207, 0.5927159012577565, -0.6483526190464091, 0.07967479172708185, -0.7827576750189832, -0.39305329425214186, -0.9938010858295239, 0.15605531425248487, -0.7810316866920306, 0.20230922398713347, 0.1999632782163315, -0.1395113505014181, 0.8526392817524069, -0.9782722225781832, -0.528831453242045, -0.1464589972004966]
-25.654218673706055	(8, 12, 2)	[0.17590927849009197, 1, -0.0732286018657209, 0.36053368284763243, 0.9917758831433838, 0.08081139235496329, -0.27907631226938545, -0.2044750169314853, 0.3854100340525216, -0.38035467263465217, -0.7727080227940789, -0.33021121969789846, 0.9389702690829388, 0.9938808940801848, -0.84640697997695, -0.17083556053717266, -0.15053268994824967, -0.8697697297085767, 0.5088594731389665, -0.8064826438975158, -0.018930017835354085, -0.9261948777247757, -0.7930620051562215, 0.6249595617109676, 0.8508066779765828, -0.6644631096303588, -0.01657795176473445, -0.6168041043981961, -1, -0.297795607861597, 0.6427351684614733, -0.6791416622446727, 0.009737130848959219, -0.2871455808142358, 0.11159542151065277, -0.125788772865812, -0.15730031107771644, -0.07627517868935146, 0.21622321715507442, -0.22211101069599842, -0.9385914649985025, -0.28919693394910284, 0.8017772499054916, -0.36074241130897017, -0.9908571066490781, 0.20523043548098754, 0.9913376680411884, 0.15223064190896235, 0.9670549571565147, 0.12147911765755923, 1, 0.246604199674207, -0.6343540426169529, 0.26804530976694196, -0.27286634567317347, 0.1806200104980115, -0.28942841078027726, -0.3020604168532445, 0.04699765298211356, -0.21165900449960706, 0.18079953919852912, 1, 0.6498044402123355, -0.7141369811332274, -0.9480811701751809, -0.9089916814125791, 0.49706391395056637, -0.6236004848813675, -1, 0.35655542501731985, 1, 0.01640355412298708, -0.7235070215406905, 0.10478175233326187, -0.44565579401659694, -0.25413983534365814, -0.03775207739140776, -1, 0.7745042248305645, 1, 0.8489959492015156, 0.1351303433825637, 0.5516320113275192, 0.2661586457873143, -0.02255035724367921, -1, 0.2691201118399379, 1, -0.11560178412490829, -0.04251986851777051, -0.008941720580876666, 1, -0.8509260808648174, -0.9751529059818194, -0.6519771744607935, 0.22295290749879645, -0.082238843403799, -0.3148694194945957, -0.451644237795365, 0.4404794136786716, 0.014120861595310088, -1, 0.93813633000024, 0.1886863068151634, -0.7065215370272535, 0.7486206811343408, -0.32480182059034857, 0.07967479172708185, -0.6684683202318727, -0.9586647582759614, -1, 1, -0.6396376473874736, 0.13301971897083784, 0.2312545282280217, -0.5559934229245254, 0.8586951933823652, -0.6328131350600374, -0.5997414790994612, 0.051945180594892504]
-35.11594772338867	(8, 12, 2)	[0.17590927849009197, 1, -0.021006597527916684, 0.8621832223291475, 0.8188040854353464, 0.044590862844471724, -0.47839199476602556, -0.010306300399673477, 0.3854100340525216, 0.1346765789997264, -0.918033396214565, 0.05965466726654656, 1, 1, -0.6705407583896238, 0.27307080986063265, 0.022158507907551292, -0.5170838823734316, 0.13076216524531212, -0.13702983616229353, -0.5296677367157369, -0.9245625757457769, -0.7357148072420145, 0.3550113974820914, 0.8508066779765828, -0.601204747783888, -0.09542169619543131, -0.3800382531127894, -0.8658681416790848, -0.5636983674665155, 1, -0.3825644109893441, -0.058710423197142314, -0.05627449304839713, 0.6695461405239702, -0.20793137164949388, 0.20229121619417148, -0.2516898925479233, 0.6727954841796754, -0.40543993275865164, -0.767581516396175, -0.1766700396509213, 0.27979734137911527, -1, -0.5739262915523135, 0.055680757411136, 0.04732351915850677, 1, -0.10448878159723654, 1, -0.09820717593607209, 0.44260339203716376, -0.4363788364963652, -0.015362176470077968, -1, 0.015046663128680082, -0.3771231289811019, -0.34973737741625105, -0.15788252509181566, 1, -0.24486169316613204, 1, -0.40642446973069546, -0.3068688171378947, -0.4081472573991029, -0.6069760451498724, 0.4520402937455142, 0.21400154954778913, -0.9688244580034343, 0.6594677260462884, -0.3465831698127786, 0.4202849931271646, -0.12855860707044037, -0.6498496324781164, -0.5425023409536247, -0.5278252314579772, -0.6445848696899527, -0.9741936318895861, 0.2376182386015545, 0.5917643041098657, 0.5384761022430267, 0.20522184511430674, -0.2750447683825203, 0.2661586457873143, 0.49995307908700687, -1, -0.13988019875695745, 1, -0.05673026578233084, 0.14810938195692247, -0.008941720580876666, 0.9835744895613804, 0.070854502925757, 0.6314992680990632, 0.3611071228635673, 0.4939883111396133, -0.1282556308735741, -0.3148694194945957, -0.5626700071158061, 0.4620192861055199, 0.11874973422736214, -1, 0.93813633000024, 0.06143655419657848, -0.7065215370272535, 0.8439399071622908, -0.3204900020909853, 0.26468046297373865, -0.903566646032739, -0.9586647582759614, -1, 1, -0.6855058611329664, 0.05958174019175658, 0.445525871004034, -0.1358910538415869, 0.4881743705849485, -0.9492686529028094, -0.3355776737443712, 0.051945180594892504]
-6.319183349609375	(8, 12, 2)	[-0.11218080321044926, 1, 0.2264503925563165, 0.6343161166992684, 0.9624768533324201, 0.22245476607868386, -0.5590493090705583, -0.0691648287059829, 0.5046562751801384, 0.23214966781273877, -1, -0.12725956704660413, 1, 1, -0.6705407583896238, 0.05416385164293469, 0.022158507907551292, -0.5271254569799448, 0.13076216524531212, -0.23107381896041868, -0.5817935209400361, -0.9245625757457769, -0.7930620051562215, 0.32428247916270425, 0.8508066779765828, -0.5636175023515735, -0.2216222672338506, -0.3800382531127894, -0.8658681416790848, -0.5636983674665155, 1, -0.3825644109893441, -0.058710423197142314, -0.2951349244181519, 0.7446940205357538, -0.20793137164949388, 0.33195931567899073, -0.2516898925479233, 0.6727954841796754, -0.3396464978233771, -0.5498294005184378, -0.10170137298546406, 0.27979734137911527, -1, -0.743516844846938, 0.055680757411136, 0.04732351915850677, 0.4413410135869353, 0.9670549571565147, 0.12147911765755923, 1, 0.246604199674207, -0.658229145080706, 0.26804530976694196, -0.27286634567317347, 0.1806200104980115, -0.28942841078027726, -0.3020604168532445, 0.04699765298211356, -0.21165900449960706, 0.24452666035440762, 1, 0.6498044402123355, -0.8608744813072724, -0.9480811701751809, -1, 0.6358751018340633, -0.6236004848813675, -0.6094727485970712, 0.5708703948527426, 0.6939635599839362, 0.18570786246061746, -0.37109787530058735, 0.4622072718861614, 0.0104769415756375, -1, -0.4005505403903218, -1, 0.30712941063712307, 0.5014168960349831, 1, 0.22082912371735547, -0.46157903304303666, 0.5613997680812413, 0.4646560393503215, -0.9628605622474508, -0.5459349095088901, 1, -0.7887418360786534, -0.36190586610342634, -0.008941720580876666, 0.6714133375363742, -0.9724959303326517, -1, -0.3284897600258571, 0.6061035020449421, -0.12842340114797893, 0.016892005021687792, 0.7304850875835655, 0.2620112197163687, -0.3524362451667512, -0.9692492886422653, 0.640638724897608, 1, -0.6799943950416356, 0.9643111055739937, -0.28988224124513173, 0.0009537646590874749, -0.7827576750189832, -1, -1, 1, -0.673576752958608, 0.052854701073772076, 0.29384539873152626, -0.09621177013866919, 0.8913316243760194, -0.46268558553621286, -0.6779859512596147, -0.30619640800091763]
-21.46981430053711	(8, 12, 2)	[0.17590927849009197, 0.7482921845925441, -0.021006597527916684, 0.4755944994346999, 0.735096272187605, 0.07709284312770928, -0.6078604266415448, -0.021792743923198743, 0.3854100340525216, 0.37160642006133915, -0.918033396214565, -0.22437810121027177, 0.9493416093349861, 0.9117870795150897, -1, -0.45422971351233193, -0.1277627243292462, -0.5421018525918716, 0.5205512649596268, -0.4414039041433804, -0.8520358257215888, -0.5318340015613011, -0.5496575013935757, -0.30977283474117306, 0.4985566152787795, -0.5207153074568666, -0.036253737143907394, 0.13224291862312756, -0.8779009385691464, -0.3037511097064647, -0.12451679235254662, 0.3170533413416243, -0.7566388544777237, -1, 0.32079051220416643, 0.13078295337888862, 0.23811229325156225, -0.2516898925479233, 0.4832856012800424, 0.34944626954583735, -0.4602937460663125, -0.060563725967944154, 0.32459057743842035, -0.7709483421071532, -0.9249106720521272, 0.26303027472388446, 0.9633299746402059, 0.49719191111442107, 1, 0.4379732951851323, -0.3444848263101704, 0.21961810596538905, -0.6107201086687729, 0.29551580415768663, -0.862454617346682, 0.0975563103601966, -0.9044156967964883, -0.05100410147510506, -0.7398995597662266, -0.0976742587435077, -0.24701640581318998, 0.7188897370409494, 0.6498044402123355, -1, -1, -0.8288147558813895, 0.6151191291026827, -0.7519747443569204, -0.673631509171437, 0.21207444965946992, 0.811910347335912, 0.01640355412298708, -0.8298894563046405, -0.0004592243343766178, -0.7123997535457287, -0.27702922101371535, -0.5890815661178871, -1, 0.34829864219684004, 0.5014168960349831, 0.9880326581477357, 0.3224191822462047, -0.5985062256204746, 0.7310399978766424, 0.22658182902945867, -1, -0.13988019875695745, 0.7558446140891417, 0.018021457869174196, 0.1354993969539271, -0.04876045991251608, 0.5965773154571536, -0.3094149649320239, -1, -0.6431363497815249, 0.12862930065026645, -0.12842340114797893, 0.10470566963834524, -0.3584198403149011, 0.6273110305494614, -0.6387696774916778, -0.0034853377246606143, 0.9344122869645592, 1, 0.7784744785762587, 0.5019383102740316, -0.682841146781562, 0.07967479172708185, -0.7827576750189832, -0.47805065444178696, -0.7733420350663999, 0.9132053345735942, -0.680152761840419, 0.4543074335441343, 0.2768573501859071, 0.13988481743899928, 0.6664020022645866, -0.39614155438139353, -0.528831453242045, -0.00542370448045934]
-7.717472553253174	(8, 12, 2)	[0.10276027570288798, 1, 0.04056274000092871, 0.6477358113253884, 0.9917758831433838, -0.21403902399734298, -0.5211623346667227, 0.16796567964996995, 0.7055948331596037, -0.01554392069977413, -0.8654947632796782, -0.21767773217433425, 0.6858229244919662, 0.8209206252161172, -1, -0.45422971351233193, -0.1277627243292462, -0.6156838324541586, 0.36780687863424827, -0.4414039041433804, -0.3837708204973459, -0.6182119383674429, -0.5496575013935757, -0.30977283474117306, 0.5225283067554704, -0.03164144100381622, -0.07458906524953368, 0.2339142955874379, -0.7167237944408904, -0.8378245918205728, 0.9994411059665664, -1, 0.3031674693754993, -0.6343806122701695, 0.5820195115027413, -0.3629189681438626, -0.12038761127762003, -0.3394467350480295, 0.5235636659888367, -0.39277030404124375, -0.6009093615817507, -0.3833614695828675, 0.2991776544749573, -0.7917009599050612, -0.743516844846938, -0.053984263778802166, 0.0374568744735375, 1, 1, -0.7332039887422471, 0.1383314389521488, 0.6658031555987538, -0.5251335998591304, 0.5510483412929859, -0.2826752678208064, -0.07185215309924316, -0.0764682321748032, 1, -0.3327256959861218, 1, 0.18362839215524324, 0.9402768129816949, 0.5673053071768468, -0.738395164164327, -1, -0.9101704415127075, 1, -0.4749649608928792, -0.8290087403777358, 0.5708703948527426, 0.4496490195456688, -0.1173963658895871, -0.7235070215406905, 0.20357286993576162, -0.7719021542641156, -0.27702922101371535, -0.46717636061206724, -0.889496241721152, -0.30019938577031, 0.25843965240324684, 0.7152000923274211, 0.1713000672869304, -0.3424762002205711, 0.4088365366724511, -0.23589482488220662, -1, -0.13988019875695745, 0.5765953565168127, -0.05000290004638633, 0.1354993969539271, -0.04876045991251608, 0.6921080296594796, -0.7325102790022934, -0.8369081482436357, -0.7418063735229521, 0.49596390591756523, 0.13158764074113435, 0.9882762729209369, 0.6451730359445812, -0.6233034407257347, -0.24080511475901803, -0.7377469778639768, 0.8255504049918888, 1, 0.7784744785762587, 0.7486206811343408, 0.979660511992078, -0.5512742569366595, -0.5384140129092512, -0.2936608663834599, -0.8223719903779946, 0.24467883797306897, -0.9005733824564733, 0.054006178424300166, 0.1999632782163315, -0.1395113505014181, 0.8526392817524069, -0.872395802331219, -0.528831453242045, -0.1464589972004966]
-28.015050888061523	(8, 12, 2)	[0.43568504407740744, 1, -0.021006597527916684, 0.39184488584613963, 1, -0.21403902399734298, -0.5211623346667227, 0.16796567964996995, 0.7055948331596037, 0.030853632467279707, -0.8654947632796782, -0.21767773217433425, 0.6858229244919662, 0.8209206252161172, -1, -0.7272053442637127, -0.1277627243292462, -0.6156838324541586, -0.07665294452295973, -0.4414039041433804, -0.3837708204973459, -0.6182119383674429, -0.5496575013935757, -0.30977283474117306, 0.5225283067554704, -0.45463643660495057, -0.07458906524953368, 0.2339142955874379, -0.7167237944408904, -0.8378245918205728, 1, -1, 0.3031674693754993, -0.6343806122701695, 0.5820195115027413, -0.3629189681438626, -0.12038761127762003, -0.3394467350480295, 0.5235636659888367, -0.39277030404124375, -0.6009093615817507, -0.3833614695828675, 0.2991776544749573, -0.868593668546153, -0.743516844846938, -0.053984263778802166, 0.0374568744735375, 0.7756545233110028, 1, -0.7332039887422471, 0.1501197370215183, 0.6658031555987538, -0.5251335998591304, 0.5510483412929859, -0.5395625261927642, -0.06185837574718636, -0.0764682321748032, 1, -0.3327256959861218, 1, 0.18362839215524324, 0.9402768129816949, 0.5673053071768468, -0.738395164164327, -1, -0.9101704415127075, 1, -0.4749649608928792, -1, 0.5708703948527426, 0.4496490195456688, -0.1173963658895871, -0.7235070215406905, 0.20357286993576162, -0.7719021542641156, -0.27702922101371535, 0.09086434108383501, -0.889496241721152, -0.0031413360223155225, 0.25843965240324684, 0.7152000923274211, 0.1713000672869304, -0.3424762002205711, 0.4088365366724511, -0.23589482488220662, -1, -0.06199792864815279, 0.5765953565168127, -0.26668716249161767, 0.07355031649472726, -0.008941720580876666, 0.8271629557056595, -0.8676720179125317, -1, -0.3284897600258571, 0.6061035020449421, -0.12842340114797893, 0.016892005021687792, 0.7304850875835655, 0.2620112197163687, -0.3524362451667512, -0.9692492886422653, 1, 1, -0.6799943950416356, 0.9444228458121738, -0.28988224124513173, 0.0009537646590874749, -0.7827576750189832, -0.2936608663834599, -0.8223719903779946, 0.24467883797306897, -0.9005733824564733, 0.15093865318933808, 0.07180953119616826, -0.1395113505014181, 0.8526392817524069, -0.872395802331219, -0.528831453242045, -0.09731780146972908]
-25.42259407043457	(8, 12, 2)	[0.10276027570288798, 1, 0.04056274000092871, 0.6477358113253884, 0.9917758831433838, -0.0883116585421321, -0.5211623346667227, 0.16796567964996995, 0.7055948331596037, -0.01554392069977413, -0.8654947632796782, -0.21767773217433425, 0.6858229244919662, 0.6755510999482466, -1, -0.45422971351233193, -0.1277627243292462, -0.6156838324541586, 0.36780687863424827, -0.6649679449578264, -0.3837708204973459, -0.6182119383674429, -0.5496575013935757, -0.30977283474117306, 0.5225283067554704, -0.03164144100381622, -0.07458906524953368, 0.2339142955874379, -0.7167237944408904, -0.8378245918205728, 0.5583901147583386, -1, 0.3031674693754993, -0.6343806122701695, 0.5820195115027413, -0.3629189681438626, -0.12038761127762003, -0.3394467350480295, 0.5235636659888367, -0.39277030404124375, -0.6009093615817507, -0.3833614695828675, 0.2991776544749573, -0.7917009599050612, -0.743516844846938, -0.053984263778802166, 0.0374568744735375, 1, 0.7033723101472902, -0.7332039887422471, 0.1383314389521488, 0.6658031555987538, -0.5251335998591304, 0.5510483412929859, -0.2826752678208064, -0.07185215309924316, -0.0764682321748032, 1, -0.22403157870188545, 1, 0.18362839215524324, 0.9402768129816949, 0.5673053071768468, -0.738395164164327, -1, -0.9101704415127075, 1, -0.4749649608928792, -0.8290087403777358, 0.5708703948527426, 0.4496490195456688, -0.1173963658895871, -0.7235070215406905, 0.20357286993576162, -0.7719021542641156, -0.2314644452778325, -0.46717636061206724, -0.889496241721152, -0.30019938577031, 0.5355704968999162, 0.7152000923274211, 0.1713000672869304, -0.3424762002205711, 0.4088365366724511, -0.23589482488220662, -1, -0.13988019875695745, 0.5765953565168127, -0.05000290004638633, 0.1354993969539271, -0.04876045991251608, 0.6921080296594796, -0.7325102790022934, -0.8369081482436357, -0.7418063735229521, 0.49596390591756523, 0.13158764074113435, 0.9882762729209369, 0.6451730359445812, -0.6233034407257347, -0.24080511475901803, -0.7377469778639768, 0.8255504049918888, 1, 0.7784744785762587, 0.7486206811343408, 0.979660511992078, -0.5512742569366595, -0.5384140129092512, -0.2936608663834599, -0.8223719903779946, 0.24467883797306897, -0.9005733824564733, 0.054006178424300166, 0.1999632782163315, -0.1395113505014181, 0.8526392817524069, -0.872395802331219, -0.528831453242045, -0.1464589972004966]
-26.966909408569336	(8, 12, 2)	[0.17590927849009197, 1, 0.21411896031101363, 0.5745112762055254, 1, 0.09676461095119651, -0.14315895249797977, -0.021792743923198743, 0.2468572923067432, 0.1346765789997264, -0.918033396214565, -0.053573637247111894, 0.793119529067307, 1, -0.7976784558190375, 0.28505253887527415, -0.0671166778081482, -0.9714367910534079, 0.03295636497946071, -0.5150659665926091, -0.40678717801155123, -0.6720878247654221, -0.24238340199634997, 0.6355632175124277, 0.09447036224047123, -0.7408969557374493, 0.3467206759065896, 0.09902301259768916, -0.36138848542960056, -0.3020191276959927, 1, -1, 1, -0.05280959817811723, 0.640038853002813, -0.2550073100117814, -0.15345677364122126, -0.033416341176379594, 0.40243262015172043, -0.2080859394909137, -0.5529951253057226, -0.061296596621829055, 0.4524342016441508, -1, -0.9841422714551298, 0.7275715196329449, 0.7360509528211221, 0.927200442136962, 0.5591562307866841, 0.5007004626453342, -0.09820717593607209, 0.5212190326077176, -0.29137211076069447, 0.28152224562858097, 0.06322593647099994, 0.10938312961143717, -0.32282045795685954, -0.04896322038744677, -0.38118801547288594, -0.3981672061734753, -0.49922839316605827, 0.7481017614858334, 0.952095037748041, -0.837249778124364, -1, -0.9652176659098585, 0.6151191291026827, -0.24550036707309078, -1, 0.21207444965946992, 1, 0.12632363815060432, -0.7497684346685607, 0.09329030200436349, -0.8950217416983091, -0.7761655154091671, 0.1479866819454893, -0.9476061964700665, -0.19769692484617782, 0.25843965240324684, 0.45970993572834373, 0.1713000672869304, -0.2621517622780065, 0.34781481910443607, 0.17380932797177048, -1, 0.2172275953639694, 0.5765953565168127, -0.26668716249161767, 0.1354993969539271, -0.33534348029883376, 0.9949363605994361, -1, -1, -0.6008295519887717, 0.5535553976992061, 0.08105807035380766, 0.871442886923024, 0.6449465454216158, -0.22007817380315026, -0.24080511475901803, -0.9030489148563731, 0.8255504049918888, 1, 0.4718980750819302, 0.7486206811343408, 0.979660511992078, -0.19606798159854388, -0.30559495950936455, -0.7453140718240436, -0.8191282610334749, 0.7048650205893372, -0.8484612630003099, 0.5245621780359752, 0.445525871004034, -0.17109269037555014, 0.22667035347853837, -0.4942002130759547, -0.4766097711482455, -0.13700251526863327]
