-34.24668163061142	(8, 12, 2)	[-0.34876656992437227, 0.41378807834909814, 0.0009764190686087915, 0.01656911115396209, -0.6368048246079911, -0.6748948858051094, -0.5711754063874284, 0.3425943569401435, 0.023676939850278078, 0.798136143782354, 0.21951764452340106, -0.11995518375035497, -0.5792867815996532, -0.20410250932753726, 0.22370375119742336, 0.6937088161320477, -0.5284548315799344, 0.1501130423713366, 0.5304528188978579, 0.3302716398883643, -0.4764966494983496, -0.962226561592963, 0.6832259193675096, -0.09119169509031244, 0.8699154017287403, 0.44907509050265193, 0.9009275591027053, 0.5948067711492093, 0.7336205032197138, 0.8577458323490768, -0.5499651562575516, 0.25777594709652796, 0.37093653050885855, 0.6448496333444322, 0.3634928854799857, -0.6965623516326742, -0.038763034366858795, 0.8813723865033571, -0.7411356616471714, 0.1758140252959235, -0.07486920403987929, 0.47205445980145866, -0.2710589716813445, -0.48909069911351555, -0.9841930810437518, -0.3764612880452203, -0.9928508797254061, 0.3416793328265457, -0.4924454098134048, 0.26634982638328975, -0.1981399053826025, -0.0750448518997382, 0.03145347150755229, -0.636455293399893, 0.5692992875535616, -0.4200959946059344, 0.24082323629478664, -0.43869449801829274, 0.36288817762076486, -0.5121801888180029, -0.63039334783214, -0.08065681367253674, -0.7571961991910512, 0.4650193339577875, 0.7250131697182081, -0.9949357220045394, 0.46705927630277366, 0.7170130251555777, 0.6669249728709348, 0.012178761530549531, 0.23605220596329235, -0.4320542907683478, -0.5784360360981828, 0.5252865357677206, -0.6726561335447045, -0.11801735587765427, -0.5273443142821157, -0.0977536136714694, -0.575369980848508, -0.7313244035720505, -0.1215658519476035, 0.9357935214270716, 0.27194843698069215, 0.8448027408111478, 0.7538889449326844, 0.5446670894925922, -0.9637807508941612, 0.8767134505190803, -0.5967879937908627, 0.7882981642194788, -0.21489152501474473, 0.320630562649024, -0.9000788773764241, 0.5999748066410058, -0.6213435903690161, -0.1674743074103231, 0.967106789688599, 0.7316991132966406, -0.8298653998627232, -0.9985409282962976, 0.9480283798338649, 0.46739357317637276, -0.836952247388117, 0.22999257583613586, -0.7179832244569246, -0.09166580480694231, 0.3961094345125955, 0.4811706016053905, 0.68310912205147, 0.3300107765321405, 0.3537727282542913, 0.4227464890092163, -0.20999819234386607, -0.6829422756592158, -0.8979301859291293, 0.27113222189550945, 0.21779580037801494, 0.9481054533455047, -0.3730314368583789, -0.5252304768670024]
-29.2750746011734	(8, 12, 2)	[-0.34876656992437227, 0.41378807834909814, 0.0009764190686087915, 0.01656911115396209, -0.6368048246079911, -0.6748948858051094, -0.5711754063874284, 0.3425943569401435, 0.023676939850278078, 0.798136143782354, 0.21951764452340106, -0.11995518375035497, -0.5792867815996532, -0.20410250932753726, 0.22370375119742336, 0.6937088161320477, -0.5284548315799344, 0.1501130423713366, 0.5304528188978579, 0.3302716398883643, -0.4764966494983496, -0.962226561592963, 0.6832259193675096, -0.09119169509031244, 0.8699154017287403, 0.44907509050265193, 0.9009275591027053, 0.5948067711492093, 0.7336205032197138, 0.8577458323490768, -0.5499651562575516, 0.25777594709652796, 0.37093653050885855, 0.6448496333444322, 0.3634928854799857, -0.6965623516326742, -0.19653151846375227, 0.8813723865033571, -0.7411356616471714, 0.1758140252959235, -0.07486920403987929, 0.47205445980145866, -0.2710589716813445, -0.48909069911351555, -0.9841930810437518, -0.3764612880452203, -0.9928508797254061, 0.3416793328265457, -0.4924454098134048, 0.26634982638328975, -0.1981399053826025, -0.0750448518997382, 0.03145347150755229, -0.636455293399893, 0.5692992875535616, -0.4200959946059344, 0.24082323629478664, -0.43869449801829274, 0.36288817762076486, -0.5121801888180029, -0.63039334783214, -0.08065681367253674, -0.7571961991910512, 0.4650193339577875, 0.7250131697182081, -0.9949357220045394, 0.46705927630277366, 0.7170130251555777, 0.6669249728709348, 0.012178761530549531, 0.23605220596329235, -0.4320542907683478, -0.5784360360981828, 0.5252865357677206, -0.6726561335447045, -0.11801735587765427, -0.5273443142821157, -0.0977536136714694, -0.575369980848508, -0.7313244035720505, -0.1215658519476035, 0.9357935214270716, 0.27194843698069215, 0.8448027408111478, 0.7538889449326844, 0.5446670894925922, -0.9637807508941612, 0.8767134505190803, -0.5967879937908627, 0.7882981642194788, -0.21489152501474473, 0.320630562649024, -0.9000788773764241, 0.5999748066410058, -0.6213435903690161, -0.1674743074103231, 0.967106789688599, 0.7316991132966406, -0.8298653998627232, -0.9985409282962976, 0.9480283798338649, 0.46739357317637276, -0.836952247388117, 0.22999257583613586, -0.7179832244569246, -0.09166580480694231, 0.3961094345125955, 0.4811706016053905, 0.68310912205147, 0.3300107765321405, 0.3537727282542913, 0.4227464890092163, -0.20999819234386607, -0.6829422756592158, -0.8979301859291293, 0.27113222189550945, 0.21779580037801494, 0.9481054533455047, -0.3730314368583789, -0.5252304768670024]
468.3434247970581	(8, 12, 2)	[0.510649143460655, -0.9297084361435808, 0.976571918458248, -0.6545871057411126, -0.917695483988987, 0.7827682520519572, 0.1077037004467476, 0.27034499851447147, -0.7138479127127029, -0.09416236606467532, -0.2974095113665791, -0.16889790603469512, 0.7365879225321859, 0.38858200027991185, 0.46035773892536525, -0.8360271212587633, 0.7362119159354283, -0.9700074738433917, -0.9288087508852909, -0.8392631287630334, -0.3612733737735982, -0.9515819857965915, 0.8509779055765436, 0.3486582922678525, 0.1245750439456963, -0.3128234325460897, 0.2542964882067411, 0.6636251886421516, -0.8893781482344374, -0.9920431836079393, -0.40635505484864676, 0.32210994487157585, -0.9571395958954843, 0.4442894525075405, -0.77550215273125, 0.8175060685859594, 0.5327442579874975, 0.20663326398647497, -0.24708967776204238, 0.8707940341088465, -0.6051885087463786, -0.7802160762522787, 0.3002601710359094, -0.5969158768981515, -0.24212583419147404, 0.8593453573205276, 0.7375231000583846, -0.8155744126380979, -0.032157347200944875, 0.9133695562318502, -0.8477758377348088, -0.33981768592450795, -0.6880118151859367, 0.4814484858348158, 0.9795596997756, 0.8029240447996402, 0.2820626740132943, 0.11200398885624674, 0.023846579463198125, -0.612125813524067, 0.7369232129089123, -0.220772782894759, 0.3743959630696294, 1, -0.23950206151229203, 0.6407515907071473, -0.3485791617186942, -0.18421729180406898, -0.37835051799892816, -0.75851949722919, -0.7005400973202005, -0.6712839283518688, 0.8050689443224799, -0.5302069956303568, 0.19334315414173253, 0.6674385911603691, -0.5881936946364419, -0.15709239282917897, -0.7266119544504981, 0.422327747827395, -0.8015575474610666, 0.20001543534225297, 0.17031198785623913, -0.8194606731684737, -0.250066545624261, 0.22036857292793588, -0.7048388194778659, 0.7414953265770095, -0.5779632292621053, -0.2055034571572678, -0.8026190195314811, 0.44879405117450455, 0.5672060496815459, 0.9137611443950919, -0.4102679215412659, 0.22196760753193212, 0.5737702941652929, 0.46960865879901115, 0.1963057880547534, -0.8500095313607288, -0.2875000933273977, -0.41220419813785303, 0.7815251572955384, 0.797067274373324, 0.006940838776594793, -0.4065521201185758, -0.31986490384236754, 0.128863470029706, -0.10194346526242981, 0.051545270499611995, 0.055888702302225646, 0.20912911791946298, 0.8960412491876366, -0.22520633011184676, 0.031370402466614156, -0.6135050194333254, 0.41280862725028755, -0.6753184141974495, -0.1378655727257423, 0.3219152951339359]
489.01979378424585	(8, 12, 2)	[0.510649143460655, -0.9297084361435808, 0.976571918458248, -0.6545871057411126, -0.917695483988987, 0.7827682520519572, 0.1077037004467476, 0.33359901164653416, -0.7138479127127029, -0.09416236606467532, -0.2974095113665791, -0.16889790603469512, 0.7365879225321859, 0.38858200027991185, 0.46035773892536525, -0.8360271212587633, 0.7362119159354283, -0.9700074738433917, -0.9288087508852909, -0.8392631287630334, -0.3318686208087218, -0.9515819857965915, 0.8509779055765436, 0.3486582922678525, 0.1245750439456963, -0.3128234325460897, 0.2542964882067411, 0.6636251886421516, -0.8893781482344374, -0.9920431836079393, -0.40635505484864676, 0.32210994487157585, -0.9571395958954843, 0.4442894525075405, -0.77550215273125, 0.8175060685859594, 0.5327442579874975, 0.20663326398647497, -0.24708967776204238, 0.8464235639553439, -0.6051885087463786, -0.7802160762522787, 0.3002601710359094, -0.5969158768981515, -0.24212583419147404, 0.8593453573205276, 0.7375231000583846, -0.8155744126380979, -0.032157347200944875, 0.9133695562318502, -0.8477758377348088, -0.598844856853858, -0.6880118151859367, 0.4814484858348158, 0.9795596997756, 0.8029240447996402, 0.2820626740132943, 0.11200398885624674, 0.023846579463198125, -0.612125813524067, 0.7369232129089123, -0.220772782894759, 0.3743959630696294, 0.8753710529397791, -0.23950206151229203, 0.6407515907071473, -0.3485791617186942, -0.18421729180406898, -0.37835051799892816, -0.75851949722919, -0.7005400973202005, -0.6712839283518688, 0.8050689443224799, -0.5302069956303568, 0.19334315414173253, 0.6674385911603691, -0.5881936946364419, -0.15709239282917897, -0.7266119544504981, 0.422327747827395, -0.8015575474610666, 0.20001543534225297, 0.17031198785623913, -0.8194606731684737, -0.250066545624261, 0.22036857292793588, -0.7048388194778659, 0.7414953265770095, -0.5779632292621053, -0.2055034571572678, -0.8026190195314811, 0.44879405117450455, 0.5672060496815459, 0.9137611443950919, -0.4102679215412659, 0.22196760753193212, 0.5737702941652929, 0.46960865879901115, 0.1963057880547534, -0.8500095313607288, -0.2875000933273977, -0.41220419813785303, 0.7815251572955384, 0.797067274373324, 0.006940838776594793, -0.4065521201185758, -0.31986490384236754, 0.128863470029706, -0.10194346526242981, 0.051545270499611995, 0.055888702302225646, 0.20912911791946298, 0.8960412491876366, -0.22520633011184676, 0.031370402466614156, -0.6135050194333254, 0.41280862725028755, -0.6753184141974495, -0.1378655727257423, 0.3219152951339359]
477.5427972897887	(8, 12, 2)	[0.510649143460655, -0.9297084361435808, 0.976571918458248, -0.6545871057411126, -0.917695483988987, 0.7827682520519572, 0.1077037004467476, 0.33359901164653416, -0.7138479127127029, -0.09416236606467532, -0.2974095113665791, -0.16889790603469512, 0.7365879225321859, 0.38858200027991185, 0.46035773892536525, -0.8360271212587633, 0.7362119159354283, -0.9700074738433917, -0.9288087508852909, -0.8392631287630334, -0.3318686208087218, -0.9515819857965915, 0.8509779055765436, 0.3486582922678525, 0.1245750439456963, -0.3128234325460897, 0.2542964882067411, 0.6636251886421516, -0.8893781482344374, -0.9920431836079393, -0.40635505484864676, 0.32210994487157585, -0.9571395958954843, 0.4442894525075405, -0.77550215273125, 0.8175060685859594, 0.5327442579874975, 0.20663326398647497, -0.24708967776204238, 0.8464235639553439, -0.6051885087463786, -0.7802160762522787, 0.3002601710359094, -0.5969158768981515, -0.24212583419147404, 0.8593453573205276, 0.7375231000583846, -0.8155744126380979, -0.032157347200944875, 0.9133695562318502, -0.8477758377348088, -0.598844856853858, -0.6880118151859367, 0.4814484858348158, 0.9795596997756, 0.5988788780068355, 0.2820626740132943, 0.11200398885624674, 0.023846579463198125, -0.612125813524067, 0.7369232129089123, -0.220772782894759, 0.3743959630696294, 0.8753710529397791, -0.23950206151229203, 0.6407515907071473, -0.3485791617186942, -0.18421729180406898, -0.37835051799892816, -0.75851949722919, -0.7005400973202005, -0.6712839283518688, 0.8050689443224799, -0.5302069956303568, 0.19334315414173253, 0.6674385911603691, -0.5881936946364419, -0.15709239282917897, -0.7266119544504981, 0.422327747827395, -0.8015575474610666, 0.20001543534225297, 0.17031198785623913, -0.8194606731684737, -0.250066545624261, 0.22036857292793588, -0.7048388194778659, 0.7414953265770095, -0.5779632292621053, -0.2055034571572678, -0.8026190195314811, 0.44879405117450455, 0.5672060496815459, 0.9137611443950919, -0.4102679215412659, 0.22196760753193212, 0.5737702941652929, 0.46960865879901115, 0.1963057880547534, -0.8500095313607288, -0.2875000933273977, -0.41220419813785303, 0.7815251572955384, 0.797067274373324, 0.006940838776594793, -0.4065521201185758, -0.31986490384236754, 0.128863470029706, -0.10194346526242981, 0.051545270499611995, 0.055888702302225646, 0.20912911791946298, 0.8960412491876366, -0.22520633011184676, 0.031370402466614156, -0.6135050194333254, 0.41280862725028755, -0.6753184141974495, -0.1378655727257423, 0.3219152951339359]
490.50085111521184	(8, 12, 2)	[0.510649143460655, -0.9297084361435808, 0.976571918458248, -0.6545871057411126, -0.917695483988987, 0.7827682520519572, 0.1077037004467476, 0.33359901164653416, -0.7138479127127029, -0.09416236606467532, -0.2974095113665791, -0.16889790603469512, 0.7365879225321859, 0.38858200027991185, 0.46035773892536525, -0.8360271212587633, 0.7362119159354283, -0.9700074738433917, -0.9288087508852909, -0.8392631287630334, -0.3318686208087218, -0.9515819857965915, 0.8509779055765436, 0.3486582922678525, 0.1245750439456963, -0.3128234325460897, 0.2542964882067411, 0.6636251886421516, -0.8893781482344374, -0.9920431836079393, -0.40635505484864676, 0.32210994487157585, -0.9571395958954843, 0.4442894525075405, -0.77550215273125, 0.8175060685859594, 0.5327442579874975, 0.20663326398647497, -0.24708967776204238, 0.8946848137191189, -0.6051885087463786, -0.7802160762522787, 0.3002601710359094, -0.5969158768981515, -0.24212583419147404, 0.8593453573205276, 0.7375231000583846, -0.8155744126380979, -0.032157347200944875, 0.9133695562318502, -0.8477758377348088, -0.598844856853858, -0.8790317627470041, 0.4814484858348158, 0.9795596997756, 0.8029240447996402, 0.2820626740132943, 0.11200398885624674, 0.023846579463198125, -0.612125813524067, 0.7369232129089123, -0.220772782894759, 0.3743959630696294, 0.8753710529397791, -0.23950206151229203, 0.6407515907071473, -0.3485791617186942, -0.18421729180406898, -0.37835051799892816, -0.75851949722919, -0.7005400973202005, -0.6712839283518688, 0.8050689443224799, -0.5302069956303568, 0.19334315414173253, 0.6674385911603691, -0.5881936946364419, -0.15709239282917897, -0.7266119544504981, 0.422327747827395, -0.8015575474610666, 0.20001543534225297, 0.17031198785623913, -0.8194606731684737, -0.250066545624261, 0.22036857292793588, -0.7048388194778659, 0.7414953265770095, -0.5779632292621053, -0.2055034571572678, -0.8026190195314811, 0.44879405117450455, 0.5672060496815459, 0.9137611443950919, -0.4102679215412659, 0.22196760753193212, 0.5737702941652929, 0.6198386472342549, 0.1963057880547534, -0.8500095313607288, -0.2875000933273977, -0.41220419813785303, 0.7815251572955384, 0.797067274373324, 0.006940838776594793, -0.4065521201185758, -0.31986490384236754, 0.128863470029706, -0.10194346526242981, 0.051545270499611995, 0.055888702302225646, 0.20912911791946298, 0.8960412491876366, -0.22520633011184676, 0.031370402466614156, -0.6135050194333254, 0.41280862725028755, -0.6753184141974495, -0.1378655727257423, 0.3219152951339359]
493.75478525762446	(8, 12, 2)	[0.510649143460655, -0.9297084361435808, 0.976571918458248, -0.6545871057411126, -0.917695483988987, 0.7827682520519572, 0.1077037004467476, 0.33359901164653416, -0.7138479127127029, -0.09416236606467532, -0.2974095113665791, -0.16889790603469512, 0.7365879225321859, 0.38858200027991185, 0.46035773892536525, -0.8360271212587633, 0.7362119159354283, -0.9700074738433917, -0.9288087508852909, -0.8392631287630334, -0.3318686208087218, -0.9515819857965915, 0.8509779055765436, 0.3486582922678525, 0.3064489441523268, -0.3128234325460897, 0.2542964882067411, 0.6636251886421516, -0.8893781482344374, -0.9920431836079393, -0.40635505484864676, 0.32210994487157585, -0.9571395958954843, 0.4442894525075405, -0.77550215273125, 0.8175060685859594, 0.5327442579874975, 0.20663326398647497, -0.18111070568650134, 0.8464235639553439, -0.6051885087463786, -0.7802160762522787, 0.3002601710359094, -0.5969158768981515, -0.24212583419147404, 0.8593453573205276, 0.7375231000583846, -0.8155744126380979, -0.032157347200944875, 0.9133695562318502, -0.8477758377348088, -0.598844856853858, -0.6880118151859367, 0.4814484858348158, 0.9795596997756, 0.8029240447996402, 0.2820626740132943, 0.11200398885624674, 0.023846579463198125, -0.612125813524067, 0.7369232129089123, -0.220772782894759, 0.3743959630696294, 0.8753710529397791, -0.23950206151229203, 0.6407515907071473, -0.3485791617186942, -0.18421729180406898, -0.37835051799892816, -0.75851949722919, -0.7005400973202005, -0.6712839283518688, 0.8050689443224799, -0.5302069956303568, 0.19334315414173253, 0.7654178284176867, -0.5881936946364419, -0.15709239282917897, -0.7266119544504981, 0.422327747827395, -0.8015575474610666, 0.20001543534225297, 0.17031198785623913, -0.8194606731684737, -0.250066545624261, 0.22036857292793588, -0.7048388194778659, 0.7414953265770095, -0.627147580776183, -0.2055034571572678, -0.8026190195314811, 0.44879405117450455, 0.5672060496815459, 0.9137611443950919, -0.4102679215412659, 0.22196760753193212, 0.5737702941652929, 0.46960865879901115, 0.1963057880547534, -0.8500095313607288, -0.2875000933273977, -0.41220419813785303, 0.7815251572955384, 0.797067274373324, 0.006940838776594793, -0.4065521201185758, -0.31986490384236754, 0.128863470029706, -0.10194346526242981, 0.051545270499611995, 0.055888702302225646, 0.20912911791946298, 0.8960412491876366, -0.22520633011184676, 0.031370402466614156, -0.6135050194333254, 0.41280862725028755, -0.6753184141974495, -0.1378655727257423, 0.3219152951339359]
484.8912190645933	(8, 12, 2)	[0.510649143460655, -0.9297084361435808, 0.976571918458248, -0.6545871057411126, -0.917695483988987, 0.7827682520519572, 0.3500977203741559, 0.33359901164653416, -0.7138479127127029, -0.09416236606467532, -0.2974095113665791, -0.16889790603469512, 0.7365879225321859, 0.38858200027991185, 0.46035773892536525, -0.8360271212587633, 0.7362119159354283, -0.9700074738433917, -0.9288087508852909, -0.8392631287630334, -0.3318686208087218, -0.9515819857965915, 0.8509779055765436, 0.3486582922678525, 0.1245750439456963, -0.3128234325460897, 0.2542964882067411, 0.6636251886421516, -0.8893781482344374, -0.9920431836079393, -0.40635505484864676, 0.32210994487157585, -0.9571395958954843, 0.4442894525075405, -0.77550215273125, 0.8175060685859594, 0.19472893437191124, 0.20663326398647497, -0.24708967776204238, 0.8464235639553439, -0.6051885087463786, -0.7802160762522787, 0.3002601710359094, -0.5969158768981515, -0.24212583419147404, 0.8593453573205276, 0.7375231000583846, -0.8155744126380979, -0.032157347200944875, 0.9133695562318502, -0.8477758377348088, -0.598844856853858, -0.6880118151859367, 0.4814484858348158, 0.9795596997756, 0.5988788780068355, 0.2820626740132943, 0.11200398885624674, 0.023846579463198125, -0.612125813524067, 0.7369232129089123, -0.220772782894759, 0.3743959630696294, 0.8753710529397791, -0.23950206151229203, 0.6407515907071473, -0.3485791617186942, -0.18421729180406898, -0.37835051799892816, -0.75851949722919, -0.7005400973202005, -0.6712839283518688, 0.8050689443224799, -0.5302069956303568, 0.19334315414173253, 0.6674385911603691, -0.5881936946364419, -0.15709239282917897, -0.7266119544504981, 0.422327747827395, -0.8015575474610666, 0.20001543534225297, 0.17031198785623913, -0.8194606731684737, -0.250066545624261, 0.22036857292793588, -0.7048388194778659, 0.7414953265770095, -0.5779632292621053, -0.15187341530364568, -0.8026190195314811, 0.44879405117450455, 0.5672060496815459, 0.9137611443950919, -0.4102679215412659, 0.22196760753193212, 0.5737702941652929, 0.46960865879901115, 0.1963057880547534, -0.8500095313607288, -0.2875000933273977, -0.41220419813785303, 0.7815251572955384, 0.797067274373324, 0.006940838776594793, -0.4065521201185758, -0.31986490384236754, 0.128863470029706, -0.10194346526242981, 0.051545270499611995, 0.055888702302225646, 0.20912911791946298, 0.8960412491876366, -0.22520633011184676, 0.031370402466614156, -0.6135050194333254, 0.41280862725028755, -0.6753184141974495, -0.1378655727257423, 0.3219152951339359]
492.2061230929103	(8, 12, 2)	[0.510649143460655, -0.9297084361435808, 0.976571918458248, -0.6545871057411126, -0.917695483988987, 0.7827682520519572, 0.1077037004467476, 0.33359901164653416, -0.7138479127127029, -0.09416236606467532, -0.2974095113665791, -0.16889790603469512, 0.7365879225321859, 0.38858200027991185, 0.46035773892536525, -0.8360271212587633, 0.7362119159354283, -0.9700074738433917, -0.9288087508852909, -0.8392631287630334, -0.3318686208087218, -0.9515819857965915, 1, 0.3486582922678525, 0.1245750439456963, -0.3128234325460897, 0.2542964882067411, 0.6636251886421516, -0.9435236369300986, -0.9920431836079393, -0.40635505484864676, 0.32210994487157585, -0.9571395958954843, 0.4442894525075405, -0.77550215273125, 0.8175060685859594, 0.5327442579874975, 0.20663326398647497, -0.24708967776204238, 0.770503193848767, -0.6051885087463786, -0.7802160762522787, 0.3002601710359094, -0.5969158768981515, -0.24212583419147404, 0.8593453573205276, 0.7375231000583846, -0.8155744126380979, -0.032157347200944875, 0.5493302744900694, -0.8477758377348088, -0.598844856853858, -0.6880118151859367, 0.4814484858348158, 0.9795596997756, 0.8029240447996402, 0.2820626740132943, 0.11200398885624674, 0.023846579463198125, -0.612125813524067, 0.7369232129089123, -0.220772782894759, 0.3743959630696294, 1, -0.23950206151229203, 0.6407515907071473, -0.3485791617186942, -0.18421729180406898, -0.37835051799892816, -0.75851949722919, -0.7005400973202005, -0.5953697150360836, 0.8050689443224799, -0.5302069956303568, 0.19334315414173253, 0.6674385911603691, -0.5881936946364419, -0.15709239282917897, -0.7266119544504981, 0.422327747827395, -0.8015575474610666, 0.12208402862504113, 0.17031198785623913, -0.8194606731684737, -0.250066545624261, 0.22036857292793588, -0.7048388194778659, 0.7414953265770095, -0.5779632292621053, -0.2055034571572678, -0.8026190195314811, 0.44879405117450455, 0.5672060496815459, 0.9137611443950919, -0.4102679215412659, 0.22196760753193212, 0.23898279611860385, 0.46960865879901115, 0.1963057880547534, -0.8500095313607288, -0.2875000933273977, -0.41220419813785303, 0.7815251572955384, 0.797067274373324, 0.006940838776594793, -0.4065521201185758, -0.2080544539631577, 0.128863470029706, -0.10194346526242981, 0.051545270499611995, 0.055888702302225646, 0.5655207029606129, 0.8960412491876366, -0.22520633011184676, 0.031370402466614156, -0.6135050194333254, 0.41280862725028755, -0.6753184141974495, -0.1378655727257423, 0.3219152951339359]
489.96608778834343	(8, 12, 2)	[0.510649143460655, -0.9297084361435808, 0.976571918458248, -0.6545871057411126, -0.917695483988987, 0.7827682520519572, 0.1077037004467476, 0.33359901164653416, -0.7138479127127029, -0.09416236606467532, -0.2974095113665791, -0.16889790603469512, 0.7365879225321859, 0.38858200027991185, 0.24999766724028716, -0.8360271212587633, 0.7972936455441482, -0.9700074738433917, -0.9288087508852909, -0.8392631287630334, -0.3318686208087218, -0.9515819857965915, 1, 0.3486582922678525, 0.1245750439456963, -0.3128234325460897, 0.2542964882067411, 0.6636251886421516, -0.9435236369300986, -0.9920431836079393, -0.40635505484864676, 0.32210994487157585, -0.9571395958954843, 0.4442894525075405, -0.77550215273125, 0.8175060685859594, 0.5327442579874975, 0.20663326398647497, -0.24708967776204238, 0.770503193848767, -0.6051885087463786, -0.7802160762522787, 0.3002601710359094, -0.5969158768981515, -0.24212583419147404, 0.8593453573205276, 0.7375231000583846, -0.8155744126380979, -0.032157347200944875, 0.5493302744900694, -0.8477758377348088, -0.598844856853858, -0.6880118151859367, 0.4814484858348158, 0.9795596997756, 0.8029240447996402, 0.2820626740132943, 0.11200398885624674, 0.023846579463198125, -0.612125813524067, 0.7369232129089123, -0.220772782894759, 0.3743959630696294, 1, -0.23950206151229203, 0.6407515907071473, -0.3485791617186942, -0.18421729180406898, -0.37835051799892816, -0.75851949722919, -0.7005400973202005, -0.5953697150360836, 0.8050689443224799, -0.5302069956303568, 0.19334315414173253, 0.6674385911603691, -0.5881936946364419, -0.15709239282917897, -0.7266119544504981, 0.422327747827395, -0.5299925286098195, 0.20001543534225297, 0.17031198785623913, -0.8194606731684737, -0.250066545624261, 0.22036857292793588, -0.7048388194778659, 0.7414953265770095, -0.5779632292621053, -0.2055034571572678, -0.8026190195314811, 0.44879405117450455, 0.5672060496815459, 0.9137611443950919, -0.4102679215412659, 0.22196760753193212, 0.23898279611860385, 0.46960865879901115, 0.1963057880547534, -0.8500095313607288, -0.2875000933273977, -0.41220419813785303, 0.7815251572955384, 0.797067274373324, 0.006940838776594793, -0.4065521201185758, -0.2080544539631577, 0.128863470029706, -0.20710475138521492, 0.051545270499611995, 0.055888702302225646, 0.5655207029606129, 0.8960412491876366, -0.22520633011184676, 0.031370402466614156, -0.6135050194333254, 0.41280862725028755, -0.6753184141974495, -0.1378655727257423, 0.3219152951339359]
478.20544205605984	(8, 12, 2)	[0.510649143460655, -0.9297084361435808, 0.976571918458248, -0.6545871057411126, -0.917695483988987, 0.7827682520519572, 0.1077037004467476, 0.33359901164653416, -0.7138479127127029, -0.09416236606467532, -0.2974095113665791, -0.16889790603469512, 0.7365879225321859, 0.38858200027991185, 0.24999766724028716, -0.8360271212587633, 0.7972936455441482, -0.9700074738433917, -0.9288087508852909, -0.8392631287630334, -0.3318686208087218, -0.9515819857965915, 1, 0.3486582922678525, 0.1245750439456963, -0.3128234325460897, 0.2542964882067411, 0.6636251886421516, -0.9435236369300986, -0.9920431836079393, -0.40635505484864676, 0.32210994487157585, -0.9571395958954843, 0.4442894525075405, -0.77550215273125, 0.8175060685859594, 0.5327442579874975, 0.20663326398647497, -0.24708967776204238, 0.770503193848767, -0.6051885087463786, -0.7802160762522787, 0.3002601710359094, -0.4957139414997319, -0.24212583419147404, 0.8593453573205276, 0.7375231000583846, -0.8155744126380979, -0.032157347200944875, 0.5493302744900694, -0.8477758377348088, -0.598844856853858, -0.6880118151859367, 0.4814484858348158, 0.9795596997756, 0.8029240447996402, 0.2820626740132943, 0.11200398885624674, 0.023846579463198125, -0.612125813524067, 0.7369232129089123, -0.220772782894759, 0.3743959630696294, 1, -0.23950206151229203, 0.6407515907071473, -0.3485791617186942, -0.18421729180406898, -0.37835051799892816, -0.75851949722919, -0.7005400973202005, -0.5953697150360836, 0.8050689443224799, -0.5302069956303568, 0.19334315414173253, 0.6674385911603691, -0.388186081713812, -0.15709239282917897, -0.7266119544504981, 0.422327747827395, -0.8015575474610666, 0.2213896629727605, 0.17031198785623913, -0.8194606731684737, -0.250066545624261, 0.22036857292793588, -0.7048388194778659, 0.7414953265770095, -0.45422729149868035, -0.2055034571572678, -0.8026190195314811, 0.44879405117450455, 0.5672060496815459, 0.9137611443950919, -0.4102679215412659, 0.22196760753193212, 0.23898279611860385, 0.46960865879901115, 0.1963057880547534, -0.8500095313607288, -0.2875000933273977, -0.41220419813785303, 0.7815251572955384, 0.797067274373324, 0.006940838776594793, -0.4065521201185758, -0.2080544539631577, 0.128863470029706, -0.10194346526242981, 0.051545270499611995, 0.055888702302225646, 0.5655207029606129, 0.8960412491876366, -0.22520633011184676, 0.031370402466614156, -0.6135050194333254, 0.41280862725028755, -0.6753184141974495, -0.1378655727257423, 0.3219152951339359]
485.59047915041447	(8, 12, 2)	[0.510649143460655, -0.9297084361435808, 0.976571918458248, -0.6545871057411126, -0.917695483988987, 0.7827682520519572, 0.1077037004467476, 0.33359901164653416, -0.7138479127127029, -0.09416236606467532, -0.2974095113665791, -0.16889790603469512, 0.7365879225321859, 0.38858200027991185, 0.24999766724028716, -0.8360271212587633, 0.7972936455441482, -0.9700074738433917, -0.9288087508852909, -0.8392631287630334, -0.3318686208087218, -0.9515819857965915, 1, 0.3486582922678525, 0.1245750439456963, -0.3128234325460897, 0.2542964882067411, 0.6636251886421516, -0.9435236369300986, -0.9920431836079393, -0.40635505484864676, 0.32210994487157585, -0.9571395958954843, 0.4442894525075405, -0.77550215273125, 0.8175060685859594, 0.5327442579874975, 0.20663326398647497, -0.24708967776204238, 0.770503193848767, -0.6051885087463786, -0.7802160762522787, 0.3002601710359094, -0.4957139414997319, -0.24212583419147404, 0.8593453573205276, 0.7375231000583846, -0.8155744126380979, -0.032157347200944875, 0.5493302744900694, -0.8477758377348088, -0.598844856853858, -0.6880118151859367, 0.4814484858348158, 0.9795596997756, 0.8029240447996402, 0.2820626740132943, 0.11200398885624674, 0.023846579463198125, -0.612125813524067, 0.7369232129089123, -0.220772782894759, 0.3743959630696294, 1, -0.23950206151229203, 0.6407515907071473, -0.3485791617186942, -0.18421729180406898, -0.37835051799892816, -0.75851949722919, -0.7005400973202005, -0.5953697150360836, 0.8050689443224799, -0.5302069956303568, 0.19334315414173253, 0.6674385911603691, -0.388186081713812, -0.15709239282917897, -0.7266119544504981, 0.422327747827395, -0.8015575474610666, 0.2213896629727605, 0.17031198785623913, -0.8194606731684737, -0.026819945208255147, 0.22036857292793588, -0.7048388194778659, 0.7414953265770095, -0.45422729149868035, -0.2055034571572678, -0.8026190195314811, 0.44879405117450455, 0.5672060496815459, 0.9137611443950919, -0.4102679215412659, 0.22196760753193212, 0.23898279611860385, 0.46960865879901115, 0.1963057880547534, -0.8500095313607288, -0.2875000933273977, -0.41220419813785303, 0.7815251572955384, 0.797067274373324, 0.006940838776594793, -0.4065521201185758, -0.2080544539631577, 0.128863470029706, -0.10194346526242981, 0.051545270499611995, 0.055888702302225646, 0.5655207029606129, 0.8960412491876366, -0.22520633011184676, 0.031370402466614156, -0.6135050194333254, 0.41280862725028755, -0.6753184141974495, -0.1378655727257423, 0.3219152951339359]
475.68135894834995	(8, 12, 2)	[0.510649143460655, -0.9297084361435808, 0.976571918458248, -0.6545871057411126, -0.917695483988987, 0.7827682520519572, 0.3500977203741559, 0.33359901164653416, -0.7138479127127029, -0.09416236606467532, -0.2974095113665791, -0.16889790603469512, 0.7365879225321859, 0.38858200027991185, 0.46035773892536525, -0.8360271212587633, 0.7362119159354283, -0.9700074738433917, -0.9288087508852909, -0.8392631287630334, -0.3318686208087218, -0.9515819857965915, 1, 0.3486582922678525, 0.1245750439456963, -0.3128234325460897, 0.2542964882067411, 0.6636251886421516, -0.9435236369300986, -0.9920431836079393, -0.40635505484864676, 0.32210994487157585, -0.9571395958954843, 0.4442894525075405, -0.77550215273125, 0.8175060685859594, 0.5327442579874975, 0.20663326398647497, -0.24708967776204238, 0.770503193848767, -0.6051885087463786, -0.7802160762522787, 0.3002601710359094, -0.5969158768981515, -0.24212583419147404, 0.8593453573205276, 0.7375231000583846, -0.8155744126380979, -0.032157347200944875, 0.5493302744900694, -0.8477758377348088, -0.598844856853858, -0.6880118151859367, 0.4814484858348158, 0.9795596997756, 0.8029240447996402, 0.2820626740132943, 0.11200398885624674, 0.023846579463198125, -0.612125813524067, 0.7369232129089123, -0.220772782894759, 0.10893504243464497, 0.8753710529397791, -0.23950206151229203, 0.6407515907071473, -0.3485791617186942, -0.18421729180406898, -0.37835051799892816, -0.75851949722919, -0.7005400973202005, -0.6712839283518688, 0.8771973684971452, -0.5302069956303568, 0.19334315414173253, 0.6674385911603691, -0.5881936946364419, -0.15709239282917897, -0.7266119544504981, 0.422327747827395, -0.8015575474610666, 0.20001543534225297, 0.17031198785623913, -0.8194606731684737, -0.250066545624261, 0.22036857292793588, -0.7048388194778659, 0.7414953265770095, -0.5779632292621053, -0.2055034571572678, -0.8026190195314811, 0.44879405117450455, 0.5672060496815459, 0.9137611443950919, -0.4102679215412659, 0.22196760753193212, 0.23898279611860385, 0.46960865879901115, 0.1963057880547534, -0.8500095313607288, -0.36111977518932875, -0.41220419813785303, 0.7815251572955384, 0.797067274373324, 0.006940838776594793, -0.4065521201185758, -0.2080544539631577, 0.128863470029706, -0.20710475138521492, 0.051545270499611995, 0.055888702302225646, 0.5655207029606129, 0.8960412491876366, -0.22520633011184676, 0.031370402466614156, -0.6135050194333254, 0.41280862725028755, -0.6753184141974495, -0.1378655727257423, -0.014747719495671385]
485.9804857056588	(8, 12, 2)	[0.510649143460655, -0.9297084361435808, 0.976571918458248, -0.6545871057411126, -0.917695483988987, 0.7827682520519572, 0.1077037004467476, 0.33359901164653416, -0.7138479127127029, -0.12036436082497681, -0.2974095113665791, -0.16889790603469512, 0.7365879225321859, 0.38858200027991185, 0.24999766724028716, -0.8360271212587633, 0.7972936455441482, -0.9700074738433917, -0.9288087508852909, -0.8392631287630334, -0.3318686208087218, -0.9515819857965915, 1, 0.3486582922678525, 0.1245750439456963, -0.3128234325460897, 0.2542964882067411, 0.6636251886421516, -0.9435236369300986, -0.9920431836079393, -0.40635505484864676, 0.5404889304756715, -0.9571395958954843, 0.4442894525075405, -0.77550215273125, 0.8175060685859594, 0.5327442579874975, 0.20663326398647497, -0.24708967776204238, 0.770503193848767, -0.6051885087463786, -0.983976743452191, 0.3002601710359094, -0.4957139414997319, -0.3345316196689972, 0.8593453573205276, 0.7375231000583846, -1, -0.032157347200944875, 0.5493302744900694, -0.8477758377348088, -0.598844856853858, -0.6880118151859367, 0.4814484858348158, 0.9795596997756, 0.8029240447996402, 0.2820626740132943, 0.11200398885624674, 0.023846579463198125, -0.7528799305696161, 0.7369232129089123, -0.220772782894759, 0.3743959630696294, 1, -0.23950206151229203, 0.6407515907071473, -0.3485791617186942, -0.18421729180406898, -0.37835051799892816, -0.75851949722919, -0.7005400973202005, -0.5953697150360836, 1, -0.5302069956303568, 0.19334315414173253, 0.6674385911603691, -0.47379163681259173, -0.15709239282917897, -0.7266119544504981, 0.422327747827395, -0.8015575474610666, 0.2213896629727605, 0.17031198785623913, -0.8194606731684737, -0.250066545624261, 0.22036857292793588, -0.7048388194778659, 0.7414953265770095, -0.45422729149868035, -0.2055034571572678, -0.8026190195314811, 0.44879405117450455, 0.5672060496815459, 0.9137611443950919, -0.4102679215412659, 0.22196760753193212, 0.23898279611860385, 0.6838403842151322, 0.1963057880547534, -0.8500095313607288, -0.2875000933273977, -0.41220419813785303, 0.7815251572955384, 0.797067274373324, 0.006940838776594793, -0.4065521201185758, 0.1269043578195177, 0.128863470029706, -0.10194346526242981, 0.051545270499611995, 0.055888702302225646, 0.5655207029606129, 0.8960412491876366, -0.22520633011184676, 0.031370402466614156, -0.6135050194333254, 0.41280862725028755, -0.6753184141974495, -0.1378655727257423, 0.3219152951339359]
486.4426721818745	(8, 12, 2)	[0.510649143460655, -0.9297084361435808, 0.976571918458248, -0.6545871057411126, -0.5177472344471334, 0.7827682520519572, 0.3500977203741559, 0.33359901164653416, -0.3349511935798016, -0.09416236606467532, -0.2974095113665791, -0.16889790603469512, 0.7365879225321859, 0.38858200027991185, 0.46035773892536525, -0.8360271212587633, 0.7362119159354283, -0.9700074738433917, -0.9288087508852909, -0.8392631287630334, -0.3318686208087218, -0.8719267229975106, 0.8509779055765436, 0.3486582922678525, 0.1245750439456963, -0.3128234325460897, 0.2542964882067411, 0.6636251886421516, -0.9435236369300986, -0.9920431836079393, -0.40635505484864676, 0.32210994487157585, -0.9571395958954843, 0.4442894525075405, -0.77550215273125, 0.8175060685859594, 0.5327442579874975, 0.20663326398647497, -0.24708967776204238, 0.770503193848767, -0.6051885087463786, -0.7802160762522787, 0.3002601710359094, -0.6961898649033716, -0.24212583419147404, 0.8593453573205276, 0.7375231000583846, -0.8155744126380979, -0.3361948255310956, 0.9133695562318502, -0.8477758377348088, -0.598844856853858, -0.6880118151859367, 0.4814484858348158, 0.9795596997756, 0.5988788780068355, 0.2820626740132943, 0.11200398885624674, 0.023846579463198125, -0.612125813524067, 0.7369232129089123, -0.220772782894759, 0.3743959630696294, 0.8753710529397791, -0.23950206151229203, 0.6407515907071473, -0.3485791617186942, -0.18421729180406898, -0.37835051799892816, -0.75851949722919, -0.7005400973202005, -0.5953697150360836, 0.8050689443224799, -0.5302069956303568, 0.19334315414173253, 0.6674385911603691, -0.5881936946364419, -0.15709239282917897, -0.7266119544504981, 0.422327747827395, -0.8015575474610666, 0.12208402862504113, 0.17031198785623913, -0.8194606731684737, -0.250066545624261, 0.22036857292793588, -0.7048388194778659, 0.7414953265770095, -0.5779632292621053, -0.2863630591357901, -0.8026190195314811, 0.44879405117450455, 0.5672060496815459, 0.9137611443950919, -0.4102679215412659, 0.22196760753193212, 0.5737702941652929, 0.46960865879901115, 0.1963057880547534, -0.8500095313607288, -0.2875000933273977, -0.41220419813785303, 0.7815251572955384, 0.797067274373324, 0.006940838776594793, -0.4065521201185758, -0.31986490384236754, 0.128863470029706, -0.10194346526242981, 0.051545270499611995, 0.055888702302225646, 0.20912911791946298, 0.8960412491876366, -0.22520633011184676, 0.031370402466614156, -0.6135050194333254, 0.41280862725028755, -0.6753184141974495, -0.1378655727257423, 0.3219152951339359]
489.179030014202	(8, 12, 2)	[0.510649143460655, -0.9297084361435808, 0.976571918458248, -0.6545871057411126, -0.917695483988987, 0.7827682520519572, -0.00311016840215822, 0.33359901164653416, -0.7138479127127029, -0.12036436082497681, -0.2974095113665791, -0.16889790603469512, 0.7365879225321859, 0.38858200027991185, 0.24999766724028716, -0.8360271212587633, 0.7972936455441482, -0.9700074738433917, -0.9288087508852909, -0.8392631287630334, -0.3318686208087218, -0.9515819857965915, 1, 0.3486582922678525, 0.1245750439456963, -0.3128234325460897, 0.2542964882067411, 0.6636251886421516, -1, -0.9920431836079393, -0.40635505484864676, 0.32210994487157585, -0.6990676794250791, 0.4442894525075405, -0.77550215273125, 0.8175060685859594, 0.5327442579874975, -0.02690175564204675, -0.24708967776204238, 0.770503193848767, -0.6051885087463786, -0.7802160762522787, 0.3002601710359094, -0.4957139414997319, -0.32539506116205036, 0.8593453573205276, 0.7375231000583846, -1, -0.032157347200944875, 0.5493302744900694, -0.8477758377348088, -0.598844856853858, -0.6880118151859367, 0.4814484858348158, 0.9795596997756, 0.8029240447996402, 0.2820626740132943, 0.11200398885624674, 0.023846579463198125, -0.612125813524067, 0.7369232129089123, -0.220772782894759, 0.3743959630696294, 1, -0.23950206151229203, 0.6407515907071473, -0.3485791617186942, -0.18421729180406898, -0.37835051799892816, -0.75851949722919, -0.7005400973202005, -0.6712839283518688, 0.8050689443224799, -0.5302069956303568, 0.19334315414173253, 0.6674385911603691, -0.5881936946364419, -0.15709239282917897, -0.7266119544504981, 0.422327747827395, -0.8015575474610666, 0.20001543534225297, 0.17031198785623913, -0.8194606731684737, -0.250066545624261, 0.22036857292793588, -0.7048388194778659, 0.7414953265770095, -0.5779632292621053, -0.583993286258385, -0.8026190195314811, 0.44879405117450455, 0.5672060496815459, 0.9137611443950919, -0.4102679215412659, 0.22196760753193212, 0.5737702941652929, 0.6838403842151322, 0.1963057880547534, -0.8500095313607288, -0.2875000933273977, -0.41220419813785303, 0.7815251572955384, 0.5718279825119978, 0.006940838776594793, -0.4065521201185758, -0.2080544539631577, 0.128863470029706, -0.20710475138521492, 0.051545270499611995, 0.055888702302225646, 0.5655207029606129, 0.8960412491876366, -0.22520633011184676, 0.031370402466614156, -0.6135050194333254, 0.41280862725028755, -0.6753184141974495, -0.1378655727257423, 0.3219152951339359]
477.69051380455494	(8, 12, 2)	[0.510649143460655, -0.9297084361435808, 0.976571918458248, -0.6545871057411126, -0.5177472344471334, 0.7827682520519572, 0.3500977203741559, 0.33359901164653416, -0.3349511935798016, -0.09416236606467532, -0.2974095113665791, -0.16889790603469512, 0.7365879225321859, 0.38858200027991185, 0.46035773892536525, -0.8360271212587633, 0.7362119159354283, -0.9700074738433917, -0.9288087508852909, -0.8392631287630334, -0.3318686208087218, -0.8719267229975106, 0.8509779055765436, 0.3486582922678525, 0.1245750439456963, -0.3128234325460897, 0.2542964882067411, 0.6636251886421516, -0.9435236369300986, -0.9920431836079393, -0.40635505484864676, 0.32210994487157585, -0.9571395958954843, 0.4442894525075405, -0.77550215273125, 0.8175060685859594, 0.5327442579874975, 0.20663326398647497, -0.24708967776204238, 0.770503193848767, -0.6051885087463786, -0.7802160762522787, 0.3002601710359094, -0.6961898649033716, -0.24212583419147404, 0.8593453573205276, 0.7375231000583846, -0.8155744126380979, -0.3361948255310956, 0.9133695562318502, -0.8477758377348088, -0.598844856853858, -0.6880118151859367, 0.4814484858348158, 0.9795596997756, 0.5988788780068355, 0.2820626740132943, 0.11200398885624674, 0.023846579463198125, -0.612125813524067, 0.7369232129089123, -0.220772782894759, 0.3743959630696294, 0.8753710529397791, -0.23950206151229203, 0.6407515907071473, -0.3485791617186942, -0.18421729180406898, -0.37835051799892816, -0.75851949722919, -0.7005400973202005, -0.5953697150360836, 0.8773767292113134, -0.5302069956303568, 0.19334315414173253, 0.6674385911603691, -0.5881936946364419, -0.15709239282917897, -0.7266119544504981, 0.422327747827395, -0.8015575474610666, 0.12208402862504113, 0.17031198785623913, -0.8194606731684737, -0.250066545624261, 0.22036857292793588, -0.7048388194778659, 0.7414953265770095, -0.5779632292621053, -0.2863630591357901, -0.8026190195314811, 0.44879405117450455, 0.5672060496815459, 0.9137611443950919, -0.4102679215412659, 0.22196760753193212, 0.5737702941652929, 0.46960865879901115, 0.1963057880547534, -0.8500095313607288, -0.2875000933273977, -0.41220419813785303, 0.7815251572955384, 0.8490475748058064, 0.006940838776594793, -0.4065521201185758, -0.31986490384236754, 0.128863470029706, -0.10194346526242981, 0.051545270499611995, 0.055888702302225646, 0.20912911791946298, 0.8960412491876366, -0.22520633011184676, 0.031370402466614156, -0.6135050194333254, 0.41280862725028755, -0.6753184141974495, -0.1378655727257423, 0.3219152951339359]
494.3985386285931	(8, 12, 2)	[0.510649143460655, -0.9297084361435808, 0.976571918458248, -0.6545871057411126, -0.5177472344471334, 0.7827682520519572, 0.3500977203741559, 0.33359901164653416, -0.3349511935798016, -0.09416236606467532, -0.2974095113665791, -0.16889790603469512, 0.7365879225321859, 0.38858200027991185, 0.46035773892536525, -0.8360271212587633, 0.7362119159354283, -0.9700074738433917, -0.9288087508852909, -0.8392631287630334, -0.3318686208087218, -0.8719267229975106, 0.8509779055765436, 0.3486582922678525, 0.1245750439456963, -0.3128234325460897, 0.2542964882067411, 0.6636251886421516, -0.9435236369300986, -0.9920431836079393, -0.40635505484864676, 0.32210994487157585, -0.9571395958954843, 0.4442894525075405, -0.77550215273125, 0.8175060685859594, 0.5327442579874975, 0.20663326398647497, -0.24708967776204238, 0.770503193848767, -0.6051885087463786, -0.7802160762522787, 0.3002601710359094, -0.6961898649033716, -0.1432797580367674, 0.8593453573205276, 0.7375231000583846, -0.8155744126380979, -0.3361948255310956, 0.9133695562318502, -0.8480019926660869, -0.598844856853858, -1, 0.3820429392481912, 0.9795596997756, 0.5988788780068355, 0.2820626740132943, 0.11200398885624674, 0.023846579463198125, -0.612125813524067, 0.7369232129089123, -0.220772782894759, 0.3743959630696294, 0.8753710529397791, -0.23950206151229203, 0.6407515907071473, -0.3485791617186942, -0.18421729180406898, -0.37835051799892816, -0.75851949722919, -0.7005400973202005, -0.5953697150360836, 0.8050689443224799, -0.5302069956303568, 0.19334315414173253, 0.7910845561859652, -0.5352261658512258, -0.15709239282917897, -0.7266119544504981, 0.422327747827395, -0.8015575474610666, 0.12208402862504113, 0.17031198785623913, -0.8194606731684737, -0.250066545624261, 0.0189979262902161, -0.7048388194778659, 0.7414953265770095, -0.5779632292621053, -0.583993286258385, -0.8026190195314811, 0.44879405117450455, 0.5672060496815459, 0.9137611443950919, -0.4102679215412659, 0.22196760753193212, 0.5737702941652929, 0.6838403842151322, 0.1963057880547534, -0.8500095313607288, -0.2875000933273977, -0.41220419813785303, 0.7815251572955384, 0.5718279825119978, 0.006940838776594793, -0.4065521201185758, -0.2080544539631577, 0.128863470029706, -0.20710475138521492, 0.051545270499611995, 0.055888702302225646, 0.5655207029606129, 0.8960412491876366, -0.22520633011184676, 0.031370402466614156, -0.6135050194333254, 0.41280862725028755, -0.6753184141974495, -0.1378655727257423, 0.3219152951339359]
490.53031587973237	(8, 12, 2)	[0.510649143460655, -0.9297084361435808, 0.976571918458248, -0.6545871057411126, -0.5177472344471334, 0.7827682520519572, 0.3500977203741559, 0.33359901164653416, -0.3349511935798016, -0.09416236606467532, -0.2974095113665791, -0.16889790603469512, 0.7365879225321859, 0.38858200027991185, 0.46035773892536525, -0.8360271212587633, 0.7362119159354283, -0.9700074738433917, -0.9288087508852909, -0.8392631287630334, -0.3318686208087218, -0.8719267229975106, 0.8509779055765436, 0.3486582922678525, 0.1245750439456963, -0.3128234325460897, 0.2542964882067411, 0.6636251886421516, -0.9435236369300986, -0.9920431836079393, -0.40635505484864676, 0.32210994487157585, -0.9571395958954843, 0.4442894525075405, -0.77550215273125, 0.8175060685859594, 0.5327442579874975, 0.20663326398647497, -0.24708967776204238, 0.770503193848767, -0.6051885087463786, -0.7802160762522787, 0.3002601710359094, -0.6961898649033716, -0.24212583419147404, 0.8593453573205276, 0.7375231000583846, -0.8155744126380979, -0.3361948255310956, 0.9133695562318502, -0.8477758377348088, -0.598844856853858, -0.6880118151859367, 0.4814484858348158, 0.9795596997756, 0.5988788780068355, 0.2820626740132943, 0.11200398885624674, 0.023846579463198125, -0.612125813524067, 0.7369232129089123, -0.220772782894759, 0.3743959630696294, 0.8753710529397791, -0.23950206151229203, 0.6407515907071473, -0.3485791617186942, -0.18421729180406898, -0.37835051799892816, -0.75851949722919, -0.7005400973202005, -0.5953697150360836, 0.8050689443224799, -0.5302069956303568, 0.18966056942875606, 0.6674385911603691, -0.5881936946364419, -0.15709239282917897, -0.7266119544504981, 0.422327747827395, -0.8015575474610666, 0.12208402862504113, 0.17031198785623913, -0.8194606731684737, -0.250066545624261, 0.22036857292793588, -0.7048388194778659, 0.7414953265770095, -0.5779632292621053, -0.2863630591357901, -0.8026190195314811, 0.44879405117450455, 0.5672060496815459, 0.9137611443950919, -0.4102679215412659, 0.22196760753193212, 0.5737702941652929, 0.46960865879901115, 0.1963057880547534, -0.8500095313607288, -0.2875000933273977, -0.41220419813785303, 0.7815251572955384, 0.797067274373324, 0.006940838776594793, -0.4065521201185758, -0.31986490384236754, 0.128863470029706, -0.10194346526242981, 0.051545270499611995, 0.055888702302225646, 0.20912911791946298, 0.8960412491876366, -0.22520633011184676, 0.031370402466614156, -0.7932326987816865, 0.41280862725028755, -0.6753184141974495, -0.1378655727257423, 0.3219152951339359]
487.3185331467539	(8, 12, 2)	[0.510649143460655, -0.9297084361435808, 0.976571918458248, -0.6545871057411126, -0.5177472344471334, 0.7827682520519572, 0.3500977203741559, 0.33359901164653416, -0.3349511935798016, -0.09416236606467532, -0.2974095113665791, -0.16889790603469512, 0.7365879225321859, 0.38858200027991185, 0.46035773892536525, -0.8360271212587633, 0.7362119159354283, -0.9700074738433917, -0.9288087508852909, -0.8392631287630334, -0.3318686208087218, -0.8201704394286818, 0.8509779055765436, 0.3486582922678525, 0.1245750439456963, -0.3128234325460897, 0.2542964882067411, 0.6636251886421516, -0.9435236369300986, -0.9920431836079393, -0.40635505484864676, 0.32210994487157585, -0.9571395958954843, 0.4442894525075405, -0.77550215273125, 0.8175060685859594, 0.5327442579874975, 0.20663326398647497, -0.24708967776204238, 0.770503193848767, -0.6051885087463786, -0.7802160762522787, 0.3002601710359094, -0.6961898649033716, -0.24212583419147404, 0.8593453573205276, 0.7375231000583846, -0.8155744126380979, -0.3361948255310956, 0.9133695562318502, -0.8477758377348088, -0.598844856853858, -0.6880118151859367, 0.4814484858348158, 0.9795596997756, 0.5988788780068355, 0.2820626740132943, 0.11200398885624674, 0.023846579463198125, -0.612125813524067, 0.7369232129089123, -0.220772782894759, 0.3743959630696294, 0.8753710529397791, -0.23950206151229203, 0.6407515907071473, -0.3485791617186942, -0.18421729180406898, -0.37835051799892816, -0.75851949722919, -0.7005400973202005, -0.5953697150360836, 0.8050689443224799, -0.5302069956303568, 0.19334315414173253, 0.6674385911603691, -0.5881936946364419, -0.15709239282917897, -0.6396066866267924, 0.422327747827395, -0.8015575474610666, 0.12208402862504113, 0.17031198785623913, -0.8194606731684737, -0.250066545624261, 0.22036857292793588, -0.7048388194778659, 0.7414953265770095, -0.5779632292621053, -0.2863630591357901, -0.8026190195314811, 0.44879405117450455, 0.5672060496815459, 0.9137611443950919, -0.4102679215412659, 0.22196760753193212, 0.5737702941652929, 0.46960865879901115, 0.1963057880547534, -0.8500095313607288, -0.2875000933273977, -0.41220419813785303, 0.7815251572955384, 0.8490475748058064, 0.006940838776594793, -0.4065521201185758, -0.31986490384236754, 0.128863470029706, -0.10194346526242981, 0.051545270499611995, 0.055888702302225646, 0.20912911791946298, 0.8960412491876366, -0.22520633011184676, 0.031370402466614156, -0.6135050194333254, 0.41280862725028755, -0.6753184141974495, -0.1378655727257423, 0.3219152951339359]
484.89504288882017	(8, 12, 2)	[0.510649143460655, -0.9297084361435808, 0.976571918458248, -0.6545871057411126, -0.5177472344471334, 0.7827682520519572, 0.3500977203741559, 0.33359901164653416, -0.3349511935798016, -0.09416236606467532, -0.2974095113665791, -0.16889790603469512, 0.7365879225321859, 0.38858200027991185, 0.46035773892536525, -0.8360271212587633, 0.7362119159354283, -0.9700074738433917, -0.9288087508852909, -0.8392631287630334, -0.3318686208087218, -0.8719267229975106, 0.8509779055765436, 0.3486582922678525, 0.1245750439456963, -0.3128234325460897, 0.2542964882067411, 0.6636251886421516, -0.9435236369300986, -0.9920431836079393, -0.40635505484864676, 0.32210994487157585, -0.9571395958954843, 0.4442894525075405, -0.77550215273125, 0.8175060685859594, 0.5327442579874975, 0.20663326398647497, -0.24708967776204238, 0.770503193848767, -0.6051885087463786, -0.7802160762522787, 0.3002601710359094, -0.6961898649033716, -0.24212583419147404, 0.8593453573205276, 0.7375231000583846, -0.8155744126380979, -0.3361948255310956, 0.9133695562318502, -0.8477758377348088, -0.598844856853858, -0.6880118151859367, 0.4814484858348158, 1, 0.5988788780068355, 0.2820626740132943, 0.11200398885624674, 0.023846579463198125, -0.612125813524067, 0.7369232129089123, -0.4717539252534319, 0.6963348455534106, 0.8753710529397791, -0.23950206151229203, 0.6407515907071473, -0.3485791617186942, -0.18421729180406898, -0.37835051799892816, -0.75851949722919, -0.7005400973202005, -0.5953697150360836, 0.8050689443224799, -0.5302069956303568, 0.19334315414173253, 0.6674385911603691, -0.5881936946364419, 0.1397108227756414, -0.7266119544504981, 0.422327747827395, -0.8015575474610666, 0.12208402862504113, 0.17031198785623913, -0.8194606731684737, -0.250066545624261, 0.22036857292793588, -0.7048388194778659, 0.7414953265770095, -0.5779632292621053, -0.2863630591357901, -0.8026190195314811, 0.44879405117450455, 0.5672060496815459, 0.9137611443950919, -0.4102679215412659, 0.22196760753193212, 0.5737702941652929, 0.46960865879901115, -0.02728903559460394, -0.8500095313607288, -0.2875000933273977, -0.41220419813785303, 0.7815251572955384, 0.797067274373324, 0.006940838776594793, -0.4065521201185758, -0.31986490384236754, 0.128863470029706, -0.10194346526242981, 0.051545270499611995, 0.055888702302225646, 0.20912911791946298, 0.8960412491876366, -0.22520633011184676, 0.031370402466614156, -0.6135050194333254, 0.20364462443316292, -0.6753184141974495, -0.1378655727257423, 0.3219152951339359]
485.1674946025014	(8, 12, 2)	[0.510649143460655, -0.9297084361435808, 0.976571918458248, -0.6545871057411126, -0.5177472344471334, 0.7827682520519572, 0.3500977203741559, 0.33359901164653416, -0.3349511935798016, -0.09416236606467532, -0.2974095113665791, -0.16889790603469512, 0.7365879225321859, 0.38858200027991185, 0.46035773892536525, -0.8360271212587633, 0.7362119159354283, -0.9700074738433917, -0.9288087508852909, -0.8392631287630334, -0.3318686208087218, -0.8719267229975106, 0.8509779055765436, 0.3486582922678525, 0.1245750439456963, -0.3128234325460897, 0.2542964882067411, 0.6636251886421516, -0.9435236369300986, -0.9920431836079393, -0.40635505484864676, 0.32210994487157585, -0.9571395958954843, 0.4442894525075405, -0.77550215273125, 0.8175060685859594, 0.5327442579874975, 0.20663326398647497, -0.24708967776204238, 0.770503193848767, -0.6051885087463786, -0.7802160762522787, 0.3002601710359094, -0.6961898649033716, -0.24212583419147404, 0.8593453573205276, 0.7375231000583846, -0.8155744126380979, -0.3361948255310956, 0.9133695562318502, -0.8477758377348088, -0.598844856853858, -0.6880118151859367, 0.4814484858348158, 1, 0.5988788780068355, 0.2820626740132943, 0.11200398885624674, 0.023846579463198125, -0.612125813524067, 0.7369232129089123, -0.4717539252534319, 0.6963348455534106, 0.8753710529397791, -0.23950206151229203, 0.6407515907071473, -0.3485791617186942, -0.18421729180406898, -0.37835051799892816, -0.75851949722919, -0.7005400973202005, -0.5953697150360836, 0.8050689443224799, -0.5302069956303568, 0.19334315414173253, 0.6674385911603691, -0.5881936946364419, 0.1397108227756414, -0.2582494656827205, 0.422327747827395, -0.8015575474610666, 0.12208402862504113, 0.17031198785623913, -0.8194606731684737, -0.250066545624261, 0.22036857292793588, -0.7048388194778659, 0.7414953265770095, -0.5779632292621053, -0.2863630591357901, -0.8026190195314811, 0.44879405117450455, 0.5672060496815459, 0.9137611443950919, -0.4102679215412659, 0.22196760753193212, 0.5737702941652929, 0.46960865879901115, -0.02728903559460394, -0.8500095313607288, -0.2875000933273977, -0.41220419813785303, 0.7815251572955384, 0.797067274373324, 0.006940838776594793, -0.4065521201185758, -0.31986490384236754, 0.128863470029706, -0.10194346526242981, 0.051545270499611995, 0.055888702302225646, 0.20912911791946298, 0.8960412491876366, -0.22520633011184676, 0.031370402466614156, -0.6135050194333254, 0.20364462443316292, -0.6753184141974495, -0.1378655727257423, 0.3219152951339359]
487.59721778333187	(8, 12, 2)	[0.510649143460655, -0.9297084361435808, 0.976571918458248, -0.6545871057411126, -0.5177472344471334, 0.7827682520519572, 0.3500977203741559, 0.33359901164653416, -0.3349511935798016, -0.09416236606467532, -0.2974095113665791, -0.16889790603469512, 0.7365879225321859, 0.38858200027991185, 0.46035773892536525, -0.8360271212587633, 0.7362119159354283, -0.9700074738433917, -0.9288087508852909, -0.8392631287630334, -0.3318686208087218, -0.8719267229975106, 0.8509779055765436, 0.3486582922678525, 0.1245750439456963, -0.3128234325460897, 0.2542964882067411, 0.6129156227124454, -0.9435236369300986, -0.9920431836079393, -0.40635505484864676, 0.32210994487157585, -0.9571395958954843, 0.4442894525075405, -0.77550215273125, 0.8175060685859594, 0.5327442579874975, 0.20663326398647497, -0.24708967776204238, 0.770503193848767, -0.6051885087463786, -0.7802160762522787, 0.3002601710359094, -0.6961898649033716, -0.24212583419147404, 0.8593453573205276, 0.7375231000583846, -0.8155744126380979, -0.3361948255310956, 0.9133695562318502, -0.8477758377348088, -0.598844856853858, -0.6880118151859367, 0.4814484858348158, 1, 0.5988788780068355, 0.2820626740132943, 0.11200398885624674, 0.023846579463198125, -0.612125813524067, 0.7369232129089123, -0.4717539252534319, 0.6963348455534106, 0.8753710529397791, -0.23950206151229203, 0.6407515907071473, -0.3485791617186942, -0.18421729180406898, -0.37835051799892816, -0.75851949722919, -0.7005400973202005, -0.5953697150360836, 0.8050689443224799, -0.5302069956303568, 0.19334315414173253, 0.6674385911603691, -0.5881936946364419, 0.1397108227756414, -0.7266119544504981, 0.422327747827395, -0.8015575474610666, 0.12208402862504113, 0.17031198785623913, -0.8194606731684737, -0.250066545624261, 0.22036857292793588, -0.7048388194778659, 0.7414953265770095, -0.5779632292621053, -0.2863630591357901, -0.8026190195314811, 0.44879405117450455, 0.5672060496815459, 0.9137611443950919, -0.4102679215412659, 0.22196760753193212, 0.5737702941652929, 0.46960865879901115, -0.02728903559460394, -0.8500095313607288, -0.2875000933273977, -0.41220419813785303, 0.7815251572955384, 0.797067274373324, 0.006940838776594793, -0.4065521201185758, -0.31986490384236754, 0.128863470029706, -0.10194346526242981, 0.051545270499611995, 0.055888702302225646, 0.20912911791946298, 1, -0.22520633011184676, 0.04941621503027126, -0.6135050194333254, 0.20364462443316292, -0.6753184141974495, -0.1378655727257423, 0.3219152951339359]
486.32006912957877	(8, 12, 2)	[0.510649143460655, -0.9297084361435808, 0.976571918458248, -0.6545871057411126, -0.5177472344471334, 0.7827682520519572, 0.3500977203741559, 0.33359901164653416, -0.3349511935798016, -0.09416236606467532, -0.2974095113665791, -0.16889790603469512, 0.7365879225321859, 0.38858200027991185, 0.46035773892536525, -0.8360271212587633, 0.7362119159354283, -0.9700074738433917, -0.9288087508852909, -0.4751984679621178, -0.3318686208087218, -0.8719267229975106, 0.8509779055765436, 0.3486582922678525, 0.1245750439456963, -0.3128234325460897, 0.2542964882067411, 0.6129156227124454, -0.9435236369300986, -0.9920431836079393, -0.40635505484864676, 0.32210994487157585, -0.9571395958954843, 0.4442894525075405, -0.77550215273125, 0.8175060685859594, 0.5327442579874975, 0.20663326398647497, -0.24708967776204238, 0.770503193848767, -0.6051885087463786, -0.7802160762522787, 0.3002601710359094, -0.6961898649033716, -0.24212583419147404, 0.8593453573205276, 0.7375231000583846, -0.8155744126380979, -0.3361948255310956, 0.9133695562318502, -0.8477758377348088, -0.598844856853858, -0.6880118151859367, 0.4814484858348158, 1, 0.5988788780068355, 0.2820626740132943, 0.11200398885624674, 0.023846579463198125, -0.612125813524067, 0.7369232129089123, -0.4717539252534319, 0.6963348455534106, 0.8753710529397791, -0.23950206151229203, 0.6407515907071473, -0.3485791617186942, -0.18421729180406898, -0.37835051799892816, -0.75851949722919, -0.7005400973202005, -0.5953697150360836, 0.8050689443224799, -0.5302069956303568, 0.19334315414173253, 0.6674385911603691, -0.5881936946364419, 0.1397108227756414, -0.7266119544504981, 0.422327747827395, -0.8015575474610666, 0.12208402862504113, 0.17031198785623913, -0.8194606731684737, -0.250066545624261, 0.22036857292793588, -0.7048388194778659, 0.7414953265770095, -0.5779632292621053, -0.2863630591357901, -0.8026190195314811, 0.44879405117450455, 0.5672060496815459, 0.9137611443950919, -0.4102679215412659, 0.22196760753193212, 0.5737702941652929, 0.46960865879901115, -0.02728903559460394, -0.8500095313607288, -0.2875000933273977, -0.41220419813785303, 0.7815251572955384, 0.797067274373324, 0.006940838776594793, -0.4065521201185758, -0.31986490384236754, 0.128863470029706, -0.10194346526242981, 0.051545270499611995, 0.055888702302225646, 0.20912911791946298, 1, -0.22520633011184676, 0.04941621503027126, -0.6135050194333254, 0.20364462443316292, -0.6753184141974495, -0.1378655727257423, 0.3219152951339359]
489.16959478519857	(8, 12, 2)	[0.510649143460655, -0.9297084361435808, 0.976571918458248, -0.6545871057411126, -0.5177472344471334, 0.7827682520519572, 0.3500977203741559, 0.33359901164653416, -0.3349511935798016, -0.09416236606467532, -0.2974095113665791, -0.16889790603469512, 0.7365879225321859, 0.38858200027991185, 0.46035773892536525, -0.8360271212587633, 0.7362119159354283, -0.9700074738433917, -0.9288087508852909, -0.4751984679621178, -0.3318686208087218, -0.8719267229975106, 0.8509779055765436, 0.3486582922678525, 0.1245750439456963, -0.3128234325460897, 0.2542964882067411, 0.6129156227124454, -0.9435236369300986, -0.9920431836079393, -0.40635505484864676, 0.32210994487157585, -0.9571395958954843, 0.4442894525075405, -0.77550215273125, 0.8175060685859594, 0.5327442579874975, 0.20663326398647497, -0.24708967776204238, 0.770503193848767, -0.6051885087463786, -0.7802160762522787, 0.3002601710359094, -0.6961898649033716, -0.24212583419147404, 0.8593453573205276, 0.7375231000583846, -0.8155744126380979, -0.3361948255310956, 0.9133695562318502, -0.8477758377348088, -0.598844856853858, -0.6880118151859367, 0.4814484858348158, 1, 0.5988788780068355, 0.2820626740132943, 0.11200398885624674, 0.023846579463198125, -0.612125813524067, 0.7369232129089123, -0.4717539252534319, 0.6963348455534106, 0.8753710529397791, -0.23950206151229203, 0.6407515907071473, -0.3485791617186942, -0.18421729180406898, -0.37835051799892816, -0.75851949722919, -0.7005400973202005, -0.5953697150360836, 0.8050689443224799, -0.5302069956303568, 0.19334315414173253, 0.6674385911603691, -0.5881936946364419, 0.1397108227756414, -0.7266119544504981, 0.422327747827395, -0.8015575474610666, 0.12208402862504113, 0.17031198785623913, -0.8194606731684737, -0.250066545624261, 0.22036857292793588, -0.7048388194778659, 0.7414953265770095, -0.5779632292621053, -0.2863630591357901, -0.8026190195314811, 0.44879405117450455, 0.5672060496815459, 0.9137611443950919, -0.5016144350559486, 0.22196760753193212, 0.5737702941652929, 0.46960865879901115, -0.02728903559460394, -0.8500095313607288, -0.2875000933273977, -0.41220419813785303, 0.7815251572955384, 0.797067274373324, 0.006940838776594793, -0.4065521201185758, -0.31986490384236754, 0.128863470029706, -0.10194346526242981, 0.051545270499611995, 0.055888702302225646, 0.20912911791946298, 1, -0.22520633011184676, 0.04941621503027126, -0.6135050194333254, 0.20364462443316292, -0.6753184141974495, -0.1378655727257423, 0.3219152951339359]
489.50354093685746	(8, 12, 2)	[0.510649143460655, -0.9297084361435808, 0.976571918458248, -0.6545871057411126, -0.5177472344471334, 0.7827682520519572, 0.3500977203741559, 0.33359901164653416, -0.3349511935798016, -0.09416236606467532, -0.2974095113665791, -0.16889790603469512, 0.7365879225321859, 0.38858200027991185, 0.46035773892536525, -0.8360271212587633, 0.7362119159354283, -0.9700074738433917, -0.9288087508852909, -0.4751984679621178, -0.3318686208087218, -0.8719267229975106, 0.8509779055765436, 0.3486582922678525, 0.1245750439456963, -0.3128234325460897, 0.2542964882067411, 0.6129156227124454, -0.9435236369300986, -0.9920431836079393, -0.40635505484864676, 0.32210994487157585, -0.9571395958954843, 0.4442894525075405, -0.77550215273125, 0.8175060685859594, 0.5327442579874975, 0.20663326398647497, -0.24708967776204238, 0.770503193848767, -0.6051885087463786, -0.7802160762522787, 0.3002601710359094, -0.6961898649033716, -0.24212583419147404, 0.8593453573205276, 0.7375231000583846, -0.8155744126380979, -0.3361948255310956, 0.9133695562318502, -0.8477758377348088, -0.598844856853858, -0.6880118151859367, 0.4814484858348158, 1, 0.5988788780068355, 0.2820626740132943, 0.11200398885624674, 0.023846579463198125, -0.612125813524067, 0.7369232129089123, -0.4717539252534319, 0.6963348455534106, 0.8753710529397791, -0.23950206151229203, 0.6407515907071473, -0.3485791617186942, -0.18421729180406898, -0.37835051799892816, -0.75851949722919, -0.7005400973202005, -0.5953697150360836, 0.8050689443224799, -0.5302069956303568, 0.19334315414173253, 0.6674385911603691, -0.5881936946364419, 0.1397108227756414, -0.7266119544504981, 0.422327747827395, -0.8015575474610666, 0.12208402862504113, 0.17031198785623913, -0.8194606731684737, -0.250066545624261, 0.22036857292793588, -0.7048388194778659, 0.7275897454849699, -0.5779632292621053, -0.2863630591357901, -0.8026190195314811, 0.44879405117450455, 0.5672060496815459, 0.9137611443950919, -0.5016144350559486, 0.22196760753193212, 0.5737702941652929, 0.46960865879901115, -0.02728903559460394, -0.8500095313607288, -0.2875000933273977, -0.41220419813785303, 0.7815251572955384, 0.797067274373324, 0.006940838776594793, -0.4065521201185758, -0.31986490384236754, 0.128863470029706, -0.10194346526242981, 0.051545270499611995, 0.055888702302225646, 0.20912911791946298, 1, -0.22520633011184676, 0.04941621503027126, -0.6135050194333254, 0.20364462443316292, -0.6753184141974495, -0.1378655727257423, 0.3219152951339359]
485.9642492607236	(8, 12, 2)	[0.510649143460655, -0.9297084361435808, 0.976571918458248, -0.6545871057411126, -0.5177472344471334, 0.7827682520519572, 0.3500977203741559, 0.33359901164653416, -0.3349511935798016, -0.09416236606467532, -0.2974095113665791, -0.16889790603469512, 0.7365879225321859, 0.38858200027991185, 0.46035773892536525, -0.8360271212587633, 0.7362119159354283, -0.9700074738433917, -0.9288087508852909, -0.4751984679621178, -0.3318686208087218, -0.8719267229975106, 0.8509779055765436, 0.3486582922678525, 0.1245750439456963, -0.3128234325460897, 0.2542964882067411, 0.6129156227124454, -0.9435236369300986, -0.9920431836079393, -0.40635505484864676, 0.32210994487157585, -0.9571395958954843, 0.4442894525075405, -0.77550215273125, 0.8175060685859594, 0.5327442579874975, 0.20663326398647497, -0.24708967776204238, 0.770503193848767, -0.6051885087463786, -0.7802160762522787, 0.3002601710359094, -0.6961898649033716, -0.5721629400299704, 0.8593453573205276, 0.7375231000583846, -0.8155744126380979, -0.3361948255310956, 0.9133695562318502, -0.8477758377348088, -0.598844856853858, -0.6880118151859367, 0.4814484858348158, 1, 0.5988788780068355, 0.2820626740132943, 0.11200398885624674, 0.023846579463198125, -0.612125813524067, 0.7369232129089123, -0.4717539252534319, 0.6963348455534106, 0.8753710529397791, -0.23950206151229203, 0.415172271046943, -0.3485791617186942, -0.18421729180406898, -0.37835051799892816, -0.75851949722919, -0.7005400973202005, -0.5953697150360836, 0.8050689443224799, -0.5302069956303568, 0.19334315414173253, 0.6674385911603691, -0.5881936946364419, 0.1397108227756414, -0.7266119544504981, 0.422327747827395, -0.8015575474610666, 0.12208402862504113, 0.17031198785623913, -0.8194606731684737, -0.250066545624261, 0.22036857292793588, -0.7048388194778659, 0.7414953265770095, -0.5779632292621053, -0.2863630591357901, -0.8026190195314811, 0.44879405117450455, 0.5672060496815459, 0.9137611443950919, -0.5016144350559486, 0.11641597097320183, 0.5737702941652929, 0.46960865879901115, -0.02728903559460394, -0.8500095313607288, -0.2875000933273977, -0.41220419813785303, 0.7815251572955384, 0.797067274373324, 0.006940838776594793, -0.4065521201185758, -0.31986490384236754, 0.128863470029706, -0.10194346526242981, 0.051545270499611995, 0.055888702302225646, 0.20912911791946298, 1, -0.22520633011184676, 0.04941621503027126, -0.6135050194333254, 0.20364462443316292, -0.6753184141974495, -0.1378655727257423, 0.3219152951339359]
486.6981512095663	(8, 12, 2)	[0.510649143460655, -0.9297084361435808, 0.976571918458248, -0.6545871057411126, -0.5177472344471334, 0.7827682520519572, 0.3500977203741559, 0.33359901164653416, -0.3349511935798016, -0.09416236606467532, -0.2974095113665791, -0.16889790603469512, 0.7365879225321859, 0.38858200027991185, 0.46035773892536525, -0.8360271212587633, 0.7362119159354283, -0.9700074738433917, -0.9288087508852909, -0.4751984679621178, -0.3318686208087218, -0.8719267229975106, 0.8509779055765436, 0.3486582922678525, 0.1245750439456963, -0.3128234325460897, 0.2542964882067411, 0.6129156227124454, -0.9435236369300986, -0.9920431836079393, -0.40635505484864676, 0.32210994487157585, -0.9571395958954843, 0.4442894525075405, -0.77550215273125, 0.8175060685859594, 0.5327442579874975, 0.20663326398647497, -0.24708967776204238, 0.770503193848767, -0.6051885087463786, -0.7802160762522787, 0.3002601710359094, -0.6961898649033716, -0.5721629400299704, 0.8593453573205276, 0.7375231000583846, -0.8155744126380979, -0.3361948255310956, 0.9133695562318502, -0.8477758377348088, -0.598844856853858, -0.6880118151859367, 0.4814484858348158, 1, 0.5988788780068355, 0.2820626740132943, 0.11200398885624674, 0.023846579463198125, -0.612125813524067, 0.7369232129089123, -0.4717539252534319, 0.6963348455534106, 0.8753710529397791, -0.23950206151229203, 0.415172271046943, -0.3485791617186942, -0.18421729180406898, -0.37835051799892816, -0.75851949722919, -0.7005400973202005, -0.5953697150360836, 0.8050689443224799, -0.5302069956303568, 0.19334315414173253, 0.6674385911603691, -0.5881936946364419, 0.1397108227756414, -0.7266119544504981, 0.422327747827395, -0.8015575474610666, 0.12208402862504113, 0.17031198785623913, -0.8194606731684737, -0.250066545624261, 0.22036857292793588, -0.7048388194778659, 0.7414953265770095, -0.5779632292621053, -0.2863630591357901, -0.8026190195314811, 0.44879405117450455, 0.5672060496815459, 0.9137611443950919, -0.5016144350559486, 0.11641597097320183, 0.5737702941652929, 0.46960865879901115, -0.02728903559460394, -0.8500095313607288, -0.2875000933273977, -0.41220419813785303, 0.7815251572955384, 0.797067274373324, 0.006940838776594793, -0.4065521201185758, -0.31986490384236754, 0.128863470029706, -0.10194346526242981, 0.051545270499611995, 0.055888702302225646, 0.20912911791946298, 1, -0.22520633011184676, 0.04941621503027126, -0.6135050194333254, 0.20364462443316292, -0.6753184141974495, -0.1378655727257423, 0.3219152951339359]
487.79941224493086	(8, 12, 2)	[0.510649143460655, -0.9297084361435808, 0.976571918458248, -0.6545871057411126, -0.5177472344471334, 0.7827682520519572, 0.3500977203741559, 0.33359901164653416, -0.3349511935798016, -0.09416236606467532, -0.2974095113665791, -0.16889790603469512, 0.7365879225321859, 0.38858200027991185, 0.46035773892536525, -0.8360271212587633, 0.7362119159354283, -0.9700074738433917, -0.9288087508852909, -0.4751984679621178, -0.3318686208087218, -0.8719267229975106, 0.8509779055765436, 0.3486582922678525, 0.1245750439456963, -0.3128234325460897, 0.2542964882067411, 0.6129156227124454, -0.9435236369300986, -0.9920431836079393, -0.40635505484864676, 0.32210994487157585, -0.9571395958954843, 0.4442894525075405, -0.77550215273125, 0.8175060685859594, 0.5327442579874975, 0.20663326398647497, -0.24708967776204238, 0.770503193848767, -0.6051885087463786, -0.7802160762522787, 0.3002601710359094, -0.6961898649033716, -0.5721629400299704, 0.8593453573205276, 0.7375231000583846, -0.8155744126380979, -0.3361948255310956, 0.9133695562318502, -0.8477758377348088, -0.598844856853858, -0.6880118151859367, 0.4814484858348158, 1, 0.5988788780068355, 0.2820626740132943, 0.11200398885624674, 0.023846579463198125, -0.612125813524067, 0.7369232129089123, -0.4717539252534319, 0.6963348455534106, 0.8753710529397791, -0.23950206151229203, 0.415172271046943, -0.3485791617186942, -0.18421729180406898, -0.37835051799892816, -0.75851949722919, -0.7005400973202005, -0.5953697150360836, 0.8050689443224799, -0.5302069956303568, 0.19334315414173253, 0.6674385911603691, -0.5881936946364419, 0.1397108227756414, -0.7266119544504981, 0.422327747827395, -0.8015575474610666, 0.12208402862504113, 0.17031198785623913, -0.8194606731684737, -0.250066545624261, 0.22036857292793588, -0.7048388194778659, 0.7414953265770095, -0.5779632292621053, -0.2863630591357901, -0.8026190195314811, 0.44879405117450455, 0.5672060496815459, 0.9137611443950919, -0.5016144350559486, 0.11641597097320183, 0.5737702941652929, 0.46960865879901115, -0.02728903559460394, -0.8500095313607288, -0.2875000933273977, -0.41220419813785303, 0.7815251572955384, 0.797067274373324, 0.006940838776594793, -0.4065521201185758, -0.31986490384236754, 0.128863470029706, -0.10194346526242981, 0.051545270499611995, 0.055888702302225646, 0.20912911791946298, 1, -0.22520633011184676, 0.04941621503027126, -0.6135050194333254, 0.20364462443316292, -0.6753184141974495, -0.1378655727257423, 0.3219152951339359]
491.4835925679654	(8, 12, 2)	[0.510649143460655, -0.9297084361435808, 0.976571918458248, -0.6545871057411126, -0.5177472344471334, 0.7827682520519572, 0.3500977203741559, 0.33359901164653416, -0.3349511935798016, -0.09416236606467532, -0.2974095113665791, -0.16889790603469512, 0.7365879225321859, 0.38858200027991185, 0.46035773892536525, -0.8360271212587633, 0.7362119159354283, -0.9700074738433917, -0.9288087508852909, -0.4751984679621178, -0.3318686208087218, -0.8719267229975106, 0.8509779055765436, 0.3486582922678525, 0.1245750439456963, -0.3128234325460897, 0.2542964882067411, 0.6129156227124454, -0.9435236369300986, -0.9920431836079393, -0.40635505484864676, 0.32210994487157585, -0.9571395958954843, 0.4442894525075405, -0.6878929809935986, 0.8175060685859594, 0.5327442579874975, 0.20663326398647497, -0.24708967776204238, 0.770503193848767, -0.4089791425844441, -0.7802160762522787, 0.3002601710359094, -0.6961898649033716, -0.5721629400299704, 0.8593453573205276, 0.7375231000583846, -0.8155744126380979, -0.3361948255310956, 0.9133695562318502, -0.8477758377348088, -0.598844856853858, -0.6880118151859367, 0.4814484858348158, 0.9923680313523273, 0.5988788780068355, 0.2820626740132943, 0.11200398885624674, 0.023846579463198125, -0.612125813524067, 0.8794222324842897, -0.4717539252534319, 0.6963348455534106, 0.8753710529397791, -0.23950206151229203, 0.415172271046943, -0.3485791617186942, -0.18421729180406898, -0.37835051799892816, -0.75851949722919, -0.7005400973202005, -0.5953697150360836, 0.8050689443224799, -0.5302069956303568, 0.19334315414173253, 0.6674385911603691, -0.5881936946364419, 0.1397108227756414, -0.7266119544504981, 0.422327747827395, -0.8015575474610666, 0.12208402862504113, 0.17031198785623913, -0.8194606731684737, -0.250066545624261, 0.22036857292793588, -0.7048388194778659, 0.7414953265770095, -0.5779632292621053, -0.2863630591357901, -0.8026190195314811, 0.44879405117450455, 0.5672060496815459, 0.9137611443950919, -0.5016144350559486, 0.11641597097320183, 0.5737702941652929, 0.46960865879901115, -0.02728903559460394, -0.8500095313607288, -0.2875000933273977, -0.41220419813785303, 0.7815251572955384, 0.797067274373324, 0.006940838776594793, -0.4065521201185758, -0.31986490384236754, 0.128863470029706, -0.10194346526242981, 0.051545270499611995, 0.055888702302225646, 0.20912911791946298, 1, -0.22520633011184676, 0.04941621503027126, -0.6135050194333254, 0.20364462443316292, -0.6753184141974495, -0.1378655727257423, 0.3219152951339359]
485.69989781826735	(8, 12, 2)	[0.510649143460655, -0.9297084361435808, 0.976571918458248, -0.6545871057411126, -0.5177472344471334, 0.7827682520519572, 0.3500977203741559, 0.33359901164653416, -0.3349511935798016, -0.09416236606467532, -0.2974095113665791, -0.16889790603469512, 0.7365879225321859, 0.38858200027991185, 0.46035773892536525, -0.8360271212587633, 0.7362119159354283, -0.9700074738433917, -0.9288087508852909, -0.4751984679621178, -0.3318686208087218, -0.8719267229975106, 0.8509779055765436, 0.3486582922678525, 0.1245750439456963, -0.3128234325460897, 0.2932411207990351, 0.6129156227124454, -0.9435236369300986, -0.9920431836079393, -0.40635505484864676, 0.32210994487157585, -0.9571395958954843, 0.4442894525075405, -0.6878929809935986, 0.8175060685859594, 0.5327442579874975, 0.20663326398647497, -0.24708967776204238, 0.770503193848767, -0.4089791425844441, -0.7802160762522787, 0.3002601710359094, -0.6961898649033716, -0.5721629400299704, 0.8593453573205276, 0.7375231000583846, -0.8155744126380979, -0.3361948255310956, 0.9133695562318502, -0.8477758377348088, -0.598844856853858, -0.6880118151859367, 0.4814484858348158, 0.9923680313523273, 0.5988788780068355, 0.2820626740132943, 0.11200398885624674, 0.023846579463198125, -0.612125813524067, 0.8794222324842897, -0.4717539252534319, 0.6963348455534106, 0.8753710529397791, -0.23950206151229203, 0.415172271046943, -0.3485791617186942, -0.18421729180406898, -0.37835051799892816, -0.75851949722919, -0.7005400973202005, -0.5953697150360836, 0.8050689443224799, -0.5302069956303568, 0.19334315414173253, 0.6674385911603691, -0.5881936946364419, 0.1397108227756414, -0.7266119544504981, 0.422327747827395, -0.8015575474610666, 0.12208402862504113, 0.17031198785623913, -0.8194606731684737, -0.250066545624261, 0.22036857292793588, -0.7048388194778659, 0.7414953265770095, -0.5779632292621053, -0.2863630591357901, -0.8026190195314811, 0.44879405117450455, 0.5672060496815459, 0.9137611443950919, -0.5016144350559486, 0.11641597097320183, 0.5737702941652929, 0.46960865879901115, -0.02728903559460394, -0.8500095313607288, -0.2875000933273977, -0.41220419813785303, 0.7815251572955384, 0.797067274373324, 0.006940838776594793, -0.4065521201185758, -0.31986490384236754, 0.128863470029706, -0.10194346526242981, 0.051545270499611995, 0.055888702302225646, 0.20912911791946298, 1, -0.22520633011184676, 0.04941621503027126, -0.6135050194333254, 0.20364462443316292, -0.6753184141974495, -0.1378655727257423, 0.3219152951339359]
492.5679471809417	(8, 12, 2)	[0.510649143460655, -0.9297084361435808, 0.976571918458248, -0.6545871057411126, -0.5177472344471334, 0.7827682520519572, 0.3500977203741559, 0.33359901164653416, -0.3349511935798016, -0.09416236606467532, -0.4253093141343417, -0.16889790603469512, 0.7365879225321859, 0.38858200027991185, 0.46035773892536525, -0.8360271212587633, 0.7362119159354283, -0.9700074738433917, -0.9288087508852909, -0.4751984679621178, -0.3318686208087218, -0.8719267229975106, 0.8509779055765436, 0.3486582922678525, 0.1245750439456963, -0.3128234325460897, 0.2542964882067411, 0.6129156227124454, -0.9435236369300986, -0.9920431836079393, -0.40635505484864676, 0.32210994487157585, -0.9571395958954843, 0.4442894525075405, -0.6878929809935986, 0.8175060685859594, 0.5327442579874975, 0.20663326398647497, -0.24708967776204238, 0.770503193848767, -0.4089791425844441, -0.7802160762522787, 0.3002601710359094, -0.6961898649033716, -0.5721629400299704, 0.8593453573205276, 0.7375231000583846, -0.8155744126380979, -0.3361948255310956, 0.9133695562318502, -0.8477758377348088, -0.598844856853858, -0.6880118151859367, 0.4814484858348158, 0.9923680313523273, 0.5988788780068355, 0.2820626740132943, 0.11200398885624674, 0.023846579463198125, -0.612125813524067, 0.7369232129089123, -0.4717539252534319, 0.6963348455534106, 0.993032592866222, -0.23950206151229203, 0.415172271046943, -0.3485791617186942, -0.18421729180406898, -0.37835051799892816, -0.75851949722919, -0.7005400973202005, -0.5953697150360836, 0.8050689443224799, -0.5302069956303568, 0.19334315414173253, 0.6674385911603691, -0.5881936946364419, 0.1397108227756414, -0.7266119544504981, 0.422327747827395, -0.8015575474610666, 0.12208402862504113, 0.17031198785623913, -0.8194606731684737, -0.250066545624261, 0.22036857292793588, -0.7048388194778659, 0.7414953265770095, -0.5779632292621053, -0.2863630591357901, -0.8026190195314811, 0.44879405117450455, 0.5672060496815459, 0.9137611443950919, -0.5016144350559486, 0.11641597097320183, 0.5737702941652929, 0.46960865879901115, -0.02728903559460394, -0.8500095313607288, -0.2875000933273977, -0.41220419813785303, 0.7815251572955384, 0.797067274373324, 0.006940838776594793, -0.4065521201185758, -0.31986490384236754, 0.128863470029706, -0.10194346526242981, 0.051545270499611995, 0.18040890627180522, 0.20912911791946298, 1, -0.12649388998207178, 0.04941621503027126, -0.6135050194333254, 0.20364462443316292, -0.6753184141974495, -0.1378655727257423, 0.3219152951339359]
486.6965191438794	(8, 12, 2)	[0.510649143460655, -0.9297084361435808, 0.976571918458248, -0.6545871057411126, -0.5177472344471334, 0.7827682520519572, 0.3500977203741559, 0.33359901164653416, -0.3349511935798016, -0.09416236606467532, -0.4253093141343417, -0.16889790603469512, 0.7365879225321859, 0.38858200027991185, 0.46035773892536525, -0.8360271212587633, 0.7362119159354283, -0.9700074738433917, -0.9288087508852909, -0.4751984679621178, -0.3318686208087218, -0.8719267229975106, 0.8509779055765436, 0.3486582922678525, 0.1245750439456963, -0.3128234325460897, 0.2542964882067411, 0.6129156227124454, -0.9435236369300986, -0.9920431836079393, -0.40635505484864676, 0.32210994487157585, -1, 0.4442894525075405, -0.6878929809935986, 0.8175060685859594, 0.5327442579874975, 0.20663326398647497, -0.24708967776204238, 0.770503193848767, -0.4089791425844441, -0.7802160762522787, 0.3002601710359094, -0.6961898649033716, -0.5721629400299704, 0.8593453573205276, 0.7375231000583846, -0.8155744126380979, -0.3361948255310956, 0.9133695562318502, -0.8477758377348088, -0.598844856853858, -0.6880118151859367, 0.4814484858348158, 0.9923680313523273, 0.5988788780068355, 0.2820626740132943, 0.11200398885624674, 0.023846579463198125, -0.612125813524067, 0.7369232129089123, -0.4717539252534319, 0.6963348455534106, 0.8753710529397791, -0.23950206151229203, 0.415172271046943, -0.3485791617186942, -0.18421729180406898, -0.37835051799892816, -0.75851949722919, -0.7005400973202005, -0.5953697150360836, 0.8050689443224799, -0.5302069956303568, 0.19334315414173253, 0.6674385911603691, -0.5881936946364419, 0.1397108227756414, -0.7266119544504981, 0.422327747827395, -0.8015575474610666, 0.12208402862504113, 0.17031198785623913, -0.8194606731684737, -0.250066545624261, 0.22036857292793588, -0.7048388194778659, 0.7414953265770095, -0.5779632292621053, -0.2863630591357901, -0.8026190195314811, 0.44879405117450455, 0.5672060496815459, 0.9137611443950919, -0.5016144350559486, 0.11641597097320183, 0.5737702941652929, 0.46960865879901115, -0.02728903559460394, -0.8500095313607288, -0.2875000933273977, 0.05840791775784576, 0.7815251572955384, 0.797067274373324, 0.006940838776594793, -0.4065521201185758, -0.31986490384236754, 0.128863470029706, -0.10194346526242981, 0.04219875082404651, 0.055888702302225646, 0.20912911791946298, 1, -0.22520633011184676, 0.04941621503027126, -0.6135050194333254, 0.20364462443316292, -0.6753184141974495, -0.1378655727257423, 0.3219152951339359]
489.4010149873793	(8, 12, 2)	[0.510649143460655, -0.9297084361435808, 0.976571918458248, -0.6545871057411126, -0.5177472344471334, 0.7827682520519572, 0.3500977203741559, 0.33359901164653416, -0.3349511935798016, -0.09416236606467532, -0.4253093141343417, -0.16889790603469512, 0.7365879225321859, 0.38858200027991185, 0.46035773892536525, -0.8360271212587633, 0.7362119159354283, -0.9700074738433917, -0.9288087508852909, -0.4751984679621178, -0.3318686208087218, -0.8719267229975106, 0.8509779055765436, 0.3486582922678525, 0.1245750439456963, -0.3128234325460897, 0.2542964882067411, 0.6129156227124454, -0.9435236369300986, -0.9920431836079393, -0.40635505484864676, 0.32210994487157585, -1, 0.4442894525075405, -0.6878929809935986, 0.8175060685859594, 0.5327442579874975, 0.20663326398647497, -0.24708967776204238, 0.770503193848767, -0.4089791425844441, -0.7802160762522787, 0.3002601710359094, -0.6961898649033716, -0.5721629400299704, 0.8593453573205276, 0.7375231000583846, -0.8155744126380979, -0.3361948255310956, 0.9133695562318502, -0.8477758377348088, -0.598844856853858, -0.6880118151859367, 0.4814484858348158, 0.9923680313523273, 0.5988788780068355, 0.2820626740132943, 0.11200398885624674, 0.023846579463198125, -0.612125813524067, 0.7369232129089123, -0.4717539252534319, 0.6963348455534106, 0.8753710529397791, -0.23950206151229203, 0.415172271046943, -0.3485791617186942, -0.18421729180406898, -0.37835051799892816, -0.75851949722919, -0.7005400973202005, -0.5953697150360836, 0.8050689443224799, -0.5302069956303568, 0.19334315414173253, 0.6674385911603691, -0.5881936946364419, 0.1397108227756414, -0.7266119544504981, 0.422327747827395, -0.8015575474610666, 0.12208402862504113, 0.17031198785623913, -0.8194606731684737, -0.250066545624261, 0.22036857292793588, -0.7048388194778659, 0.7414953265770095, -0.5779632292621053, -0.2863630591357901, -0.8026190195314811, 0.44879405117450455, 0.5672060496815459, 0.9137611443950919, -0.5016144350559486, 0.11641597097320183, 0.5737702941652929, 0.46960865879901115, -0.02728903559460394, -0.8500095313607288, -0.2875000933273977, 0.05840791775784576, 0.7815251572955384, 0.797067274373324, 0.006940838776594793, -0.4065521201185758, -0.31986490384236754, 0.128863470029706, -0.10194346526242981, 0.04219875082404651, 0.055888702302225646, 0.20912911791946298, 1, -0.22520633011184676, 0.04941621503027126, -0.6135050194333254, 0.20364462443316292, -0.6753184141974495, -0.1378655727257423, 0.3219152951339359]
487.15210421942174	(8, 12, 2)	[0.510649143460655, -0.9297084361435808, 0.976571918458248, -0.6545871057411126, -0.5177472344471334, 0.7827682520519572, 0.3500977203741559, 0.33359901164653416, -0.3349511935798016, -0.09416236606467532, -0.4253093141343417, -0.16889790603469512, 0.7365879225321859, 0.38858200027991185, 0.46035773892536525, -0.8360271212587633, 0.7362119159354283, -0.9700074738433917, -0.9288087508852909, -0.4751984679621178, -0.3318686208087218, -0.8719267229975106, 0.8509779055765436, 0.3486582922678525, 0.1245750439456963, -0.3128234325460897, 0.2542964882067411, 0.6129156227124454, -0.9435236369300986, -0.9920431836079393, -0.40635505484864676, 0.32210994487157585, -1, 0.4442894525075405, -0.6878929809935986, 0.8175060685859594, 0.5327442579874975, 0.20663326398647497, -0.24708967776204238, 0.770503193848767, -0.4089791425844441, -0.7802160762522787, 0.3002601710359094, -0.6961898649033716, -0.5721629400299704, 0.8593453573205276, 0.7375231000583846, -0.8155744126380979, -0.3361948255310956, 0.9133695562318502, -0.8477758377348088, -0.598844856853858, -0.6880118151859367, 0.4814484858348158, 0.9923680313523273, 0.5988788780068355, 0.2820626740132943, 0.11200398885624674, 0.023846579463198125, -0.612125813524067, 0.7369232129089123, -0.4717539252534319, 0.6963348455534106, 0.8753710529397791, -0.23950206151229203, 0.415172271046943, -0.3485791617186942, -0.18421729180406898, -0.37835051799892816, -0.75851949722919, -0.7005400973202005, -0.5953697150360836, 0.8050689443224799, -0.5302069956303568, 0.19334315414173253, 0.6674385911603691, -0.5881936946364419, 0.1397108227756414, -0.7266119544504981, 0.422327747827395, -0.8015575474610666, 0.12208402862504113, 0.17031198785623913, -0.8194606731684737, -0.250066545624261, 0.22036857292793588, -0.7048388194778659, 0.7414953265770095, -0.5779632292621053, -0.2863630591357901, -0.8026190195314811, 0.44879405117450455, 0.5672060496815459, 0.9137611443950919, -0.5016144350559486, 0.11641597097320183, 0.5737702941652929, 0.46960865879901115, -0.02728903559460394, -0.8500095313607288, -0.2875000933273977, 0.05840791775784576, 0.7815251572955384, 0.797067274373324, 0.006940838776594793, -0.4065521201185758, -0.31986490384236754, 0.128863470029706, -0.10194346526242981, 0.04219875082404651, 0.055888702302225646, 0.20912911791946298, 1, -0.22520633011184676, 0.04941621503027126, -0.6135050194333254, 0.20364462443316292, -0.6753184141974495, -0.1378655727257423, 0.3219152951339359]
489.4772985484451	(8, 12, 2)	[0.510649143460655, -0.9297084361435808, 0.976571918458248, -0.6545871057411126, -0.5177472344471334, 0.7827682520519572, 0.3500977203741559, 0.33359901164653416, -0.3349511935798016, -0.09416236606467532, -0.4253093141343417, -0.16889790603469512, 0.7365879225321859, 0.38858200027991185, 0.46035773892536525, -0.8360271212587633, 0.7362119159354283, -1, -0.9288087508852909, -0.4751984679621178, -0.3318686208087218, -0.8719267229975106, 0.8509779055765436, 0.3486582922678525, 0.1245750439456963, -0.3128234325460897, 0.2542964882067411, 0.6129156227124454, -0.9435236369300986, -0.9920431836079393, -0.40635505484864676, 0.32210994487157585, -0.9571395958954843, 0.4442894525075405, -0.6878929809935986, 0.8175060685859594, 0.5327442579874975, 0.20663326398647497, -0.24708967776204238, 0.770503193848767, -0.4089791425844441, -0.7802160762522787, 0.3002601710359094, -0.6961898649033716, -0.5721629400299704, 0.8593453573205276, 0.7375231000583846, -0.8155744126380979, -0.3361948255310956, 0.9133695562318502, -0.8477758377348088, -0.598844856853858, -0.6880118151859367, 0.4814484858348158, 0.9923680313523273, 0.5988788780068355, 0.2820626740132943, 0.11200398885624674, 0.023846579463198125, -0.612125813524067, 0.7369232129089123, -0.4717539252534319, 0.6963348455534106, 0.993032592866222, -0.23950206151229203, 0.415172271046943, -0.3485791617186942, -0.18421729180406898, -0.37835051799892816, -0.75851949722919, -0.7005400973202005, -0.5953697150360836, 0.8050689443224799, -0.5302069956303568, 0.19334315414173253, 0.6674385911603691, -0.5881936946364419, 0.1397108227756414, -0.7266119544504981, 0.422327747827395, -0.8015575474610666, 0.43610255594521957, 0.17031198785623913, -0.8194606731684737, -0.250066545624261, 0.22036857292793588, -0.7048388194778659, 0.7414953265770095, -0.5779632292621053, -0.2863630591357901, -0.8026190195314811, 0.44879405117450455, 0.5672060496815459, 0.9137611443950919, -0.5016144350559486, 0.11641597097320183, 0.5737702941652929, 0.46960865879901115, -0.02728903559460394, -0.8500095313607288, -0.2875000933273977, -0.41220419813785303, 0.7815251572955384, 0.797067274373324, 0.006940838776594793, -0.4065521201185758, -0.31986490384236754, 0.128863470029706, -0.10194346526242981, 0.051545270499611995, 0.055888702302225646, 0.20912911791946298, 1, -0.22520633011184676, 0.04941621503027126, -0.6135050194333254, 0.20364462443316292, -0.6753184141974495, -0.1378655727257423, 0.3219152951339359]
498.6198091006372	(8, 12, 2)	[0.510649143460655, -0.9297084361435808, 0.976571918458248, -0.6545871057411126, -0.5177472344471334, 0.7827682520519572, 0.3500977203741559, 0.33359901164653416, -0.3349511935798016, -0.09101948754456662, -0.4253093141343417, -0.16889790603469512, 0.7365879225321859, 0.38858200027991185, 0.46035773892536525, -0.8360271212587633, 0.7362119159354283, -0.9700074738433917, -0.9288087508852909, -0.4751984679621178, -0.3318686208087218, -0.8719267229975106, 0.8509779055765436, 0.3486582922678525, 0.1245750439456963, -0.3128234325460897, 0.2932411207990351, 0.6129156227124454, -0.9600332327514248, -0.9920431836079393, -0.40635505484864676, 0.32210994487157585, -0.9571395958954843, 0.4442894525075405, -0.6878929809935986, 0.8175060685859594, 0.5327442579874975, 0.20663326398647497, -0.24708967776204238, 0.770503193848767, -0.4089791425844441, -0.7802160762522787, 0.3002601710359094, -0.6961898649033716, -0.5721629400299704, 0.8593453573205276, 0.7375231000583846, -0.8155744126380979, -0.3361948255310956, 0.9133695562318502, -0.8477758377348088, -0.598844856853858, -0.6880118151859367, 0.4814484858348158, 0.9923680313523273, 0.5988788780068355, 0.2820626740132943, 0.11200398885624674, 0.023846579463198125, -0.612125813524067, 0.7369232129089123, -0.4717539252534319, 0.6963348455534106, 0.8753710529397791, -0.23950206151229203, 0.415172271046943, -0.3485791617186942, -0.18421729180406898, -0.37835051799892816, -0.75851949722919, -0.7005400973202005, -0.5953697150360836, 0.8050689443224799, -0.5302069956303568, 0.19334315414173253, 0.6674385911603691, -0.5881936946364419, 0.1397108227756414, -0.7266119544504981, 0.422327747827395, -0.8015575474610666, 0.12208402862504113, 0.17031198785623913, -0.8194606731684737, -0.250066545624261, 0.22036857292793588, -0.7048388194778659, 0.7414953265770095, -0.5779632292621053, -0.2863630591357901, -0.8026190195314811, 0.44879405117450455, 0.5672060496815459, 0.9137611443950919, -0.5016144350559486, 0.11641597097320183, 0.5737702941652929, 0.46960865879901115, -0.02728903559460394, -0.9552702122668622, -0.2875000933273977, 0.05840791775784576, 0.7815251572955384, 0.797067274373324, 0.006940838776594793, -0.44949239156771825, -0.31986490384236754, 0.128863470029706, -0.10194346526242981, 0.051545270499611995, 0.055888702302225646, 0.20912911791946298, 1, -0.22520633011184676, 0.04941621503027126, -0.6135050194333254, 0.20364462443316292, -0.2815715538591773, -0.1378655727257423, 0.3219152951339359]
486.151453666389	(8, 12, 2)	[0.510649143460655, -0.9297084361435808, 0.976571918458248, -0.6545871057411126, -0.5177472344471334, 0.7827682520519572, 0.3500977203741559, 0.33359901164653416, -0.3349511935798016, -0.09101948754456662, -0.4253093141343417, -0.16889790603469512, 0.7365879225321859, 0.38858200027991185, 0.46035773892536525, -0.8360271212587633, 0.7362119159354283, -0.9700074738433917, -0.9288087508852909, -0.4751984679621178, -0.3318686208087218, -0.8719267229975106, 0.8509779055765436, 0.3486582922678525, 0.1245750439456963, -0.3128234325460897, 0.2932411207990351, 0.6129156227124454, -0.9435236369300986, -0.9920431836079393, -0.40635505484864676, 0.32210994487157585, -0.9571395958954843, 0.4442894525075405, -0.6878929809935986, 0.8175060685859594, 0.5327442579874975, 0.20663326398647497, -0.24708967776204238, 0.770503193848767, -0.4089791425844441, -0.7802160762522787, 0.3002601710359094, -0.6961898649033716, -0.5721629400299704, 0.8593453573205276, 0.7375231000583846, -0.8155744126380979, -0.3361948255310956, 0.9133695562318502, -0.8477758377348088, -0.598844856853858, -0.6880118151859367, 0.4814484858348158, 0.9923680313523273, 0.5988788780068355, 0.2820626740132943, 0.11200398885624674, 0.023846579463198125, -0.612125813524067, 0.8794222324842897, -0.4717539252534319, 0.6963348455534106, 0.8753710529397791, -0.23950206151229203, 0.415172271046943, -0.3485791617186942, -0.18421729180406898, -0.37835051799892816, -0.75851949722919, -0.7005400973202005, -0.5953697150360836, 0.8050689443224799, -0.5302069956303568, 0.19334315414173253, 0.6674385911603691, -0.5881936946364419, 0.1397108227756414, -0.6268473266752506, 0.20544118608808434, -0.8015575474610666, 0.12208402862504113, 0.17031198785623913, -0.8194606731684737, -0.250066545624261, 0.22036857292793588, -0.7048388194778659, 0.7414953265770095, -0.5779632292621053, -0.2863630591357901, -0.8026190195314811, 0.44879405117450455, 0.5672060496815459, 0.9137611443950919, -0.5016144350559486, 0.11641597097320183, 0.5737702941652929, 0.46960865879901115, -0.02728903559460394, -0.8500095313607288, -0.2875000933273977, -0.41220419813785303, 0.7815251572955384, 0.797067274373324, 0.06550246539009563, -0.44949239156771825, -0.31986490384236754, 0.128863470029706, -0.10194346526242981, 0.051545270499611995, 0.055888702302225646, 0.20912911791946298, 1, -0.22520633011184676, 0.04941621503027126, -0.6135050194333254, 0.20364462443316292, -0.31674417874478755, -0.1378655727257423, 0.3219152951339359]
487.77518362621777	(8, 12, 2)	[0.510649143460655, -0.9297084361435808, 0.976571918458248, -0.6545871057411126, -0.5177472344471334, 0.7827682520519572, 0.3500977203741559, 0.33359901164653416, -0.3349511935798016, -0.09101948754456662, -0.4253093141343417, -0.16889790603469512, 0.7365879225321859, 0.38858200027991185, 0.46035773892536525, -0.8360271212587633, 0.7362119159354283, -0.9700074738433917, -0.9288087508852909, -0.4751984679621178, -0.3318686208087218, -0.8719267229975106, 0.8509779055765436, 0.3486582922678525, 0.1245750439456963, -0.3128234325460897, 0.2932411207990351, 0.6129156227124454, -0.9435236369300986, -0.9920431836079393, -0.40635505484864676, 0.32210994487157585, -0.9571395958954843, 0.4442894525075405, -0.6878929809935986, 0.8175060685859594, 0.5327442579874975, 0.13996584264117945, -0.24708967776204238, 0.770503193848767, -0.4089791425844441, -0.7802160762522787, 0.3002601710359094, -0.6961898649033716, -0.5721629400299704, 0.8593453573205276, 0.7375231000583846, -0.8155744126380979, -0.3361948255310956, 0.9133695562318502, -0.8477758377348088, -0.598844856853858, -0.6880118151859367, 0.4814484858348158, 0.9923680313523273, 0.5988788780068355, 0.2820626740132943, 0.11200398885624674, 0.023846579463198125, -0.612125813524067, 0.8794222324842897, -0.4717539252534319, 0.6963348455534106, 0.8753710529397791, -0.23950206151229203, 0.415172271046943, -0.3485791617186942, -0.18421729180406898, -0.37835051799892816, -0.75851949722919, -0.7005400973202005, -0.5953697150360836, 0.8050689443224799, -0.5302069956303568, 0.19334315414173253, 0.6674385911603691, -0.5881936946364419, 0.1397108227756414, -0.6268473266752506, 0.20544118608808434, -0.8015575474610666, 0.12208402862504113, 0.17031198785623913, -0.8194606731684737, -0.250066545624261, 0.22036857292793588, -0.7048388194778659, 0.7414953265770095, -0.5779632292621053, -0.2863630591357901, -0.8026190195314811, 0.44879405117450455, 0.5672060496815459, 0.9137611443950919, -0.5016144350559486, 0.11641597097320183, 0.5737702941652929, 0.46960865879901115, -0.02728903559460394, -0.8500095313607288, -0.2875000933273977, -0.41220419813785303, 0.7815251572955384, 0.8348586429531957, 0.06550246539009563, -0.44949239156771825, -0.31986490384236754, 0.128863470029706, -0.10194346526242981, 0.051545270499611995, 0.055888702302225646, 0.20912911791946298, 1, -0.22520633011184676, 0.04941621503027126, -0.6135050194333254, 0.20364462443316292, -0.31674417874478755, -0.1378655727257423, 0.3219152951339359]
487.80899574048817	(8, 12, 2)	[0.510649143460655, -0.9297084361435808, 0.976571918458248, -0.6545871057411126, -0.5177472344471334, 0.7827682520519572, 0.3500977203741559, 0.33359901164653416, -0.3349511935798016, -0.09101948754456662, -0.4253093141343417, -0.16889790603469512, 0.7365879225321859, 0.38858200027991185, 0.46035773892536525, -0.8360271212587633, 0.7362119159354283, -0.9700074738433917, -0.9288087508852909, -0.4751984679621178, -0.3318686208087218, -0.8719267229975106, 0.8509779055765436, 0.3486582922678525, 0.1245750439456963, -0.3128234325460897, 0.2932411207990351, 0.6129156227124454, -0.9435236369300986, -0.9920431836079393, -0.40635505484864676, 0.32210994487157585, -0.9571395958954843, 0.4442894525075405, -0.6878929809935986, 0.8175060685859594, 0.5327442579874975, 0.20663326398647497, -0.24708967776204238, 0.770503193848767, -0.4089791425844441, -0.7802160762522787, 0.3002601710359094, -0.6961898649033716, -0.5721629400299704, 0.8593453573205276, 0.7375231000583846, -0.8155744126380979, -0.3361948255310956, 0.7257838430662288, -0.8477758377348088, -0.598844856853858, -0.6880118151859367, 0.4814484858348158, 0.9923680313523273, 0.7888675396839782, 0.2820626740132943, 0.11200398885624674, 0.023846579463198125, -0.612125813524067, 0.7369232129089123, -0.4717539252534319, 0.6963348455534106, 0.8753710529397791, -0.23950206151229203, 0.415172271046943, -0.3485791617186942, -0.18421729180406898, -0.37835051799892816, -0.75851949722919, -0.6457539644781256, -0.5953697150360836, 0.8050689443224799, -0.5302069956303568, 0.19334315414173253, 0.6674385911603691, -0.5881936946364419, 0.1397108227756414, -0.7266119544504981, 0.422327747827395, -0.8015575474610666, 0.12208402862504113, 0.17031198785623913, -0.8194606731684737, -0.250066545624261, 0.22036857292793588, -0.7048388194778659, 0.7414953265770095, -0.5779632292621053, -0.2863630591357901, -0.8026190195314811, 0.44879405117450455, 0.5672060496815459, 0.9137611443950919, -0.5016144350559486, 0.11641597097320183, 0.5737702941652929, 0.46960865879901115, -0.02728903559460394, -0.8500095313607288, -0.2875000933273977, -0.41220419813785303, 0.7815251572955384, 0.797067274373324, 0.006940838776594793, -0.44949239156771825, -0.31986490384236754, 0.128863470029706, -0.19192733027433556, 0.26358733624580816, 0.07447256183097695, 0.20912911791946298, 1, -0.22520633011184676, 0.04941621503027126, -0.6135050194333254, 0.20364462443316292, -0.31674417874478755, -0.1378655727257423, 0.3219152951339359]
488.63083189353347	(8, 12, 2)	[0.510649143460655, -0.9297084361435808, 0.976571918458248, -0.6545871057411126, -0.5177472344471334, 0.7827682520519572, 0.3500977203741559, 0.33359901164653416, -0.3349511935798016, -0.09101948754456662, -0.4253093141343417, -0.16889790603469512, 0.7365879225321859, 0.38858200027991185, 0.46035773892536525, -0.8360271212587633, 0.7362119159354283, -0.9700074738433917, -0.9288087508852909, -0.4751984679621178, -0.3318686208087218, -0.8719267229975106, 0.8509779055765436, 0.3486582922678525, 0.1245750439456963, -0.3128234325460897, 0.2932411207990351, 0.6129156227124454, -0.9435236369300986, -0.9920431836079393, -0.40635505484864676, 0.32210994487157585, -0.9571395958954843, 0.4442894525075405, -0.6878929809935986, 0.8175060685859594, 0.5327442579874975, 0.20663326398647497, -0.24708967776204238, 0.770503193848767, -0.4089791425844441, -0.7802160762522787, 0.3002601710359094, -0.6961898649033716, -0.5721629400299704, 0.8593453573205276, 0.7375231000583846, -0.8155744126380979, -0.3361948255310956, 0.9133695562318502, -0.8477758377348088, -0.598844856853858, -0.6880118151859367, 0.4814484858348158, 0.9923680313523273, 0.5988788780068355, 0.2820626740132943, 0.11200398885624674, 0.023846579463198125, -0.612125813524067, 0.7369232129089123, -0.4717539252534319, 0.6963348455534106, 0.8753710529397791, -0.23950206151229203, 0.415172271046943, -0.3485791617186942, -0.18421729180406898, -0.37835051799892816, -0.75851949722919, -0.7005400973202005, -0.5953697150360836, 0.8050689443224799, -0.5302069956303568, 0.19334315414173253, 0.6674385911603691, -0.5881936946364419, 0.1397108227756414, -0.7266119544504981, 0.422327747827395, -0.8015575474610666, 0.12208402862504113, 0.17031198785623913, -0.8194606731684737, -0.250066545624261, 0.22036857292793588, -0.7048388194778659, 0.7414953265770095, -0.5779632292621053, -0.2863630591357901, -0.8026190195314811, 0.44879405117450455, 0.5672060496815459, 0.9137611443950919, -0.5016144350559486, 0.11641597097320183, 0.5737702941652929, 0.46960865879901115, -0.02728903559460394, -0.8500095313607288, -0.2875000933273977, -0.41220419813785303, 0.7815251572955384, 0.797067274373324, 0.006940838776594793, -0.44949239156771825, -0.31986490384236754, 0.128863470029706, -0.19192733027433556, 0.26358733624580816, 0.07447256183097695, 0.20912911791946298, 1, -0.22520633011184676, 0.04941621503027126, -0.6135050194333254, 0.20364462443316292, -0.31674417874478755, -0.1378655727257423, 0.3219152951339359]
490.77542861923575	(8, 12, 2)	[0.510649143460655, -0.9297084361435808, 0.976571918458248, -0.6545871057411126, -0.5177472344471334, 0.7827682520519572, 0.3500977203741559, 0.33359901164653416, -0.3349511935798016, -0.09101948754456662, -0.4253093141343417, -0.16889790603469512, 0.7365879225321859, 0.38858200027991185, 0.46035773892536525, -0.8360271212587633, 0.7362119159354283, -0.9700074738433917, -0.9288087508852909, -0.4751984679621178, -0.3318686208087218, -0.8719267229975106, 0.8509779055765436, 0.3486582922678525, 0.1245750439456963, -0.3128234325460897, 0.2932411207990351, 0.6129156227124454, -0.9600332327514248, -0.9920431836079393, -0.40635505484864676, 0.32210994487157585, -0.9571395958954843, 0.4442894525075405, -0.6878929809935986, 0.8175060685859594, 0.5327442579874975, 0.20663326398647497, -0.24708967776204238, 0.770503193848767, -0.4089791425844441, -0.7802160762522787, 0.3002601710359094, -0.6961898649033716, -0.5721629400299704, 0.8593453573205276, 0.7375231000583846, -0.8155744126380979, -0.3361948255310956, 0.9133695562318502, -0.8477758377348088, -0.598844856853858, -0.6880118151859367, 0.4814484858348158, 0.9923680313523273, 0.5988788780068355, 0.2820626740132943, 0.11200398885624674, 0.023846579463198125, -0.612125813524067, 0.8794222324842897, -0.4717539252534319, 0.6963348455534106, 0.8753710529397791, -0.23950206151229203, 0.415172271046943, -0.3485791617186942, -0.18421729180406898, -0.4625960500587592, -0.75851949722919, -0.7005400973202005, -0.5953697150360836, 0.8050689443224799, -0.5302069956303568, 0.19334315414173253, 0.6674385911603691, -0.5881936946364419, 0.1397108227756414, -0.6268473266752506, 0.20544118608808434, -0.8015575474610666, 0.12208402862504113, 0.17031198785623913, -0.8194606731684737, -0.250066545624261, 0.22036857292793588, -0.7048388194778659, 0.7414953265770095, -0.5779632292621053, -0.2863630591357901, -0.8026190195314811, 0.44879405117450455, 0.5672060496815459, 0.9137611443950919, -0.2792982725248944, 0.11641597097320183, 0.5737702941652929, 0.46960865879901115, -0.02728903559460394, -0.8500095313607288, -0.2875000933273977, -0.41220419813785303, 1, 0.797067274373324, 0.06550246539009563, -0.44949239156771825, -0.31986490384236754, 0.128863470029706, -0.10194346526242981, 0.051545270499611995, -0.25683538498741276, 0.20912911791946298, 1, -0.22520633011184676, 0.04941621503027126, -0.6135050194333254, 0.20364462443316292, -0.31674417874478755, -0.1378655727257423, 0.3219152951339359]
492.39278505556285	(8, 12, 2)	[0.510649143460655, -0.9297084361435808, 0.976571918458248, -0.6545871057411126, -0.5177472344471334, 0.7827682520519572, 0.3500977203741559, 0.33359901164653416, -0.20967405781895856, -0.09416236606467532, -0.4253093141343417, -0.16889790603469512, 0.7365879225321859, 0.38858200027991185, 0.46035773892536525, -0.8360271212587633, 0.7362119159354283, -1, -0.9288087508852909, -0.4751984679621178, -0.3318686208087218, -0.8719267229975106, 0.8509779055765436, 0.22611647314099909, 0.1245750439456963, -0.3128234325460897, 0.2542964882067411, 0.6129156227124454, -0.9435236369300986, -0.9920431836079393, -0.40635505484864676, 0.32210994487157585, -1, 0.4442894525075405, -0.6878929809935986, 0.8175060685859594, 0.3319613979031013, 0.20663326398647497, -0.24708967776204238, 0.770503193848767, -0.4089791425844441, -0.7802160762522787, 0.3002601710359094, -0.6961898649033716, -0.5721629400299704, 0.8593453573205276, 0.7375231000583846, -0.8155744126380979, -0.3361948255310956, 0.9133695562318502, -0.8477758377348088, -0.598844856853858, -0.6880118151859367, 0.4814484858348158, 1, 0.5988788780068355, 0.2820626740132943, 0.11200398885624674, 0.023846579463198125, -0.7393019381493064, 0.7369232129089123, -0.4717539252534319, 0.6963348455534106, 0.993032592866222, -0.23950206151229203, 0.415172271046943, -0.3485791617186942, -0.18421729180406898, -0.37835051799892816, -0.75851949722919, -0.7005400973202005, -0.5953697150360836, 0.8050689443224799, -0.5302069956303568, 0.19334315414173253, 1, -0.28578494553802813, 0.1397108227756414, -0.7266119544504981, 0.422327747827395, -0.8015575474610666, 0.43610255594521957, 0.17031198785623913, -0.8194606731684737, -0.250066545624261, 0.22036857292793588, -0.7048388194778659, 0.7414953265770095, -0.5779632292621053, -0.2863630591357901, -0.8026190195314811, 0.21539687572122745, 0.5672060496815459, 0.9137611443950919, -0.5016144350559486, 0.11641597097320183, 0.5737702941652929, 0.46960865879901115, -0.02728903559460394, -0.8500095313607288, -0.2875000933273977, -0.41220419813785303, 1, 0.797067274373324, 0.06550246539009563, -0.44949239156771825, -0.31986490384236754, 0.128863470029706, -0.10194346526242981, 0.051545270499611995, 0.055888702302225646, 0.20912911791946298, 1, -0.22520633011184676, 0.04941621503027126, -0.6135050194333254, 0.20364462443316292, -0.31674417874478755, -0.1378655727257423, 0.3219152951339359]
489.54740199260414	(8, 12, 2)	[0.510649143460655, -0.9297084361435808, 0.976571918458248, -0.6545871057411126, -0.5177472344471334, 0.7827682520519572, 0.3500977203741559, 0.33359901164653416, -0.20967405781895856, -0.09416236606467532, -0.4253093141343417, -0.16889790603469512, 0.7365879225321859, 0.38858200027991185, 0.46035773892536525, -0.8360271212587633, 0.7362119159354283, -1, -0.9288087508852909, -0.4751984679621178, -0.3318686208087218, -0.8719267229975106, 0.8509779055765436, 0.22611647314099909, 0.1245750439456963, -0.3128234325460897, 0.2542964882067411, 0.6129156227124454, -0.9435236369300986, -0.9920431836079393, -0.40635505484864676, 0.32210994487157585, -1, 0.4442894525075405, -0.6878929809935986, 0.8175060685859594, 0.3319613979031013, 0.20663326398647497, -0.24708967776204238, 0.770503193848767, -0.6490254503871785, -0.7802160762522787, 0.3002601710359094, -0.6961898649033716, -0.5721629400299704, 0.8593453573205276, 0.7375231000583846, -0.8155744126380979, -0.3361948255310956, 0.9133695562318502, -0.8477758377348088, -0.598844856853858, -0.6880118151859367, 0.4814484858348158, 1, 0.5988788780068355, 0.2820626740132943, 0.11200398885624674, 0.023846579463198125, -0.7393019381493064, 0.7369232129089123, -0.4717539252534319, 0.6963348455534106, 0.993032592866222, -0.23950206151229203, 0.415172271046943, -0.3485791617186942, -0.18421729180406898, -0.37835051799892816, -0.75851949722919, -0.7005400973202005, -0.5953697150360836, 0.8050689443224799, -0.5302069956303568, 0.19334315414173253, 1, -0.28578494553802813, 0.1397108227756414, -0.7266119544504981, 0.422327747827395, -0.8015575474610666, 0.43610255594521957, 0.17031198785623913, -0.8194606731684737, -0.250066545624261, 0.22036857292793588, -0.7048388194778659, 0.7414953265770095, -0.5779632292621053, -0.2863630591357901, -0.8026190195314811, 0.21539687572122745, 0.5672060496815459, 0.9137611443950919, -0.5016144350559486, 0.11641597097320183, 0.5737702941652929, 0.46960865879901115, -0.02728903559460394, -0.8500095313607288, -0.2875000933273977, -0.41220419813785303, 1, 0.797067274373324, 0.06550246539009563, -0.44949239156771825, -0.31986490384236754, 0.128863470029706, -0.10194346526242981, 0.051545270499611995, 0.055888702302225646, 0.20912911791946298, 1, -0.22520633011184676, 0.04941621503027126, -0.6135050194333254, 0.20364462443316292, -0.31674417874478755, -0.1378655727257423, 0.3219152951339359]
488.3194516412914	(8, 12, 2)	[0.510649143460655, -0.9297084361435808, 0.976571918458248, -0.6545871057411126, -0.5177472344471334, 0.7827682520519572, 0.3500977203741559, 0.33359901164653416, -0.3349511935798016, -0.09101948754456662, -0.4253093141343417, -0.16889790603469512, 0.7365879225321859, 0.38858200027991185, 0.46035773892536525, -0.8360271212587633, 0.7362119159354283, -0.9700074738433917, -0.9288087508852909, -0.4751984679621178, -0.3318686208087218, -0.8719267229975106, 0.8509779055765436, 0.3486582922678525, 0.1245750439456963, -0.3128234325460897, 0.2932411207990351, 0.6129156227124454, -0.9435236369300986, -0.9920431836079393, -0.40635505484864676, 0.32210994487157585, -0.9571395958954843, 0.4442894525075405, -0.6878929809935986, 0.8175060685859594, 0.5327442579874975, 0.13996584264117945, -0.24708967776204238, 0.770503193848767, -0.4089791425844441, -0.7802160762522787, 0.3002601710359094, -0.6961898649033716, -0.5721629400299704, 0.8593453573205276, 0.7375231000583846, -0.8155744126380979, -0.3361948255310956, 0.9133695562318502, -0.8477758377348088, -0.598844856853858, -0.6880118151859367, 0.4814484858348158, 0.9923680313523273, 0.5988788780068355, 0.2820626740132943, 0.11200398885624674, 0.023846579463198125, -0.612125813524067, 0.8794222324842897, -0.4717539252534319, 0.6963348455534106, 0.8753710529397791, -0.23950206151229203, 0.415172271046943, -0.3485791617186942, -0.18421729180406898, -0.37835051799892816, -0.75851949722919, -0.3581258205959045, -0.5953697150360836, 0.8050689443224799, -0.5302069956303568, 0.19334315414173253, 0.6674385911603691, -0.5881936946364419, 0.1397108227756414, -0.6268473266752506, 0.20544118608808434, -0.8015575474610666, 0.12208402862504113, 0.19866729955925075, -0.8194606731684737, -0.250066545624261, 0.22036857292793588, -0.7048388194778659, 0.7414953265770095, -0.5779632292621053, -0.2863630591357901, -0.8026190195314811, 0.44879405117450455, 0.5672060496815459, 0.9137611443950919, -0.5016144350559486, 0.11641597097320183, 0.5737702941652929, 0.46960865879901115, -0.02728903559460394, -0.8500095313607288, -0.2875000933273977, -0.41220419813785303, 0.7815251572955384, 0.8348586429531957, 0.06550246539009563, -0.44949239156771825, -0.4205840980268456, 0.128863470029706, -0.10194346526242981, 0.051545270499611995, 0.055888702302225646, 0.20912911791946298, 1, -0.22520633011184676, 0.04941621503027126, -0.6135050194333254, 0.20364462443316292, -0.31674417874478755, -0.1378655727257423, 0.3219152951339359]
488.0613215267658	(8, 12, 2)	[0.510649143460655, -0.9297084361435808, 0.976571918458248, -0.6545871057411126, -0.5177472344471334, 0.7827682520519572, 0.3500977203741559, 0.33359901164653416, -0.3349511935798016, -0.09101948754456662, -0.4253093141343417, -0.16889790603469512, 0.7365879225321859, 0.38858200027991185, 0.46035773892536525, -0.8360271212587633, 0.7362119159354283, -0.9700074738433917, -0.9288087508852909, -0.4751984679621178, -0.3318686208087218, -0.8719267229975106, 0.8509779055765436, 0.3486582922678525, 0.1245750439456963, -0.3128234325460897, 0.2932411207990351, 0.6129156227124454, -0.9435236369300986, -0.9920431836079393, -0.40635505484864676, 0.32210994487157585, -0.9571395958954843, 0.4442894525075405, -0.6878929809935986, 0.8175060685859594, 0.5327442579874975, 0.13996584264117945, -0.24708967776204238, 0.770503193848767, -0.4089791425844441, -0.7802160762522787, 0.3002601710359094, -0.6961898649033716, -0.5721629400299704, 0.8593453573205276, 0.7375231000583846, -0.8155744126380979, -0.3361948255310956, 0.9133695562318502, -0.8477758377348088, -0.598844856853858, -0.6880118151859367, 0.4814484858348158, 0.9923680313523273, 0.5988788780068355, 0.2820626740132943, 0.11200398885624674, 0.023846579463198125, -0.612125813524067, 0.8794222324842897, -0.4717539252534319, 0.6963348455534106, 0.8753710529397791, -0.23950206151229203, 0.46166808002694487, -0.3485791617186942, -0.18421729180406898, -0.37835051799892816, -0.75851949722919, -0.3581258205959045, -0.5953697150360836, 0.8050689443224799, -0.5302069956303568, 0.19334315414173253, 0.6674385911603691, -0.5881936946364419, 0.1397108227756414, -0.6268473266752506, 0.20544118608808434, -0.8015575474610666, 0.12208402862504113, 0.19866729955925075, -0.8194606731684737, -0.250066545624261, 0.22036857292793588, -0.7048388194778659, 0.7414953265770095, -0.5779632292621053, -0.2863630591357901, -0.8026190195314811, 0.44879405117450455, 0.5672060496815459, 0.9137611443950919, -0.5016144350559486, 0.11641597097320183, 0.5737702941652929, 0.46960865879901115, -0.02728903559460394, -0.8500095313607288, -0.2875000933273977, -0.41220419813785303, 0.7815251572955384, 0.8348586429531957, 0.06550246539009563, -0.44949239156771825, -0.4205840980268456, 0.128863470029706, -0.10194346526242981, 0.051545270499611995, 0.055888702302225646, 0.20912911791946298, 1, -0.22520633011184676, 0.04941621503027126, -0.6135050194333254, 0.20364462443316292, -0.31674417874478755, -0.1378655727257423, 0.3219152951339359]
487.72156364284456	(8, 12, 2)	[0.510649143460655, -0.9297084361435808, 0.976571918458248, -0.6545871057411126, -0.5177472344471334, 0.7827682520519572, 0.3500977203741559, 0.33359901164653416, -0.3349511935798016, -0.09101948754456662, -0.4253093141343417, -0.16889790603469512, 0.7365879225321859, 0.38858200027991185, 0.46035773892536525, -0.8360271212587633, 0.7362119159354283, -0.9700074738433917, -0.9288087508852909, -0.4751984679621178, -0.3318686208087218, -0.8719267229975106, 0.8509779055765436, 0.3486582922678525, 0.1245750439456963, -0.3128234325460897, 0.2932411207990351, 0.6129156227124454, -0.9435236369300986, -0.9920431836079393, -0.40635505484864676, 0.32210994487157585, -0.9571395958954843, 0.4442894525075405, -0.6878929809935986, 0.8175060685859594, 0.5327442579874975, 0.13996584264117945, -0.24708967776204238, 0.7754341264786735, -0.4089791425844441, -0.7802160762522787, 0.3002601710359094, -0.6961898649033716, -0.5721629400299704, 0.8593453573205276, 0.7375231000583846, -0.8155744126380979, -0.3361948255310956, 0.9133695562318502, -0.8477758377348088, -0.598844856853858, -0.6880118151859367, 0.4814484858348158, 0.9923680313523273, 0.5988788780068355, 0.2820626740132943, 0.11200398885624674, 0.023846579463198125, -0.612125813524067, 0.8794222324842897, -0.4717539252534319, 0.6963348455534106, 0.8753710529397791, -0.23950206151229203, 0.415172271046943, -0.3485791617186942, -0.18421729180406898, -0.37835051799892816, -0.5646817782866477, -0.3581258205959045, -0.5953697150360836, 0.8050689443224799, -0.5302069956303568, 0.19334315414173253, 0.6674385911603691, -0.5881936946364419, 0.1397108227756414, -0.6268473266752506, 0.20544118608808434, -0.8015575474610666, 0.12208402862504113, 0.19866729955925075, -0.8194606731684737, -0.250066545624261, 0.22036857292793588, -0.7048388194778659, 0.7414953265770095, -0.5779632292621053, -0.2863630591357901, -0.8026190195314811, 0.44879405117450455, 0.5672060496815459, 0.8965795715193062, -0.5016144350559486, 0.11641597097320183, 0.5737702941652929, 0.46960865879901115, -0.02728903559460394, -0.8500095313607288, -0.2875000933273977, -0.41220419813785303, 0.8824070230182993, 0.8348586429531957, 0.06550246539009563, -0.44949239156771825, -0.31986490384236754, 0.128863470029706, -0.3618613135873791, 0.051545270499611995, 0.055888702302225646, 0.20912911791946298, 1, -0.22520633011184676, 0.04941621503027126, -0.6135050194333254, 0.20364462443316292, -0.31674417874478755, -0.1378655727257423, 0.3219152951339359]
487.95545641332865	(8, 12, 2)	[0.510649143460655, -0.9297084361435808, 0.976571918458248, -0.6545871057411126, -0.5177472344471334, 0.7827682520519572, 0.3500977203741559, 0.33359901164653416, -0.3349511935798016, -0.09101948754456662, -0.4253093141343417, -0.16889790603469512, 0.7365879225321859, 0.38858200027991185, 0.46035773892536525, -0.8360271212587633, 0.7362119159354283, -0.9700074738433917, -0.9288087508852909, -0.4751984679621178, -0.3318686208087218, -0.8719267229975106, 0.8509779055765436, 0.3486582922678525, 0.1245750439456963, -0.3128234325460897, 0.2932411207990351, 0.6129156227124454, -0.9435236369300986, -0.9920431836079393, -0.40635505484864676, 0.32210994487157585, -0.9571395958954843, 0.4442894525075405, -0.6878929809935986, 0.8175060685859594, 0.5327442579874975, 0.13996584264117945, -0.24708967776204238, 0.770503193848767, -0.4089791425844441, -0.7802160762522787, 0.3002601710359094, -0.6961898649033716, -0.5721629400299704, 0.8593453573205276, 0.7375231000583846, -0.8155744126380979, -0.3361948255310956, 0.9133695562318502, -0.8477758377348088, -0.598844856853858, -0.6880118151859367, 0.4814484858348158, 0.9923680313523273, 0.6119945277758377, 0.2820626740132943, 0.11200398885624674, 0.023846579463198125, -0.612125813524067, 0.8794222324842897, -0.4717539252534319, 0.6963348455534106, 0.8753710529397791, -0.23950206151229203, 0.415172271046943, -0.3485791617186942, -0.18421729180406898, -0.37835051799892816, -0.75851949722919, -0.3581258205959045, -0.5953697150360836, 0.8050689443224799, -0.5302069956303568, 0.19334315414173253, 0.6674385911603691, -0.5881936946364419, 0.1397108227756414, -0.6268473266752506, 0.20544118608808434, -0.8015575474610666, 0.12208402862504113, 0.19866729955925075, -0.8194606731684737, -0.250066545624261, 0.22036857292793588, -0.7048388194778659, 0.7414953265770095, -0.5779632292621053, -0.2863630591357901, -0.8026190195314811, 0.44879405117450455, 0.5672060496815459, 0.9137611443950919, -0.5016144350559486, 0.11641597097320183, 0.5737702941652929, 0.46960865879901115, -0.02728903559460394, -0.8500095313607288, -0.2875000933273977, -0.41220419813785303, 0.7815251572955384, 0.8348586429531957, 0.06550246539009563, -0.44949239156771825, -0.31986490384236754, 0.128863470029706, -0.10194346526242981, 0.051545270499611995, 0.055888702302225646, 0.20912911791946298, 1, -0.22520633011184676, 0.04941621503027126, -0.6135050194333254, 0.20364462443316292, -0.31674417874478755, -0.1378655727257423, 0.3219152951339359]
491.452992381528	(8, 12, 2)	[0.510649143460655, -0.9297084361435808, 0.976571918458248, -0.6545871057411126, -0.5177472344471334, 0.7827682520519572, 0.3500977203741559, 0.33359901164653416, -0.3349511935798016, -0.09101948754456662, -0.4253093141343417, -0.16889790603469512, 0.7365879225321859, 0.38858200027991185, 0.46035773892536525, -0.8360271212587633, 0.7362119159354283, -0.9700074738433917, -0.9288087508852909, -0.4751984679621178, -0.3318686208087218, -0.8719267229975106, 0.8509779055765436, 0.3486582922678525, 0.1245750439456963, -0.3128234325460897, 0.2932411207990351, 0.6129156227124454, -0.9435236369300986, -0.9920431836079393, -0.40635505484864676, 0.32210994487157585, -0.9571395958954843, 0.4442894525075405, -0.6878929809935986, 0.8175060685859594, 0.5327442579874975, 0.13996584264117945, -0.24708967776204238, 0.770503193848767, -0.4089791425844441, -0.7802160762522787, 0.3002601710359094, -0.6961898649033716, -0.5721629400299704, 0.8593453573205276, 0.7375231000583846, -0.8155744126380979, -0.3361948255310956, 0.9133695562318502, -0.8477758377348088, -0.598844856853858, -0.6880118151859367, 0.4814484858348158, 0.9923680313523273, 0.5988788780068355, 0.2820626740132943, 0.11200398885624674, 0.023846579463198125, -0.612125813524067, 0.8794222324842897, -0.4717539252534319, 0.6963348455534106, 0.8753710529397791, -0.23950206151229203, 0.415172271046943, -0.3485791617186942, -0.18421729180406898, -0.4625960500587592, -0.75851949722919, -0.7005400973202005, -0.5953697150360836, 0.8050689443224799, -0.5302069956303568, 0.19334315414173253, 0.6674385911603691, -0.5881936946364419, 0.1397108227756414, -0.6268473266752506, 0.20544118608808434, -0.8015575474610666, 0.12208402862504113, 0.19866729955925075, -0.8194606731684737, -0.250066545624261, 0.22036857292793588, -0.7048388194778659, 0.7414953265770095, -0.5779632292621053, -0.2863630591357901, -0.8026190195314811, 0.44879405117450455, 0.5672060496815459, 0.8965795715193062, -0.5016144350559486, 0.11641597097320183, 0.5737702941652929, 0.46960865879901115, -0.02728903559460394, -0.8500095313607288, -0.2875000933273977, -0.41220419813785303, 0.7815251572955384, 0.8348586429531957, 0.06550246539009563, -0.44949239156771825, -0.31986490384236754, 0.128863470029706, -0.10194346526242981, 0.051545270499611995, 0.055888702302225646, 0.20912911791946298, 1, -0.3144894946267876, 0.04941621503027126, -0.6135050194333254, 0.20364462443316292, -0.31674417874478755, -0.1378655727257423, 0.3219152951339359]
498.438029224053	(8, 12, 2)	[0.510649143460655, -0.9297084361435808, 0.976571918458248, -0.6545871057411126, -0.5177472344471334, 0.7827682520519572, 0.3500977203741559, 0.33359901164653416, -0.3349511935798016, -0.09101948754456662, -0.4253093141343417, -0.16889790603469512, 0.7365879225321859, 0.38858200027991185, 0.4468898388731233, -0.8360271212587633, 0.7362119159354283, -0.9700074738433917, -0.9267487352972905, -0.36048801090922866, -0.3318686208087218, -0.8719267229975106, 0.8509779055765436, 0.3486582922678525, 0.1245750439456963, -0.3128234325460897, 0.2932411207990351, 0.6129156227124454, -0.9435236369300986, -0.9920431836079393, -0.40635505484864676, 0.32210994487157585, -0.9571395958954843, 0.4442894525075405, -0.6878929809935986, 0.8175060685859594, 0.5327442579874975, 0.13996584264117945, -0.24708967776204238, 0.770503193848767, -0.4089791425844441, -0.7802160762522787, 0.3002601710359094, -0.6961898649033716, -0.5825844758263156, 0.8593453573205276, 0.7375231000583846, -0.8155744126380979, -0.3361948255310956, 0.9133695562318502, -0.8477758377348088, -0.598844856853858, -0.6880118151859367, 0.4814484858348158, 0.9923680313523273, 0.5988788780068355, 0.2820626740132943, 0.11200398885624674, 0.023846579463198125, -0.612125813524067, 0.8794222324842897, -0.4717539252534319, 0.6963348455534106, 0.8753710529397791, -0.23950206151229203, 0.415172271046943, -0.3485791617186942, -0.18421729180406898, -0.4625960500587592, -0.75851949722919, -0.7005400973202005, -0.5953697150360836, 0.8050689443224799, -0.009477128640137722, 0.19334315414173253, 0.6674385911603691, -0.5881936946364419, 0.1397108227756414, -0.6268473266752506, 0.20544118608808434, -0.8015575474610666, 0.12208402862504113, 0.19866729955925075, -0.8194606731684737, -0.250066545624261, 0.22036857292793588, -0.7048388194778659, 0.7414953265770095, -0.5779632292621053, -0.5314624320193679, -0.8026190195314811, 0.44879405117450455, 0.5672060496815459, 0.8965795715193062, -0.5016144350559486, 0.11641597097320183, 0.5737702941652929, 0.46960865879901115, 0.19610591535669908, -0.8500095313607288, -0.2875000933273977, -0.41220419813785303, 0.8824070230182993, 0.8348586429531957, 0.06550246539009563, -0.44949239156771825, -0.31986490384236754, 0.128863470029706, -0.10194346526242981, 0.051545270499611995, 0.055888702302225646, 0.20912911791946298, 1, -0.22520633011184676, 0.04941621503027126, -0.6135050194333254, 0.20364462443316292, -0.31674417874478755, -0.1964804689763089, 0.3219152951339359]
486.0655424185097	(8, 12, 2)	[0.510649143460655, -0.9297084361435808, 0.976571918458248, -0.6545871057411126, -0.5177472344471334, 0.7827682520519572, 0.3500977203741559, 0.33359901164653416, -0.3349511935798016, -0.09101948754456662, -0.4253093141343417, -0.16889790603469512, 0.7365879225321859, 0.38858200027991185, 0.46035773892536525, -0.8360271212587633, 0.7362119159354283, -0.9700074738433917, -0.9288087508852909, -0.4751984679621178, -0.3318686208087218, -0.8719267229975106, 0.8509779055765436, 0.3486582922678525, 0.1245750439456963, -0.3128234325460897, 0.2932411207990351, 0.6129156227124454, -0.9435236369300986, -0.9920431836079393, -0.40635505484864676, 0.32210994487157585, -0.9571395958954843, 0.4442894525075405, -0.6878929809935986, 0.8175060685859594, 0.5327442579874975, 0.13996584264117945, -0.24708967776204238, 0.770503193848767, -0.4089791425844441, -0.7802160762522787, 0.3002601710359094, -0.6961898649033716, -0.5721629400299704, 0.8593453573205276, 0.7375231000583846, -0.8155744126380979, -0.6035429419457088, 0.9133695562318502, -0.8477758377348088, -0.598844856853858, -0.6880118151859367, 0.4814484858348158, 0.9923680313523273, 0.5988788780068355, 0.2820626740132943, 0.11200398885624674, 0.023846579463198125, -0.612125813524067, 0.8794222324842897, -0.4717539252534319, 0.6963348455534106, 0.8753710529397791, -0.23950206151229203, 0.415172271046943, -0.3485791617186942, -0.18421729180406898, -0.4625960500587592, -0.75851949722919, -0.7005400973202005, -0.3567340922952188, 0.8050689443224799, -0.5302069956303568, 0.19334315414173253, 0.6674385911603691, -0.5881936946364419, 0.1397108227756414, -0.6268473266752506, 0.20544118608808434, -0.8015575474610666, 0.12208402862504113, 0.17031198785623913, -0.8194606731684737, -0.250066545624261, 0.22036857292793588, -0.38497206687201724, 0.7414953265770095, -0.5779632292621053, -0.2863630591357901, -0.8026190195314811, 0.44879405117450455, 0.5672060496815459, 0.9137611443950919, -0.5016144350559486, 0.11641597097320183, 0.5737702941652929, 0.46960865879901115, -0.02728903559460394, -0.8500095313607288, -0.2875000933273977, -0.41220419813785303, 0.7815251572955384, 0.8348586429531957, 0.06550246539009563, -0.44949239156771825, -0.31986490384236754, 0.128863470029706, -0.10194346526242981, 0.051545270499611995, 0.055888702302225646, 0.20912911791946298, 1, -0.22520633011184676, 0.04941621503027126, -0.6135050194333254, 0.20364462443316292, -0.31674417874478755, -0.15438933482713263, 0.3219152951339359]
493.7006709165871	(8, 12, 2)	[0.510649143460655, -0.9297084361435808, 0.976571918458248, -0.6545871057411126, -0.5177472344471334, 0.7827682520519572, 0.3500977203741559, 0.33359901164653416, -0.3349511935798016, -0.09101948754456662, -0.4253093141343417, -0.16889790603469512, 0.7365879225321859, 0.38858200027991185, 0.46035773892536525, -0.8360271212587633, 0.7362119159354283, -0.9700074738433917, -0.9288087508852909, -0.4751984679621178, -0.3318686208087218, -0.8719267229975106, 0.8509779055765436, 0.3486582922678525, 0.1245750439456963, -0.3128234325460897, 0.2932411207990351, 0.6129156227124454, -0.9435236369300986, -0.9920431836079393, -0.40635505484864676, 0.32210994487157585, -0.9571395958954843, 0.4442894525075405, -0.6878929809935986, 0.8175060685859594, 0.5327442579874975, 0.13996584264117945, -0.4051266121054284, 0.770503193848767, -0.4089791425844441, -0.7802160762522787, 0.3002601710359094, -0.6961898649033716, -0.5721629400299704, 0.8593453573205276, 0.7375231000583846, -0.8155744126380979, -0.6035429419457088, 0.9133695562318502, -0.8477758377348088, -0.598844856853858, -0.6880118151859367, 0.4814484858348158, 0.9923680313523273, 0.5988788780068355, 0.2820626740132943, 0.11200398885624674, 0.023846579463198125, -0.612125813524067, 0.8794222324842897, -0.4717539252534319, 0.6963348455534106, 0.8753710529397791, -0.23950206151229203, 0.415172271046943, -0.3485791617186942, -0.18421729180406898, -0.4625960500587592, -0.75851949722919, -0.7005400973202005, -0.5953697150360836, 0.8050689443224799, -0.5302069956303568, 0.19334315414173253, 0.6674385911603691, -0.5881936946364419, 0.1397108227756414, -0.6268473266752506, 0.20544118608808434, -0.8015575474610666, 0.12208402862504113, 0.17031198785623913, -0.8194606731684737, -0.250066545624261, 0.22036857292793588, -0.38497206687201724, 0.7414953265770095, -0.5779632292621053, -0.2863630591357901, -0.8026190195314811, 0.44879405117450455, 0.5672060496815459, 0.6073084814679982, -0.5016144350559486, 0.11641597097320183, 0.5737702941652929, 0.46960865879901115, -0.02728903559460394, -0.8500095313607288, -0.2875000933273977, -0.41220419813785303, 0.7815251572955384, 0.8348586429531957, 0.06550246539009563, -0.44949239156771825, -0.31986490384236754, 0.128863470029706, -0.10194346526242981, 0.051545270499611995, 0.055888702302225646, 0.20912911791946298, 1, -0.22520633011184676, 0.04941621503027126, -0.6135050194333254, 0.20364462443316292, -0.31674417874478755, -0.15438933482713263, 0.3219152951339359]
492.33090610359795	(8, 12, 2)	[0.510649143460655, -0.9297084361435808, 0.976571918458248, -0.6545871057411126, -0.5177472344471334, 0.7827682520519572, 0.3500977203741559, 0.33359901164653416, -0.3349511935798016, -0.09101948754456662, -0.4253093141343417, -0.16889790603469512, 0.7365879225321859, 0.38858200027991185, 0.46035773892536525, -0.8360271212587633, 0.7362119159354283, -0.9700074738433917, -0.9288087508852909, -0.4751984679621178, -0.3318686208087218, -0.8719267229975106, 0.8509779055765436, 0.3486582922678525, 0.1245750439456963, -0.4341924959526402, 0.2932411207990351, 0.6129156227124454, -0.9435236369300986, -0.9920431836079393, -0.40635505484864676, 0.32210994487157585, -0.9571395958954843, 0.4442894525075405, -0.6878929809935986, 0.8175060685859594, 0.5327442579874975, 0.13996584264117945, -0.24708967776204238, 0.770503193848767, -0.4089791425844441, -0.7802160762522787, 0.3002601710359094, -0.6961898649033716, -0.5721629400299704, 0.8593453573205276, 0.7375231000583846, -0.8155744126380979, -0.6035429419457088, 0.9133695562318502, -0.8477758377348088, -0.598844856853858, -0.6880118151859367, 0.4814484858348158, 0.9923680313523273, 0.5988788780068355, 0.2820626740132943, 0.11200398885624674, 0.023846579463198125, -0.612125813524067, 0.8794222324842897, -0.4717539252534319, 0.6963348455534106, 0.8753710529397791, -0.23950206151229203, 0.415172271046943, -0.3485791617186942, -0.18421729180406898, -0.4625960500587592, -0.75851949722919, -0.7005400973202005, -0.3567340922952188, 0.8050689443224799, -0.5302069956303568, 0.19334315414173253, 0.6674385911603691, -0.5881936946364419, 0.1397108227756414, -0.6268473266752506, 0.20544118608808434, -0.8015575474610666, 0.12208402862504113, 0.17031198785623913, -0.8194606731684737, -0.250066545624261, 0.22036857292793588, -0.38497206687201724, 0.7414953265770095, -0.5779632292621053, -0.2863630591357901, -0.8026190195314811, 0.44879405117450455, 0.5672060496815459, 0.8965795715193062, -0.5016144350559486, 0.11641597097320183, 0.5737702941652929, 0.46960865879901115, -0.02728903559460394, -0.8500095313607288, -0.2875000933273977, -0.41220419813785303, 0.7815251572955384, 0.3786941878091095, 0.06550246539009563, -0.44949239156771825, -0.31986490384236754, 0.128863470029706, -0.10194346526242981, 0.051545270499611995, 0.055888702302225646, 0.20912911791946298, 1, -0.3144894946267876, 0.04941621503027126, -0.6135050194333254, 0.20364462443316292, -0.3218477182622324, -0.1378655727257423, 0.3219152951339359]
495.1344939880073	(8, 12, 2)	[0.510649143460655, -0.9297084361435808, 0.976571918458248, -0.6545871057411126, -0.5177472344471334, 0.7827682520519572, 0.3500977203741559, 0.33359901164653416, -0.3349511935798016, -0.09101948754456662, -0.4253093141343417, -0.16889790603469512, 0.7365879225321859, 0.4458864961040116, 0.46035773892536525, -0.8360271212587633, 0.7362119159354283, -0.9700074738433917, -0.9288087508852909, -0.4751984679621178, -0.3318686208087218, -0.8719267229975106, 0.8509779055765436, 0.3486582922678525, 0.1245750439456963, -0.3128234325460897, 0.2932411207990351, 0.6129156227124454, -0.9435236369300986, -0.9920431836079393, -0.40635505484864676, 0.32210994487157585, -0.9571395958954843, 0.4442894525075405, -0.6878929809935986, 0.8175060685859594, 0.5327442579874975, 0.13996584264117945, -0.4051266121054284, 0.770503193848767, -0.4089791425844441, -0.7802160762522787, 0.3002601710359094, -0.6961898649033716, -0.5721629400299704, 0.8593453573205276, 0.7375231000583846, -0.8155744126380979, -0.6035429419457088, 0.9133695562318502, -0.8477758377348088, -0.598844856853858, -0.6880118151859367, 0.4814484858348158, 0.9923680313523273, 0.5988788780068355, 0.2820626740132943, 0.11200398885624674, 0.023846579463198125, -0.612125813524067, 0.8794222324842897, -0.4717539252534319, 0.6963348455534106, 0.8753710529397791, -0.23950206151229203, 0.415172271046943, -0.3485791617186942, -0.18421729180406898, -0.4625960500587592, -0.75851949722919, -0.7005400973202005, -0.5953697150360836, 0.8050689443224799, -0.5302069956303568, 0.19334315414173253, 0.6674385911603691, -0.5881936946364419, 0.1397108227756414, -0.6268473266752506, 0.20544118608808434, -0.8015575474610666, 0.12208402862504113, 0.17031198785623913, -0.8194606731684737, -0.250066545624261, 0.22036857292793588, -0.38497206687201724, 0.7414953265770095, -0.5779632292621053, -0.14837755970503408, -0.8026190195314811, 0.44879405117450455, 0.5672060496815459, 0.5315916153972942, -0.5016144350559486, 0.11641597097320183, 0.5737702941652929, 0.46960865879901115, -0.02728903559460394, -0.8500095313607288, -0.2875000933273977, -0.41220419813785303, 0.7815251572955384, 0.8348586429531957, 0.06550246539009563, -0.44949239156771825, -0.31986490384236754, 0.128863470029706, -0.10194346526242981, 0.051545270499611995, 0.055888702302225646, 0.20912911791946298, 1, -0.22520633011184676, 0.04941621503027126, -0.6135050194333254, 0.20364462443316292, -0.31674417874478755, -0.15438933482713263, 0.3219152951339359]
487.7604338340461	(8, 12, 2)	[0.510649143460655, -0.9297084361435808, 0.976571918458248, -0.6545871057411126, -0.5177472344471334, 0.7827682520519572, 0.3500977203741559, 0.33359901164653416, -0.33032893836947297, -0.09101948754456662, -0.4253093141343417, -0.16889790603469512, 0.7365879225321859, 0.38858200027991185, 0.46035773892536525, -0.8360271212587633, 0.7362119159354283, -0.9700074738433917, -0.9288087508852909, -0.4751984679621178, -0.3318686208087218, -0.8719267229975106, 0.8509779055765436, 0.3486582922678525, 0.1245750439456963, -0.3128234325460897, 0.2932411207990351, 0.6129156227124454, -0.9435236369300986, -0.9920431836079393, -0.40635505484864676, 0.32210994487157585, -0.9571395958954843, 0.4442894525075405, -0.6878929809935986, 0.8175060685859594, 0.5327442579874975, 0.13996584264117945, -0.24708967776204238, 0.770503193848767, -0.4089791425844441, -0.7802160762522787, 0.3002601710359094, -0.6961898649033716, -0.5721629400299704, 0.8593453573205276, 0.7375231000583846, -0.8155744126380979, -0.6035429419457088, 0.9133695562318502, -0.8477758377348088, -0.598844856853858, -0.6880118151859367, 0.4814484858348158, 0.9923680313523273, 0.5988788780068355, 0.2820626740132943, 0.11200398885624674, 0.023846579463198125, -0.612125813524067, 0.8794222324842897, -0.4717539252534319, 0.6963348455534106, 0.8753710529397791, -0.23950206151229203, 0.415172271046943, -0.3485791617186942, -0.18421729180406898, -0.6284637751249487, -0.75851949722919, -0.7005400973202005, -0.5953697150360836, 0.8050689443224799, -0.5302069956303568, 0.19334315414173253, 0.6674385911603691, -0.5881936946364419, 0.1397108227756414, -0.6659344108187114, 0.20544118608808434, -0.8015575474610666, 0.12208402862504113, 0.17031198785623913, -0.8194606731684737, -0.250066545624261, 0.22036857292793588, -0.38497206687201724, 0.7414953265770095, -0.5779632292621053, -0.2863630591357901, -0.8026190195314811, 0.44879405117450455, 0.5672060496815459, 0.8965795715193062, -0.5016144350559486, 0.11641597097320183, 0.5737702941652929, 0.46960865879901115, -0.02728903559460394, -0.7250172815242465, -0.2875000933273977, -0.41220419813785303, 0.7815251572955384, 0.3786941878091095, 0.06550246539009563, -0.44949239156771825, -0.31986490384236754, 0.128863470029706, -0.10194346526242981, 0.051545270499611995, 0.055888702302225646, 0.20912911791946298, 1, -0.22520633011184676, 0.04941621503027126, -0.6135050194333254, 0.20364462443316292, -0.3218477182622324, -0.1378655727257423, 0.3219152951339359]
489.80124965310097	(8, 12, 2)	[0.510649143460655, -0.9297084361435808, 0.976571918458248, -0.6545871057411126, -0.5177472344471334, 0.7827682520519572, 0.3500977203741559, 0.33359901164653416, -0.3349511935798016, -0.09101948754456662, -0.4253093141343417, -0.16889790603469512, 0.7365879225321859, 0.38858200027991185, 0.46035773892536525, -0.8360271212587633, 0.7362119159354283, -0.9700074738433917, -0.9288087508852909, -0.4751984679621178, -0.3318686208087218, -0.8719267229975106, 0.8509779055765436, 0.3486582922678525, 0.1245750439456963, -0.3128234325460897, 0.2932411207990351, 0.6129156227124454, -0.9435236369300986, -0.9920431836079393, -0.40635505484864676, 0.32210994487157585, -0.9571395958954843, 0.4442894525075405, -0.6878929809935986, 0.8175060685859594, 0.5327442579874975, 0.13996584264117945, -0.24708967776204238, 0.770503193848767, -0.4089791425844441, -0.7802160762522787, 0.3002601710359094, -0.6961898649033716, -0.5721629400299704, 0.8593453573205276, 0.7375231000583846, -0.8155744126380979, -0.6035429419457088, 0.9133695562318502, -0.8477758377348088, -0.598844856853858, -0.6880118151859367, 0.4814484858348158, 0.9923680313523273, 0.5988788780068355, 0.2820626740132943, 0.11200398885624674, 0.023846579463198125, -0.612125813524067, 0.8794222324842897, -0.4717539252534319, 0.6963348455534106, 0.8753710529397791, -0.23950206151229203, 0.415172271046943, -0.3485791617186942, -0.18421729180406898, -0.4625960500587592, -0.75851949722919, -0.7005400973202005, -0.3567340922952188, 0.8050689443224799, -0.5302069956303568, 0.19334315414173253, 0.6674385911603691, -0.32990105214754734, 0.1397108227756414, -0.6268473266752506, 0.20544118608808434, -0.8015575474610666, 0.12208402862504113, 0.17031198785623913, -0.8194606731684737, -0.250066545624261, 0.22036857292793588, -0.38497206687201724, 0.7414953265770095, -0.5779632292621053, -0.2863630591357901, -0.8026190195314811, 0.44879405117450455, 0.5672060496815459, 0.8965795715193062, -0.5016144350559486, 0.11641597097320183, 0.5737702941652929, 0.46960865879901115, -0.02728903559460394, -0.8500095313607288, -0.2875000933273977, -0.41220419813785303, 0.7815251572955384, 0.3786941878091095, 0.06550246539009563, -0.44949239156771825, -0.31986490384236754, 0.128863470029706, -0.10194346526242981, 0.051545270499611995, 0.055888702302225646, 0.20912911791946298, 1, -0.3144894946267876, 0.14470743168065936, -0.6135050194333254, 0.04888329243079495, -0.3218477182622324, -0.1378655727257423, 0.3219152951339359]
489.03590124100447	(8, 12, 2)	[0.510649143460655, -0.9297084361435808, 0.976571918458248, -0.6545871057411126, -0.5177472344471334, 0.7827682520519572, 0.3500977203741559, 0.33359901164653416, -0.33032893836947297, -0.09101948754456662, -0.4253093141343417, -0.16889790603469512, 0.7365879225321859, 0.38858200027991185, 0.46035773892536525, -0.8360271212587633, 0.7362119159354283, -0.9700074738433917, -0.9288087508852909, -0.4751984679621178, -0.3318686208087218, -0.8719267229975106, 0.8509779055765436, 0.3486582922678525, 0.1245750439456963, -0.36346447701254736, 0.2932411207990351, 0.6129156227124454, -0.9435236369300986, -0.9920431836079393, -0.40635505484864676, 0.32210994487157585, -0.9571395958954843, 0.4442894525075405, -0.6878929809935986, 0.8175060685859594, 0.5327442579874975, 0.13996584264117945, -0.24708967776204238, 0.770503193848767, -0.4089791425844441, -0.7802160762522787, 0.3002601710359094, -0.6961898649033716, -0.5721629400299704, 0.8593453573205276, 0.7375231000583846, -0.8155744126380979, -0.6035429419457088, 0.9133695562318502, -0.8477758377348088, -0.598844856853858, -0.6880118151859367, 0.4814484858348158, 0.9923680313523273, 0.5988788780068355, 0.2820626740132943, 0.11200398885624674, 0.023846579463198125, -0.612125813524067, 0.8794222324842897, -0.4717539252534319, 0.6963348455534106, 0.8753710529397791, -0.23950206151229203, 0.415172271046943, -0.3485791617186942, -0.18421729180406898, -0.4625960500587592, -0.75851949722919, -0.7005400973202005, -0.3567340922952188, 0.8050689443224799, -0.5302069956303568, 0.19334315414173253, 0.6674385911603691, -0.5881936946364419, 0.1397108227756414, -0.6268473266752506, 0.20544118608808434, -0.8015575474610666, 0.12208402862504113, 0.17031198785623913, -0.8194606731684737, -0.250066545624261, 0.22036857292793588, -0.38497206687201724, 0.7414953265770095, -0.5779632292621053, -0.2863630591357901, -0.8026190195314811, 0.44879405117450455, 0.5672060496815459, 0.8965795715193062, -0.5016144350559486, 0.11641597097320183, 0.5737702941652929, 0.46960865879901115, -0.02728903559460394, -0.8500095313607288, -0.2875000933273977, -0.41220419813785303, 0.7815251572955384, 0.3786941878091095, 0.06550246539009563, -0.44949239156771825, -0.31986490384236754, 0.128863470029706, -0.10194346526242981, 0.051545270499611995, 0.2753508572132007, 0.20912911791946298, 1, -0.3144894946267876, 0.04941621503027126, -0.6135050194333254, 0.20364462443316292, -0.3218477182622324, -0.1378655727257423, 0.3219152951339359]
488.3750330656767	(8, 12, 2)	[0.510649143460655, -0.9297084361435808, 0.976571918458248, -0.6545871057411126, -0.5177472344471334, 0.7827682520519572, 0.3500977203741559, 0.33359901164653416, -0.33032893836947297, -0.09101948754456662, -0.4253093141343417, -0.16889790603469512, 0.7365879225321859, 0.38858200027991185, 0.46035773892536525, -0.8360271212587633, 0.7362119159354283, -0.9700074738433917, -0.9288087508852909, -0.4751984679621178, -0.3318686208087218, -0.8719267229975106, 0.8509779055765436, 0.3486582922678525, 0.1245750439456963, -0.36346447701254736, 0.2932411207990351, 0.6129156227124454, -0.9435236369300986, -0.9920431836079393, -0.40635505484864676, 0.32210994487157585, -0.9571395958954843, 0.4442894525075405, -0.6878929809935986, 0.8175060685859594, 0.5327442579874975, 0.13996584264117945, -0.24708967776204238, 0.770503193848767, -0.4089791425844441, -0.7802160762522787, 0.3002601710359094, -0.6961898649033716, -0.5721629400299704, 0.8593453573205276, 0.7375231000583846, -0.8155744126380979, -0.6035429419457088, 0.9133695562318502, -0.8477758377348088, -0.598844856853858, -0.6880118151859367, 0.4814484858348158, 0.9923680313523273, 0.5988788780068355, 0.2820626740132943, 0.11200398885624674, 0.023846579463198125, -0.612125813524067, 0.8794222324842897, -0.4717539252534319, 0.6963348455534106, 0.8753710529397791, -0.23950206151229203, 0.415172271046943, -0.3485791617186942, -0.18421729180406898, -0.4625960500587592, -0.75851949722919, -0.7005400973202005, -0.3567340922952188, 0.8050689443224799, -0.5302069956303568, 0.19334315414173253, 0.6674385911603691, -0.5881936946364419, 0.1397108227756414, -0.6268473266752506, 0.20544118608808434, -0.8015575474610666, 0.12208402862504113, 0.17031198785623913, -0.8194606731684737, -0.250066545624261, 0.22036857292793588, -0.38497206687201724, 0.7414953265770095, -0.5779632292621053, -0.2863630591357901, -0.8026190195314811, 0.44879405117450455, 0.5672060496815459, 0.8965795715193062, -0.5016144350559486, 0.11641597097320183, 0.5737702941652929, 0.46960865879901115, -0.02728903559460394, -0.8500095313607288, -0.2875000933273977, -0.41220419813785303, 0.7815251572955384, 0.3786941878091095, 0.06550246539009563, -0.44949239156771825, -0.31986490384236754, 0.128863470029706, -0.10194346526242981, 0.051545270499611995, 0.2753508572132007, 0.20912911791946298, 1, -0.3144894946267876, 0.04941621503027126, -0.6135050194333254, 0.20364462443316292, -0.3218477182622324, -0.04832977979809386, 0.3219152951339359]
489.65625134296715	(8, 12, 2)	[0.510649143460655, -0.9297084361435808, 0.976571918458248, -0.6545871057411126, -0.5177472344471334, 0.7827682520519572, 0.3500977203741559, 0.33359901164653416, -0.33032893836947297, -0.09101948754456662, -0.4253093141343417, -0.16889790603469512, 0.7365879225321859, 0.38858200027991185, 0.46035773892536525, -0.8360271212587633, 0.7362119159354283, -0.9700074738433917, -0.9288087508852909, -0.4751984679621178, -0.3318686208087218, -0.8719267229975106, 0.8509779055765436, 0.3486582922678525, 0.1245750439456963, -0.36346447701254736, 0.2932411207990351, 0.6129156227124454, -0.9435236369300986, -0.9920431836079393, -0.40635505484864676, 0.32210994487157585, -0.9571395958954843, 0.4442894525075405, -0.6878929809935986, 0.8175060685859594, 0.5327442579874975, 0.13996584264117945, -0.24708967776204238, 0.770503193848767, -0.4089791425844441, -0.7802160762522787, 0.3002601710359094, -0.6961898649033716, -0.5721629400299704, 0.8593453573205276, 0.7375231000583846, -0.8155744126380979, -0.6035429419457088, 0.9133695562318502, -0.8477758377348088, -0.598844856853858, -0.6880118151859367, 0.4814484858348158, 0.9923680313523273, 0.5988788780068355, 0.2820626740132943, 0.11200398885624674, 0.023846579463198125, -0.612125813524067, 0.8794222324842897, -0.4717539252534319, 0.6963348455534106, 0.8753710529397791, -0.23950206151229203, 0.415172271046943, -0.3485791617186942, -0.18421729180406898, -0.4625960500587592, -0.75851949722919, -0.7005400973202005, -0.3567340922952188, 0.8050689443224799, -0.5302069956303568, 0.19334315414173253, 0.6674385911603691, -0.5881936946364419, 0.1397108227756414, -0.6268473266752506, 0.20544118608808434, -0.8015575474610666, 0.12208402862504113, 0.17031198785623913, -0.8194606731684737, -0.250066545624261, 0.22036857292793588, -0.38497206687201724, 0.7414953265770095, -0.5779632292621053, -0.2863630591357901, -0.8026190195314811, 0.44879405117450455, 0.5672060496815459, 0.8965795715193062, -0.5016144350559486, 0.11641597097320183, 0.5737702941652929, 0.46960865879901115, -0.02728903559460394, -0.8500095313607288, -0.2875000933273977, -0.41220419813785303, 0.7815251572955384, 0.3786941878091095, 0.06550246539009563, -0.44949239156771825, -0.31986490384236754, 0.128863470029706, -0.10194346526242981, 0.051545270499611995, 0.2753508572132007, 0.20912911791946298, 1, -0.3144894946267876, 0.04941621503027126, -0.6135050194333254, 0.20364462443316292, -0.3218477182622324, -0.1378655727257423, 0.3219152951339359]
488.325603120029	(8, 12, 2)	[0.510649143460655, -0.9297084361435808, 0.976571918458248, -0.6545871057411126, -0.5177472344471334, 0.7827682520519572, 0.3500977203741559, 0.33359901164653416, -0.33032893836947297, -0.09101948754456662, -0.4253093141343417, -0.16889790603469512, 0.7365879225321859, 0.38858200027991185, 0.46035773892536525, -0.8360271212587633, 0.7362119159354283, -0.9700074738433917, -0.9288087508852909, -0.4751984679621178, -0.3318686208087218, -0.8719267229975106, 0.8509779055765436, 0.3486582922678525, 0.1245750439456963, -0.36346447701254736, 0.2932411207990351, 0.6129156227124454, -0.9435236369300986, -0.9920431836079393, -0.40635505484864676, 0.32210994487157585, -0.9571395958954843, 0.4442894525075405, -0.6878929809935986, 0.8175060685859594, 0.5327442579874975, 0.13996584264117945, -0.24708967776204238, 0.770503193848767, -0.4089791425844441, -0.7802160762522787, 0.3002601710359094, -0.6961898649033716, -0.5721629400299704, 0.8593453573205276, 0.7375231000583846, -0.8155744126380979, -0.6035429419457088, 0.9133695562318502, -0.8477758377348088, -0.598844856853858, -0.6880118151859367, 0.4814484858348158, 0.9923680313523273, 0.5988788780068355, 0.2820626740132943, 0.11200398885624674, 0.023846579463198125, -0.612125813524067, 0.8794222324842897, -0.4717539252534319, 0.6963348455534106, 0.8753710529397791, -0.23950206151229203, 0.415172271046943, -0.3485791617186942, -0.18421729180406898, -0.4625960500587592, -0.75851949722919, -0.7005400973202005, -0.3567340922952188, 0.8050689443224799, -0.5302069956303568, 0.19334315414173253, 0.6674385911603691, -0.5881936946364419, 0.1397108227756414, -0.6268473266752506, 0.20544118608808434, -0.8015575474610666, 0.12208402862504113, 0.17031198785623913, -0.8194606731684737, -0.250066545624261, 0.22036857292793588, -0.38497206687201724, 0.7414953265770095, -0.5779632292621053, -0.2863630591357901, -0.8026190195314811, 0.44879405117450455, 0.5672060496815459, 0.8965795715193062, -0.5016144350559486, 0.11641597097320183, 0.5737702941652929, 0.46960865879901115, -0.02728903559460394, -0.8500095313607288, -0.2875000933273977, -0.41220419813785303, 0.7815251572955384, 0.3786941878091095, 0.06550246539009563, -0.44949239156771825, -0.31986490384236754, 0.128863470029706, -0.10194346526242981, 0.051545270499611995, 0.2753508572132007, 0.20912911791946298, 1, -0.3144894946267876, 0.04941621503027126, -0.6135050194333254, 0.20364462443316292, -0.3218477182622324, -0.1378655727257423, 0.3219152951339359]
489.345087390393	(8, 12, 2)	[0.510649143460655, -0.9297084361435808, 0.976571918458248, -0.6545871057411126, -0.5177472344471334, 0.7827682520519572, 0.3500977203741559, 0.33359901164653416, -0.33032893836947297, -0.09101948754456662, -0.4253093141343417, -0.16889790603469512, 0.7365879225321859, 0.38858200027991185, 0.46035773892536525, -0.8360271212587633, 0.7362119159354283, -0.9700074738433917, -0.9288087508852909, -0.4751984679621178, -0.3318686208087218, -0.8719267229975106, 0.8509779055765436, 0.3486582922678525, 0.1245750439456963, -0.4341924959526402, 0.2932411207990351, 0.6129156227124454, -1, -0.9920431836079393, -0.40635505484864676, 0.32210994487157585, -0.9571395958954843, 0.4442894525075405, -0.6878929809935986, 0.8175060685859594, 0.5327442579874975, 0.06463866085570825, -0.24708967776204238, 0.770503193848767, -0.4089791425844441, -0.7802160762522787, 0.3002601710359094, -0.6961898649033716, -0.5721629400299704, 0.8593453573205276, 0.7375231000583846, -0.99222652995191, -0.6035429419457088, 0.9133695562318502, -0.8477758377348088, -0.598844856853858, -0.6880118151859367, 0.4814484858348158, 0.9923680313523273, 0.5988788780068355, 0.2820626740132943, 0.11200398885624674, 0.023846579463198125, -0.612125813524067, 0.8794222324842897, -0.4717539252534319, 0.6963348455534106, 1, -0.23950206151229203, 0.415172271046943, -0.3485791617186942, -0.18421729180406898, -0.4625960500587592, -0.75851949722919, -0.7005400973202005, -0.3567340922952188, 0.8050689443224799, -0.5302069956303568, 0.19334315414173253, 0.6674385911603691, -0.5881936946364419, 0.1397108227756414, -0.6268473266752506, 0.20544118608808434, -0.8015575474610666, 0.12208402862504113, 0.17031198785623913, -0.8194606731684737, -0.250066545624261, 0.22036857292793588, -0.38497206687201724, 0.7414953265770095, -0.5779632292621053, -0.2863630591357901, -0.8026190195314811, 0.44879405117450455, 0.5672060496815459, 0.8965795715193062, -0.5016144350559486, 0.11641597097320183, 0.5737702941652929, 0.46960865879901115, -0.02728903559460394, -0.8500095313607288, -0.2875000933273977, -0.41220419813785303, 0.7815251572955384, 0.3786941878091095, 0.06550246539009563, -0.44949239156771825, -0.31986490384236754, 0.128863470029706, -0.10194346526242981, 0.051545270499611995, 0.2753508572132007, 0.20912911791946298, 1, -0.3144894946267876, 0.04941621503027126, -0.6135050194333254, 0.20364462443316292, -0.3218477182622324, -0.04832977979809386, 0.3219152951339359]
491.01078948006034	(8, 12, 2)	[0.510649143460655, -0.9297084361435808, 0.976571918458248, -0.6545871057411126, -0.5177472344471334, 0.7827682520519572, 0.3500977203741559, 0.33359901164653416, -0.33032893836947297, -0.09101948754456662, -0.4253093141343417, -0.16889790603469512, 0.7365879225321859, 0.38858200027991185, 0.46035773892536525, -0.8360271212587633, 0.7362119159354283, -0.9700074738433917, -0.9288087508852909, -0.4751984679621178, -0.36024780676433193, -0.8719267229975106, 0.8509779055765436, 0.3486582922678525, 0.1245750439456963, -0.4341924959526402, 0.2932411207990351, 0.6129156227124454, -1, -0.9920431836079393, -0.40635505484864676, 0.32210994487157585, -0.9571395958954843, 0.4442894525075405, -0.6878929809935986, 0.8175060685859594, 0.5327442579874975, 0.05799942302541582, -0.24708967776204238, 0.770503193848767, -0.4089791425844441, -0.7802160762522787, 0.3002601710359094, -0.6961898649033716, -0.5721629400299704, 0.8593453573205276, 0.7375231000583846, -0.99222652995191, -0.6035429419457088, 0.9133695562318502, -0.8477758377348088, -0.598844856853858, -0.6880118151859367, 0.4814484858348158, 0.9923680313523273, 0.2896036166997781, 0.36608484831082827, 0.18790617002495325, 0.023846579463198125, -0.612125813524067, 0.8794222324842897, -0.4717539252534319, 0.6963348455534106, 0.8753710529397791, -0.2528649869255991, 0.415172271046943, -0.3485791617186942, -0.18421729180406898, -0.4625960500587592, -0.75851949722919, -0.7005400973202005, -0.3567340922952188, 1, -0.5302069956303568, 0.1701883472110368, 0.6674385911603691, -0.5881936946364419, 0.24690852709523997, -0.6268473266752506, 0.20544118608808434, -0.8015575474610666, 0.37999820782829613, 0.17031198785623913, -0.8194606731684737, -0.250066545624261, 0.22036857292793588, -0.38497206687201724, 0.7414953265770095, -0.5779632292621053, -0.2863630591357901, -0.8026190195314811, 0.44879405117450455, 0.5672060496815459, 0.8965795715193062, -0.5016144350559486, 0.11641597097320183, 0.5737702941652929, 0.46960865879901115, -0.02728903559460394, -0.7250172815242465, -0.2875000933273977, -0.41220419813785303, 0.7815251572955384, 0.3786941878091095, 0.06550246539009563, -0.44949239156771825, -0.31986490384236754, 0.128863470029706, -0.10194346526242981, 0.051545270499611995, 0.055888702302225646, 0.20912911791946298, 1, -0.20626529523285414, 0.04941621503027126, -0.6135050194333254, 0.20364462443316292, -0.3218477182622324, -0.1378655727257423, 0.3219152951339359]
491.8825224041939	(8, 12, 2)	[0.510649143460655, -0.9297084361435808, 0.976571918458248, -0.6545871057411126, -0.5177472344471334, 0.7827682520519572, 0.3500977203741559, 0.33359901164653416, -0.33032893836947297, -0.09101948754456662, -0.4253093141343417, -0.16889790603469512, 0.7365879225321859, 0.38858200027991185, 0.46035773892536525, -0.8360271212587633, 0.7362119159354283, -0.9700074738433917, -0.9288087508852909, -0.4751984679621178, -0.36024780676433193, -0.8719267229975106, 0.8509779055765436, 0.3486582922678525, 0.1245750439456963, -0.4341924959526402, 0.2932411207990351, 0.6129156227124454, -1, -0.9920431836079393, -0.40635505484864676, 0.32210994487157585, -0.9571395958954843, 0.4442894525075405, -0.6878929809935986, 0.8175060685859594, 0.5327442579874975, 0.05799942302541582, -0.24708967776204238, 0.770503193848767, -0.4089791425844441, -0.7802160762522787, 0.3002601710359094, -0.6961898649033716, -0.5721629400299704, 0.8593453573205276, 0.7375231000583846, -0.99222652995191, -0.6035429419457088, 0.9133695562318502, -0.8477758377348088, -0.598844856853858, -0.6880118151859367, 0.4814484858348158, 0.9923680313523273, 0.2896036166997781, 0.36608484831082827, 0.18790617002495325, 0.023846579463198125, -0.612125813524067, 0.8794222324842897, -0.4717539252534319, 0.6963348455534106, 0.8753710529397791, -0.2528649869255991, 0.415172271046943, -0.3485791617186942, -0.18421729180406898, -0.4625960500587592, -0.75851949722919, -0.7005400973202005, -0.3567340922952188, 1, -0.5302069956303568, 0.1701883472110368, 0.6674385911603691, -0.5881936946364419, 0.24690852709523997, -0.6268473266752506, 0.20544118608808434, -0.8015575474610666, 0.37999820782829613, 0.17031198785623913, -0.8194606731684737, -0.250066545624261, 0.22036857292793588, -0.38497206687201724, 0.7414953265770095, -0.5779632292621053, -0.2863630591357901, -0.8026190195314811, 0.44879405117450455, 0.5672060496815459, 0.8965795715193062, -0.5016144350559486, 0.11641597097320183, 0.5737702941652929, 0.46960865879901115, -0.02728903559460394, -0.7250172815242465, -0.2875000933273977, -0.41220419813785303, 0.7815251572955384, 0.3786941878091095, 0.06550246539009563, -0.44949239156771825, -0.31986490384236754, 0.128863470029706, -0.10194346526242981, 0.051545270499611995, 0.055888702302225646, 0.20912911791946298, 1, -0.20626529523285414, 0.04941621503027126, -0.6135050194333254, 0.20364462443316292, -0.3218477182622324, -0.1378655727257423, 0.3219152951339359]
489.4605379551649	(8, 12, 2)	[0.510649143460655, -0.9297084361435808, 0.976571918458248, -0.6545871057411126, -0.5177472344471334, 0.7827682520519572, 0.3500977203741559, 0.33359901164653416, -0.33032893836947297, -0.09101948754456662, -0.4253093141343417, -0.16889790603469512, 0.7365879225321859, 0.38858200027991185, 0.46035773892536525, -0.8360271212587633, 0.7362119159354283, -0.9700074738433917, -0.9288087508852909, -0.4751984679621178, -0.3318686208087218, -0.8719267229975106, 0.8509779055765436, 0.3486582922678525, 0.1245750439456963, -0.36346447701254736, 0.2932411207990351, 0.6129156227124454, -0.9435236369300986, -0.9920431836079393, -0.40635505484864676, 0.32210994487157585, -0.9571395958954843, 0.4442894525075405, -0.6878929809935986, 0.8175060685859594, 0.5327442579874975, 0.13996584264117945, -0.24708967776204238, 0.770503193848767, -0.4089791425844441, -0.7802160762522787, 0.3002601710359094, -0.6961898649033716, -0.5721629400299704, 0.8593453573205276, 0.7375231000583846, -0.8155744126380979, -0.6035429419457088, 0.9133695562318502, -0.8477758377348088, -0.598844856853858, -0.6880118151859367, 0.4814484858348158, 0.9923680313523273, 0.5988788780068355, 0.2820626740132943, 0.11200398885624674, 0.023846579463198125, -0.612125813524067, 0.8794222324842897, -0.4717539252534319, 0.6963348455534106, 0.7563391101547979, -0.23950206151229203, 0.415172271046943, -0.3485791617186942, -0.18421729180406898, -0.4625960500587592, -0.75851949722919, -0.30757711403107396, -0.3567340922952188, 0.8050689443224799, -0.5302069956303568, 0.19334315414173253, 0.8306376065592476, -0.5881936946364419, 0.1397108227756414, -0.6268473266752506, 0.20544118608808434, -0.8015575474610666, 0.12208402862504113, 0.17031198785623913, -0.8194606731684737, -0.250066545624261, 0.22036857292793588, -0.38497206687201724, 0.7414953265770095, -0.5779632292621053, -0.3349089906915179, -0.8026190195314811, 0.44879405117450455, 0.5672060496815459, 0.8965795715193062, -0.5016144350559486, 0.11641597097320183, 0.5737702941652929, 0.5723187957938469, -0.02728903559460394, -0.8500095313607288, -0.2875000933273977, -0.31181913028795566, 0.7815251572955384, 0.3786941878091095, 0.06550246539009563, -0.44949239156771825, -0.31986490384236754, 0.128863470029706, -0.10194346526242981, 0.051545270499611995, 0.2753508572132007, 0.20912911791946298, 1, -0.3144894946267876, 0.04941621503027126, -0.44295979215786263, 0.20364462443316292, -0.3218477182622324, -0.2935896534474606, 0.3219152951339359]
493.8938037492335	(8, 12, 2)	[0.510649143460655, -0.9297084361435808, 0.976571918458248, -0.6545871057411126, -0.5177472344471334, 0.7827682520519572, 0.3500977203741559, 0.33359901164653416, -0.33032893836947297, -0.09101948754456662, -0.6038571332876519, -0.16889790603469512, 0.7365879225321859, 0.38858200027991185, 0.46035773892536525, -0.8360271212587633, 0.7362119159354283, -0.9700074738433917, -0.9288087508852909, -0.4751984679621178, -0.3318686208087218, -0.8719267229975106, 0.8509779055765436, 0.3486582922678525, 0.1245750439456963, -0.36346447701254736, 0.2932411207990351, 0.6129156227124454, -0.9435236369300986, -0.9920431836079393, -0.40635505484864676, 0.32210994487157585, -0.9571395958954843, 0.4442894525075405, -0.6878929809935986, 0.8175060685859594, 0.5327442579874975, 0.13996584264117945, -0.24708967776204238, 0.770503193848767, -0.4089791425844441, -0.7802160762522787, 0.3002601710359094, -0.6961898649033716, -0.5721629400299704, 0.8593453573205276, 0.7375231000583846, -0.8155744126380979, -0.6035429419457088, 0.9133695562318502, -0.8477758377348088, -0.598844856853858, -0.6880118151859367, 0.4814484858348158, 0.9923680313523273, 0.5988788780068355, 0.2820626740132943, 0.11200398885624674, 0.023846579463198125, -0.612125813524067, 0.8794222324842897, -0.4717539252534319, 0.5136017692102658, 0.8753710529397791, -0.3649221859000633, 0.415172271046943, -0.3485791617186942, -0.18421729180406898, -0.4625960500587592, -0.75851949722919, -0.7005400973202005, -0.3567340922952188, 0.8050689443224799, -0.5302069956303568, 0.19334315414173253, 0.6674385911603691, -0.5881936946364419, 0.24690852709523997, -0.6268473266752506, 0.20544118608808434, -0.8015575474610666, 0.37999820782829613, 0.17031198785623913, -0.8194606731684737, -0.250066545624261, 0.22036857292793588, -0.38497206687201724, 0.7414953265770095, -0.5779632292621053, -0.2863630591357901, -0.8026190195314811, 0.44879405117450455, 0.5672060496815459, 0.8965795715193062, -0.5016144350559486, 0.11641597097320183, 0.5737702941652929, 0.46960865879901115, -0.02728903559460394, -0.7250172815242465, -0.2875000933273977, -0.41220419813785303, 0.7815251572955384, 0.3786941878091095, 0.06550246539009563, -0.44949239156771825, -0.31986490384236754, 0.128863470029706, -0.10194346526242981, 0.051545270499611995, 0.055888702302225646, 0.20912911791946298, 1, -0.20626529523285414, 0.04941621503027126, -0.6135050194333254, 0.20364462443316292, -0.3218477182622324, -0.1378655727257423, 0.3219152951339359]
492.57049675798044	(8, 12, 2)	[0.510649143460655, -0.9297084361435808, 0.976571918458248, -0.6545871057411126, -0.5177472344471334, 0.7827682520519572, 0.3500977203741559, 0.33359901164653416, -0.33032893836947297, -0.09101948754456662, -0.4253093141343417, -0.16889790603469512, 0.7365879225321859, 0.38858200027991185, 0.46035773892536525, -0.8360271212587633, 0.7362119159354283, -0.9700074738433917, -0.9288087508852909, -0.4751984679621178, -0.3318686208087218, -0.8719267229975106, 0.8509779055765436, 0.3486582922678525, 0.1245750439456963, -0.36346447701254736, 0.2932411207990351, 0.6129156227124454, -0.9435236369300986, -0.9920431836079393, -0.40635505484864676, 0.32210994487157585, -0.9571395958954843, 0.4442894525075405, -0.6878929809935986, 0.8175060685859594, 0.5327442579874975, 0.13996584264117945, -0.24708967776204238, 0.770503193848767, -0.4089791425844441, -0.7802160762522787, 0.3002601710359094, -0.6961898649033716, -0.5721629400299704, 0.8593453573205276, 0.7375231000583846, -0.8155744126380979, -0.6035429419457088, 0.9133695562318502, -0.8477758377348088, -0.598844856853858, -0.6880118151859367, 0.4814484858348158, 0.9923680313523273, 0.5988788780068355, 0.2820626740132943, 0.11200398885624674, 0.023846579463198125, -0.612125813524067, 0.8794222324842897, -0.4717539252534319, 0.6963348455534106, 0.7563391101547979, -0.23950206151229203, 0.415172271046943, -0.3485791617186942, -0.18421729180406898, -0.4625960500587592, -0.75851949722919, -0.7005400973202005, -0.3567340922952188, 0.8050689443224799, -0.5302069956303568, 0.19334315414173253, 0.8306376065592476, -0.5881936946364419, 0.1397108227756414, -0.6268473266752506, 0.20544118608808434, -0.8015575474610666, 0.12208402862504113, 0.17031198785623913, -0.8194606731684737, -0.250066545624261, 0.22036857292793588, -0.38497206687201724, 0.7414953265770095, -0.5779632292621053, -0.3349089906915179, -0.8026190195314811, 0.44879405117450455, 0.5672060496815459, 0.8965795715193062, -0.5016144350559486, 0.11641597097320183, 0.5737702941652929, 0.46960865879901115, -0.02728903559460394, -0.8500095313607288, -0.2875000933273977, -0.31181913028795566, 0.7815251572955384, 0.3786941878091095, 0.06550246539009563, -0.44949239156771825, -0.31986490384236754, 0.128863470029706, -0.10194346526242981, 0.051545270499611995, 0.2753508572132007, 0.20912911791946298, 1, -0.3144894946267876, 0.04941621503027126, -0.44295979215786263, 0.20364462443316292, -0.3218477182622324, -0.2935896534474606, 0.3219152951339359]
491.3936661090702	(8, 12, 2)	[0.510649143460655, -0.9297084361435808, 0.976571918458248, -0.6545871057411126, -0.5177472344471334, 0.7827682520519572, 0.3500977203741559, 0.33359901164653416, -0.33032893836947297, -0.09101948754456662, -0.4253093141343417, -0.16889790603469512, 0.7365879225321859, 0.38858200027991185, 0.46035773892536525, -0.8360271212587633, 0.7362119159354283, -0.9700074738433917, -0.9288087508852909, -0.4751984679621178, -0.3318686208087218, -0.8719267229975106, 0.8509779055765436, 0.3486582922678525, 0.1245750439456963, -0.36346447701254736, 0.2932411207990351, 0.6129156227124454, -0.9435236369300986, -0.9920431836079393, -0.40635505484864676, 0.32210994487157585, -0.9571395958954843, 0.4442894525075405, -0.6878929809935986, 0.8175060685859594, 0.5327442579874975, 0.13996584264117945, -0.24708967776204238, 0.770503193848767, -0.4089791425844441, -0.7802160762522787, 0.3002601710359094, -0.6961898649033716, -0.5721629400299704, 0.8593453573205276, 0.7375231000583846, -0.8155744126380979, -0.6035429419457088, 0.9133695562318502, -0.8477758377348088, -0.598844856853858, -0.6880118151859367, 0.4814484858348158, 0.9923680313523273, 0.5988788780068355, 0.2820626740132943, 0.11200398885624674, 0.023846579463198125, -0.612125813524067, 0.8794222324842897, -0.4717539252534319, 0.6963348455534106, 0.7563391101547979, -0.23950206151229203, 0.415172271046943, -0.3485791617186942, -0.18421729180406898, -0.4625960500587592, -0.75851949722919, -0.7005400973202005, -0.3567340922952188, 0.8050689443224799, -0.5302069956303568, 0.19334315414173253, 0.8306376065592476, -0.5881936946364419, 0.1397108227756414, -0.6268473266752506, 0.20544118608808434, -0.8015575474610666, 0.12208402862504113, 0.17031198785623913, -0.8194606731684737, -0.250066545624261, 0.22036857292793588, -0.38497206687201724, 0.7414953265770095, -0.5779632292621053, -0.2863630591357901, -0.8026190195314811, 0.44879405117450455, 0.5672060496815459, 0.8965795715193062, -0.5016144350559486, 0.11641597097320183, 0.5737702941652929, 0.46960865879901115, -0.02728903559460394, -0.8500095313607288, -0.2875000933273977, -0.31181913028795566, 0.7815251572955384, 0.3786941878091095, 0.06550246539009563, -0.44949239156771825, -0.31986490384236754, 0.128863470029706, -0.10194346526242981, 0.051545270499611995, 0.2753508572132007, 0.20912911791946298, 1, -0.3144894946267876, 0.04941621503027126, -0.44295979215786263, 0.20364462443316292, -0.3218477182622324, -0.2935896534474606, 0.3219152951339359]
493.01572288386524	(8, 12, 2)	[0.510649143460655, -0.9297084361435808, 0.976571918458248, -0.6545871057411126, -0.5177472344471334, 0.7827682520519572, 0.3500977203741559, 0.33359901164653416, -0.33032893836947297, -0.09101948754456662, -0.4253093141343417, -0.16889790603469512, 0.7365879225321859, 0.38858200027991185, 0.46035773892536525, -0.8360271212587633, 0.7362119159354283, -0.9700074738433917, -0.9288087508852909, -0.4751984679621178, -0.3318686208087218, -0.8719267229975106, 0.8509779055765436, 0.3486582922678525, 0.1245750439456963, -0.36346447701254736, 0.2932411207990351, 0.6129156227124454, -0.9435236369300986, -0.9920431836079393, -0.40635505484864676, 0.32210994487157585, -0.9571395958954843, 0.4442894525075405, -0.6878929809935986, 0.8175060685859594, 0.5327442579874975, 0.13996584264117945, 0.04125735564168148, 0.770503193848767, -0.4089791425844441, -0.7802160762522787, 0.3002601710359094, -0.6961898649033716, -0.5721629400299704, 0.8593453573205276, 0.7375231000583846, -0.8155744126380979, -0.6035429419457088, 0.9133695562318502, -0.8477758377348088, -0.598844856853858, -0.6880118151859367, 0.4814484858348158, 0.9923680313523273, 0.5988788780068355, 0.2820626740132943, 0.11200398885624674, 0.023846579463198125, -0.612125813524067, 0.8794222324842897, -0.4717539252534319, 0.6963348455534106, 0.7563391101547979, -0.23950206151229203, 0.415172271046943, -0.3485791617186942, -0.18421729180406898, -0.4625960500587592, -0.75851949722919, -0.7005400973202005, -0.3567340922952188, 0.8050689443224799, -0.5302069956303568, 0.1701883472110368, 0.6674385911603691, -0.5881936946364419, 0.24690852709523997, -0.6268473266752506, 0.20544118608808434, -0.8015575474610666, 0.37999820782829613, 0.17031198785623913, -0.8194606731684737, -0.250066545624261, 0.22036857292793588, -0.38497206687201724, 0.7414953265770095, -0.5779632292621053, -0.2863630591357901, -0.8026190195314811, 0.44879405117450455, 0.5672060496815459, 0.8965795715193062, -0.5016144350559486, 0.11641597097320183, 0.5737702941652929, 0.46960865879901115, -0.02728903559460394, -0.7250172815242465, -0.2875000933273977, -0.31181913028795566, 0.7815251572955384, 0.4061098518889988, 0.06550246539009563, -0.44949239156771825, 0.009115064673337558, 0.128863470029706, -0.10194346526242981, 0.051545270499611995, 0.2753508572132007, 0.20912911791946298, 1, -0.3144894946267876, 0.04941621503027126, -0.44295979215786263, 0.20364462443316292, -0.3218477182622324, -0.2935896534474606, 0.3219152951339359]
496.4588377828477	(8, 12, 2)	[0.510649143460655, -0.9297084361435808, 0.976571918458248, -0.6545871057411126, -0.5177472344471334, 0.7827682520519572, 0.3500977203741559, 0.33359901164653416, -0.33032893836947297, -0.09101948754456662, -0.4253093141343417, -0.16889790603469512, 0.7365879225321859, 0.38858200027991185, 0.46035773892536525, -0.8360271212587633, 0.7362119159354283, -0.9700074738433917, -0.9288087508852909, -0.4751984679621178, -0.3318686208087218, -1, 0.8509779055765436, 0.3486582922678525, 0.1245750439456963, -0.4341924959526402, 0.2932411207990351, 0.6129156227124454, -1, -0.9920431836079393, -0.10320595572665736, 0.32210994487157585, -0.9571395958954843, 0.4442894525075405, -0.6878929809935986, 0.8175060685859594, 0.5327442579874975, 0.06463866085570825, -0.24708967776204238, 0.770503193848767, -0.4089791425844441, -0.7802160762522787, 0.3002601710359094, -0.6961898649033716, -0.5721629400299704, 0.8593453573205276, 0.7375231000583846, -0.99222652995191, -0.6035429419457088, 0.9133695562318502, -0.8477758377348088, -0.598844856853858, -0.6880118151859367, 0.4814484858348158, 0.9923680313523273, 0.2896036166997781, 0.36608484831082827, 0.18790617002495325, 0.023846579463198125, -0.612125813524067, 0.8794222324842897, -0.4717539252534319, 0.6963348455534106, 0.8753710529397791, -0.2528649869255991, 0.415172271046943, -0.3485791617186942, -0.18421729180406898, -0.4625960500587592, -0.75851949722919, -0.7005400973202005, -0.3567340922952188, 1, -0.5302069956303568, 0.2439020786093269, 0.6674385911603691, -0.5881936946364419, 0.1397108227756414, -0.6268473266752506, 0.20544118608808434, -0.8015575474610666, 0.12208402862504113, 0.17031198785623913, -0.8194606731684737, -0.250066545624261, 0.22036857292793588, -0.38497206687201724, 0.7414953265770095, -0.5779632292621053, -0.2863630591357901, -0.8026190195314811, 0.44879405117450455, 0.5672060496815459, 0.8965795715193062, -0.5016144350559486, 0.11641597097320183, 0.5737702941652929, 0.46960865879901115, -0.02728903559460394, -0.7250172815242465, -0.2875000933273977, -0.41220419813785303, 0.7815251572955384, 0.3786941878091095, 0.06550246539009563, -0.44949239156771825, -0.31986490384236754, 0.128863470029706, -0.10194346526242981, 0.051545270499611995, 0.055888702302225646, 0.20912911791946298, 1, -0.20626529523285414, 0.3106767740104323, -0.6135050194333254, -0.2155051258498701, -0.3218477182622324, -0.04832977979809386, 0.3219152951339359]
490.504714846611	(8, 12, 2)	[0.510649143460655, -0.9297084361435808, 0.976571918458248, -0.6545871057411126, -0.5177472344471334, 0.7827682520519572, 0.3500977203741559, 0.33359901164653416, -0.33032893836947297, -0.09101948754456662, -0.4253093141343417, -0.16889790603469512, 0.7365879225321859, 0.38858200027991185, 0.46035773892536525, -0.8360271212587633, 0.7362119159354283, -0.9700074738433917, -0.9288087508852909, -0.4751984679621178, -0.3318686208087218, -1, 0.8509779055765436, 0.3486582922678525, 0.1245750439456963, -0.4341924959526402, 0.2932411207990351, 0.6129156227124454, -1, -0.9920431836079393, -0.10320595572665736, 0.32210994487157585, -0.9571395958954843, 0.4442894525075405, -0.6878929809935986, 0.8175060685859594, 0.5327442579874975, 0.06463866085570825, -0.24708967776204238, 0.770503193848767, -0.4089791425844441, -0.7802160762522787, 0.3002601710359094, -0.6961898649033716, -0.5721629400299704, 0.8593453573205276, 0.7375231000583846, -0.99222652995191, -0.6035429419457088, 0.9133695562318502, -0.8477758377348088, -0.598844856853858, -0.6880118151859367, 0.4814484858348158, 0.9923680313523273, 0.2896036166997781, 0.36608484831082827, 0.18790617002495325, 0.023846579463198125, -0.612125813524067, 0.8794222324842897, -0.4717539252534319, 0.6963348455534106, 0.8753710529397791, -0.2528649869255991, 0.415172271046943, -0.3485791617186942, -0.18421729180406898, -0.4625960500587592, -0.75851949722919, -0.7005400973202005, -0.3567340922952188, 1, -0.5302069956303568, 0.2439020786093269, 0.6674385911603691, -0.5881936946364419, 0.1397108227756414, -0.6268473266752506, 0.20544118608808434, -0.8015575474610666, 0.12208402862504113, 0.17031198785623913, -0.8194606731684737, -0.250066545624261, 0.22036857292793588, -0.38497206687201724, 0.7414953265770095, -0.5779632292621053, -0.2863630591357901, -0.8026190195314811, 0.44879405117450455, 0.5672060496815459, 0.8965795715193062, -0.5016144350559486, 0.11641597097320183, 0.5737702941652929, 0.46960865879901115, -0.02728903559460394, -0.7250172815242465, -0.2875000933273977, -0.41220419813785303, 0.7815251572955384, 0.3786941878091095, 0.06550246539009563, -0.44949239156771825, -0.31986490384236754, 0.128863470029706, -0.10194346526242981, 0.051545270499611995, 0.055888702302225646, 0.20912911791946298, 1, -0.20626529523285414, 0.3106767740104323, -0.6135050194333254, -0.2155051258498701, -0.3218477182622324, -0.04832977979809386, 0.3219152951339359]
486.5905823651701	(8, 12, 2)	[0.510649143460655, -0.9297084361435808, 0.976571918458248, -0.6545871057411126, -0.5177472344471334, 0.7827682520519572, 0.3500977203741559, 0.33359901164653416, -0.33032893836947297, -0.09101948754456662, -0.4253093141343417, -0.16889790603469512, 0.7365879225321859, 0.38858200027991185, 0.46035773892536525, -0.8360271212587633, 0.7362119159354283, -0.9700074738433917, -0.9288087508852909, -0.4751984679621178, -0.3318686208087218, -0.8719267229975106, 0.8509779055765436, 0.3486582922678525, 0.1245750439456963, -0.4341924959526402, 0.2932411207990351, 0.6129156227124454, -1, -0.9920431836079393, -0.40635505484864676, 0.32210994487157585, -0.9571395958954843, 0.4442894525075405, -0.6878929809935986, 0.8175060685859594, 0.5327442579874975, 0.057829585874215425, -0.24708967776204238, 0.770503193848767, -0.4089791425844441, -0.7802160762522787, 0.3002601710359094, -0.6961898649033716, -0.5721629400299704, 0.8593453573205276, 0.7375231000583846, -0.8155744126380979, -0.6035429419457088, 0.9133695562318502, -0.8477758377348088, -0.598844856853858, -0.6880118151859367, 0.4814484858348158, 0.9923680313523273, 0.5988788780068355, 0.2820626740132943, 0.11200398885624674, 0.023846579463198125, -0.612125813524067, 0.8794222324842897, -0.4717539252534319, 0.6963348455534106, 0.7563391101547979, -0.23950206151229203, 0.415172271046943, -0.3485791617186942, -0.40761108148180025, -0.4625960500587592, -0.75851949722919, -0.7005400973202005, -0.3567340922952188, 0.8050689443224799, -0.5302069956303568, 0.19334315414173253, 0.8306376065592476, -0.5881936946364419, 0.1397108227756414, -0.6268473266752506, 0.20544118608808434, -0.9964536432495699, 0.12208402862504113, 0.17031198785623913, -0.8194606731684737, -0.250066545624261, 0.22036857292793588, -0.38497206687201724, 0.7414953265770095, -0.5779632292621053, -0.2863630591357901, -0.8026190195314811, 0.44879405117450455, 0.5672060496815459, 0.8965795715193062, -0.5016144350559486, 0.11641597097320183, 0.5737702941652929, 0.46960865879901115, -0.02728903559460394, -0.8500095313607288, -0.2875000933273977, -0.31181913028795566, 0.7815251572955384, 0.3786941878091095, 0.06550246539009563, -0.44949239156771825, -0.31986490384236754, 0.128863470029706, -0.10194346526242981, 0.051545270499611995, 0.2753508572132007, 0.20912911791946298, 1, -0.3144894946267876, 0.04941621503027126, -0.44295979215786263, 0.20364462443316292, -0.3218477182622324, -0.04832977979809386, 0.3219152951339359]
491.0799038596451	(8, 12, 2)	[0.510649143460655, -0.9297084361435808, 0.976571918458248, -0.6545871057411126, -0.5177472344471334, 0.7827682520519572, 0.3500977203741559, 0.33359901164653416, -0.33032893836947297, -0.09101948754456662, -0.4253093141343417, -0.16889790603469512, 0.7365879225321859, 0.38858200027991185, 0.46035773892536525, -0.8360271212587633, 0.7362119159354283, -0.9700074738433917, -0.9288087508852909, -0.4751984679621178, -0.3318686208087218, -0.8719267229975106, 0.8509779055765436, 0.3486582922678525, 0.1245750439456963, -0.4341924959526402, 0.2932411207990351, 0.6129156227124454, -1, -0.9920431836079393, -0.40635505484864676, 0.32210994487157585, -0.9571395958954843, 0.4442894525075405, -0.6878929809935986, 0.8175060685859594, 0.5327442579874975, 0.057829585874215425, -0.24708967776204238, 0.770503193848767, -0.4089791425844441, -0.7802160762522787, 0.3002601710359094, -0.6961898649033716, -0.5721629400299704, 0.8593453573205276, 0.7375231000583846, -0.8155744126380979, -0.6035429419457088, 0.9133695562318502, -0.8477758377348088, -0.598844856853858, -0.6880118151859367, 0.4814484858348158, 0.9923680313523273, 0.5988788780068355, 0.2820626740132943, 0.11200398885624674, 0.023846579463198125, -0.612125813524067, 0.8794222324842897, -0.4717539252534319, 0.6963348455534106, 0.7563391101547979, -0.23950206151229203, 0.415172271046943, -0.3485791617186942, -0.40761108148180025, -0.4625960500587592, -0.75851949722919, -0.7005400973202005, -0.3567340922952188, 0.8050689443224799, -0.5302069956303568, 0.19334315414173253, 0.8306376065592476, -0.5881936946364419, 0.1397108227756414, -0.6268473266752506, 0.20544118608808434, -0.8015575474610666, 0.12208402862504113, 0.17031198785623913, -0.8194606731684737, -0.250066545624261, 0.22036857292793588, -0.38497206687201724, 0.7414953265770095, -0.5779632292621053, -0.2863630591357901, -0.8026190195314811, 0.44879405117450455, 0.5672060496815459, 0.8965795715193062, -0.5016144350559486, 0.11641597097320183, 0.5737702941652929, 0.46960865879901115, -0.02728903559460394, -0.8500095313607288, -0.2875000933273977, -0.31181913028795566, 0.7815251572955384, 0.3786941878091095, 0.06550246539009563, -0.44949239156771825, -0.31986490384236754, 0.128863470029706, -0.10194346526242981, 0.051545270499611995, 0.2753508572132007, 0.20912911791946298, 1, -0.3144894946267876, 0.04941621503027126, -0.44295979215786263, 0.20364462443316292, -0.3218477182622324, -0.04832977979809386, 0.3219152951339359]
490.3489252785221	(8, 12, 2)	[0.510649143460655, -0.9297084361435808, 0.976571918458248, -0.6545871057411126, -0.5177472344471334, 0.7827682520519572, 0.3500977203741559, 0.33359901164653416, -0.33032893836947297, -0.09101948754456662, -0.4253093141343417, -0.16889790603469512, 0.7365879225321859, 0.38858200027991185, 0.46035773892536525, -0.8360271212587633, 0.7362119159354283, -0.9700074738433917, -0.9288087508852909, -0.4751984679621178, -0.3318686208087218, -0.8719267229975106, 0.8509779055765436, 0.3486582922678525, 0.1245750439456963, -0.4341924959526402, 0.2932411207990351, 0.6129156227124454, -1, -0.9920431836079393, -0.40635505484864676, 0.32210994487157585, -0.9571395958954843, 0.4442894525075405, -0.6878929809935986, 0.8175060685859594, 0.5327442579874975, 0.057829585874215425, -0.24708967776204238, 0.770503193848767, -0.4089791425844441, -0.7802160762522787, 0.3002601710359094, -0.6961898649033716, -0.5721629400299704, 0.8593453573205276, 0.7375231000583846, -0.8155744126380979, -0.6035429419457088, 0.9133695562318502, -0.8477758377348088, -0.598844856853858, -0.6880118151859367, 0.4814484858348158, 0.9923680313523273, 0.5988788780068355, 0.2820626740132943, 0.11200398885624674, 0.023846579463198125, -0.612125813524067, 0.8794222324842897, -0.4717539252534319, 0.6963348455534106, 0.7563391101547979, -0.23950206151229203, 0.415172271046943, -0.3485791617186942, -0.40761108148180025, -0.4625960500587592, -0.75851949722919, -0.7005400973202005, -0.3567340922952188, 0.8050689443224799, -0.5302069956303568, 0.19334315414173253, 0.8306376065592476, -0.5881936946364419, 0.1397108227756414, -0.6268473266752506, 0.20544118608808434, -0.9964536432495699, 0.12208402862504113, 0.17031198785623913, -0.8194606731684737, -0.250066545624261, 0.22036857292793588, -0.38497206687201724, 0.7414953265770095, -0.5779632292621053, -0.2863630591357901, -0.8026190195314811, 0.44879405117450455, 0.8081799255129424, 0.8965795715193062, -0.5016144350559486, 0.11641597097320183, 0.5737702941652929, 0.46960865879901115, -0.02728903559460394, -0.8500095313607288, -0.2875000933273977, -0.31181913028795566, 0.7815251572955384, 0.3786941878091095, 0.06550246539009563, -0.44949239156771825, -0.31986490384236754, 0.128863470029706, -0.10194346526242981, 0.051545270499611995, 0.2753508572132007, 0.20912911791946298, 1, -0.3144894946267876, 0.04941621503027126, -0.44295979215786263, 0.20364462443316292, -0.3218477182622324, -0.2935896534474606, 0.3219152951339359]
490.2266591787338	(8, 12, 2)	[0.510649143460655, -0.9297084361435808, 0.976571918458248, -0.6545871057411126, -0.5177472344471334, 0.7827682520519572, 0.3500977203741559, 0.33359901164653416, -0.33032893836947297, -0.09101948754456662, -0.4253093141343417, -0.16889790603469512, 0.7365879225321859, 0.38858200027991185, 0.46035773892536525, -1, 0.7362119159354283, -0.9700074738433917, -0.9288087508852909, -0.4751984679621178, -0.3318686208087218, -0.8719267229975106, 0.8509779055765436, 0.3486582922678525, 0.1245750439456963, -0.36346447701254736, 0.2932411207990351, 0.6129156227124454, -0.9435236369300986, -0.9920431836079393, -0.40635505484864676, 0.32210994487157585, -0.9571395958954843, 0.4442894525075405, -0.6878929809935986, 0.8175060685859594, 0.5327442579874975, 0.057829585874215425, -0.24708967776204238, 0.770503193848767, -0.4089791425844441, -0.982662390372254, 0.3002601710359094, -0.6961898649033716, -0.5721629400299704, 0.8593453573205276, 0.7375231000583846, -0.8155744126380979, -0.6035429419457088, 0.9133695562318502, -0.8477758377348088, -0.598844856853858, -0.6880118151859367, 0.4814484858348158, 0.9923680313523273, 0.5988788780068355, 0.2820626740132943, 0.11200398885624674, 0.023846579463198125, -0.612125813524067, 0.8794222324842897, -0.4717539252534319, 0.6963348455534106, 0.8137498159996281, -0.23950206151229203, 0.415172271046943, -0.3485791617186942, -0.18421729180406898, -0.4625960500587592, -0.75851949722919, -0.7005400973202005, -0.45920283153221264, 0.8050689443224799, -0.5302069956303568, 0.19334315414173253, 0.8306376065592476, -0.5881936946364419, 0.1397108227756414, -0.6268473266752506, 0.20544118608808434, -0.9964536432495699, 0.12208402862504113, 0.16483293993870918, -0.8194606731684737, -0.250066545624261, 0.22036857292793588, -0.38497206687201724, 0.7414953265770095, -0.5779632292621053, -0.2863630591357901, -0.8026190195314811, 0.44879405117450455, 0.5672060496815459, 0.8965795715193062, -0.5016144350559486, 0.11641597097320183, 0.5737702941652929, 0.46960865879901115, -0.02728903559460394, -0.8500095313607288, -0.2875000933273977, -0.31181913028795566, 1, 0.3786941878091095, 0.06550246539009563, -0.44949239156771825, -0.31986490384236754, 0.128863470029706, -0.10194346526242981, 0.051545270499611995, 0.2753508572132007, 0.20912911791946298, 1, -0.3144894946267876, 0.04941621503027126, -0.44295979215786263, 0.20364462443316292, -0.3218477182622324, -0.2935896534474606, 0.3219152951339359]
496.81153038400225	(8, 12, 2)	[0.510649143460655, -0.9297084361435808, 0.976571918458248, -0.6545871057411126, -0.5177472344471334, 0.7827682520519572, 0.3500977203741559, 0.33359901164653416, -0.33032893836947297, -0.09101948754456662, -0.4253093141343417, -0.16889790603469512, 0.7365879225321859, 0.38858200027991185, 0.46035773892536525, -0.8360271212587633, 0.7362119159354283, -0.9700074738433917, -0.9288087508852909, -0.4751984679621178, -0.3318686208087218, -0.8719267229975106, 0.8509779055765436, 0.5652282841638753, 0.1245750439456963, -0.4341924959526402, 0.2932411207990351, 0.6129156227124454, -1, -0.9563644320995939, -0.40635505484864676, 0.32210994487157585, -0.9571395958954843, 0.4442894525075405, -0.6878929809935986, 0.8175060685859594, 0.5327442579874975, 0.057829585874215425, -0.24708967776204238, 0.770503193848767, -0.4089791425844441, -0.7802160762522787, 0.3002601710359094, -0.6961898649033716, -0.5721629400299704, 0.8593453573205276, 0.7375231000583846, -0.8155744126380979, -0.6035429419457088, 0.9133695562318502, -0.8477758377348088, -0.598844856853858, -0.8327913256078485, 0.4814484858348158, 0.9923680313523273, 0.5988788780068355, 0.2820626740132943, 0.11200398885624674, 0.023846579463198125, -0.612125813524067, 0.8794222324842897, -0.4717539252534319, 0.6963348455534106, 0.8137498159996281, -0.23950206151229203, 0.415172271046943, -0.3485791617186942, -0.18421729180406898, -0.4625960500587592, -0.75851949722919, -0.7005400973202005, -0.3567340922952188, 0.8050689443224799, -0.5302069956303568, 0.19334315414173253, 0.8306376065592476, -0.5881936946364419, 0.1397108227756414, -0.6268473266752506, 0.20544118608808434, -0.9964536432495699, 0.12208402862504113, 0.17031198785623913, -0.8194606731684737, -0.250066545624261, 0.22036857292793588, -0.38497206687201724, 0.7414953265770095, -0.5779632292621053, -0.2863630591357901, -0.8026190195314811, 0.44879405117450455, 0.8081799255129424, 0.8965795715193062, -0.5016144350559486, 0.11641597097320183, 0.5737702941652929, 0.46960865879901115, -0.02728903559460394, -0.8500095313607288, -0.2875000933273977, -0.31181913028795566, 0.7815251572955384, 0.3786941878091095, 0.06550246539009563, -0.44949239156771825, -0.31986490384236754, 0.128863470029706, -0.10194346526242981, 0.051545270499611995, 0.2753508572132007, 0.20912911791946298, 1, -0.3144894946267876, 0.04941621503027126, -0.44295979215786263, 0.20364462443316292, -0.3218477182622324, -0.2935896534474606, 0.3219152951339359]
492.53976434702054	(8, 12, 2)	[0.510649143460655, -0.9297084361435808, 0.976571918458248, -0.6545871057411126, -0.5177472344471334, 0.7827682520519572, 0.3500977203741559, 0.33359901164653416, -0.33032893836947297, -0.09101948754456662, -0.4253093141343417, -0.16889790603469512, 0.7365879225321859, 0.38858200027991185, 0.46035773892536525, -0.8360271212587633, 0.7362119159354283, -0.9700074738433917, -0.9288087508852909, -0.4751984679621178, -0.3318686208087218, -0.8719267229975106, 0.8509779055765436, 0.3486582922678525, 0.1245750439456963, -0.4341924959526402, 0.2932411207990351, 0.6129156227124454, -1, -0.9920431836079393, -0.40635505484864676, 0.32210994487157585, -0.9571395958954843, 0.4442894525075405, -0.6878929809935986, 0.8175060685859594, 0.5327442579874975, 0.057829585874215425, -0.24708967776204238, 0.770503193848767, -0.4089791425844441, -0.7802160762522787, 0.3002601710359094, -0.6961898649033716, -0.5721629400299704, 0.8593453573205276, 0.9541594442064717, -0.8155744126380979, -0.6035429419457088, 1, -0.8477758377348088, -0.598844856853858, -0.6880118151859367, 0.4814484858348158, 0.9923680313523273, 0.5988788780068355, 0.2820626740132943, 0.15599088069405675, 0.023846579463198125, -0.612125813524067, 0.8794222324842897, -0.4717539252534319, 0.6963348455534106, 0.7563391101547979, -0.23950206151229203, 0.415172271046943, -0.3485791617186942, -0.40761108148180025, -0.4625960500587592, -0.75851949722919, -0.7005400973202005, -0.3567340922952188, 0.8050689443224799, -0.5302069956303568, 0.19334315414173253, 0.6674385911603691, -0.5881936946364419, 0.1397108227756414, -0.6268473266752506, 0.20544118608808434, -0.8015575474610666, 0.12208402862504113, 0.17031198785623913, -0.8194606731684737, -0.250066545624261, 0.22036857292793588, -0.38497206687201724, 0.7414953265770095, -0.5779632292621053, -0.2863630591357901, -0.8026190195314811, 0.44879405117450455, 0.5672060496815459, 0.8965795715193062, -0.5016144350559486, 0.11641597097320183, 0.5737702941652929, 0.46960865879901115, -0.02728903559460394, -0.8500095313607288, -0.2875000933273977, -0.31181913028795566, 0.7815251572955384, 0.3786941878091095, 0.06550246539009563, -0.44949239156771825, -0.31986490384236754, 0.128863470029706, -0.10194346526242981, 0.051545270499611995, 0.2753508572132007, 0.20912911791946298, 1, -0.3451957413110569, 0.04941621503027126, -0.44295979215786263, 0.20364462443316292, -0.6838545096745923, -0.04832977979809386, 0.3219152951339359]
488.5271567851305	(8, 12, 2)	[0.510649143460655, -0.9297084361435808, 0.976571918458248, -0.6545871057411126, -0.5177472344471334, 0.7827682520519572, 0.3500977203741559, 0.33359901164653416, -0.33032893836947297, -0.09101948754456662, -0.4253093141343417, -0.16889790603469512, 0.7365879225321859, 0.38858200027991185, 0.46035773892536525, -0.8360271212587633, 0.7362119159354283, -0.9700074738433917, -0.9288087508852909, -0.4751984679621178, -0.15832081341360804, -0.8719267229975106, 0.8509779055765436, 0.3486582922678525, 0.1245750439456963, -0.4341924959526402, 0.2932411207990351, 0.6129156227124454, -1, -0.9920431836079393, -0.40635505484864676, 0.32210994487157585, -0.9571395958954843, 0.4442894525075405, -0.6420194319976824, 0.8175060685859594, 0.5327442579874975, 0.057829585874215425, -0.24708967776204238, 0.770503193848767, -0.4089791425844441, -0.7802160762522787, 0.3002601710359094, -0.6961898649033716, -0.5721629400299704, 0.8593453573205276, 0.7375231000583846, -0.8155744126380979, -0.6035429419457088, 0.9133695562318502, -0.8477758377348088, -0.598844856853858, -0.6880118151859367, 0.4814484858348158, 0.9923680313523273, 0.5988788780068355, 0.2820626740132943, 0.15599088069405675, 0.023846579463198125, -0.612125813524067, 0.8794222324842897, -0.4717539252534319, 0.6963348455534106, 0.7563391101547979, -0.23950206151229203, 0.415172271046943, -0.3485791617186942, -0.40761108148180025, -0.4625960500587592, -0.75851949722919, -0.7005400973202005, -0.3567340922952188, 0.8050689443224799, -0.5302069956303568, 0.19334315414173253, 0.8306376065592476, -0.38119521091071373, 0.1397108227756414, -0.6268473266752506, 0.09908675214496745, -0.9964536432495699, 0.12208402862504113, 0.17031198785623913, -0.8194606731684737, -0.250066545624261, 0.22036857292793588, -0.38497206687201724, 0.7414953265770095, -0.5779632292621053, -0.2863630591357901, -0.8026190195314811, 0.44879405117450455, 0.5672060496815459, 0.8965795715193062, -0.5016144350559486, 0.08208243300577606, 0.5737702941652929, 0.46960865879901115, -0.02728903559460394, -0.8941721573544996, -0.2875000933273977, -0.31181913028795566, 0.7815251572955384, 0.3786941878091095, 0.06550246539009563, -0.44949239156771825, -0.31986490384236754, 0.128863470029706, -0.10194346526242981, 0.051545270499611995, 0.2753508572132007, 0.20912911791946298, 1, -0.3451957413110569, -0.04808905326703623, -0.44295979215786263, 0.20364462443316292, -0.6838545096745923, -0.04832977979809386, 0.3219152951339359]
490.2765139006078	(8, 12, 2)	[0.510649143460655, -0.9297084361435808, 0.976571918458248, -0.6545871057411126, -0.5177472344471334, 0.7827682520519572, 0.3500977203741559, 0.33359901164653416, -0.33032893836947297, -0.09101948754456662, -0.4253093141343417, -0.16889790603469512, 0.7365879225321859, 0.38858200027991185, 0.46035773892536525, -0.8360271212587633, 0.7362119159354283, -0.9700074738433917, -0.9288087508852909, -0.4751984679621178, -0.3318686208087218, -0.8719267229975106, 0.8509779055765436, 0.3486582922678525, 0.1245750439456963, -0.4341924959526402, 0.2932411207990351, 0.6129156227124454, -1, -0.9920431836079393, -0.40635505484864676, 0.32210994487157585, -0.9571395958954843, 0.4442894525075405, -0.6878929809935986, 0.8175060685859594, 0.5327442579874975, 0.057829585874215425, -0.24708967776204238, 0.770503193848767, -0.4089791425844441, -0.7802160762522787, 0.3002601710359094, -0.6961898649033716, -0.5721629400299704, 0.8593453573205276, 0.9541594442064717, -0.8155744126380979, -0.6035429419457088, 0.9133695562318502, -0.8477758377348088, -0.598844856853858, -0.6880118151859367, 0.4814484858348158, 0.9923680313523273, 0.5988788780068355, 0.2820626740132943, 0.11200398885624674, 0.023846579463198125, -0.612125813524067, 0.8794222324842897, -0.4717539252534319, 0.6789726984261226, 0.7563391101547979, -0.23950206151229203, 0.415172271046943, -0.3485791617186942, -0.40761108148180025, -0.4625960500587592, -0.75851949722919, -0.7005400973202005, -0.3567340922952188, 0.8050689443224799, -0.5302069956303568, 0.19334315414173253, 0.8306376065592476, -0.38119521091071373, 0.1397108227756414, -0.6268473266752506, 0.20544118608808434, -0.9964536432495699, 0.12208402862504113, 0.17031198785623913, -0.8194606731684737, -0.250066545624261, 0.22036857292793588, -0.38497206687201724, 0.7414953265770095, -0.5779632292621053, -0.2863630591357901, -0.8026190195314811, 0.44879405117450455, 0.5672060496815459, 0.8965795715193062, -0.5016144350559486, 0.08208243300577606, 0.5737702941652929, 0.46960865879901115, -0.02728903559460394, -0.8941721573544996, -0.2875000933273977, -0.31181913028795566, 0.7815251572955384, 0.3786941878091095, 0.06550246539009563, -0.44949239156771825, -0.31986490384236754, 0.128863470029706, -0.10194346526242981, 0.051545270499611995, 0.2753508572132007, 0.20912911791946298, 1, -0.3451957413110569, 0.04941621503027126, -0.44295979215786263, 0.20364462443316292, -0.6838545096745923, -0.04832977979809386, 0.3219152951339359]
489.7852674126625	(8, 12, 2)	[0.510649143460655, -0.9297084361435808, 0.976571918458248, -0.6545871057411126, -0.5177472344471334, 0.7827682520519572, 0.3500977203741559, 0.33359901164653416, -0.1734249394590056, -0.09101948754456662, -0.4253093141343417, -0.16889790603469512, 0.7365879225321859, 0.38858200027991185, 0.46035773892536525, -0.8360271212587633, 0.7362119159354283, -0.9700074738433917, -0.9288087508852909, -0.4751984679621178, -0.3318686208087218, -0.8719267229975106, 0.8509779055765436, 0.3486582922678525, 0.1245750439456963, -0.4341924959526402, 0.2932411207990351, 0.6129156227124454, -1, -0.9920431836079393, -0.40635505484864676, 0.32210994487157585, -0.9571395958954843, 0.4442894525075405, -0.6878929809935986, 0.8175060685859594, 0.5327442579874975, 0.057829585874215425, -0.24708967776204238, 0.770503193848767, -0.4089791425844441, -0.7802160762522787, 0.3002601710359094, -0.6961898649033716, -0.5721629400299704, 0.8593453573205276, 0.9541594442064717, -0.8155744126380979, -0.6035429419457088, 0.9133695562318502, -0.8477758377348088, -0.598844856853858, -0.6880118151859367, 0.4814484858348158, 0.9923680313523273, 0.5988788780068355, 0.2820626740132943, 0.11200398885624674, 0.023846579463198125, -0.612125813524067, 0.8794222324842897, -0.4717539252534319, 0.6963348455534106, 0.7563391101547979, -0.23950206151229203, 0.415172271046943, -0.3485791617186942, -0.40761108148180025, -0.4625960500587592, -0.75851949722919, -0.7005400973202005, -0.3567340922952188, 0.8050689443224799, -0.5302069956303568, 0.19334315414173253, 0.6674385911603691, -0.6942699516625008, 0.1397108227756414, -0.6268473266752506, 0.20544118608808434, -0.8015575474610666, 0.12208402862504113, 0.17031198785623913, -0.8194606731684737, -0.250066545624261, 0.22036857292793588, -0.38497206687201724, 0.7414953265770095, -0.5779632292621053, -0.2863630591357901, -0.8026190195314811, 0.44879405117450455, 0.7225891363996657, 0.8965795715193062, -0.5016144350559486, 0.08208243300577606, 0.5737702941652929, 0.46960865879901115, -0.02728903559460394, -0.8941721573544996, -0.2875000933273977, -0.31181913028795566, 0.7815251572955384, 0.3786941878091095, 0.06550246539009563, -0.44949239156771825, -0.31986490384236754, 0.128863470029706, -0.10194346526242981, 0.051545270499611995, 0.2753508572132007, 0.20912911791946298, 1, -0.3451957413110569, 0.04941621503027126, -0.44295979215786263, 0.20364462443316292, -0.6838545096745923, -0.04832977979809386, 0.3219152951339359]
488.72635760344565	(8, 12, 2)	[0.510649143460655, -0.9297084361435808, 0.976571918458248, -0.6545871057411126, -0.5177472344471334, 0.7827682520519572, 0.3500977203741559, 0.33359901164653416, -0.33032893836947297, -0.09101948754456662, -0.5980973371059322, -0.16889790603469512, 0.7365879225321859, 0.38858200027991185, 0.46035773892536525, -0.8360271212587633, 0.7362119159354283, -0.9700074738433917, -0.9288087508852909, -0.4751984679621178, -0.3318686208087218, -0.8719267229975106, 0.8509779055765436, 0.3486582922678525, 0.1245750439456963, -0.4341924959526402, 0.2932411207990351, 0.6129156227124454, -1, -0.9920431836079393, -0.40635505484864676, 0.32210994487157585, -0.9571395958954843, 0.4442894525075405, -0.6878929809935986, 0.8175060685859594, 0.5327442579874975, 0.057829585874215425, -0.24708967776204238, 0.770503193848767, -0.4089791425844441, -0.7802160762522787, 0.3002601710359094, -0.6961898649033716, -0.5721629400299704, 0.8593453573205276, 0.9541594442064717, -0.8155744126380979, -0.6035429419457088, 0.9133695562318502, -0.8477758377348088, -0.598844856853858, -0.6880118151859367, 0.4814484858348158, 0.9923680313523273, 0.5988788780068355, 0.2820626740132943, 0.11200398885624674, 0.023846579463198125, -0.612125813524067, 0.8794222324842897, -0.4717539252534319, 0.6963348455534106, 0.7563391101547979, -0.23950206151229203, 0.415172271046943, -0.3485791617186942, -0.40761108148180025, -0.4625960500587592, -0.75851949722919, -0.7005400973202005, -0.3567340922952188, 0.8050689443224799, -0.5302069956303568, 0.19334315414173253, 0.6674385911603691, -0.6942699516625008, 0.1397108227756414, -0.6268473266752506, 0.20544118608808434, -0.8015575474610666, 0.12208402862504113, 0.17031198785623913, -0.8194606731684737, -0.250066545624261, 0.22036857292793588, -0.38497206687201724, 0.7414953265770095, -0.5779632292621053, -0.2863630591357901, -0.8026190195314811, 0.44879405117450455, 0.7225891363996657, 0.8965795715193062, -0.5016144350559486, 0.08208243300577606, 0.5737702941652929, 0.46960865879901115, -0.02728903559460394, -0.8941721573544996, -0.2875000933273977, -0.31181913028795566, 0.7815251572955384, 0.3786941878091095, 0.06550246539009563, -0.44949239156771825, -0.31986490384236754, 0.128863470029706, -0.10194346526242981, 0.051545270499611995, 0.2753508572132007, 0.20912911791946298, 1, -0.3451957413110569, -0.04808905326703623, -0.44295979215786263, 0.20364462443316292, -0.6838545096745923, -0.04832977979809386, 0.3219152951339359]
489.45922984275967	(8, 12, 2)	[0.510649143460655, -0.9297084361435808, 0.976571918458248, -0.6545871057411126, -0.5177472344471334, 0.7827682520519572, 0.3500977203741559, 0.33359901164653416, -0.33032893836947297, -0.09101948754456662, -0.4253093141343417, -0.16889790603469512, 0.7365879225321859, 0.38858200027991185, 0.46035773892536525, -0.8360271212587633, 0.7362119159354283, -0.9700074738433917, -0.9288087508852909, -0.4751984679621178, -0.3318686208087218, -0.8719267229975106, 0.9519001033263359, 0.3486582922678525, 0.1245750439456963, -0.4341924959526402, 0.2932411207990351, 0.6129156227124454, -1, -0.9920431836079393, -0.40635505484864676, 0.32210994487157585, -0.9571395958954843, 0.4442894525075405, -0.6878929809935986, 0.8175060685859594, 0.5327442579874975, 0.057829585874215425, -0.24708967776204238, 0.770503193848767, -0.4089791425844441, -0.7802160762522787, 0.3002601710359094, -0.6961898649033716, -0.5721629400299704, 0.8593453573205276, 0.9541594442064717, -0.8155744126380979, -0.6035429419457088, 0.9133695562318502, -0.7920800833470321, -0.598844856853858, -0.6880118151859367, 0.4814484858348158, 0.9923680313523273, 0.5988788780068355, 0.2820626740132943, 0.11200398885624674, 0.023846579463198125, -0.612125813524067, 0.8794222324842897, -0.4717539252534319, 0.6789726984261226, 0.7563391101547979, -0.23950206151229203, 0.415172271046943, -0.3485791617186942, -0.40761108148180025, -0.4625960500587592, -0.75851949722919, -0.39893214613646694, -0.3567340922952188, 0.8050689443224799, -0.5302069956303568, 0.19334315414173253, 0.8306376065592476, -0.38119521091071373, 0.1397108227756414, -0.6268473266752506, 0.20544118608808434, -0.9964536432495699, 0.12208402862504113, 0.17031198785623913, -0.8194606731684737, -0.250066545624261, 0.22036857292793588, -0.38497206687201724, 0.7414953265770095, -0.2515016004608881, -0.2863630591357901, -0.8026190195314811, 0.44879405117450455, 0.5672060496815459, 1, -0.5016144350559486, 0.08208243300577606, 0.5737702941652929, 0.46960865879901115, -0.02728903559460394, -0.8941721573544996, -0.2875000933273977, -0.31181913028795566, 0.7815251572955384, 0.3786941878091095, 0.06550246539009563, -0.44949239156771825, -0.31986490384236754, 0.128863470029706, -0.10194346526242981, 0.051545270499611995, 0.2753508572132007, 0.20912911791946298, 1, -0.3451957413110569, 0.04941621503027126, -0.44295979215786263, 0.20364462443316292, -0.6838545096745923, -0.04832977979809386, 0.3219152951339359]
489.603768568486	(8, 12, 2)	[0.510649143460655, -0.9297084361435808, 0.976571918458248, -0.6545871057411126, -0.5177472344471334, 0.7827682520519572, 0.3500977203741559, 0.33359901164653416, -0.33032893836947297, -0.09101948754456662, -0.4253093141343417, -0.16889790603469512, 0.7365879225321859, 0.38858200027991185, 0.46035773892536525, -0.8360271212587633, 0.7362119159354283, -0.9700074738433917, -0.9288087508852909, -0.4751984679621178, -0.3318686208087218, -0.8719267229975106, 0.8509779055765436, 0.3486582922678525, 0.1245750439456963, -0.4341924959526402, 0.2932411207990351, 0.6129156227124454, -1, -0.9920431836079393, -0.40635505484864676, 0.32210994487157585, -0.9571395958954843, 0.4442894525075405, -0.6878929809935986, 0.8175060685859594, 0.5327442579874975, 0.057829585874215425, -0.24708967776204238, 0.770503193848767, -0.4089791425844441, -0.982662390372254, 0.3002601710359094, -0.6961898649033716, -0.4175140824631266, 0.8593453573205276, 0.7375231000583846, -0.8155744126380979, -0.6035429419457088, 0.9133695562318502, -0.8477758377348088, -0.598844856853858, -0.6880118151859367, 0.4814484858348158, 0.9923680313523273, 0.5988788780068355, 0.2820626740132943, 0.11200398885624674, 0.023846579463198125, -0.612125813524067, 0.8794222324842897, -0.4717539252534319, 0.6963348455534106, 0.7563391101547979, -0.24471154275892526, 0.415172271046943, -0.3485791617186942, -0.40761108148180025, -0.4625960500587592, -0.75851949722919, -0.7005400973202005, -0.3567340922952188, 0.8050689443224799, -0.5302069956303568, 0.19334315414173253, 0.8306376065592476, -0.38119521091071373, 0.1397108227756414, -0.5729796450821714, 0.09908675214496745, -0.9964536432495699, 0.12208402862504113, 0.17031198785623913, -0.8194606731684737, -0.250066545624261, 0.22036857292793588, -0.38497206687201724, 0.7414953265770095, -0.5779632292621053, -0.160542378405791, -0.8026190195314811, 0.44879405117450455, 0.5672060496815459, 0.8965795715193062, -0.5016144350559486, 0.08208243300577606, 0.5737702941652929, 0.46960865879901115, -0.02728903559460394, -0.8941721573544996, -0.2875000933273977, -0.31181913028795566, 0.7815251572955384, 0.3786941878091095, 0.06550246539009563, -0.44949239156771825, -0.31986490384236754, 0.128863470029706, -0.10194346526242981, 0.051545270499611995, 0.2753508572132007, 0.20912911791946298, 1, -0.3451957413110569, -0.04808905326703623, -0.44295979215786263, -0.007602759679430027, -0.6838545096745923, -0.04832977979809386, 0.6264778144619734]
492.71065902430564	(8, 12, 2)	[0.510649143460655, -0.9297084361435808, 0.976571918458248, -0.6545871057411126, -0.5177472344471334, 0.7827682520519572, 0.3500977203741559, 0.33359901164653416, -0.33032893836947297, -0.09101948754456662, -0.4253093141343417, -0.16889790603469512, 0.7365879225321859, 0.38858200027991185, 0.46035773892536525, -0.8360271212587633, 0.7362119159354283, -0.9700074738433917, -0.9288087508852909, -0.4751984679621178, -0.3318686208087218, -0.8719267229975106, 0.9519001033263359, 0.3486582922678525, 0.1245750439456963, -0.4341924959526402, 0.2932411207990351, 0.6129156227124454, -1, -0.9920431836079393, -0.40635505484864676, 0.32210994487157585, -0.9571395958954843, 0.4442894525075405, -0.6878929809935986, 0.8175060685859594, 0.5327442579874975, 0.057829585874215425, -0.24708967776204238, 0.770503193848767, -0.4089791425844441, -0.7802160762522787, 0.3002601710359094, -0.6961898649033716, -0.5721629400299704, 0.8593453573205276, 0.9541594442064717, -0.8155744126380979, -0.6035429419457088, 0.9133695562318502, -0.7920800833470321, -0.598844856853858, -0.6880118151859367, 0.4814484858348158, 0.9923680313523273, 0.5988788780068355, 0.2820626740132943, 0.11200398885624674, 0.023846579463198125, -0.612125813524067, 0.8794222324842897, -0.4717539252534319, 0.6789726984261226, 0.7563391101547979, -0.23950206151229203, 0.415172271046943, -0.3485791617186942, -0.40761108148180025, -0.4625960500587592, -0.75851949722919, -0.39893214613646694, -0.3567340922952188, 0.8050689443224799, -0.5302069956303568, 0.19334315414173253, 0.8306376065592476, -0.38119521091071373, 0.1397108227756414, -0.6268473266752506, 0.20544118608808434, -0.9964536432495699, 0.12208402862504113, 0.17031198785623913, -0.8194606731684737, -0.250066545624261, 0.22036857292793588, -0.6361893511568032, 0.7414953265770095, -0.2515016004608881, -0.2863630591357901, -0.8026190195314811, 0.44879405117450455, 0.5672060496815459, 1, -0.5016144350559486, 0.08208243300577606, 0.5737702941652929, 0.46960865879901115, -0.02728903559460394, -0.8941721573544996, -0.26686303379693876, -0.31181913028795566, 0.7815251572955384, 0.3786941878091095, 0.06550246539009563, -0.44949239156771825, -0.31986490384236754, 0.128863470029706, -0.10194346526242981, 0.051545270499611995, 0.2753508572132007, 0.20912911791946298, 1, -0.3451957413110569, 0.04941621503027126, -0.44295979215786263, 0.20364462443316292, -0.6838545096745923, -0.04832977979809386, 0.3219152951339359]
493.9584282808937	(8, 12, 2)	[0.510649143460655, -0.9297084361435808, 0.976571918458248, -0.6545871057411126, -0.5177472344471334, 0.7827682520519572, 0.3500977203741559, 0.33359901164653416, -0.33032893836947297, -0.09101948754456662, -0.4253093141343417, -0.16889790603469512, 0.7365879225321859, 0.38858200027991185, 0.46035773892536525, -0.8360271212587633, 0.7362119159354283, -0.9700074738433917, -0.9288087508852909, -0.4751984679621178, -0.3318686208087218, -0.8719267229975106, 0.9519001033263359, 0.3486582922678525, 0.1245750439456963, -0.4341924959526402, 0.2932411207990351, 0.6129156227124454, -1, -0.9920431836079393, -0.40635505484864676, 0.32210994487157585, -0.9571395958954843, 0.4442894525075405, -0.6878929809935986, 0.8175060685859594, 0.5327442579874975, 0.057829585874215425, -0.24708967776204238, 0.770503193848767, -0.4089791425844441, -0.7802160762522787, 0.3002601710359094, -0.6961898649033716, -0.5721629400299704, 0.8593453573205276, 0.9541594442064717, -0.8155744126380979, -0.6035429419457088, 0.9133695562318502, -0.7920800833470321, -0.598844856853858, -0.6880118151859367, 0.4814484858348158, 0.9923680313523273, 0.5988788780068355, 0.2820626740132943, 0.11200398885624674, 0.023846579463198125, -0.612125813524067, 0.8794222324842897, -0.4717539252534319, 0.6789726984261226, 0.7563391101547979, -0.23950206151229203, 0.415172271046943, -0.3485791617186942, -0.40761108148180025, -0.4625960500587592, -0.75851949722919, -0.39893214613646694, -0.3567340922952188, 0.8050689443224799, -0.5302069956303568, 0.19334315414173253, 0.8306376065592476, -0.38119521091071373, 0.1397108227756414, -0.6268473266752506, 0.20544118608808434, -0.9964536432495699, 0.12208402862504113, 0.17031198785623913, -0.8194606731684737, -0.250066545624261, 0.22036857292793588, -0.6361893511568032, 0.7414953265770095, -0.2515016004608881, -0.2863630591357901, -0.8026190195314811, 0.44879405117450455, 0.5672060496815459, 1, -0.5016144350559486, 0.08208243300577606, 0.5737702941652929, 0.46960865879901115, -0.02728903559460394, -0.8941721573544996, -0.26686303379693876, -0.31181913028795566, 0.7815251572955384, 0.3786941878091095, 0.06550246539009563, -0.44949239156771825, -0.31986490384236754, 0.128863470029706, -0.10194346526242981, 0.051545270499611995, 0.2753508572132007, 0.20912911791946298, 1, -0.3451957413110569, 0.04941621503027126, -0.44295979215786263, 0.20364462443316292, -0.6838545096745923, -0.04832977979809386, 0.3219152951339359]
489.9777201935649	(8, 12, 2)	[0.510649143460655, -0.9297084361435808, 1, -0.6545871057411126, -0.5177472344471334, 0.7827682520519572, 0.3500977203741559, 0.33359901164653416, -0.33032893836947297, -0.09101948754456662, -0.4253093141343417, -0.16889790603469512, 0.7365879225321859, 0.38858200027991185, 0.46035773892536525, -0.8360271212587633, 0.7362119159354283, -0.9700074738433917, -0.9288087508852909, -0.4751984679621178, -0.3318686208087218, -0.8719267229975106, 0.9519001033263359, 0.3486582922678525, 0.1245750439456963, -0.4341924959526402, 0.2932411207990351, 0.6129156227124454, -1, -0.9920431836079393, -0.40635505484864676, 0.32210994487157585, -0.9571395958954843, 0.4442894525075405, -0.6878929809935986, 0.8175060685859594, 0.7116867420489327, 0.057829585874215425, -0.24708967776204238, 0.770503193848767, -0.4089791425844441, -0.7802160762522787, 0.3002601710359094, -0.6961898649033716, -0.5721629400299704, 0.8593453573205276, 0.9541594442064717, -0.8155744126380979, -0.6035429419457088, 0.9133695562318502, -0.7920800833470321, -0.598844856853858, -0.6880118151859367, 0.4814484858348158, 0.9923680313523273, 0.5988788780068355, 0.2820626740132943, 0.11200398885624674, 0.023846579463198125, -0.612125813524067, 0.8794222324842897, -0.4717539252534319, 0.6789726984261226, 0.7563391101547979, -0.23950206151229203, 0.415172271046943, -0.3485791617186942, -0.40761108148180025, -0.4625960500587592, -0.75851949722919, -0.39893214613646694, -0.3567340922952188, 0.8050689443224799, -0.5302069956303568, 0.19334315414173253, 0.6674385911603691, -0.6942699516625008, 0.1397108227756414, -0.6268473266752506, 0.09908675214496745, -0.9964536432495699, 0.12208402862504113, 0.17031198785623913, -0.8194606731684737, -0.250066545624261, 0.22036857292793588, -0.38497206687201724, 0.7414953265770095, -0.5779632292621053, -0.2863630591357901, -0.8026190195314811, 0.44879405117450455, 0.7225891363996657, 0.8965795715193062, -0.5016144350559486, 0.08208243300577606, 0.640496913034319, 0.46960865879901115, -0.02728903559460394, -0.8941721573544996, -0.2875000933273977, -0.31181913028795566, 0.7815251572955384, 0.2908658865874409, 0.06550246539009563, -0.44949239156771825, -0.31986490384236754, 0.128863470029706, -0.10194346526242981, 0.051545270499611995, 0.2753508572132007, 0.20912911791946298, 1, -0.3451957413110569, -0.04808905326703623, -0.44295979215786263, 0.004122025543322305, -0.6838545096745923, -0.04832977979809386, 0.3219152951339359]
491.89950248692185	(8, 12, 2)	[0.510649143460655, -0.9297084361435808, 0.976571918458248, -0.8081815067724396, -0.5177472344471334, 0.7827682520519572, 0.3500977203741559, 0.33359901164653416, -0.33032893836947297, -0.09101948754456662, -0.4253093141343417, -0.16889790603469512, 0.7365879225321859, 0.38858200027991185, 0.46035773892536525, -0.8360271212587633, 0.7362119159354283, -1, -0.9288087508852909, -0.4751984679621178, -0.3318686208087218, -0.8719267229975106, 0.9519001033263359, 0.3486582922678525, 0.1245750439456963, -0.4341924959526402, 0.2932411207990351, 0.6129156227124454, -1, -0.9920431836079393, -0.40635505484864676, 0.32210994487157585, -1, 0.4442894525075405, -0.6878929809935986, 0.8175060685859594, 0.5327442579874975, 0.057829585874215425, -0.24708967776204238, 0.770503193848767, -0.4089791425844441, -0.7802160762522787, 0.3002601710359094, -0.6961898649033716, -0.5721629400299704, 0.8593453573205276, 0.9541594442064717, -0.8155744126380979, -0.6035429419457088, 0.9133695562318502, -0.7920800833470321, -0.598844856853858, -0.6880118151859367, 0.4814484858348158, 0.9923680313523273, 0.5189186581195472, 0.2820626740132943, 0.11200398885624674, 0.11532758869480884, -0.612125813524067, 0.8794222324842897, -0.4717539252534319, 0.6789726984261226, 0.7563391101547979, -0.23950206151229203, 0.415172271046943, -0.3485791617186942, -0.40761108148180025, -0.4625960500587592, -0.75851949722919, -0.39893214613646694, -0.3567340922952188, 0.8050689443224799, -0.5302069956303568, 0.19334315414173253, 0.8306376065592476, -0.38119521091071373, 0.1397108227756414, -0.6268473266752506, 0.20544118608808434, -0.9964536432495699, 0.12208402862504113, 0.17031198785623913, -0.8194606731684737, -0.250066545624261, 0.22036857292793588, -0.38497206687201724, 0.7414953265770095, -0.2515016004608881, -0.2863630591357901, -0.8026190195314811, 0.44879405117450455, 0.5672060496815459, 1, -0.5016144350559486, 0.08208243300577606, 0.5737702941652929, 0.46960865879901115, -0.02728903559460394, -0.8941721573544996, -0.2875000933273977, -0.31181913028795566, 0.7815251572955384, 0.3786941878091095, 0.06550246539009563, -0.44949239156771825, -0.31986490384236754, 0.128863470029706, -0.10194346526242981, 0.051545270499611995, 0.2753508572132007, 0.20912911791946298, 1, -0.3451957413110569, 0.04941621503027126, -0.44295979215786263, 0.20364462443316292, -0.6838545096745923, -0.04832977979809386, 0.3219152951339359]
494.74853868596256	(8, 12, 2)	[0.510649143460655, -0.9297084361435808, 0.976571918458248, -0.8081815067724396, -0.5177472344471334, 0.7827682520519572, 0.3500977203741559, 0.33359901164653416, -0.33032893836947297, -0.09101948754456662, -0.4253093141343417, -0.16889790603469512, 0.7365879225321859, 0.38858200027991185, 0.46035773892536525, -0.8360271212587633, 0.7362119159354283, -1, -0.9288087508852909, -0.4751984679621178, -0.3318686208087218, -0.8719267229975106, 0.9519001033263359, 0.3486582922678525, 0.1245750439456963, -0.4341924959526402, 0.2932411207990351, 0.6129156227124454, -1, -0.9920431836079393, -0.40635505484864676, 0.32210994487157585, -1, 0.4442894525075405, -0.6878929809935986, 0.8175060685859594, 0.5327442579874975, 0.057829585874215425, -0.24708967776204238, 0.770503193848767, -0.4089791425844441, -0.7802160762522787, 0.3002601710359094, -0.6961898649033716, -0.5721629400299704, 0.8593453573205276, 0.9541594442064717, -0.8155744126380979, -0.6035429419457088, 0.9133695562318502, -0.7920800833470321, -0.598844856853858, -0.6880118151859367, 0.4814484858348158, 0.9923680313523273, 0.5189186581195472, 0.2820626740132943, 0.11200398885624674, 0.11532758869480884, -0.612125813524067, 0.8794222324842897, -0.4717539252534319, 0.6789726984261226, 0.7563391101547979, -0.23950206151229203, 0.415172271046943, -0.3485791617186942, -0.40761108148180025, -0.4625960500587592, -0.75851949722919, -0.39893214613646694, -0.3567340922952188, 0.8050689443224799, -0.5302069956303568, 0.19334315414173253, 0.8306376065592476, -0.38119521091071373, 0.1397108227756414, -0.6268473266752506, 0.20544118608808434, -0.9964536432495699, 0.12208402862504113, 0.17031198785623913, -0.8194606731684737, -0.250066545624261, 0.22036857292793588, -0.38497206687201724, 0.7414953265770095, -0.5779632292621053, -0.2863630591357901, -0.8026190195314811, 0.44879405117450455, 0.7225891363996657, 1, -0.5016144350559486, 0.08208243300577606, 0.5737702941652929, 0.46960865879901115, -0.02728903559460394, -0.8941721573544996, -0.2875000933273977, -0.31181913028795566, 0.7815251572955384, 0.3786941878091095, 0.06550246539009563, -0.44949239156771825, -0.31986490384236754, 0.128863470029706, -0.10194346526242981, 0.051545270499611995, 0.2753508572132007, 0.20912911791946298, 1, -0.3451957413110569, 0.04941621503027126, -0.44295979215786263, 0.20364462443316292, -0.6838545096745923, -0.04832977979809386, 0.3219152951339359]
495.1986602653051	(8, 12, 2)	[0.510649143460655, -0.9297084361435808, 0.976571918458248, -0.6545871057411126, -0.5177472344471334, 0.7827682520519572, 0.3500977203741559, 0.33359901164653416, -0.33032893836947297, -0.09101948754456662, -0.4253093141343417, -0.48897327213602787, 0.7365879225321859, 0.38858200027991185, 0.46035773892536525, -0.8360271212587633, 0.7362119159354283, -0.9700074738433917, -0.9288087508852909, -0.4751984679621178, -0.3318686208087218, -0.8681555544295712, 0.9519001033263359, 0.3486582922678525, 0.1245750439456963, -0.4341924959526402, 0.2932411207990351, 0.6129156227124454, -1, -0.9871540627270586, -0.40635505484864676, 0.32210994487157585, -0.9571395958954843, 0.4442894525075405, -0.6878929809935986, 0.8175060685859594, 0.5327442579874975, 0.057829585874215425, -0.24708967776204238, 0.770503193848767, -0.4089791425844441, -0.7802160762522787, 0.3002601710359094, -0.6961898649033716, -0.5721629400299704, 0.8593453573205276, 0.9541594442064717, -0.8155744126380979, -0.6035429419457088, 0.9133695562318502, -0.7920800833470321, -0.598844856853858, -0.6880118151859367, 0.4814484858348158, 0.9923680313523273, 0.5988788780068355, 0.3682230840593596, 0.11200398885624674, 0.023846579463198125, -0.612125813524067, 0.8794222324842897, -0.4717539252534319, 0.6789726984261226, 0.803063499471499, -0.23950206151229203, 0.415172271046943, -0.3485791617186942, -0.40761108148180025, -0.4625960500587592, -0.75851949722919, -0.39893214613646694, -0.3567340922952188, 0.41107362633100725, -0.5302069956303568, 0.19334315414173253, 0.8306376065592476, -0.38119521091071373, 0.1397108227756414, -0.6268473266752506, 0.20544118608808434, -0.9964536432495699, 0.12208402862504113, 0.17031198785623913, -0.8194606731684737, -0.250066545624261, 0.22036857292793588, -0.38497206687201724, 0.7414953265770095, -0.5779632292621053, -0.2863630591357901, -0.8026190195314811, 0.44879405117450455, 0.5672060496815459, 1, -0.5016144350559486, 0.08208243300577606, 0.5737702941652929, 0.266580371802801, -0.02728903559460394, -0.8941721573544996, -0.2875000933273977, -0.31181913028795566, 0.7815251572955384, 0.3786941878091095, 0.06550246539009563, -0.44949239156771825, -0.31986490384236754, 0.128863470029706, -0.10194346526242981, 0.051545270499611995, 0.2753508572132007, 0.20912911791946298, 1, -0.3451957413110569, 0.04941621503027126, -0.44295979215786263, 0.20364462443316292, -0.6838545096745923, -0.04832977979809386, 0.3219152951339359]
477.4346798658371	(8, 12, 2)	[0.510649143460655, -0.9297084361435808, 0.976571918458248, -0.6545871057411126, -0.5177472344471334, 0.7827682520519572, 0.3500977203741559, 0.33359901164653416, -0.33032893836947297, -0.09101948754456662, -0.4253093141343417, -0.48897327213602787, 0.7365879225321859, 0.38858200027991185, 0.46035773892536525, -0.8360271212587633, 0.7362119159354283, -0.9700074738433917, -0.9288087508852909, -0.4751984679621178, -0.3318686208087218, -0.8681555544295712, 0.9519001033263359, 0.3486582922678525, 0.1245750439456963, -0.4341924959526402, 0.2932411207990351, 0.6129156227124454, -1, -0.9871540627270586, -0.40635505484864676, 0.32210994487157585, -0.9571395958954843, 0.4442894525075405, -0.6878929809935986, 0.8175060685859594, 0.5327442579874975, 0.057829585874215425, -0.24708967776204238, 0.770503193848767, -0.4089791425844441, -0.7802160762522787, 0.3002601710359094, -0.6961898649033716, -0.5721629400299704, 0.8593453573205276, 0.9541594442064717, -0.8155744126380979, -0.6035429419457088, 0.9133695562318502, -0.7920800833470321, -0.598844856853858, -0.6880118151859367, 0.4814484858348158, 0.9923680313523273, 0.5988788780068355, 0.2820626740132943, 0.11200398885624674, 0.023846579463198125, -0.612125813524067, 0.8794222324842897, -0.4717539252534319, 0.6789726984261226, 0.803063499471499, -0.23950206151229203, 0.415172271046943, -0.3485791617186942, -0.40761108148180025, -0.4625960500587592, -0.75851949722919, -0.39893214613646694, -0.4396842302970749, 0.41107362633100725, -0.5302069956303568, 0.19334315414173253, 0.8306376065592476, -0.38119521091071373, 0.1397108227756414, -0.6268473266752506, 0.20544118608808434, -0.9964536432495699, 0.12208402862504113, 0.17031198785623913, -0.8194606731684737, -0.250066545624261, 0.22036857292793588, -0.38497206687201724, 0.7414953265770095, -0.2515016004608881, -0.05474342379737307, -0.8026190195314811, 0.44879405117450455, 0.5672060496815459, 1, -0.5016144350559486, 0.08208243300577606, 0.5737702941652929, 0.46960865879901115, -0.02728903559460394, -0.8941721573544996, -0.26686303379693876, -0.41773648122675366, 0.7815251572955384, 0.3786941878091095, 0.06550246539009563, -0.44949239156771825, -0.31986490384236754, 0.128863470029706, -0.10194346526242981, 0.051545270499611995, 0.2753508572132007, 0.20912911791946298, 1, -0.3451957413110569, 0.04941621503027126, -0.44295979215786263, 0.20364462443316292, -0.6838545096745923, -0.3198931117432108, 0.3219152951339359]
499.1924365393061	(8, 12, 2)	[0.510649143460655, -0.9297084361435808, 0.976571918458248, -0.8081815067724396, -0.5177472344471334, 0.7827682520519572, 0.3500977203741559, 0.33359901164653416, -0.33032893836947297, -0.09101948754456662, -0.4253093141343417, -0.16889790603469512, 0.4842727092972124, 0.38858200027991185, 0.46035773892536525, -0.8360271212587633, 0.7362119159354283, -1, -0.9288087508852909, -0.4751984679621178, -0.3318686208087218, -1, 0.9519001033263359, 0.3486582922678525, 0.1245750439456963, -0.4341924959526402, 0.2932411207990351, 0.6129156227124454, -1, -0.9920431836079393, -0.40635505484864676, 0.32210994487157585, -1, 0.4442894525075405, -0.6878929809935986, 0.8175060685859594, 0.5327442579874975, 0.057829585874215425, -0.24708967776204238, 0.770503193848767, -0.4089791425844441, -0.7802160762522787, 0.3002601710359094, -0.6961898649033716, -0.5721629400299704, 0.8593453573205276, 0.9541594442064717, -0.8155744126380979, -0.6035429419457088, 0.9133695562318502, -0.7920800833470321, -0.598844856853858, -0.6880118151859367, 0.4814484858348158, 0.9923680313523273, 0.5189186581195472, 0.2820626740132943, 0.11200398885624674, 0.11532758869480884, -0.612125813524067, 0.8794222324842897, -0.4717539252534319, 0.6789726984261226, 0.7563391101547979, -0.23950206151229203, 0.415172271046943, -0.3485791617186942, -0.40761108148180025, -0.4625960500587592, -0.75851949722919, -0.39893214613646694, -0.3567340922952188, 0.8050689443224799, -0.5302069956303568, 0.19334315414173253, 0.6674385911603691, -0.6942699516625008, 0.1397108227756414, -0.6268473266752506, 0.09908675214496745, -0.9614141042489214, 0.12208402862504113, 0.17031198785623913, -0.8194606731684737, -0.250066545624261, 0.22036857292793588, -0.38497206687201724, 0.7414953265770095, -0.5779632292621053, -0.2863630591357901, -0.8026190195314811, 0.44879405117450455, 0.7225891363996657, 0.8965795715193062, -0.5016144350559486, 0.08208243300577606, 0.640496913034319, 0.46960865879901115, -0.02728903559460394, -0.8941721573544996, -0.3454140848429876, -0.31181913028795566, 0.7815251572955384, 0.3786941878091095, 0.06550246539009563, -0.44949239156771825, -0.31986490384236754, 0.128863470029706, -0.10194346526242981, 0.051545270499611995, 0.41206195229657705, 0.20912911791946298, 1, -0.3451957413110569, 0.04941621503027126, -0.44295979215786263, 0.20364462443316292, -0.6838545096745923, -0.04832977979809386, 0.3219152951339359]
491.8708274140954	(8, 12, 2)	[0.510649143460655, -0.9297084361435808, 0.976571918458248, -0.6545871057411126, -0.5177472344471334, 0.7827682520519572, 0.3500977203741559, 0.33359901164653416, -0.33032893836947297, -0.09101948754456662, -0.4253093141343417, -0.48897327213602787, 0.7365879225321859, 0.38858200027991185, 0.46035773892536525, -0.8360271212587633, 0.7362119159354283, -0.9700074738433917, -0.9288087508852909, -0.4751984679621178, -0.3318686208087218, -0.8681555544295712, 0.9519001033263359, 0.3486582922678525, 0.1245750439456963, -0.4341924959526402, 0.2932411207990351, 0.6129156227124454, -1, -0.9871540627270586, -0.40635505484864676, 0.32210994487157585, -0.9571395958954843, 0.4442894525075405, -0.6878929809935986, 0.8175060685859594, 0.5327442579874975, 0.057829585874215425, -0.24708967776204238, 0.770503193848767, -0.4089791425844441, -0.7802160762522787, 0.3002601710359094, -0.6961898649033716, -0.5721629400299704, 0.8593453573205276, 0.9541594442064717, -0.8155744126380979, -0.6035429419457088, 0.9133695562318502, -0.7920800833470321, -0.598844856853858, -0.6880118151859367, 0.4814484858348158, 0.9923680313523273, 0.5988788780068355, 0.2820626740132943, -0.14819541947035642, 0.023846579463198125, -0.612125813524067, 0.8794222324842897, -0.4717539252534319, 0.6789726984261226, 0.803063499471499, -0.23950206151229203, 0.415172271046943, -0.3485791617186942, -0.40761108148180025, -0.4625960500587592, -0.75851949722919, -0.39893214613646694, -0.4396842302970749, 0.41107362633100725, -0.5302069956303568, 0.19334315414173253, 0.8306376065592476, -0.38119521091071373, 0.1397108227756414, -0.6268473266752506, 0.20544118608808434, -0.9964536432495699, 0.12208402862504113, 0.17031198785623913, -0.8194606731684737, -0.250066545624261, 0.22036857292793588, -0.38497206687201724, 0.7414953265770095, -0.2515016004608881, -0.05474342379737307, -1, 0.44879405117450455, 0.5672060496815459, 1, -0.5016144350559486, 0.08208243300577606, 0.5737702941652929, 0.46960865879901115, -0.02728903559460394, -0.8941721573544996, -0.26686303379693876, -0.41773648122675366, 0.7815251572955384, 0.3786941878091095, 0.06550246539009563, -0.44949239156771825, -0.31986490384236754, 0.128863470029706, -0.10194346526242981, 0.051545270499611995, 0.2753508572132007, 0.20912911791946298, 1, -0.3451957413110569, 0.04941621503027126, -0.44295979215786263, 0.20364462443316292, -0.6795030817102964, -0.3198931117432108, 0.3219152951339359]
497.9741841554642	(8, 12, 2)	[0.510649143460655, -0.9297084361435808, 0.976571918458248, -0.8081815067724396, -0.5177472344471334, 0.7827682520519572, 0.3500977203741559, 0.33359901164653416, -0.33032893836947297, -0.09101948754456662, -0.4253093141343417, -0.16889790603469512, 0.4842727092972124, 0.38858200027991185, 0.46035773892536525, -0.8360271212587633, 0.7362119159354283, -1, -0.9288087508852909, -0.4751984679621178, -0.3318686208087218, -1, 0.9519001033263359, 0.3486582922678525, 0.1245750439456963, -0.4341924959526402, 0.2932411207990351, 0.6129156227124454, -1, -0.9920431836079393, -0.40635505484864676, 0.32210994487157585, -1, 0.4442894525075405, -0.48520630559745415, 0.8175060685859594, 0.5327442579874975, 0.057829585874215425, -0.24708967776204238, 0.770503193848767, -0.4089791425844441, -0.7802160762522787, 0.3002601710359094, -0.6961898649033716, -0.5721629400299704, 0.8593453573205276, 0.9541594442064717, -0.8155744126380979, -0.6035429419457088, 0.9133695562318502, -0.7920800833470321, -0.598844856853858, -0.6880118151859367, 0.4814484858348158, 0.9923680313523273, 0.5189186581195472, 0.2820626740132943, 0.11200398885624674, 0.005921268572722349, -0.612125813524067, 0.8794222324842897, -0.4717539252534319, 0.6789726984261226, 0.7563391101547979, -0.23950206151229203, 0.415172271046943, -0.3485791617186942, -0.40761108148180025, -0.4625960500587592, -0.75851949722919, -0.39893214613646694, -0.3567340922952188, 0.8050689443224799, -0.5302069956303568, 0.19334315414173253, 0.6674385911603691, -0.6942699516625008, 0.1397108227756414, -0.6268473266752506, 0.09908675214496745, -0.9614141042489214, 0.12208402862504113, 0.17031198785623913, -0.8194606731684737, -0.250066545624261, 0.22036857292793588, -0.38497206687201724, 0.7414953265770095, -0.5779632292621053, -0.2863630591357901, -0.8026190195314811, 0.44879405117450455, 0.7225891363996657, 0.8965795715193062, -0.5016144350559486, 0.08208243300577606, 0.640496913034319, 0.46960865879901115, -0.02728903559460394, -0.8941721573544996, -0.3454140848429876, -0.31181913028795566, 0.7815251572955384, 0.3786941878091095, 0.06550246539009563, -0.44949239156771825, -0.31986490384236754, 0.128863470029706, -0.10194346526242981, 0.051545270499611995, 0.41206195229657705, 0.20912911791946298, 1, -0.3451957413110569, 0.04941621503027126, -0.44295979215786263, 0.20364462443316292, -0.6838545096745923, -0.04832977979809386, 0.3219152951339359]
488.76641471870244	(8, 12, 2)	[0.510649143460655, -0.9297084361435808, 0.976571918458248, -0.8081815067724396, -0.5177472344471334, 0.7827682520519572, 0.3500977203741559, 0.33359901164653416, -0.33032893836947297, -0.09101948754456662, -0.4253093141343417, -0.16889790603469512, 0.7365879225321859, 0.38858200027991185, 0.46035773892536525, -0.8360271212587633, 0.7362119159354283, -0.9700074738433917, -0.9288087508852909, -0.4751984679621178, -0.3318686208087218, -0.8719267229975106, 0.9519001033263359, 0.3486582922678525, 0.1245750439456963, -0.4341924959526402, 0.2932411207990351, 0.6129156227124454, -1, -0.9920431836079393, -0.40635505484864676, 0.32210994487157585, -0.9571395958954843, 0.15446694791745913, -0.6878929809935986, 0.8175060685859594, 0.5327442579874975, 0.057829585874215425, -0.24708967776204238, 0.770503193848767, -0.4089791425844441, -0.7802160762522787, 0.3002601710359094, -0.6961898649033716, -0.5721629400299704, 0.8593453573205276, 0.9541594442064717, -0.8155744126380979, -0.6035429419457088, 0.9133695562318502, -0.7920800833470321, -0.598844856853858, -0.6880118151859367, 0.4814484858348158, 0.9923680313523273, 0.5988788780068355, 0.2820626740132943, 0.11200398885624674, 0.11532758869480884, -0.612125813524067, 0.8794222324842897, -0.4717539252534319, 0.6789726984261226, 0.7563391101547979, -0.23950206151229203, 0.415172271046943, -0.3485791617186942, -0.40761108148180025, -0.4625960500587592, -0.75851949722919, -0.39893214613646694, 0.00754854309359454, 0.8050689443224799, -0.5302069956303568, 0.19334315414173253, 0.8306376065592476, -0.548356236912933, 0.1397108227756414, -0.6268473266752506, 0.20544118608808434, -0.9964536432495699, 0.12208402862504113, 0.20099927656125877, -0.8194606731684737, -0.250066545624261, 0.22036857292793588, -0.38497206687201724, 0.7414953265770095, -0.2515016004608881, -0.2863630591357901, -0.8026190195314811, 0.44879405117450455, 0.5672060496815459, 1, -0.5016144350559486, 0.08208243300577606, 0.5737702941652929, 0.46960865879901115, -0.02728903559460394, -0.8941721573544996, -0.2875000933273977, -0.31181913028795566, 0.7815251572955384, 0.3786941878091095, 0.06550246539009563, -0.44949239156771825, -0.31986490384236754, 0.128863470029706, -0.10194346526242981, 0.051545270499611995, 0.2753508572132007, 0.20912911791946298, 1, -0.3451957413110569, 0.04941621503027126, -0.44295979215786263, 0.20364462443316292, -0.6838545096745923, -0.04832977979809386, 0.7120796101957259]
490.99487848579884	(8, 12, 2)	[0.510649143460655, -0.9297084361435808, 0.976571918458248, -0.8081815067724396, -0.5177472344471334, 0.7827682520519572, 0.3500977203741559, 0.33359901164653416, -0.33032893836947297, -0.09101948754456662, -0.4253093141343417, -0.16889790603469512, 0.7365879225321859, 0.38858200027991185, 0.46035773892536525, -0.8360271212587633, 0.7362119159354283, -0.9700074738433917, -0.9288087508852909, -0.4751984679621178, -0.3318686208087218, -0.8719267229975106, 0.9519001033263359, 0.3486582922678525, 0.1245750439456963, -0.4341924959526402, 0.2932411207990351, 0.6129156227124454, -1, -0.9920431836079393, -0.40635505484864676, 0.7908367484983307, -0.9571395958954843, 0.4442894525075405, -0.6878929809935986, 0.8175060685859594, 0.5327442579874975, 0.057829585874215425, -0.24708967776204238, 0.770503193848767, -0.4089791425844441, -0.7802160762522787, 0.3002601710359094, -0.6961898649033716, -0.5721629400299704, 0.8593453573205276, 0.9541594442064717, -0.8155744126380979, -0.6035429419457088, 0.9133695562318502, -0.727226708780745, -0.598844856853858, -0.6880118151859367, 0.4814484858348158, 0.9923680313523273, 0.5988788780068355, 0.2820626740132943, 0.11200398885624674, 0.11532758869480884, -0.612125813524067, 0.8794222324842897, -0.4717539252534319, 0.6789726984261226, 0.7563391101547979, -0.23950206151229203, 0.415172271046943, -0.3485791617186942, -0.40761108148180025, -0.4625960500587592, -0.75851949722919, -0.39893214613646694, 0.00754854309359454, 0.8050689443224799, -0.5302069956303568, 0.19334315414173253, 0.8306376065592476, -0.38119521091071373, 0.1397108227756414, -0.6268473266752506, 0.20544118608808434, -0.9964536432495699, 0.12208402862504113, 0.17031198785623913, -0.8194606731684737, -0.250066545624261, 0.22036857292793588, -0.38497206687201724, 0.7414953265770095, -0.2515016004608881, -0.2863630591357901, -0.8026190195314811, 0.44879405117450455, 0.5672060496815459, 1, -0.7082372049033026, 0.08208243300577606, 0.5737702941652929, 0.46960865879901115, -0.02728903559460394, -0.8941721573544996, -0.2875000933273977, -0.31181913028795566, 0.7815251572955384, 0.3786941878091095, 0.06550246539009563, -0.44949239156771825, -0.31986490384236754, 0.128863470029706, -0.10194346526242981, 0.051545270499611995, 0.2753508572132007, 0.20912911791946298, 1, -0.3451957413110569, 0.04941621503027126, -0.44295979215786263, 0.20364462443316292, -0.6838545096745923, -0.04832977979809386, 0.7120796101957259]
485.8543826267123	(8, 12, 2)	[0.510649143460655, -0.9297084361435808, 0.976571918458248, -0.8081815067724396, -0.5177472344471334, 0.7827682520519572, 0.2178794249152459, 0.33359901164653416, -0.33032893836947297, -0.09101948754456662, -0.4253093141343417, -0.16889790603469512, 0.7365879225321859, 0.38858200027991185, 0.46035773892536525, -0.8360271212587633, 0.7362119159354283, -0.9700074738433917, -0.9288087508852909, -0.4751984679621178, -0.3318686208087218, -0.8719267229975106, 0.9519001033263359, 0.3486582922678525, 0.1245750439456963, -0.4341924959526402, 0.2932411207990351, 0.6129156227124454, -1, -0.9920431836079393, -0.40635505484864676, 0.32210994487157585, -0.9571395958954843, 0.4442894525075405, -0.6878929809935986, 0.8175060685859594, 0.5327442579874975, 0.057829585874215425, -0.24708967776204238, 0.770503193848767, -0.4089791425844441, -0.7802160762522787, 0.3002601710359094, -0.6961898649033716, -0.5721629400299704, 0.8593453573205276, 0.9541594442064717, -0.8155744126380979, -0.6035429419457088, 0.9133695562318502, -0.727226708780745, -0.598844856853858, -0.6880118151859367, 0.4814484858348158, 0.9923680313523273, 0.5988788780068355, 0.2820626740132943, 0.11200398885624674, 0.11532758869480884, -0.612125813524067, 0.8794222324842897, -0.4717539252534319, 0.6789726984261226, 0.7563391101547979, -0.23950206151229203, 0.415172271046943, -0.3485791617186942, -0.40761108148180025, -0.4625960500587592, -0.75851949722919, -0.39893214613646694, 0.00754854309359454, 0.8050689443224799, -0.5302069956303568, 0.19334315414173253, 0.8306376065592476, -0.38119521091071373, 0.1397108227756414, -0.6268473266752506, 0.20544118608808434, -0.9964536432495699, 0.12208402862504113, 0.17031198785623913, -0.8194606731684737, -0.250066545624261, 0.22036857292793588, -0.38497206687201724, 0.7414953265770095, -0.2515016004608881, -0.2863630591357901, -0.8026190195314811, 0.44879405117450455, 0.5672060496815459, 1, -0.5016144350559486, 0.08208243300577606, 0.5737702941652929, 0.46960865879901115, -0.02728903559460394, -0.8941721573544996, -0.2875000933273977, -0.31181913028795566, 0.7815251572955384, 0.3786941878091095, 0.06550246539009563, -0.44949239156771825, -0.31986490384236754, 0.128863470029706, -0.10194346526242981, 0.051545270499611995, 0.2753508572132007, 0.20912911791946298, 1, -0.3451957413110569, 0.04941621503027126, -0.44295979215786263, 0.20364462443316292, -0.6838545096745923, -0.04832977979809386, 0.7120796101957259]
496.92681019660085	(8, 12, 2)	[0.510649143460655, -0.9297084361435808, 0.976571918458248, -0.8081815067724396, -0.5177472344471334, 0.7827682520519572, 0.2178794249152459, 0.33359901164653416, -0.33032893836947297, -0.09101948754456662, -0.4253093141343417, -0.16889790603469512, 0.7365879225321859, 0.38858200027991185, 0.46035773892536525, -0.8360271212587633, 0.7362119159354283, -0.9700074738433917, -0.9288087508852909, -0.4751984679621178, -0.3318686208087218, -0.8719267229975106, 0.9519001033263359, 0.3486582922678525, 0.1245750439456963, -0.4341924959526402, 0.2932411207990351, 0.6129156227124454, -1, -0.9920431836079393, -0.40635505484864676, 0.32210994487157585, -0.9571395958954843, 0.4442894525075405, -0.6878929809935986, 0.8175060685859594, 0.6407766428224033, 0.057829585874215425, -0.24708967776204238, 0.770503193848767, -0.4089791425844441, -0.7802160762522787, 0.3002601710359094, -0.6961898649033716, -0.5721629400299704, 0.8593453573205276, 0.9541594442064717, -0.8155744126380979, -0.6035429419457088, 0.9133695562318502, -0.7920800833470321, -0.598844856853858, -0.6880118151859367, 0.4814484858348158, 0.9923680313523273, 0.5988788780068355, 0.2820626740132943, 0.11200398885624674, 0.11532758869480884, -0.612125813524067, 0.8794222324842897, -0.4717539252534319, 0.6789726984261226, 0.7563391101547979, -0.23950206151229203, 0.415172271046943, -0.3485791617186942, -0.40761108148180025, -0.4625960500587592, -0.75851949722919, -0.39893214613646694, 0.00754854309359454, 0.8050689443224799, -0.5302069956303568, 0.19334315414173253, 0.8306376065592476, -0.38119521091071373, 0.1397108227756414, -0.6268473266752506, 0.20544118608808434, -0.9964536432495699, 0.12208402862504113, 0.17031198785623913, -0.8194606731684737, -0.250066545624261, 0.22036857292793588, -0.38497206687201724, 0.7414953265770095, -0.2515016004608881, -0.2863630591357901, -0.8026190195314811, 0.44879405117450455, 0.5672060496815459, 1, -0.5016144350559486, 0.08208243300577606, 0.5737702941652929, 0.46960865879901115, -0.02728903559460394, -0.8941721573544996, -0.2875000933273977, -0.31181913028795566, 0.7815251572955384, 0.3786941878091095, 0.06550246539009563, -0.44949239156771825, -0.31986490384236754, 0.128863470029706, -0.10194346526242981, 0.051545270499611995, 0.2753508572132007, 0.20912911791946298, 1, -0.3451957413110569, 0.04941621503027126, -0.44295979215786263, 0.20364462443316292, -0.6838545096745923, -0.04832977979809386, 0.7120796101957259]
494.663639459759	(8, 12, 2)	[0.510649143460655, -0.9297084361435808, 0.976571918458248, -0.8081815067724396, -0.5177472344471334, 0.7827682520519572, 0.2178794249152459, 0.33359901164653416, -0.656294057404985, -0.09101948754456662, -0.4253093141343417, -0.16889790603469512, 0.7365879225321859, 0.38858200027991185, 0.46035773892536525, -0.7710225045974659, 0.7362119159354283, -0.9700074738433917, -0.9288087508852909, -0.4751984679621178, -0.3318686208087218, -0.8719267229975106, 0.9519001033263359, 0.3486582922678525, 0.1245750439456963, -0.4341924959526402, 0.2932411207990351, 0.6129156227124454, -1, -0.9920431836079393, -0.40635505484864676, 0.32210994487157585, -0.9571395958954843, 0.4442894525075405, -0.6878929809935986, 0.8175060685859594, 0.5327442579874975, 0.057829585874215425, -0.41898391239511656, 0.770503193848767, -0.4089791425844441, -0.7802160762522787, 0.3002601710359094, -0.6961898649033716, -0.5721629400299704, 0.8593453573205276, 0.9541594442064717, -0.8155744126380979, -0.6035429419457088, 0.9133695562318502, -0.727226708780745, -0.598844856853858, -0.6880118151859367, 0.4814484858348158, 0.9923680313523273, 0.5988788780068355, 0.2820626740132943, 0.11200398885624674, 0.11532758869480884, -0.612125813524067, 0.8794222324842897, -0.4717539252534319, 0.6789726984261226, 0.7563391101547979, -0.23950206151229203, 0.415172271046943, -0.3485791617186942, -0.40761108148180025, -0.4625960500587592, -0.75851949722919, -0.7005400973202005, -0.0960125206844945, 0.8050689443224799, -0.5302069956303568, 0.19334315414173253, 0.9458208333185333, -0.6942699516625008, 0.1397108227756414, -0.6268473266752506, 0.20544118608808434, -0.9964536432495699, 0.12208402862504113, 0.17031198785623913, -0.8194606731684737, -0.250066545624261, 0.5252284093500885, -0.38497206687201724, 0.7414953265770095, -0.2515016004608881, -0.2863630591357901, -0.8026190195314811, 0.44879405117450455, 0.5672060496815459, 1, -0.5016144350559486, 0.08208243300577606, 0.5737702941652929, 0.46960865879901115, -0.02728903559460394, -0.8941721573544996, -0.2875000933273977, -0.31181913028795566, 0.7815251572955384, 0.3786941878091095, 0.06550246539009563, -0.44949239156771825, -0.31986490384236754, 0.128863470029706, -0.10194346526242981, 0.051545270499611995, 0.2753508572132007, 0.20912911791946298, 1, -0.3451957413110569, 0.34421057543856487, -0.44295979215786263, 0.20364462443316292, -0.6838545096745923, -0.04832977979809386, 0.7120796101957259]
492.34046676829166	(8, 12, 2)	[0.510649143460655, -0.9297084361435808, 0.976571918458248, -0.8081815067724396, -0.5177472344471334, 0.7827682520519572, 0.2178794249152459, 0.33359901164653416, -0.33032893836947297, -0.09101948754456662, -0.4253093141343417, -0.16889790603469512, 0.7365879225321859, 0.38858200027991185, 0.46035773892536525, -0.8360271212587633, 0.7362119159354283, -0.9700074738433917, -0.9288087508852909, -0.4751984679621178, -0.3318686208087218, -0.8719267229975106, 0.9519001033263359, 0.3486582922678525, 0.1245750439456963, -0.4341924959526402, 0.2932411207990351, 0.6129156227124454, -1, -0.9920431836079393, -0.40635505484864676, 0.32210994487157585, -0.9571395958954843, 0.4442894525075405, -0.6878929809935986, 0.8175060685859594, 0.5327442579874975, 0.057829585874215425, -0.24708967776204238, 0.770503193848767, -0.4089791425844441, -0.7802160762522787, 0.3002601710359094, -0.6961898649033716, -0.5721629400299704, 0.8593453573205276, 0.9541594442064717, -0.8155744126380979, -0.6035429419457088, 0.9133695562318502, -0.727226708780745, -0.598844856853858, -0.6880118151859367, 0.4814484858348158, 0.9923680313523273, 0.5988788780068355, 0.2820626740132943, 0.11200398885624674, 0.11532758869480884, -0.612125813524067, 0.8794222324842897, -0.4717539252534319, 0.6789726984261226, 0.7563391101547979, -0.23950206151229203, 0.415172271046943, -0.3485791617186942, -0.40761108148180025, -0.4625960500587592, -0.75851949722919, -0.39893214613646694, 0.00754854309359454, 0.5781100307698983, -0.5302069956303568, 0.19334315414173253, 0.8306376065592476, -0.38119521091071373, 0.1397108227756414, -0.6268473266752506, 0.20544118608808434, -0.9964536432495699, 0.12208402862504113, 0.17031198785623913, -0.8194606731684737, -0.250066545624261, 0.22036857292793588, -0.38497206687201724, 0.7414953265770095, -0.2515016004608881, -0.2863630591357901, -0.8026190195314811, 0.44879405117450455, 0.5672060496815459, 1, -0.5016144350559486, 0.08208243300577606, 0.5737702941652929, 0.46960865879901115, -0.02728903559460394, -0.8941721573544996, -0.2875000933273977, -0.31181913028795566, 0.7815251572955384, 0.3786941878091095, 0.06550246539009563, -0.44949239156771825, -0.31986490384236754, 0.128863470029706, -0.10194346526242981, 0.051545270499611995, 0.2753508572132007, 0.20912911791946298, 1, -0.3451957413110569, 0.04941621503027126, -0.44295979215786263, 0.20364462443316292, -0.6838545096745923, -0.04832977979809386, 0.7120796101957259]
493.62769834697247	(8, 12, 2)	[0.510649143460655, -0.9297084361435808, 0.976571918458248, -0.8081815067724396, -0.5177472344471334, 0.7827682520519572, 0.2178794249152459, 0.33359901164653416, -0.656294057404985, -0.09101948754456662, -0.4253093141343417, -0.16889790603469512, 0.7365879225321859, 0.38858200027991185, 0.46035773892536525, -0.7710225045974659, 0.7362119159354283, -0.9700074738433917, -0.9288087508852909, -0.4751984679621178, -0.3318686208087218, -0.8719267229975106, 0.9519001033263359, 0.3486582922678525, 0.1245750439456963, -0.4341924959526402, 0.2932411207990351, 0.6129156227124454, -1, -0.9920431836079393, -0.40635505484864676, 0.32210994487157585, -0.9571395958954843, 0.4442894525075405, -0.6878929809935986, 0.8175060685859594, 0.6407766428224033, 0.057829585874215425, -0.24708967776204238, 0.770503193848767, -0.4089791425844441, -0.7802160762522787, 0.3002601710359094, -0.6961898649033716, -0.8161551627571835, 0.8593453573205276, 0.9541594442064717, -0.8155744126380979, -0.6035429419457088, 0.9133695562318502, -0.7920800833470321, -0.4804650125922062, -0.6880118151859367, 0.4814484858348158, 0.9923680313523273, 0.5988788780068355, 0.2820626740132943, 0.11200398885624674, 0.11532758869480884, -0.612125813524067, 0.8794222324842897, -0.4717539252534319, 0.6789726984261226, 0.7563391101547979, -0.23950206151229203, 0.415172271046943, -0.3485791617186942, -0.40761108148180025, -0.4625960500587592, -0.75851949722919, -0.39893214613646694, 0.00754854309359454, 0.8050689443224799, -0.7060193064059804, 0.19334315414173253, 0.8306376065592476, -0.38119521091071373, 0.1397108227756414, -0.6268473266752506, 0.20544118608808434, -0.9964536432495699, 0.12208402862504113, 0.17031198785623913, -0.8194606731684737, -0.250066545624261, 0.22036857292793588, -0.38497206687201724, 0.7414953265770095, -0.2515016004608881, -0.2863630591357901, -0.8026190195314811, 0.44879405117450455, 0.5672060496815459, 1, -0.5016144350559486, 0.08208243300577606, 0.5737702941652929, 0.46960865879901115, -0.02728903559460394, -0.8941721573544996, -0.2875000933273977, -0.6706549966701819, 0.629459513919278, 0.3786941878091095, 0.06550246539009563, -0.44949239156771825, -0.31986490384236754, 0.128863470029706, -0.10194346526242981, 0.051545270499611995, 0.2753508572132007, 0.20912911791946298, 1, -0.3451957413110569, 0.34421057543856487, -0.44295979215786263, 0.20364462443316292, -0.6838545096745923, -0.04832977979809386, 0.7120796101957259]
490.42341413442045	(8, 12, 2)	[0.510649143460655, -0.9297084361435808, 0.976571918458248, -0.8081815067724396, -0.5177472344471334, 0.7827682520519572, 0.2178794249152459, 0.33359901164653416, -0.33032893836947297, -0.09101948754456662, -0.4253093141343417, -0.16889790603469512, 0.7365879225321859, 0.38858200027991185, 0.46035773892536525, -0.8360271212587633, 0.7362119159354283, -0.9700074738433917, -0.9288087508852909, -0.4751984679621178, -0.3318686208087218, -0.8719267229975106, 0.9519001033263359, 0.3486582922678525, 0.1245750439456963, -0.4341924959526402, 0.2932411207990351, 0.6129156227124454, -1, -0.9920431836079393, -0.40635505484864676, 0.32210994487157585, -0.9571395958954843, 0.4442894525075405, -0.6878929809935986, 0.8175060685859594, 0.6407766428224033, 0.057829585874215425, -0.24708967776204238, 0.770503193848767, -0.4089791425844441, -0.7802160762522787, 0.3002601710359094, -0.6961898649033716, -0.5721629400299704, 0.8593453573205276, 0.9541594442064717, -0.8155744126380979, -0.6035429419457088, 0.9133695562318502, -0.7920800833470321, -0.4804650125922062, -0.6880118151859367, 0.4814484858348158, 0.9923680313523273, 0.5988788780068355, 0.2820626740132943, 0.11200398885624674, 0.11532758869480884, -0.612125813524067, 0.8794222324842897, -0.4717539252534319, 0.6789726984261226, 0.7563391101547979, -0.23950206151229203, 0.415172271046943, -0.3485791617186942, -0.40761108148180025, -0.4625960500587592, -0.75851949722919, -0.39893214613646694, 0.00754854309359454, 0.8050689443224799, -0.7060193064059804, 0.19334315414173253, 0.8306376065592476, -0.38119521091071373, 0.1397108227756414, -0.6268473266752506, 0.20544118608808434, -0.9964536432495699, 0.12208402862504113, 0.17031198785623913, -0.8194606731684737, -0.250066545624261, 0.22036857292793588, -0.38497206687201724, 0.7414953265770095, -0.2515016004608881, -0.2863630591357901, -0.8026190195314811, 0.44879405117450455, 0.5672060496815459, 1, -0.5016144350559486, 0.08208243300577606, 0.5737702941652929, 0.46960865879901115, -0.02728903559460394, -0.8941721573544996, -0.2875000933273977, -0.6706549966701819, 0.629459513919278, 0.3786941878091095, 0.06550246539009563, -0.44949239156771825, -0.31986490384236754, 0.128863470029706, -0.10194346526242981, 0.051545270499611995, 0.2753508572132007, 0.20912911791946298, 1, -0.3451957413110569, 0.04941621503027126, -0.44295979215786263, 0.20364462443316292, -0.6838545096745923, -0.04832977979809386, 0.7120796101957259]
491.9458351098001	(8, 12, 2)	[0.510649143460655, -0.9297084361435808, 0.976571918458248, -0.8081815067724396, -0.5177472344471334, 0.7827682520519572, 0.2178794249152459, 0.33359901164653416, -0.656294057404985, -0.09101948754456662, -0.4253093141343417, -0.16889790603469512, 0.7365879225321859, 0.38858200027991185, 0.46035773892536525, -0.7710225045974659, 0.6604000398053682, -0.9700074738433917, -0.9288087508852909, -0.4751984679621178, -0.3318686208087218, -0.8719267229975106, 0.9519001033263359, 0.3486582922678525, 0.1245750439456963, -0.4341924959526402, 0.2932411207990351, 0.6129156227124454, -1, -0.9920431836079393, -0.40635505484864676, 0.32210994487157585, -0.9571395958954843, 0.4442894525075405, -0.6878929809935986, 0.8175060685859594, 0.5327442579874975, 0.057829585874215425, -0.41898391239511656, 0.770503193848767, -0.4089791425844441, -0.7802160762522787, 0.3002601710359094, -0.6961898649033716, -0.5721629400299704, 0.8593453573205276, 0.9541594442064717, -0.8155744126380979, -0.6035429419457088, 0.9133695562318502, -0.727226708780745, -0.598844856853858, -0.6880118151859367, 0.4814484858348158, 0.9923680313523273, 0.5988788780068355, 0.2820626740132943, 0.11200398885624674, 0.11532758869480884, -0.612125813524067, 0.8794222324842897, -0.4717539252534319, 0.6789726984261226, 0.7563391101547979, -0.23950206151229203, 0.415172271046943, -0.3485791617186942, -0.40761108148180025, -0.4625960500587592, -0.75851949722919, -0.7005400973202005, -0.0960125206844945, 0.8050689443224799, -0.5302069956303568, 0.19334315414173253, 0.9458208333185333, -0.6942699516625008, 0.1397108227756414, -0.6268473266752506, 0.20544118608808434, -0.9964536432495699, 0.12208402862504113, 0.17031198785623913, -0.8194606731684737, -0.250066545624261, 0.22036857292793588, -0.6597552955240645, 0.7414953265770095, -0.2515016004608881, -0.2863630591357901, -0.8026190195314811, 0.44879405117450455, 0.5672060496815459, 1, -0.5016144350559486, 0.08208243300577606, 0.5737702941652929, 0.46960865879901115, -0.02728903559460394, -0.8941721573544996, -0.2875000933273977, -0.6706549966701819, 0.629459513919278, 0.3786941878091095, 0.06550246539009563, -0.44949239156771825, -0.31986490384236754, 0.128863470029706, -0.10194346526242981, 0.13052497772340826, 0.2753508572132007, 0.20912911791946298, 1, -0.3451957413110569, 0.34421057543856487, -0.44295979215786263, 0.20364462443316292, -0.6838545096745923, -0.04832977979809386, 0.7120796101957259]
