-76.48868896067142	(8, 12, 2)	[-0.20240971668031804, 0.9210069977498947, 0.012326520834245125, -0.8363151317542097, -0.5189550182378035, 0.9663512344810345, 0.8960416439075427, 0.35894745196883915, -0.7797049995880374, 0.27833964405597333, -0.23023097752882715, -0.22617593523749702, -0.505363935785275, 0.10505043501877331, -0.8869048368079928, 0.7770265896793873, -0.2130793457361353, 0.4430172530971137, -0.6516454892090038, 0.743533470048914, -0.4760476863527885, 0.5550512869363331, -0.4889870750271226, -0.882445291515517, 0.18114489848065096, 0.10641341942702831, 0.31591797715567393, -0.4668580670647464, 0.48462836225116135, 0.05108535814544912, 0.46868089207744434, -0.35268865645500647, -0.04583328577427026, 0.41685075128559257, -0.12178286765252233, -0.9113916709289664, 0.5614638179664035, 0.5523523061905302, -0.016437449935178927, 0.7651584394369262, 0.9488336345425388, 0.4115001152511224, -0.2950118761337168, -0.7618218065118589, -0.2923184742109377, 0.9540946280178892, 0.46954155216282345, -0.2857195461573401, -0.45261555602677417, -0.4662757386118388, 0.23933751466626307, 0.14744284308161948, 0.30630950068815266, -0.7478692903302779, -0.17979690413555982, 0.7044328934423483, 0.682492708740364, -0.9399827208270768, -0.40199004988207343, 0.8482077799630134, -0.7539321543591548, -0.16175557704407617, 0.668091904480083, -0.2897410903775788, 0.6683302381312684, 0.29671732725426647, -0.9276998679307507, 0.07598936388569966, 0.5477678820750225, -0.8877967755528962, 0.5764047825262337, -0.6491456100773287, -0.11673217431161342, 0.8133937937295117, -0.8611942294694319, 0.7374068164948469, -0.9956505055078839, -0.14094983568915742, -0.3682433198213537, 0.31073910427925644, 0.8637369442181744, 0.5857420734311425, 0.3300633013231433, -0.36600132320705625, -0.14305039264120745, -0.20964706762397056, 0.3845999851033488, -0.7780090947461069, 0.35207432678895945, -0.6421742838636495, 0.3068340022305227, 0.5069823000100322, -0.42251750476396577, 0.6724227052098477, 0.5684872932640224, 0.3517012834851436, -0.8118247679335564, 0.969080632799497, 0.23040327122960802, -0.682025966572865, 0.7712933888253901, 0.1781638381249968, 0.9106756619339702, -0.48166782657147533, 0.8345511497451248, -0.7613527353881702, 0.886207000011072, -0.7986023327332805, -0.24810054569139117, -0.9126698516942127, 0.568637161772291, -0.23599602336710856, -0.6725536451089023, -0.4764174864569768, -0.654452358646507, 0.9948657120419815, 0.03396611311276465, 0.4351031665016869, 0.22127002558510034, 0.5073285730584471]
-45.867013558745384	(8, 12, 2)	[-0.27116378592299606, 0.9539266238321991, -0.901086965498981, -0.6627544343387164, 0.1725490080908949, -0.7510230730172027, 0.4693746090312503, -0.8199471931695361, 0.0012296357453480677, 0.9554133260096562, 0.07560472189355161, -0.8088321654598086, 0.2756675934747055, -0.2628744743731537, 0.20798016087606985, -0.31062727562019066, 0.3963063400142859, -0.8904190472693392, 0.6495814691504078, -0.11735999292494115, 0.8561818355355959, 0.7834196580502555, 0.44516636386352215, 0.8576198500754504, 0.9389585370566962, 0.23649081958547202, -0.2515692915642487, 0.33777201824112635, 0.9801327296886126, -0.6286248972075645, 0.4161938042913329, 0.733422678244833, -0.9481478575504321, -0.7772737080595067, -0.7006519225919299, -0.8040446761315887, 0.6349768331210013, 0.9172564994541104, -0.8594927977484699, 0.045045731352610474, 0.23659017727525034, -0.7587504185533174, -0.06463714887534366, 0.3109746490612739, 0.675039939176586, -0.047924079664362296, 0.7332191192476827, -0.931721427102602, 0.17850276577326696, 0.5684060972545482, 0.1907190185238805, -0.907186591184258, -0.9071156804117666, 0.9184564513607507, -0.9755969309511634, -0.18642380122472857, -0.6824461981388441, 0.9365367549037074, 0.021360326667592577, -0.8352226814915826, -0.12533877208726585, 0.6801059066251904, 0.566734599284858, -0.2304861166565726, -0.017743960003119508, 0.5624009909432792, -0.8327193454351383, 0.9548192549356964, 0.052286052291117935, 0.280168536579952, 0.8508831505629415, 0.9548328638955379, 0.198627855152276, -0.9274749873159791, 0.6248092845873889, 0.3504396056001824, 0.4821961985466119, 0.6833089971668016, -0.663009734326999, 0.6660216141051367, 0.9328668681841845, -0.44976319969351786, 0.7904852638292188, 0.5851386811417594, 0.6247595790796625, 0.8808277757891354, 0.931963923424111, -0.20311871747198618, -0.3310797950891111, 0.02768159394527392, -0.7874644674184688, -0.013466211281931928, 0.3022994148419913, -0.09611630464706056, -0.5400631624236101, 0.677292315986038, 0.8537033211155676, 0.2622311678579963, 0.3483726744369433, -0.8687333909180122, 0.25469042447699897, 0.49591924646306396, -0.5429141590316404, -0.06941264320640572, -0.4777443899798566, 0.3554365526142713, -0.9682225418793766, -0.9649433655319974, -0.21271289620982858, 0.7419569435221243, 0.9089495405803043, -0.7140004296512921, -0.43139022086352585, -0.9333492240007322, 0.9243718099881131, 0.9399106279157008, -0.5119162805280186, -0.7755438803943515, -0.15414630531470008, 0.49285579867002216]
-43.166778702288866	(8, 12, 2)	[-0.004191025849941354, 0.5665778240174133, -0.6196805033239623, -0.3112825756202504, -0.15406573714943672, 0.8579333308316539, 0.6276718853733887, 0.18198184751905022, -0.13280792824589227, 0.8117477950824208, -0.6379563810623741, -0.9120997241786815, 0.701159014355941, -0.702946425366251, 0.5381607737284482, -0.31000208643770755, 0.31359976437637077, -0.03884391339260507, -0.6111321375813761, -0.463054449213264, -0.11214828508783214, 0.07068643398267693, 0.5759410513055818, -0.4621059845879032, 0.08026554581098888, -0.05076861319119241, 0.5359099351132015, 0.22204023768488756, 0.8494272918886927, 0.44903857622215604, -0.2414373694437908, 0.3360915554081987, 0.6178296415855442, 0.8050392283738061, -0.5449088204395383, -0.9844699618850095, 0.04230511608223586, 0.31262189738013024, 0.16116355930569148, -0.9239988048077841, 0.4437044685291587, -0.06544117132421334, 0.7119257801526226, -0.5427148545964202, 0.17970953246455035, 0.740797548563551, 0.7396827435086515, -0.5751987187734471, -0.8751575173009796, -0.4286026763933781, 0.48650028724737626, 0.5308324053266071, -0.2212505431081484, 0.03180907403622113, 0.4823819238204461, -0.9371714239904825, -0.34656289980057586, -0.6114114127505603, 0.641641776373221, -0.6580996135368649, -0.47516959273550485, -0.4101935109413024, 0.8307500065321161, 0.06319334221007522, -0.6186300680354304, 0.413579062399444, 0.9636443645103692, -0.11008871550940436, 0.7321899151742299, -0.05875439274517458, -0.8056706659222332, -0.3704347207991958, -0.4616210209866902, -0.6903804808509406, -0.14695353869386985, 0.518887748519705, -0.586480774324146, 0.6993013393057939, -0.2172977100054163, -0.6015519490200893, 0.5776454481380977, -0.9425632565210529, -0.1040143019338815, 0.756435927128275, -0.46872659517234205, 0.9478783699279154, 2.42315435425855e-05, -0.7169083459429269, 0.003694831847706803, 0.1159935534149028, 0.0643530823189713, -0.06833127544111162, 0.5672062786576018, -0.08677595419667328, -0.5139715981786663, -0.5124692705565774, -0.16440841998600764, 0.08322360583749222, 0.006275020568699219, 0.9741174096217449, 0.09922125316544639, 0.5930718355709623, 0.8194752089277122, -0.8061148152642807, -0.9629726048419927, -0.7096400538558554, 0.6004814331739192, 0.34404747355018506, -0.9957731864207624, 0.9965994050995641, -0.2898236248710646, -0.5526905843195709, 0.003823769373787478, -0.21692702342932035, -0.9558554062386444, 0.05830449953505945, -0.5409528814186586, -0.8921587328714462, 0.9175066826291245, 0.38645669989267906]
-45.94797883182764	(8, 12, 2)	[-0.004191025849941354, 0.5665778240174133, -0.6196805033239623, -0.3112825756202504, -0.15406573714943672, 0.8579333308316539, 0.6276718853733887, 0.18198184751905022, -0.13280792824589227, 0.8117477950824208, -0.6379563810623741, -0.9120997241786815, 0.701159014355941, -0.702946425366251, 0.5381607737284482, -0.31000208643770755, -0.042458733608784494, -0.03884391339260507, -0.6111321375813761, -0.463054449213264, -0.11214828508783214, 0.07068643398267693, 0.5759410513055818, -0.4621059845879032, 0.08026554581098888, -0.05076861319119241, 0.5359099351132015, 0.22204023768488756, 0.8494272918886927, 0.44903857622215604, -0.2414373694437908, 0.3360915554081987, 0.6178296415855442, 0.8050392283738061, -0.5449088204395383, -0.9844699618850095, 0.04230511608223586, 0.31262189738013024, 0.16116355930569148, -0.9239988048077841, 0.4437044685291587, -0.06544117132421334, 0.7119257801526226, -0.5427148545964202, 0.17970953246455035, 0.740797548563551, 0.7396827435086515, -0.5751987187734471, -0.8751575173009796, -0.4286026763933781, 0.48650028724737626, 0.5308324053266071, -0.2212505431081484, 0.03180907403622113, 0.4823819238204461, -0.9371714239904825, -0.34656289980057586, -0.6114114127505603, 0.641641776373221, -0.6580996135368649, -0.47516959273550485, -0.4101935109413024, 0.8307500065321161, 0.06319334221007522, -0.6186300680354304, 0.413579062399444, 0.9636443645103692, -0.11008871550940436, 0.7321899151742299, -0.05875439274517458, -0.8056706659222332, -0.3704347207991958, -0.4616210209866902, -0.6323263264116316, -0.14695353869386985, 0.518887748519705, -0.586480774324146, 0.6993013393057939, -0.2172977100054163, -0.6015519490200893, 0.5776454481380977, -0.9425632565210529, -0.1040143019338815, 0.756435927128275, -0.46872659517234205, 0.9478783699279154, 2.42315435425855e-05, -0.7169083459429269, 0.003694831847706803, 0.1159935534149028, 0.0643530823189713, -0.06833127544111162, 0.5672062786576018, -0.08677595419667328, -0.5139715981786663, -0.5124692705565774, -0.16440841998600764, 0.08322360583749222, 0.006275020568699219, -0.8687333909180122, 0.25469042447699897, 0.49591924646306396, -0.5429141590316404, -0.06941264320640572, -0.4777443899798566, 0.3554365526142713, -0.9682225418793766, -0.9649433655319974, -0.21271289620982858, 0.7419569435221243, 0.9089495405803043, -0.5526905843195709, 0.003823769373787478, -0.21692702342932035, -0.9558554062386444, 0.05830449953505945, -0.5409528814186586, -0.8921587328714462, 0.9175066826291245, 0.38645669989267906]
-32.02240034006536	(8, 12, 2)	[-0.004191025849941354, 0.5665778240174133, -0.6196805033239623, -0.3112825756202504, -0.15406573714943672, 0.8579333308316539, 0.6276718853733887, 0.18198184751905022, -0.13280792824589227, 0.8117477950824208, -0.6379563810623741, -0.9120997241786815, 0.701159014355941, -0.702946425366251, 0.5381607737284482, -0.31000208643770755, -0.042458733608784494, -0.03884391339260507, -0.6111321375813761, -0.463054449213264, -0.11214828508783214, 0.07068643398267693, 0.5759410513055818, -0.4621059845879032, 0.08026554581098888, -0.05076861319119241, 0.5359099351132015, 0.22204023768488756, 0.8494272918886927, 0.44903857622215604, -0.2414373694437908, 0.3360915554081987, 0.6178296415855442, 0.8050392283738061, -0.5449088204395383, -0.9844699618850095, 0.04230511608223586, 0.31262189738013024, 0.16116355930569148, -0.9239988048077841, 0.4437044685291587, -0.06544117132421334, 0.7119257801526226, -0.5427148545964202, 0.17970953246455035, 0.740797548563551, 0.7396827435086515, -0.5751987187734471, -0.8751575173009796, -0.4286026763933781, 0.48650028724737626, 0.5308324053266071, -0.2212505431081484, 0.03180907403622113, 0.4823819238204461, -0.9371714239904825, -0.34656289980057586, -0.6114114127505603, 0.641641776373221, -0.6580996135368649, -0.47516959273550485, -0.4101935109413024, 0.8307500065321161, 0.06319334221007522, -0.6186300680354304, 0.413579062399444, 0.9636443645103692, -0.11008871550940436, 0.9622342321153222, -0.05875439274517458, -0.8056706659222332, -0.3704347207991958, -0.4616210209866902, -0.6903804808509406, -0.14695353869386985, 0.00554715424601826, -0.586480774324146, 0.6993013393057939, -0.2172977100054163, -0.6015519490200893, 0.5776454481380977, -0.9425632565210529, -0.1040143019338815, 0.756435927128275, -0.46872659517234205, 0.9478783699279154, 2.42315435425855e-05, -0.7169083459429269, 0.003694831847706803, 0.1159935534149028, 0.0643530823189713, -0.06833127544111162, 0.5672062786576018, -0.08677595419667328, -0.5139715981786663, -0.5124692705565774, -0.16440841998600764, 0.08322360583749222, 0.006275020568699219, 0.9741174096217449, 0.09922125316544639, 0.5930718355709623, 0.8194752089277122, -0.8061148152642807, -0.9629726048419927, -0.7096400538558554, 0.6004814331739192, 0.34404747355018506, -0.9957731864207624, 0.9965994050995641, -0.2898236248710646, -0.5526905843195709, 0.003823769373787478, -0.21692702342932035, -0.9558554062386444, -0.12020173227881259, -0.5409528814186586, -0.8921587328714462, 0.9175066826291245, 0.38645669989267906]
-24.222909566015005	(8, 12, 2)	[-0.004191025849941354, 0.5665778240174133, -0.6196805033239623, -0.3112825756202504, -0.15406573714943672, 0.8579333308316539, 0.6276718853733887, 0.18198184751905022, -0.13280792824589227, 0.8117477950824208, -0.6379563810623741, -0.9120997241786815, 0.701159014355941, -0.702946425366251, 0.5381607737284482, -0.31000208643770755, -0.042458733608784494, -0.03884391339260507, -0.6111321375813761, -0.463054449213264, -0.11214828508783214, 0.07068643398267693, 0.5759410513055818, -0.4621059845879032, 0.08026554581098888, -0.05076861319119241, 0.5359099351132015, 0.22204023768488756, 0.8494272918886927, 0.44903857622215604, -0.2414373694437908, 0.3360915554081987, 0.6178296415855442, 0.8050392283738061, -0.5449088204395383, -0.9844699618850095, 0.04230511608223586, 0.31262189738013024, 0.16116355930569148, -0.9239988048077841, 0.4437044685291587, -0.06544117132421334, 0.7119257801526226, -0.5427148545964202, 0.17970953246455035, 0.740797548563551, 0.7396827435086515, -0.5751987187734471, -0.8751575173009796, -0.4286026763933781, 0.48650028724737626, 0.5308324053266071, -0.2212505431081484, 0.03180907403622113, 0.4823819238204461, -0.9371714239904825, -0.34656289980057586, -0.6114114127505603, 0.641641776373221, -0.6580996135368649, -0.47516959273550485, -0.4101935109413024, 0.8307500065321161, 0.06319334221007522, -0.6186300680354304, 0.413579062399444, 0.9636443645103692, -0.11008871550940436, 0.9622342321153222, -0.05875439274517458, -0.8056706659222332, -0.3704347207991958, -0.4616210209866902, -0.6903804808509406, -0.14695353869386985, 0.00554715424601826, -0.6028845793005627, 0.6993013393057939, -0.2172977100054163, -0.6015519490200893, 0.5776454481380977, -0.9425632565210529, -0.1040143019338815, 0.756435927128275, -0.46872659517234205, 0.9478783699279154, 2.42315435425855e-05, -0.7169083459429269, 0.003694831847706803, 0.1159935534149028, 0.0643530823189713, -0.06833127544111162, 0.5672062786576018, -0.08677595419667328, -0.5139715981786663, -0.5124692705565774, -0.16440841998600764, 0.08322360583749222, 0.006275020568699219, 0.9741174096217449, 0.09922125316544639, 0.5930718355709623, 0.8194752089277122, -0.8061148152642807, -0.9629726048419927, -0.7096400538558554, 0.6004814331739192, 0.34404747355018506, -0.9957731864207624, 0.9965994050995641, -0.2898236248710646, -0.5526905843195709, 0.003823769373787478, -0.21692702342932035, -0.9558554062386444, -0.12020173227881259, -0.5409528814186586, -0.8921587328714462, 0.9175066826291245, 0.38645669989267906]
-27.91928262449801	(8, 12, 2)	[-0.004191025849941354, 0.5665778240174133, -0.6196805033239623, -0.3112825756202504, -0.15406573714943672, 0.8579333308316539, 0.6276718853733887, 0.18198184751905022, -0.13280792824589227, 0.8117477950824208, -0.6379563810623741, -0.7594872431007629, 0.701159014355941, -0.702946425366251, 0.5381607737284482, -0.31000208643770755, -0.042458733608784494, 0.02376423682912103, -0.6111321375813761, -0.463054449213264, -0.11214828508783214, 0.07068643398267693, 0.5759410513055818, -0.4621059845879032, 0.08026554581098888, -0.05076861319119241, 0.5359099351132015, 0.22204023768488756, 0.8494272918886927, 0.44903857622215604, -0.2414373694437908, 0.3360915554081987, 0.6178296415855442, 0.8050392283738061, -0.5449088204395383, -0.9844699618850095, 0.04230511608223586, 0.31262189738013024, 0.16116355930569148, -0.9239988048077841, 0.4437044685291587, -0.06544117132421334, 0.7119257801526226, -0.5427148545964202, 0.17970953246455035, 0.740797548563551, 0.7396827435086515, -0.5751987187734471, -0.8751575173009796, -0.4286026763933781, 0.48650028724737626, 0.5308324053266071, -0.2212505431081484, 0.03180907403622113, 0.4823819238204461, -0.9371714239904825, -0.34656289980057586, -0.6114114127505603, 0.641641776373221, -0.6580996135368649, -0.47516959273550485, -0.4101935109413024, 0.8307500065321161, 0.06319334221007522, -0.6186300680354304, 0.413579062399444, 0.9636443645103692, -0.11008871550940436, 0.9622342321153222, -0.05875439274517458, -0.8056706659222332, -0.3704347207991958, -0.4616210209866902, -0.6903804808509406, -0.14695353869386985, 0.00554715424601826, -0.6028845793005627, 0.6993013393057939, -0.2172977100054163, -0.6015519490200893, 0.5776454481380977, -0.9425632565210529, -0.1040143019338815, 0.756435927128275, -0.46872659517234205, 0.9478783699279154, 2.42315435425855e-05, -0.7169083459429269, 0.003694831847706803, 0.1159935534149028, 0.0643530823189713, -0.06833127544111162, 0.5672062786576018, -0.08677595419667328, -0.5139715981786663, -0.5124692705565774, -0.16440841998600764, 0.08322360583749222, 0.006275020568699219, 0.9741174096217449, 0.09922125316544639, 0.5930718355709623, 0.8194752089277122, -0.8061148152642807, -0.9629726048419927, -0.7096400538558554, 0.6004814331739192, 0.34404747355018506, -0.9957731864207624, 0.9965994050995641, -0.2898236248710646, -0.5526905843195709, 0.003823769373787478, -0.21692702342932035, -0.9558554062386444, -0.12020173227881259, -0.5409528814186586, -0.8921587328714462, 0.9175066826291245, 0.38645669989267906]
476.40799544751644	(8, 12, 2)	[-0.004191025849941354, 0.5665778240174133, -0.6196805033239623, -0.3112825756202504, -0.15406573714943672, 0.8579333308316539, 0.6276718853733887, 0.18198184751905022, -0.1893445132734999, 0.8117477950824208, -0.6379563810623741, -0.9120997241786815, 0.701159014355941, -0.702946425366251, 0.5381607737284482, -0.31000208643770755, -0.042458733608784494, -0.03884391339260507, -0.6111321375813761, -0.463054449213264, -0.11214828508783214, 0.07068643398267693, 0.5759410513055818, -0.4621059845879032, 0.08026554581098888, -0.05076861319119241, 0.5359099351132015, 0.22204023768488756, 0.8494272918886927, 0.44903857622215604, -0.2414373694437908, 0.3360915554081987, 0.6178296415855442, 0.8050392283738061, -0.5449088204395383, -0.9844699618850095, 0.04230511608223586, 0.31262189738013024, 0.16116355930569148, -0.9239988048077841, 0.4437044685291587, -0.06544117132421334, 0.7119257801526226, -0.5427148545964202, 0.17970953246455035, 0.740797548563551, 0.7396827435086515, -0.5751987187734471, -0.8751575173009796, -0.4286026763933781, 0.48650028724737626, 0.5308324053266071, -0.2212505431081484, 0.03180907403622113, 0.4823819238204461, -0.9371714239904825, -0.34656289980057586, -0.6114114127505603, 0.641641776373221, -0.6580996135368649, -0.47516959273550485, -0.4101935109413024, 0.8307500065321161, 0.06319334221007522, -0.6186300680354304, 0.413579062399444, 0.9636443645103692, -0.11008871550940436, 0.7489703864596454, -0.05875439274517458, -0.8056706659222332, -0.3704347207991958, -0.4616210209866902, -0.6903804808509406, -0.14695353869386985, 0.00554715424601826, -0.6028845793005627, 0.6993013393057939, -0.2172977100054163, -0.6015519490200893, 0.5776454481380977, -0.9425632565210529, -0.1040143019338815, 0.756435927128275, -0.46872659517234205, 0.9478783699279154, 2.42315435425855e-05, -0.7169083459429269, 0.003694831847706803, 0.1159935534149028, 0.0643530823189713, -0.06833127544111162, 0.5672062786576018, -0.08677595419667328, -0.5139715981786663, -0.5124692705565774, -0.16440841998600764, 0.08322360583749222, 0.006275020568699219, 0.9741174096217449, 0.09922125316544639, 0.5930718355709623, 0.8194752089277122, -0.8061148152642807, -0.9629726048419927, -0.7096400538558554, 0.6004814331739192, 0.34404747355018506, -0.9957731864207624, 0.9965994050995641, -0.2898236248710646, -0.5526905843195709, 0.003823769373787478, -0.21692702342932035, -0.9558554062386444, -0.12020173227881259, -0.5409528814186586, -0.8921587328714462, 0.9175066826291245, 0.38645669989267906]
-15.688775794114918	(8, 12, 2)	[-0.004191025849941354, 0.5665778240174133, -0.6196805033239623, -0.3112825756202504, -0.15406573714943672, 0.8579333308316539, 0.5298449716695391, 0.18198184751905022, -0.13280792824589227, 0.8117477950824208, -0.6379563810623741, -0.9120997241786815, 0.701159014355941, -0.702946425366251, 0.5381607737284482, -0.31000208643770755, -0.042458733608784494, -0.03884391339260507, -0.6111321375813761, -0.463054449213264, -0.11214828508783214, 0.07068643398267693, 0.5759410513055818, -0.4621059845879032, 0.08026554581098888, -0.05076861319119241, 0.5359099351132015, 0.22204023768488756, 0.8494272918886927, 0.44903857622215604, -0.2414373694437908, 0.3360915554081987, 0.6178296415855442, 0.8050392283738061, -0.5449088204395383, -0.9844699618850095, 0.04230511608223586, 0.31262189738013024, 0.16116355930569148, -0.9239988048077841, 0.4437044685291587, -0.06544117132421334, 0.7119257801526226, -0.5427148545964202, 0.17970953246455035, 0.740797548563551, 0.7396827435086515, -0.5751987187734471, -0.8751575173009796, -0.4286026763933781, 0.48650028724737626, 0.5308324053266071, -0.2212505431081484, 0.03180907403622113, 0.4823819238204461, -0.9371714239904825, -0.34656289980057586, -0.6114114127505603, 0.641641776373221, -0.6580996135368649, -0.47516959273550485, -0.4101935109413024, 0.8307500065321161, 0.06319334221007522, -0.6186300680354304, 0.413579062399444, 0.9636443645103692, -0.11008871550940436, 0.9622342321153222, -0.05875439274517458, -0.8056706659222332, -0.3704347207991958, -0.4616210209866902, -0.6903804808509406, -0.14695353869386985, 0.00554715424601826, -0.6028845793005627, 0.6993013393057939, -0.2172977100054163, -0.6015519490200893, 0.5776454481380977, -0.9425632565210529, -0.1040143019338815, 0.756435927128275, -0.46872659517234205, 0.9478783699279154, 2.42315435425855e-05, -0.7169083459429269, 0.003694831847706803, 0.1159935534149028, 0.0643530823189713, -0.06833127544111162, 0.5672062786576018, -0.08677595419667328, -0.5139715981786663, -0.5124692705565774, -0.16440841998600764, 0.08322360583749222, 0.006275020568699219, 0.9741174096217449, 0.05890021009946222, 0.5930718355709623, 0.8194752089277122, -0.8061148152642807, -0.9629726048419927, -0.7096400538558554, 0.6004814331739192, 0.34404747355018506, -0.9957731864207624, 0.9965994050995641, -0.2898236248710646, -0.5526905843195709, 0.003823769373787478, -0.21692702342932035, -0.9558554062386444, -0.12020173227881259, -0.5409528814186586, -0.8921587328714462, 0.9175066826291245, 0.38645669989267906]
475.60143284499645	(8, 12, 2)	[-0.004191025849941354, 0.5665778240174133, -0.6196805033239623, -0.3112825756202504, -0.15406573714943672, 0.8579333308316539, 0.5298449716695391, 0.18198184751905022, -0.13280792824589227, 0.8117477950824208, -0.6379563810623741, -0.9120997241786815, 0.701159014355941, -0.702946425366251, 0.5381607737284482, -0.31000208643770755, -0.042458733608784494, -0.03884391339260507, -0.6111321375813761, -0.5586645142068652, -0.11214828508783214, 0.07068643398267693, 0.5759410513055818, -0.4621059845879032, 0.08026554581098888, -0.05076861319119241, 0.5359099351132015, 0.22204023768488756, 0.8494272918886927, 0.44903857622215604, -0.2414373694437908, 0.3360915554081987, 0.6178296415855442, 0.8050392283738061, -0.5449088204395383, -0.9844699618850095, 0.04230511608223586, 0.31262189738013024, 0.16116355930569148, -0.9239988048077841, 0.4437044685291587, -0.06544117132421334, 0.7119257801526226, -0.5427148545964202, 0.17970953246455035, 0.740797548563551, 0.7396827435086515, -0.5751987187734471, -0.8751575173009796, -0.4286026763933781, 0.48650028724737626, 0.5308324053266071, -0.2212505431081484, 0.03180907403622113, 0.4823819238204461, -0.9371714239904825, -0.34656289980057586, -0.6114114127505603, 0.641641776373221, -0.6580996135368649, -0.47516959273550485, -0.4101935109413024, 0.8307500065321161, 0.06319334221007522, -0.6186300680354304, 0.413579062399444, 0.9636443645103692, -0.11008871550940436, 0.9622342321153222, -0.05875439274517458, -0.8056706659222332, -0.3704347207991958, -0.4616210209866902, -0.6903804808509406, -0.14695353869386985, 0.00554715424601826, -0.6028845793005627, 0.6993013393057939, -0.2172977100054163, -0.6015519490200893, 0.5776454481380977, -0.9425632565210529, -0.1040143019338815, 0.756435927128275, -0.46872659517234205, 0.9478783699279154, 2.42315435425855e-05, -0.7169083459429269, 0.003694831847706803, 0.1159935534149028, 0.0643530823189713, -0.06833127544111162, 0.5672062786576018, -0.08677595419667328, -0.5139715981786663, -0.5124692705565774, -0.16440841998600764, 0.08322360583749222, 0.006275020568699219, 0.9741174096217449, 0.05890021009946222, 0.5930718355709623, 0.8194752089277122, -0.8061148152642807, -0.9629726048419927, -0.7096400538558554, 0.6004814331739192, 0.34404747355018506, -0.9957731864207624, 0.9965994050995641, -0.2898236248710646, -0.5526905843195709, 0.003823769373787478, -0.21692702342932035, -0.9558554062386444, -0.12020173227881259, -0.5409528814186586, -0.8921587328714462, 0.9175066826291245, 0.38645669989267906]
-4.445616646627238	(8, 12, 2)	[-0.004191025849941354, 0.5665778240174133, -0.6196805033239623, -0.3112825756202504, -0.15406573714943672, 0.8579333308316539, 0.6276718853733887, 0.18198184751905022, -0.1893445132734999, 0.8117477950824208, -0.6379563810623741, -0.9120997241786815, 0.701159014355941, -0.702946425366251, 0.5381607737284482, -0.31000208643770755, -0.042458733608784494, -0.03884391339260507, -0.6111321375813761, -0.463054449213264, -0.11214828508783214, 0.07068643398267693, 0.5759410513055818, -0.4621059845879032, 0.08026554581098888, -0.05076861319119241, 0.5359099351132015, 0.22204023768488756, 0.8494272918886927, 0.44903857622215604, -0.2414373694437908, 0.3360915554081987, 0.6178296415855442, 0.8050392283738061, -0.5449088204395383, -0.9844699618850095, 0.04230511608223586, 0.31262189738013024, 0.16116355930569148, -0.9239988048077841, 0.4437044685291587, -0.06544117132421334, 0.7119257801526226, -0.5427148545964202, 0.17970953246455035, 0.740797548563551, 0.7396827435086515, -0.5751987187734471, -0.8751575173009796, -0.4286026763933781, 0.48650028724737626, 0.5308324053266071, -0.2212505431081484, 0.03180907403622113, 0.4823819238204461, -0.9371714239904825, -0.34656289980057586, -0.6114114127505603, 0.641641776373221, -0.6580996135368649, -0.47516959273550485, -0.4101935109413024, 0.8307500065321161, 0.06319334221007522, -0.6186300680354304, 0.413579062399444, 0.9636443645103692, -0.11008871550940436, 0.9622342321153222, -0.05875439274517458, -0.8056706659222332, -0.3704347207991958, -0.4616210209866902, -0.6903804808509406, -0.14695353869386985, 0.00554715424601826, -0.6028845793005627, 0.6993013393057939, -0.2172977100054163, -0.579311970792607, 0.5776454481380977, -0.9425632565210529, -0.1040143019338815, 0.756435927128275, -0.46872659517234205, 0.9478783699279154, 2.42315435425855e-05, -0.7169083459429269, 0.003694831847706803, 0.1159935534149028, 0.0643530823189713, -0.06833127544111162, 0.5672062786576018, -0.08677595419667328, -0.5139715981786663, -0.5124692705565774, -0.16440841998600764, 0.08322360583749222, 0.006275020568699219, 0.9741174096217449, 0.09922125316544639, 0.5930718355709623, 0.8194752089277122, -0.8061148152642807, -0.9629726048419927, -0.7096400538558554, 0.6004814331739192, 0.34404747355018506, -0.9957731864207624, 0.9965994050995641, -0.2898236248710646, -0.5526905843195709, 0.003823769373787478, -0.21692702342932035, -0.9558554062386444, 0.05830449953505945, -0.5409528814186586, -0.8921587328714462, 0.9175066826291245, 0.38645669989267906]
-4.415312622702975	(8, 12, 2)	[-0.004191025849941354, 0.5665778240174133, -0.6196805033239623, -0.3112825756202504, -0.15406573714943672, 0.8579333308316539, 0.6276718853733887, 0.18198184751905022, -0.1893445132734999, 0.8117477950824208, -0.6379563810623741, -0.9120997241786815, 0.701159014355941, -0.702946425366251, 0.5381607737284482, -0.31000208643770755, -0.042458733608784494, -0.03884391339260507, -0.6111321375813761, -0.463054449213264, -0.11214828508783214, -0.22331816731900905, 0.5759410513055818, -0.4621059845879032, 0.08026554581098888, -0.05076861319119241, 0.5359099351132015, 0.22204023768488756, 0.8494272918886927, 0.44903857622215604, -0.2414373694437908, 0.3360915554081987, 0.6178296415855442, 0.8050392283738061, -0.5449088204395383, -0.9844699618850095, 0.04230511608223586, 0.31262189738013024, 0.16116355930569148, -0.9239988048077841, 0.4437044685291587, -0.06544117132421334, 0.7119257801526226, -0.5427148545964202, 0.17970953246455035, 0.740797548563551, 0.7396827435086515, -0.5751987187734471, -0.8751575173009796, -0.31294692965535686, 0.48650028724737626, 0.5308324053266071, -0.2212505431081484, 0.03180907403622113, 0.4823819238204461, -0.9371714239904825, -0.34656289980057586, -0.6114114127505603, 0.641641776373221, -0.6580996135368649, -0.47516959273550485, -0.4101935109413024, 0.8307500065321161, 0.06319334221007522, -0.6186300680354304, 0.413579062399444, 0.9636443645103692, -0.11008871550940436, 0.7489703864596454, -0.05875439274517458, -0.8056706659222332, -0.3704347207991958, -0.4616210209866902, -0.6903804808509406, -0.14695353869386985, 0.00554715424601826, -0.6028845793005627, 0.6993013393057939, -0.2172977100054163, -0.6015519490200893, 0.5776454481380977, -0.9425632565210529, -0.1040143019338815, 0.756435927128275, -0.3491357261684071, 0.9478783699279154, 2.42315435425855e-05, -0.7169083459429269, 0.003694831847706803, 0.1159935534149028, 0.0643530823189713, -0.06794398038481231, 0.5672062786576018, -0.08677595419667328, -0.5139715981786663, -0.5124692705565774, -0.16440841998600764, 0.08322360583749222, 0.006275020568699219, 0.9741174096217449, 0.09922125316544639, 0.5930718355709623, 0.8194752089277122, -0.8061148152642807, -0.9629726048419927, -0.7096400538558554, 0.6004814331739192, 0.34404747355018506, -0.9957731864207624, 0.9965994050995641, -0.2898236248710646, -0.5526905843195709, 0.003823769373787478, -0.21692702342932035, -0.9558554062386444, -0.12020173227881259, -0.5409528814186586, -0.8921587328714462, 0.9175066826291245, 0.38645669989267906]
474.79995638132095	(8, 12, 2)	[-0.004191025849941354, 0.5665778240174133, -0.6196805033239623, -0.3112825756202504, -0.15406573714943672, 0.8579333308316539, 0.5298449716695391, 0.18198184751905022, -0.13280792824589227, 0.8117477950824208, -0.6379563810623741, -0.9120997241786815, 0.701159014355941, -0.702946425366251, 0.5381607737284482, -0.31000208643770755, -0.042458733608784494, -0.03884391339260507, -0.6111321375813761, -0.5586645142068652, -0.11214828508783214, 0.07068643398267693, 0.5759410513055818, -0.4621059845879032, 0.08026554581098888, -0.05076861319119241, 0.5359099351132015, 0.22204023768488756, 0.8494272918886927, 0.44903857622215604, -0.2414373694437908, 0.3360915554081987, 0.6178296415855442, 0.8050392283738061, -0.5449088204395383, -0.9844699618850095, 0.04230511608223586, 0.31262189738013024, 0.16116355930569148, -0.9239988048077841, 0.4437044685291587, -0.06544117132421334, 0.7119257801526226, -0.5427148545964202, 0.17970953246455035, 0.740797548563551, 0.7396827435086515, -0.5751987187734471, -0.8751575173009796, -0.4286026763933781, 0.48650028724737626, 0.5308324053266071, -0.2212505431081484, 0.03180907403622113, 0.4823819238204461, -0.9371714239904825, -0.34656289980057586, -0.6114114127505603, 0.641641776373221, -0.6580996135368649, -0.47516959273550485, -0.4101935109413024, 0.8307500065321161, 0.06319334221007522, -0.6186300680354304, 0.413579062399444, 0.9636443645103692, -0.11008871550940436, 0.9622342321153222, -0.05875439274517458, -0.8056706659222332, -0.3704347207991958, -0.4616210209866902, -0.6903804808509406, -0.14695353869386985, 0.00554715424601826, -0.6028845793005627, 0.6993013393057939, -0.2172977100054163, -0.6015519490200893, 0.5776454481380977, -0.9425632565210529, -0.1040143019338815, 0.756435927128275, -0.46872659517234205, 0.9478783699279154, 2.42315435425855e-05, -0.7169083459429269, 0.003694831847706803, 0.1159935534149028, 0.0643530823189713, -0.06833127544111162, 0.5672062786576018, -0.08677595419667328, -0.5139715981786663, -0.5124692705565774, -0.16440841998600764, 0.08322360583749222, 0.006275020568699219, 0.9741174096217449, 0.05890021009946222, 0.5930718355709623, 0.8194752089277122, -0.8061148152642807, -0.9629726048419927, -0.7096400538558554, 0.6004814331739192, 0.34404747355018506, -0.9957731864207624, 0.9965994050995641, -0.2898236248710646, -0.5526905843195709, 0.003823769373787478, -0.21692702342932035, -0.9558554062386444, -0.12020173227881259, -0.5409528814186586, -0.8921587328714462, 0.9175066826291245, 0.38645669989267906]
485.67033102735877	(8, 12, 2)	[-0.004191025849941354, 0.5665778240174133, -0.6196805033239623, -0.3112825756202504, -0.15406573714943672, 0.8579333308316539, 0.5298449716695391, 0.45483046805348165, -0.13280792824589227, 0.8117477950824208, -0.6379563810623741, -1, 0.701159014355941, -0.702946425366251, 0.5381607737284482, -0.31000208643770755, -0.042458733608784494, -0.03884391339260507, -0.6111321375813761, -0.463054449213264, -0.11214828508783214, 0.07068643398267693, 0.5759410513055818, -0.4621059845879032, 0.08026554581098888, -0.05076861319119241, 0.5359099351132015, 0.17458228939576623, 0.8494272918886927, 0.44903857622215604, -0.2414373694437908, 0.3360915554081987, 0.6178296415855442, 0.8050392283738061, -0.5449088204395383, -0.9844699618850095, 0.04230511608223586, 0.31262189738013024, 0.16116355930569148, -0.9239988048077841, 0.4437044685291587, -0.06544117132421334, 0.7119257801526226, -0.5427148545964202, 0.17970953246455035, 0.740797548563551, 0.7396827435086515, -0.5751987187734471, -0.8751575173009796, -0.4286026763933781, 0.48650028724737626, 0.5308324053266071, -0.2212505431081484, 0.03180907403622113, 0.4823819238204461, -0.9371714239904825, -0.34656289980057586, -0.6114114127505603, 0.641641776373221, -0.6580996135368649, -0.47516959273550485, -0.4101935109413024, 0.8307500065321161, 0.0376829045044048, -0.6186300680354304, 0.413579062399444, 0.9636443645103692, -0.11008871550940436, 0.9622342321153222, -0.05875439274517458, -0.8056706659222332, -0.3704347207991958, -0.4616210209866902, -0.6903804808509406, -0.14695353869386985, 0.00554715424601826, -0.6028845793005627, 0.6993013393057939, -0.2172977100054163, -0.6015519490200893, 0.5776454481380977, -0.9425632565210529, -0.1040143019338815, 0.756435927128275, -0.46872659517234205, 0.9478783699279154, 2.42315435425855e-05, -0.7169083459429269, 0.003694831847706803, 0.1159935534149028, 0.0643530823189713, -0.06833127544111162, 0.5672062786576018, -0.08677595419667328, -0.5139715981786663, -0.5124692705565774, -0.16440841998600764, 0.08322360583749222, 0.006275020568699219, 0.9741174096217449, 0.05890021009946222, 0.5930718355709623, 0.8194752089277122, -0.8061148152642807, -0.9629726048419927, -0.7096400538558554, 0.6004814331739192, 0.34404747355018506, -0.9957731864207624, 0.9965994050995641, -0.2898236248710646, -0.5526905843195709, 0.003823769373787478, -0.21692702342932035, -0.9558554062386444, -0.12020173227881259, -0.5409528814186586, -0.8921587328714462, 0.9175066826291245, 0.38645669989267906]
488.528521778062	(8, 12, 2)	[-0.004191025849941354, 0.5665778240174133, -0.6196805033239623, -0.3112825756202504, -0.15406573714943672, 0.8579333308316539, 0.5298449716695391, 0.45483046805348165, -0.13280792824589227, 0.8117477950824208, -0.6379563810623741, -1, 0.701159014355941, -0.702946425366251, 0.5381607737284482, -0.31000208643770755, -0.042458733608784494, -0.03884391339260507, -0.6111321375813761, -0.463054449213264, -0.11214828508783214, 0.07068643398267693, 0.5759410513055818, -0.4621059845879032, 0.08026554581098888, -0.05076861319119241, 0.5359099351132015, 0.17458228939576623, 0.8494272918886927, 0.44903857622215604, -0.2414373694437908, 0.3360915554081987, 0.6178296415855442, 0.8050392283738061, -0.5449088204395383, -0.9844699618850095, 0.04230511608223586, 0.31262189738013024, 0.16116355930569148, -0.9239988048077841, 0.4437044685291587, -0.06544117132421334, 0.7119257801526226, -0.5427148545964202, 0.17970953246455035, 0.740797548563551, 0.7396827435086515, -0.5751987187734471, -0.8751575173009796, -0.4286026763933781, 0.48650028724737626, 0.5308324053266071, -0.2212505431081484, 0.03180907403622113, 0.4823819238204461, -0.9371714239904825, -0.34656289980057586, -0.6114114127505603, 0.641641776373221, -0.6580996135368649, -0.47516959273550485, -0.4101935109413024, 0.8307500065321161, 0.0376829045044048, -0.6186300680354304, 0.413579062399444, 0.9636443645103692, -0.11008871550940436, 0.9622342321153222, -0.05875439274517458, -0.8056706659222332, -0.3704347207991958, -0.4616210209866902, -0.6903804808509406, -0.14695353869386985, 0.00554715424601826, -0.6028845793005627, 0.6993013393057939, -0.2172977100054163, -0.6015519490200893, 0.5776454481380977, -0.9425632565210529, -0.1040143019338815, 0.756435927128275, -0.46872659517234205, 0.9478783699279154, 2.42315435425855e-05, -0.7169083459429269, 0.003694831847706803, 0.1159935534149028, 0.0643530823189713, -0.06833127544111162, 0.5672062786576018, -0.08677595419667328, -0.5139715981786663, -0.5124692705565774, -0.16440841998600764, 0.08322360583749222, 0.006275020568699219, 0.9741174096217449, 0.05890021009946222, 0.5684858081718466, 0.8194752089277122, -0.8061148152642807, -0.9629726048419927, -0.7096400538558554, 0.6004814331739192, 0.34404747355018506, -0.9957731864207624, 0.9965994050995641, -0.2898236248710646, -0.46652339356206696, 0.003823769373787478, -0.21692702342932035, -0.9558554062386444, -0.12020173227881259, -0.5409528814186586, -0.8921587328714462, 0.9175066826291245, 0.38645669989267906]
472.1806511282921	(8, 12, 2)	[-0.004191025849941354, 0.5665778240174133, -0.6196805033239623, -0.3112825756202504, -0.15406573714943672, 0.777977556299353, 0.5298449716695391, 0.18198184751905022, -0.13280792824589227, 0.8117477950824208, -0.6379563810623741, -0.9120997241786815, 0.701159014355941, -0.702946425366251, 0.5381607737284482, -0.31000208643770755, -0.042458733608784494, -0.03884391339260507, -0.6111321375813761, -0.463054449213264, -0.11214828508783214, 0.07068643398267693, 0.5759410513055818, -0.4621059845879032, 0.08026554581098888, -0.05076861319119241, 0.5359099351132015, 0.22204023768488756, 0.8494272918886927, 0.44903857622215604, -0.2414373694437908, 0.3360915554081987, 0.6178296415855442, 0.8050392283738061, -0.5449088204395383, -0.9844699618850095, 0.04230511608223586, 0.31262189738013024, 0.16116355930569148, -0.9239988048077841, 0.4437044685291587, -0.06544117132421334, 0.7119257801526226, -0.5427148545964202, 0.17970953246455035, 0.740797548563551, 0.7396827435086515, -0.5751987187734471, -0.8751575173009796, -0.4286026763933781, 0.48650028724737626, 0.5308324053266071, -0.2212505431081484, 0.03180907403622113, 0.4823819238204461, -0.9371714239904825, -0.34656289980057586, -0.6114114127505603, 0.641641776373221, -0.6580996135368649, -0.47516959273550485, -0.4101935109413024, 0.8307500065321161, 0.06319334221007522, -0.6186300680354304, 0.413579062399444, 0.9636443645103692, -0.11008871550940436, 0.9622342321153222, -0.05875439274517458, -0.8056706659222332, -0.3704347207991958, -0.4616210209866902, -0.6903804808509406, -0.14695353869386985, 0.00554715424601826, -0.6028845793005627, 0.6993013393057939, -0.2172977100054163, -0.42499830829231566, 0.5776454481380977, -0.9425632565210529, -0.1040143019338815, 0.756435927128275, -0.46872659517234205, 0.9478783699279154, 2.42315435425855e-05, -0.7169083459429269, 0.003694831847706803, 0.1159935534149028, 0.0643530823189713, -0.06833127544111162, 0.45671006504395895, -0.08677595419667328, -0.5139715981786663, -0.5124692705565774, -0.16440841998600764, 0.08322360583749222, 0.006275020568699219, 0.9741174096217449, 0.09922125316544639, 0.5930718355709623, 0.8194752089277122, -0.8061148152642807, -0.9629726048419927, -0.7096400538558554, 0.6004814331739192, 0.34404747355018506, -0.9957731864207624, 0.9965994050995641, -0.2898236248710646, -0.5526905843195709, 0.003823769373787478, -0.21692702342932035, -0.9558554062386444, -0.12020173227881259, -0.5409528814186586, -0.8921587328714462, 0.9175066826291245, 0.38645669989267906]
474.45066049695015	(8, 12, 2)	[-0.004191025849941354, 0.5665778240174133, -0.6196805033239623, -0.3112825756202504, -0.15406573714943672, 0.8579333308316539, 0.5298449716695391, 0.45483046805348165, -0.13280792824589227, 0.8117477950824208, -0.6379563810623741, -1, 0.701159014355941, -0.702946425366251, 0.5381607737284482, -0.31000208643770755, -0.042458733608784494, -0.03884391339260507, -0.6111321375813761, -0.463054449213264, -0.11214828508783214, 0.07068643398267693, 0.5759410513055818, -0.4621059845879032, 0.08026554581098888, -0.05076861319119241, 0.5359099351132015, 0.17458228939576623, 0.8494272918886927, 0.6625108457302399, -0.2414373694437908, 0.3360915554081987, 0.6178296415855442, 0.8050392283738061, -0.5449088204395383, -0.9844699618850095, 0.04230511608223586, 0.31262189738013024, 0.16116355930569148, -0.9239988048077841, 0.4437044685291587, -0.06544117132421334, 0.7119257801526226, -0.5427148545964202, 0.17970953246455035, 0.740797548563551, 0.7396827435086515, -0.5751987187734471, -0.8751575173009796, -0.4286026763933781, 0.48650028724737626, 0.5308324053266071, -0.2212505431081484, 0.03180907403622113, 0.4823819238204461, -0.9371714239904825, -0.34656289980057586, -0.6114114127505603, 0.641641776373221, -0.6580996135368649, -0.47516959273550485, -0.4101935109413024, 0.8307500065321161, 0.0376829045044048, -0.6186300680354304, 0.413579062399444, 0.9636443645103692, -0.11008871550940436, 0.9622342321153222, -0.05875439274517458, -0.8056706659222332, -0.3704347207991958, -0.4616210209866902, -0.6903804808509406, -0.14695353869386985, 0.00554715424601826, -0.6028845793005627, 0.6993013393057939, -0.2172977100054163, -0.6015519490200893, 0.5776454481380977, -0.9425632565210529, -0.1040143019338815, 0.756435927128275, -0.46872659517234205, 0.9478783699279154, 2.42315435425855e-05, -0.7169083459429269, 0.003694831847706803, 0.1159935534149028, 0.0643530823189713, -0.06833127544111162, 0.5672062786576018, -0.08677595419667328, -0.5139715981786663, -0.5124692705565774, -0.16440841998600764, 0.08322360583749222, 0.006275020568699219, 0.9741174096217449, 0.05890021009946222, 0.5930718355709623, 0.8194752089277122, -0.8061148152642807, -0.9629726048419927, -0.7096400538558554, 0.6004814331739192, 0.34404747355018506, -0.9957731864207624, 0.9965994050995641, -0.2898236248710646, -0.5526905843195709, 0.003823769373787478, -0.21692702342932035, -0.9558554062386444, -0.12020173227881259, -0.5409528814186586, -0.8921587328714462, 0.9175066826291245, 0.38645669989267906]
-11.214583093970866	(8, 12, 2)	[-0.004191025849941354, 0.5665778240174133, -0.6196805033239623, -0.3112825756202504, -0.15406573714943672, 0.8579333308316539, 0.5298449716695391, 0.45483046805348165, -0.13280792824589227, 0.8117477950824208, -0.6379563810623741, -1, 0.701159014355941, -0.702946425366251, 0.5381607737284482, -0.31000208643770755, 0.31213695584634155, -0.03884391339260507, -0.6111321375813761, -0.463054449213264, -0.11214828508783214, 0.07068643398267693, 0.5759410513055818, -0.4621059845879032, 0.08026554581098888, -0.05076861319119241, 0.5359099351132015, 0.17458228939576623, 0.8494272918886927, 0.44903857622215604, -0.2414373694437908, 0.3360915554081987, 0.6178296415855442, 0.8050392283738061, -0.5449088204395383, -0.9844699618850095, 0.04230511608223586, 0.31262189738013024, 0.16116355930569148, -1, 0.4437044685291587, -0.06544117132421334, 1, -0.5427148545964202, 0.17970953246455035, 0.740797548563551, 0.7396827435086515, -0.5751987187734471, -0.8751575173009796, -0.4286026763933781, 0.48650028724737626, 0.5308324053266071, -0.2212505431081484, 0.03180907403622113, 0.5330173698266989, -0.9371714239904825, -0.34656289980057586, -0.6114114127505603, 0.641641776373221, -0.6580996135368649, -0.47516959273550485, -0.4101935109413024, 0.8019874008472612, 0.06319334221007522, -0.6186300680354304, 0.413579062399444, 0.9636443645103692, -0.11008871550940436, 0.9622342321153222, -0.05875439274517458, -0.8056706659222332, -0.3704347207991958, -0.4616210209866902, -0.6903804808509406, -0.14695353869386985, 0.00554715424601826, -0.6028845793005627, 0.6993013393057939, -0.2172977100054163, -0.579311970792607, 0.5776454481380977, -0.9425632565210529, -0.1040143019338815, 0.756435927128275, -0.46872659517234205, 0.9478783699279154, 2.42315435425855e-05, -0.7169083459429269, 0.003694831847706803, 0.1159935534149028, 0.0643530823189713, -0.06833127544111162, 0.5672062786576018, 0.15576402669039566, -0.5139715981786663, -0.5124692705565774, -0.16440841998600764, 0.08322360583749222, 0.006275020568699219, 0.9741174096217449, 0.05890021009946222, 0.5930718355709623, 0.7284188045247308, -0.8061148152642807, -0.9629726048419927, -0.7096400538558554, 0.6004814331739192, 0.34404747355018506, -0.9957731864207624, 0.9965994050995641, -0.2898236248710646, -0.5526905843195709, 0.003823769373787478, -0.21692702342932035, -0.9558554062386444, -0.12020173227881259, -0.5409528814186586, -0.8921587328714462, 0.9175066826291245, 0.38645669989267906]
473.45000270870514	(8, 12, 2)	[-0.004191025849941354, 0.5665778240174133, -0.6196805033239623, -0.3112825756202504, -0.15406573714943672, 0.777977556299353, 0.5298449716695391, 0.18198184751905022, -0.13280792824589227, 0.8117477950824208, -0.6379563810623741, -0.9120997241786815, 0.701159014355941, -0.702946425366251, 0.5381607737284482, -0.31000208643770755, -0.042458733608784494, -0.03884391339260507, -0.6111321375813761, -0.463054449213264, -0.11214828508783214, 0.07068643398267693, 0.5759410513055818, -0.4621059845879032, 0.08026554581098888, -0.05076861319119241, 0.5359099351132015, 0.22204023768488756, 0.8494272918886927, 0.44903857622215604, -0.2414373694437908, 0.3360915554081987, 0.6178296415855442, 0.8050392283738061, -0.5449088204395383, -0.9844699618850095, 0.04230511608223586, 0.31262189738013024, 0.16116355930569148, -0.9239988048077841, 0.4437044685291587, -0.06544117132421334, 0.7119257801526226, -0.5427148545964202, 0.17970953246455035, 0.740797548563551, 0.7396827435086515, -0.5751987187734471, -0.8751575173009796, -0.4286026763933781, 0.48650028724737626, 0.5308324053266071, -0.2212505431081484, 0.03180907403622113, 0.4823819238204461, -0.9371714239904825, -0.34656289980057586, -0.6114114127505603, 0.641641776373221, -0.6580996135368649, -0.47516959273550485, -0.4101935109413024, 0.8307500065321161, 0.06319334221007522, -0.6186300680354304, 0.5301102567428266, 0.9636443645103692, -0.11008871550940436, 0.9622342321153222, -0.05875439274517458, -0.8056706659222332, -0.3704347207991958, -0.4616210209866902, -0.6903804808509406, -0.14695353869386985, 0.00554715424601826, -0.6028845793005627, 0.6993013393057939, -0.2172977100054163, -0.6015519490200893, 0.5776454481380977, -0.9425632565210529, -0.1040143019338815, 0.756435927128275, -0.8475323482353141, 0.9478783699279154, 2.42315435425855e-05, -0.7169083459429269, 0.003694831847706803, 0.1159935534149028, 0.0643530823189713, -0.06833127544111162, 0.45671006504395895, -0.08677595419667328, -0.5139715981786663, -0.5124692705565774, -0.16440841998600764, 0.08322360583749222, 0.006275020568699219, 0.9741174096217449, 0.05890021009946222, 0.5684858081718466, 0.8194752089277122, -0.8061148152642807, -0.9629726048419927, -0.7096400538558554, 0.6004814331739192, 0.34404747355018506, -0.9957731864207624, 0.9965994050995641, -0.2898236248710646, -0.5526905843195709, 0.003823769373787478, -0.21692702342932035, -0.9558554062386444, -0.12020173227881259, -0.5409528814186586, -0.8921587328714462, 0.9175066826291245, 0.38645669989267906]
454.37424555420876	(8, 12, 2)	[-0.004191025849941354, 0.5665778240174133, -0.6196805033239623, -0.3112825756202504, -0.15406573714943672, 0.777977556299353, 0.5298449716695391, 0.18198184751905022, -0.13280792824589227, 0.8117477950824208, -0.6379563810623741, -0.9120997241786815, 0.701159014355941, -0.702946425366251, 0.8149848096733427, -0.31000208643770755, -0.042458733608784494, -0.03884391339260507, -0.6111321375813761, -0.463054449213264, -0.11214828508783214, 0.07068643398267693, 0.5759410513055818, -0.4621059845879032, 0.08026554581098888, -0.05076861319119241, 0.5359099351132015, 0.22204023768488756, 0.8494272918886927, 0.44903857622215604, -0.2414373694437908, 0.3360915554081987, 0.6178296415855442, 0.8050392283738061, -0.5449088204395383, -0.9844699618850095, 0.04230511608223586, 0.31262189738013024, 0.16116355930569148, -0.9239988048077841, 0.4437044685291587, -0.06544117132421334, 0.7119257801526226, -0.5427148545964202, 0.23285425598021325, 0.740797548563551, 0.7396827435086515, -0.5751987187734471, -0.8751575173009796, -0.4286026763933781, 0.48650028724737626, 0.5308324053266071, -0.2212505431081484, 0.03180907403622113, 0.4823819238204461, -0.9371714239904825, -0.34656289980057586, -0.6114114127505603, 0.641641776373221, -0.886576351844772, -0.47516959273550485, -0.4101935109413024, 0.8307500065321161, 0.06319334221007522, -0.6186300680354304, 0.413579062399444, 0.9636443645103692, -0.11008871550940436, 0.9622342321153222, -0.05875439274517458, -0.8056706659222332, -0.3704347207991958, -0.4616210209866902, -0.6903804808509406, -0.14695353869386985, 0.00554715424601826, -0.6028845793005627, 0.6993013393057939, -0.2172977100054163, -0.7003225161519666, 0.5776454481380977, -0.9425632565210529, -0.1040143019338815, 0.756435927128275, -0.46872659517234205, 0.9478783699279154, 2.42315435425855e-05, -0.7169083459429269, 0.003694831847706803, 0.1159935534149028, 0.0643530823189713, -0.06833127544111162, 0.5672062786576018, 0.15576402669039566, -0.5139715981786663, -0.5124692705565774, -0.16440841998600764, 0.08322360583749222, 0.006275020568699219, 0.9741174096217449, 0.05890021009946222, 0.5930718355709623, 0.8194752089277122, -0.8061148152642807, -0.9629726048419927, -0.8226540806902565, 0.6004814331739192, 0.34404747355018506, -0.9957731864207624, 0.9965994050995641, -0.2898236248710646, -0.5526905843195709, 0.003823769373787478, -0.21692702342932035, -0.9558554062386444, -0.12020173227881259, -0.5409528814186586, -0.8921587328714462, 0.9175066826291245, 0.38645669989267906]
482.7352961525321	(8, 12, 2)	[-0.004191025849941354, 0.5665778240174133, -0.6196805033239623, -0.3112825756202504, -0.15406573714943672, 0.8579333308316539, 0.5298449716695391, 0.45483046805348165, -0.13280792824589227, 0.8117477950824208, -0.6379563810623741, -1, 0.701159014355941, -0.702946425366251, 0.5381607737284482, -0.31000208643770755, 0.31213695584634155, -0.03884391339260507, -0.6111321375813761, -0.463054449213264, -0.11214828508783214, 0.07068643398267693, 0.5759410513055818, -0.4621059845879032, 0.08026554581098888, -0.05076861319119241, 0.5359099351132015, 0.17458228939576623, 0.8494272918886927, 0.44903857622215604, -0.2414373694437908, 0.3360915554081987, 0.6178296415855442, 0.8050392283738061, -0.5449088204395383, -0.9844699618850095, 0.04230511608223586, 0.31262189738013024, 0.16116355930569148, -0.9239988048077841, 0.6543175808853415, -0.0513873830692214, 1, -0.5427148545964202, 0.17970953246455035, 0.740797548563551, 0.7396827435086515, -0.5751987187734471, -0.8751575173009796, -0.4286026763933781, 0.48650028724737626, 0.5308324053266071, -0.2212505431081484, 0.03180907403622113, 0.6484577260430695, -0.9371714239904825, -0.34656289980057586, -0.6114114127505603, 0.641641776373221, -0.6580996135368649, -0.6722338461586149, -0.4101935109413024, 0.8307500065321161, 0.06319334221007522, -0.6186300680354304, 0.413579062399444, 0.9636443645103692, -0.11008871550940436, 0.9622342321153222, -0.05875439274517458, -0.8056706659222332, -0.3704347207991958, -0.4616210209866902, -0.6903804808509406, -0.14695353869386985, 0.00554715424601826, -0.6028845793005627, 0.6993013393057939, -0.2172977100054163, -0.42499830829231566, 0.5776454481380977, -0.9425632565210529, -0.1040143019338815, 0.756435927128275, -0.46872659517234205, 0.9478783699279154, 2.42315435425855e-05, -0.7169083459429269, 0.003694831847706803, 0.1159935534149028, 0.0643530823189713, -0.006670043817313218, 0.45671006504395895, -0.20661080829769776, -0.5139715981786663, -0.5124692705565774, -0.16440841998600764, 0.08322360583749222, 0.006275020568699219, 0.9741174096217449, 0.09922125316544639, 0.5930718355709623, 0.8194752089277122, -0.8061148152642807, -0.9629726048419927, -0.7096400538558554, 0.6004814331739192, 0.34404747355018506, -0.9957731864207624, 0.9965994050995641, -0.2898236248710646, -0.5526905843195709, 0.003823769373787478, -0.21692702342932035, -0.9558554062386444, -0.12020173227881259, -0.5409528814186586, -0.8921587328714462, 0.9175066826291245, 0.38645669989267906]
476.0152372531593	(8, 12, 2)	[-0.004191025849941354, 0.5665778240174133, -0.6196805033239623, -0.3112825756202504, -0.15406573714943672, 0.777977556299353, 0.5298449716695391, 0.18198184751905022, -0.13280792824589227, 0.8117477950824208, -0.6379563810623741, -0.9120997241786815, 0.701159014355941, -0.702946425366251, 0.8149848096733427, -0.31000208643770755, -0.042458733608784494, -0.03884391339260507, -0.6111321375813761, -0.463054449213264, -0.11214828508783214, 0.07068643398267693, 0.5759410513055818, -0.4621059845879032, 0.08026554581098888, -0.05076861319119241, 0.5359099351132015, 0.22204023768488756, 0.8494272918886927, 0.44903857622215604, -0.2414373694437908, 0.3360915554081987, 0.6178296415855442, 0.8050392283738061, -0.5449088204395383, -0.9844699618850095, 0.04230511608223586, 0.31262189738013024, 0.16116355930569148, -0.9239988048077841, 0.4437044685291587, -0.06544117132421334, 0.7119257801526226, -0.5427148545964202, 0.23285425598021325, 0.740797548563551, 0.7396827435086515, -0.5751987187734471, -0.8751575173009796, -0.4286026763933781, 0.48650028724737626, 0.5308324053266071, -0.2212505431081484, 0.03180907403622113, 0.6484577260430695, -0.9371714239904825, -0.34656289980057586, -0.6114114127505603, 0.641641776373221, -0.6580996135368649, -0.6722338461586149, -0.4101935109413024, 0.8307500065321161, 0.06319334221007522, -0.6186300680354304, 0.413579062399444, 0.9636443645103692, -0.11008871550940436, 0.9622342321153222, -0.05875439274517458, -0.8056706659222332, -0.3704347207991958, -0.4616210209866902, -0.6903804808509406, -0.14695353869386985, 0.00554715424601826, -0.6028845793005627, 0.6993013393057939, -0.2172977100054163, -0.42499830829231566, 0.5776454481380977, -0.9425632565210529, -0.1040143019338815, 0.756435927128275, -0.46872659517234205, 0.9478783699279154, 2.42315435425855e-05, -0.7169083459429269, 0.003694831847706803, 0.1159935534149028, 0.0643530823189713, -0.006670043817313218, 0.45671006504395895, -0.20661080829769776, -0.5139715981786663, -0.5124692705565774, -0.16440841998600764, 0.08322360583749222, 0.006275020568699219, 0.9741174096217449, 0.09922125316544639, 0.5930718355709623, 0.8194752089277122, -0.8061148152642807, -0.9629726048419927, -0.7096400538558554, 0.6004814331739192, 0.34404747355018506, -0.9957731864207624, 0.9965994050995641, -0.2898236248710646, -0.5526905843195709, 0.28792365922122876, -0.21692702342932035, -0.9558554062386444, -0.12020173227881259, -0.5409528814186586, -0.8921587328714462, 0.9200870141944849, 0.38645669989267906]
476.94037090986967	(8, 12, 2)	[-0.004191025849941354, 0.5665778240174133, -0.6196805033239623, -0.3112825756202504, -0.15406573714943672, 0.777977556299353, 0.5298449716695391, 0.18198184751905022, -0.13280792824589227, 0.8117477950824208, -0.6379563810623741, -0.9120997241786815, 0.701159014355941, -0.702946425366251, 0.8149848096733427, -0.31000208643770755, -0.042458733608784494, -0.03884391339260507, -0.6111321375813761, -0.463054449213264, -0.11214828508783214, 0.07068643398267693, 0.5759410513055818, -0.4621059845879032, 0.08026554581098888, -0.05076861319119241, 0.5359099351132015, 0.22204023768488756, 0.8494272918886927, 0.44903857622215604, -0.2414373694437908, 0.3360915554081987, 0.6178296415855442, 0.8050392283738061, -0.5449088204395383, -0.9844699618850095, 0.04230511608223586, 0.31262189738013024, 0.16116355930569148, -0.9239988048077841, 0.4437044685291587, -0.06544117132421334, 0.7119257801526226, -0.5427148545964202, 0.23285425598021325, 0.740797548563551, 0.7396827435086515, -0.5751987187734471, -0.8751575173009796, -0.4286026763933781, 0.48650028724737626, 0.5308324053266071, -0.2212505431081484, 0.03180907403622113, 0.6484577260430695, -0.9371714239904825, -0.34656289980057586, -0.6114114127505603, 0.641641776373221, -0.6580996135368649, -0.6722338461586149, -0.4101935109413024, 0.8307500065321161, 0.06319334221007522, -0.6186300680354304, 0.413579062399444, 0.9636443645103692, -0.11008871550940436, 0.9622342321153222, -0.05875439274517458, -0.8056706659222332, -0.3704347207991958, -0.4616210209866902, -0.6903804808509406, -0.14695353869386985, 0.00554715424601826, -0.6028845793005627, 0.6993013393057939, -0.2172977100054163, -0.42499830829231566, 0.5776454481380977, -0.9425632565210529, -0.1040143019338815, 0.756435927128275, -0.46872659517234205, 0.9478783699279154, 2.42315435425855e-05, -0.7169083459429269, 0.003694831847706803, 0.1159935534149028, 0.0643530823189713, -0.006670043817313218, 0.45671006504395895, -0.20661080829769776, -0.5139715981786663, -0.5124692705565774, -0.16440841998600764, 0.08322360583749222, 0.006275020568699219, 0.9741174096217449, 0.09922125316544639, 0.5930718355709623, 0.8194752089277122, -0.8061148152642807, -0.9629726048419927, -0.7096400538558554, 0.6004814331739192, 0.34404747355018506, -0.9957731864207624, 0.9965994050995641, -0.2898236248710646, -0.5526905843195709, 0.28792365922122876, -0.21692702342932035, -0.9558554062386444, -0.12020173227881259, -0.5409528814186586, -0.8921587328714462, 0.9200870141944849, 0.38645669989267906]
486.3141978625208	(8, 12, 2)	[-0.004191025849941354, 0.5665778240174133, -0.6196805033239623, -0.3112825756202504, -0.15406573714943672, 0.8579333308316539, 0.5298449716695391, 0.45483046805348165, -0.3556939411877107, 0.8117477950824208, -0.6379563810623741, -1, 0.701159014355941, -0.702946425366251, 0.5381607737284482, -0.31000208643770755, 0.31213695584634155, -0.1511831794800707, -0.6111321375813761, -0.463054449213264, -0.11214828508783214, 0.07068643398267693, 0.5759410513055818, -0.4621059845879032, 0.08026554581098888, -0.05076861319119241, 0.5359099351132015, 0.17458228939576623, 0.8494272918886927, 0.44903857622215604, -0.2414373694437908, 0.3360915554081987, 0.6178296415855442, 0.8050392283738061, -0.5449088204395383, -0.9844699618850095, 0.04230511608223586, 0.37655542126893904, 0.16116355930569148, -0.9239988048077841, 0.6543175808853415, -0.06544117132421334, 1, -0.5427148545964202, 0.17970953246455035, 0.740797548563551, 0.7396827435086515, -0.5751987187734471, -0.8751575173009796, -0.4286026763933781, 0.48650028724737626, 0.5308324053266071, -0.2212505431081484, 0.03180907403622113, 0.6484577260430695, -0.9371714239904825, -0.34656289980057586, -0.6114114127505603, 0.641641776373221, -0.6580996135368649, -0.6722338461586149, -0.4101935109413024, 0.8307500065321161, 0.06319334221007522, -0.6186300680354304, 0.413579062399444, 0.9636443645103692, -0.11008871550940436, 0.9622342321153222, -0.05875439274517458, -0.8056706659222332, -0.3704347207991958, -0.4616210209866902, -0.6903804808509406, -0.14695353869386985, 0.00554715424601826, -0.6028845793005627, 0.6993013393057939, -0.2172977100054163, -0.42499830829231566, 0.5776454481380977, -0.9425632565210529, -0.1040143019338815, 0.756435927128275, -0.46872659517234205, 0.9478783699279154, 2.42315435425855e-05, -0.7169083459429269, 0.003694831847706803, 0.1159935534149028, 0.0643530823189713, -0.006670043817313218, 0.45671006504395895, -0.20661080829769776, -0.5139715981786663, -0.5124692705565774, -0.16440841998600764, 0.08322360583749222, 0.006275020568699219, 0.9741174096217449, 0.09922125316544639, 0.5930718355709623, 0.8194752089277122, -0.8061148152642807, -0.9629726048419927, -0.7096400538558554, 0.6004814331739192, 0.34404747355018506, -0.9957731864207624, 0.9965994050995641, -0.2898236248710646, -0.5526905843195709, 0.28792365922122876, -0.21692702342932035, -0.9558554062386444, -0.12020173227881259, -0.5409528814186586, -0.8921587328714462, 0.9175066826291245, 0.38645669989267906]
493.35949113592505	(8, 12, 2)	[-0.004191025849941354, 0.5665778240174133, -0.6196805033239623, -0.3112825756202504, -0.15406573714943672, 0.8579333308316539, 0.5298449716695391, 0.45483046805348165, -0.13280792824589227, 0.8117477950824208, -0.6379563810623741, -1, 0.701159014355941, -0.702946425366251, 0.5381607737284482, -0.31000208643770755, 0.31213695584634155, -0.03884391339260507, -0.6111321375813761, -0.463054449213264, -0.11214828508783214, 0.07068643398267693, 0.5759410513055818, -0.425981616932497, 0.08026554581098888, -0.05076861319119241, 0.5359099351132015, 0.17458228939576623, 0.8494272918886927, 0.44903857622215604, -0.14547551216125024, 0.3360915554081987, 0.6178296415855442, 0.8050392283738061, -0.5449088204395383, -0.9844699618850095, 0.04230511608223586, 0.31262189738013024, 0.16116355930569148, -0.9239988048077841, 0.6543175808853415, -0.0513873830692214, 1, -0.5427148545964202, 0.17970953246455035, 0.740797548563551, 0.7396827435086515, -0.5751987187734471, -0.8751575173009796, -0.4286026763933781, 0.48650028724737626, 0.5308324053266071, -0.2212505431081484, 0.03180907403622113, 0.6484577260430695, -0.9371714239904825, -0.34656289980057586, -0.6114114127505603, 0.641641776373221, -0.6580996135368649, -0.6722338461586149, -0.4101935109413024, 0.8307500065321161, 0.06319334221007522, -0.6186300680354304, 0.413579062399444, 0.9636443645103692, -0.11008871550940436, 0.9622342321153222, -0.05875439274517458, -0.8056706659222332, -0.3704347207991958, -0.4616210209866902, -0.6903804808509406, -0.14695353869386985, 0.00554715424601826, -0.6028845793005627, 0.6993013393057939, -0.2172977100054163, -0.9699523126052086, 0.7790314805579341, -0.9425632565210529, -0.1040143019338815, 0.756435927128275, -0.46872659517234205, 0.9478783699279154, 2.42315435425855e-05, -0.7169083459429269, 0.003694831847706803, 0.1159935534149028, 0.0643530823189713, -0.06833127544111162, 0.5672062786576018, 0.15576402669039566, -0.5139715981786663, -0.5124692705565774, -0.16440841998600764, 0.08322360583749222, 0.006275020568699219, 0.9741174096217449, 0.09922125316544639, 0.5930718355709623, 0.7616888726051678, -0.8061148152642807, -0.9629726048419927, -0.7096400538558554, 0.6004814331739192, 0.34404747355018506, -0.9957731864207624, 0.9965994050995641, -0.2898236248710646, -0.5526905843195709, 0.003823769373787478, -0.21692702342932035, -0.9558554062386444, -0.12020173227881259, -0.5409528814186586, -0.8921587328714462, 0.9175066826291245, 0.38645669989267906]
497.62663274691477	(8, 12, 2)	[-0.004191025849941354, 0.5665778240174133, -0.6196805033239623, -0.3112825756202504, -0.15406573714943672, 0.8579333308316539, 0.5298449716695391, 0.45483046805348165, -0.3556939411877107, 0.8117477950824208, -0.5470396816430159, -1, 0.701159014355941, -0.702946425366251, 0.5381607737284482, -0.31000208643770755, 0.31213695584634155, -0.1511831794800707, -0.6111321375813761, -0.463054449213264, -0.11214828508783214, 0.07068643398267693, 0.5759410513055818, -0.4621059845879032, 0.17319582117173904, -0.05076861319119241, 0.5359099351132015, 0.17458228939576623, 0.8494272918886927, 0.44903857622215604, -0.33001132897007557, 0.3360915554081987, 0.6178296415855442, 0.8050392283738061, -0.5449088204395383, -0.8887243267767808, 0.04230511608223586, 0.37655542126893904, 0.16116355930569148, -0.9239988048077841, 0.6543175808853415, -0.06544117132421334, 1, -0.5427148545964202, 0.17970953246455035, 0.740797548563551, 0.7396827435086515, -0.5751987187734471, -0.8751575173009796, -0.4286026763933781, 0.48650028724737626, 0.5308324053266071, -0.2212505431081484, 0.03180907403622113, 0.6484577260430695, -0.9371714239904825, -0.34656289980057586, -0.6114114127505603, 0.641641776373221, -0.6580996135368649, -0.6722338461586149, -0.4101935109413024, 0.8307500065321161, 0.06319334221007522, -0.6186300680354304, 0.413579062399444, 0.9636443645103692, -0.11008871550940436, 0.9622342321153222, -0.05875439274517458, -0.8056706659222332, -0.3704347207991958, -0.4616210209866902, -0.6903804808509406, -0.14695353869386985, 0.00554715424601826, -0.6028845793005627, 0.6993013393057939, -0.2172977100054163, -0.42499830829231566, 0.5776454481380977, -0.9425632565210529, -0.1040143019338815, 0.756435927128275, -0.46872659517234205, 0.9478783699279154, 2.42315435425855e-05, -0.7169083459429269, 0.003694831847706803, 0.1159935534149028, 0.0643530823189713, -0.006670043817313218, 0.45671006504395895, -0.20661080829769776, -0.5139715981786663, -0.5124692705565774, -0.16440841998600764, 0.08322360583749222, 0.006275020568699219, 0.9741174096217449, 0.09922125316544639, 0.5930718355709623, 0.8194752089277122, -0.8061148152642807, -0.9629726048419927, -0.7096400538558554, 0.6004814331739192, 0.34404747355018506, -0.9957731864207624, 0.9965994050995641, -0.2898236248710646, -0.5526905843195709, 0.28792365922122876, -0.21692702342932035, -0.9558554062386444, -0.12020173227881259, -0.5409528814186586, -0.8921587328714462, 0.9175066826291245, 0.38645669989267906]
486.7484122514725	(8, 12, 2)	[-0.004191025849941354, 0.5665778240174133, -0.6196805033239623, -0.3112825756202504, -0.15406573714943672, 0.8579333308316539, 0.5298449716695391, 0.45483046805348165, -0.3556939411877107, 0.8117477950824208, -0.6379563810623741, -1, 0.701159014355941, -0.702946425366251, 0.5381607737284482, -0.31000208643770755, 0.31213695584634155, -0.1511831794800707, -0.6111321375813761, -0.463054449213264, -0.11214828508783214, 0.07068643398267693, 0.5759410513055818, -0.4621059845879032, 0.08026554581098888, -0.0845893177586915, 0.5359099351132015, 0.17458228939576623, 0.8494272918886927, 0.44903857622215604, -0.2414373694437908, 0.3360915554081987, 0.6178296415855442, 0.8050392283738061, -0.5449088204395383, -0.9844699618850095, 0.04230511608223586, 0.37655542126893904, 0.16116355930569148, -0.9239988048077841, 0.6543175808853415, -0.06544117132421334, 1, -0.5427148545964202, 0.17970953246455035, 0.740797548563551, 0.7396827435086515, -0.5751987187734471, -0.8751575173009796, -0.4286026763933781, 0.48650028724737626, 0.5308324053266071, -0.2212505431081484, 0.03180907403622113, 0.6484577260430695, -0.9371714239904825, -0.34656289980057586, -0.6114114127505603, 0.641641776373221, -0.6580996135368649, -0.6722338461586149, -0.4101935109413024, 0.8307500065321161, 0.06319334221007522, -0.6186300680354304, 0.413579062399444, 0.9636443645103692, -0.11008871550940436, 0.9622342321153222, -0.05875439274517458, -0.8056706659222332, -0.3704347207991958, -0.4616210209866902, -0.6903804808509406, -0.14695353869386985, 0.00554715424601826, -0.6028845793005627, 0.6993013393057939, -0.2172977100054163, -0.42499830829231566, 0.5776454481380977, -0.9425632565210529, -0.1040143019338815, 0.756435927128275, -0.46872659517234205, 0.9478783699279154, 2.42315435425855e-05, -0.7169083459429269, 0.003694831847706803, 0.1159935534149028, 0.0643530823189713, -0.006670043817313218, 0.45671006504395895, -0.20661080829769776, -0.5139715981786663, -0.5124692705565774, -0.16440841998600764, 0.08322360583749222, 0.006275020568699219, 0.9741174096217449, 0.09922125316544639, 0.5991385084155747, 0.8194752089277122, -0.8061148152642807, -0.9629726048419927, -0.7096400538558554, 0.6004814331739192, 0.34404747355018506, -0.9957731864207624, 0.9965994050995641, -0.2898236248710646, -0.5526905843195709, 0.28792365922122876, -0.21692702342932035, -0.9558554062386444, -0.12020173227881259, -0.5409528814186586, -0.8921587328714462, 0.9175066826291245, 0.38645669989267906]
481.48813117295504	(8, 12, 2)	[-0.004191025849941354, 0.5665778240174133, -0.6196805033239623, -0.3112825756202504, -0.15406573714943672, 0.8579333308316539, 0.5298449716695391, 0.45483046805348165, -0.3556939411877107, 0.8117477950824208, -0.6379563810623741, -1, 0.701159014355941, -0.702946425366251, 0.5381607737284482, -0.31000208643770755, 0.31213695584634155, -0.16391339848263992, -0.6111321375813761, -0.463054449213264, -0.11214828508783214, 0.07068643398267693, 0.5759410513055818, -0.4621059845879032, 0.08026554581098888, -0.0845893177586915, 0.5359099351132015, 0.17458228939576623, 0.8494272918886927, 0.44903857622215604, -0.2414373694437908, 0.3360915554081987, 0.6178296415855442, 0.8050392283738061, -0.5449088204395383, -0.9844699618850095, 0.04230511608223586, 0.37655542126893904, 0.16116355930569148, -0.9239988048077841, 0.6543175808853415, -0.06544117132421334, 1, -0.5427148545964202, 0.17970953246455035, 0.740797548563551, 0.7396827435086515, -0.5751987187734471, -0.8751575173009796, -0.4286026763933781, 0.48650028724737626, 0.5308324053266071, -0.2212505431081484, 0.03180907403622113, 0.6484577260430695, -0.9371714239904825, -0.34656289980057586, -0.6114114127505603, 0.641641776373221, -0.6580996135368649, -0.6722338461586149, -0.4101935109413024, 0.8307500065321161, 0.06319334221007522, -0.6186300680354304, 0.413579062399444, 0.9636443645103692, -0.11008871550940436, 0.9622342321153222, -0.05875439274517458, -0.8056706659222332, -0.3704347207991958, -0.4616210209866902, -0.6903804808509406, -0.14695353869386985, 0.00554715424601826, -0.6028845793005627, 0.6993013393057939, -0.2172977100054163, -0.42499830829231566, 0.5776454481380977, -0.9425632565210529, -0.1040143019338815, 0.756435927128275, -0.46872659517234205, 0.9478783699279154, 2.42315435425855e-05, -0.7169083459429269, 0.003694831847706803, 0.1159935534149028, 0.0643530823189713, -0.006670043817313218, 0.45671006504395895, -0.20661080829769776, -0.5139715981786663, -0.5124692705565774, -0.16440841998600764, 0.08322360583749222, -0.13396014509835713, 0.9741174096217449, 0.09922125316544639, 0.5930718355709623, 0.8194752089277122, -0.8061148152642807, -0.9629726048419927, -0.7096400538558554, 0.6004814331739192, 0.34404747355018506, -0.9957731864207624, 0.9965994050995641, -0.2898236248710646, -0.5526905843195709, 0.28792365922122876, -0.21692702342932035, -0.9558554062386444, -0.12020173227881259, -0.5409528814186586, -0.8921587328714462, 0.9175066826291245, 0.38645669989267906]
485.65563997253776	(8, 12, 2)	[-0.004191025849941354, 0.5665778240174133, -0.6196805033239623, -0.3112825756202504, -0.15406573714943672, 0.777977556299353, 0.5298449716695391, 0.18198184751905022, -0.13280792824589227, 0.8117477950824208, -0.6379563810623741, -0.9120997241786815, 0.701159014355941, -0.702946425366251, 0.8149848096733427, -0.31000208643770755, -0.042458733608784494, -0.03884391339260507, -0.6111321375813761, -0.463054449213264, -0.11214828508783214, 0.07068643398267693, 0.5759410513055818, -0.4621059845879032, -0.10267754866795295, -0.05076861319119241, 0.5359099351132015, 0.22204023768488756, 0.7174689287934323, 0.44903857622215604, -0.2414373694437908, 0.3360915554081987, 0.6178296415855442, 0.8050392283738061, -0.5449088204395383, -0.9844699618850095, 0.31526198932553745, 0.31262189738013024, 0.16116355930569148, -1, 0.4437044685291587, -0.06544117132421334, 0.7119257801526226, -0.5427148545964202, 0.23285425598021325, 0.740797548563551, 0.7396827435086515, -0.5751987187734471, -0.8751575173009796, -0.4286026763933781, 0.33462300344410245, 0.5308324053266071, -0.2212505431081484, 0.03180907403622113, 0.4823819238204461, -0.9371714239904825, -0.34656289980057586, -0.6114114127505603, 0.641641776373221, -0.886576351844772, -0.47516959273550485, -0.4101935109413024, 0.8307500065321161, 0.06319334221007522, -0.6186300680354304, 0.413579062399444, 0.9636443645103692, -0.11008871550940436, 0.9622342321153222, -0.05875439274517458, -0.8056706659222332, -0.3704347207991958, -0.4616210209866902, -0.6903804808509406, -0.14695353869386985, 0.00554715424601826, -0.4234987047837421, 0.6993013393057939, -0.2172977100054163, -0.42499830829231566, 0.5776454481380977, -0.9425632565210529, -0.1040143019338815, 0.756435927128275, -0.46872659517234205, 0.9478783699279154, 2.42315435425855e-05, -0.7169083459429269, 0.003694831847706803, 0.1159935534149028, 0.0643530823189713, -0.006670043817313218, 0.45671006504395895, -0.20661080829769776, -0.5139715981786663, -0.5124692705565774, -0.16440841998600764, 0.08322360583749222, 0.006275020568699219, 0.9741174096217449, 0.09922125316544639, 0.5930718355709623, 0.8194752089277122, -0.6046558708745771, -0.9629726048419927, -0.7096400538558554, 0.6004814331739192, 0.34404747355018506, -0.9957731864207624, 0.9965994050995641, -0.2898236248710646, -0.5526905843195709, 0.28792365922122876, -0.21692702342932035, -0.9558554062386444, -0.12020173227881259, -0.5409528814186586, -0.8848505560445886, 0.9200870141944849, 0.38645669989267906]
486.1163923284039	(8, 12, 2)	[-0.004191025849941354, 0.5665778240174133, -0.6196805033239623, -0.3112825756202504, -0.15406573714943672, 0.8579333308316539, 0.5298449716695391, 0.45483046805348165, -0.3556939411877107, 0.8117477950824208, -0.6379563810623741, -1, 0.701159014355941, -0.702946425366251, 0.5381607737284482, -0.3523941566159758, 0.31213695584634155, -0.16391339848263992, -0.6111321375813761, -0.463054449213264, -0.11214828508783214, 0.07068643398267693, 0.5759410513055818, -0.4621059845879032, 0.08026554581098888, -0.0845893177586915, 0.5359099351132015, 0.17458228939576623, 0.8494272918886927, 0.44903857622215604, -0.2414373694437908, 0.3360915554081987, 0.6178296415855442, 0.8050392283738061, -0.5449088204395383, -0.9844699618850095, 0.04230511608223586, 0.37655542126893904, 0.16116355930569148, -0.9239988048077841, 0.6543175808853415, -0.06544117132421334, 1, -0.5427148545964202, 0.17970953246455035, 0.740797548563551, 0.7396827435086515, -0.5751987187734471, -0.8751575173009796, -0.4286026763933781, 0.48650028724737626, 0.5308324053266071, -0.2212505431081484, 0.03180907403622113, 0.6484577260430695, -0.9371714239904825, -0.34656289980057586, -0.6114114127505603, 0.641641776373221, -0.6580996135368649, -0.6722338461586149, -0.4101935109413024, 0.8307500065321161, 0.06319334221007522, -0.6186300680354304, 0.413579062399444, 0.9636443645103692, -0.11008871550940436, 0.9622342321153222, -0.05875439274517458, -0.8056706659222332, -0.3704347207991958, -0.4616210209866902, -0.6903804808509406, -0.14695353869386985, 0.00554715424601826, -0.6028845793005627, 0.6993013393057939, -0.2172977100054163, -0.42499830829231566, 0.5776454481380977, -0.9425632565210529, -0.1040143019338815, 0.756435927128275, -0.46872659517234205, 0.9478783699279154, 2.42315435425855e-05, -0.7169083459429269, 0.003694831847706803, 0.1159935534149028, 0.0643530823189713, -0.006670043817313218, 0.45671006504395895, -0.20661080829769776, -0.5139715981786663, -0.5124692705565774, -0.16440841998600764, 0.08322360583749222, -0.13396014509835713, 0.9741174096217449, 0.09922125316544639, 0.5930718355709623, 0.8194752089277122, -0.8061148152642807, -0.9629726048419927, -0.7096400538558554, 0.6004814331739192, 0.34404747355018506, -0.9957731864207624, 0.9965994050995641, -0.2898236248710646, -0.5526905843195709, 0.28792365922122876, -0.21692702342932035, -0.9558554062386444, -0.12020173227881259, -0.5409528814186586, -0.8921587328714462, 0.9175066826291245, 0.38645669989267906]
484.5305709168315	(8, 12, 2)	[-0.004191025849941354, 0.5665778240174133, -0.6196805033239623, -0.3112825756202504, -0.15406573714943672, 0.777977556299353, 0.5298449716695391, 0.18198184751905022, -0.13280792824589227, 0.8117477950824208, -0.6379563810623741, -0.9120997241786815, 0.701159014355941, -0.702946425366251, 0.8149848096733427, -0.31000208643770755, -0.042458733608784494, -0.03884391339260507, -0.6111321375813761, -0.463054449213264, -0.11214828508783214, 0.07068643398267693, 0.5759410513055818, -0.4621059845879032, -0.10267754866795295, -0.05076861319119241, 0.5359099351132015, 0.22204023768488756, 0.7174689287934323, 0.44903857622215604, -0.2414373694437908, 0.3360915554081987, 0.7679533395035458, 0.8050392283738061, -0.5449088204395383, -0.9844699618850095, 0.31526198932553745, 0.31262189738013024, 0.16116355930569148, -1, 0.4437044685291587, -0.06544117132421334, 0.7119257801526226, -0.5427148545964202, 0.23285425598021325, 0.740797548563551, 0.7396827435086515, -0.5751987187734471, -0.8751575173009796, -0.4286026763933781, 0.33462300344410245, 0.5308324053266071, -0.2212505431081484, 0.03180907403622113, 0.4823819238204461, -0.9371714239904825, -0.34656289980057586, -0.6114114127505603, 0.641641776373221, -0.886576351844772, -0.47516959273550485, -0.4101935109413024, 0.8307500065321161, 0.06319334221007522, -0.6186300680354304, 0.413579062399444, 0.9636443645103692, -0.11008871550940436, 0.9622342321153222, -0.05875439274517458, -0.8056706659222332, -0.3704347207991958, -0.4616210209866902, -0.6903804808509406, -0.14695353869386985, 0.00554715424601826, -0.4234987047837421, 0.6993013393057939, -0.2172977100054163, -0.42499830829231566, 0.5776454481380977, -0.9425632565210529, -0.1040143019338815, 0.756435927128275, -0.46872659517234205, 0.9478783699279154, 2.42315435425855e-05, -0.7169083459429269, 0.003694831847706803, 0.1159935534149028, 0.0643530823189713, -0.006670043817313218, 0.45671006504395895, -0.20661080829769776, -0.5139715981786663, -0.5124692705565774, -0.16440841998600764, 0.08322360583749222, 0.006275020568699219, 0.9741174096217449, 0.09922125316544639, 0.5930718355709623, 0.8194752089277122, -0.6046558708745771, -0.9629726048419927, -0.7096400538558554, 0.6004814331739192, 0.34404747355018506, -0.9957731864207624, 0.9965994050995641, -0.2898236248710646, -0.5526905843195709, 0.28792365922122876, -0.21692702342932035, -0.9558554062386444, -0.12020173227881259, -0.5409528814186586, -0.8848505560445886, 0.9200870141944849, 0.38645669989267906]
490.33265886828303	(8, 12, 2)	[-0.004191025849941354, 0.5665778240174133, -0.6196805033239623, -0.3112825756202504, -0.15406573714943672, 0.777977556299353, 0.5298449716695391, 0.18198184751905022, -0.13280792824589227, 0.8117477950824208, -0.6379563810623741, -0.9120997241786815, 0.701159014355941, -0.702946425366251, 0.6350708880022891, -0.31000208643770755, -0.042458733608784494, -0.03884391339260507, -0.6111321375813761, -0.463054449213264, -0.3024158463124108, 0.07068643398267693, 0.5759410513055818, -0.4621059845879032, 0.08026554581098888, -0.0845893177586915, 0.5359099351132015, 0.17458228939576623, 0.8494272918886927, 0.44903857622215604, -0.2414373694437908, 0.3360915554081987, 0.6178296415855442, 0.8050392283738061, -0.5449088204395383, -0.9844699618850095, 0.04230511608223586, 0.37655542126893904, 0.16116355930569148, -0.9239988048077841, 0.6543175808853415, -0.06544117132421334, 1, -0.5427148545964202, 0.17970953246455035, 0.740797548563551, 0.7396827435086515, -0.5751987187734471, -0.8751575173009796, -0.4286026763933781, 0.48650028724737626, 0.5308324053266071, -0.2212505431081484, 0.03180907403622113, 0.6484577260430695, -0.9371714239904825, -0.34656289980057586, -0.6114114127505603, 0.641641776373221, -0.6580996135368649, -0.6722338461586149, -0.4101935109413024, 0.8307500065321161, 0.06319334221007522, -0.6186300680354304, 0.413579062399444, 0.9636443645103692, -0.11008871550940436, 0.9622342321153222, -0.05875439274517458, -0.8056706659222332, -0.3704347207991958, -0.4616210209866902, -0.6903804808509406, -0.14695353869386985, 0.00554715424601826, -0.6028845793005627, 0.6993013393057939, -0.2172977100054163, -0.4275751919504983, 0.5776454481380977, -0.9425632565210529, -0.1040143019338815, 0.756435927128275, -0.46872659517234205, 0.9478783699279154, 2.42315435425855e-05, -0.7169083459429269, 0.003694831847706803, 0.1159935534149028, 0.0643530823189713, -0.006670043817313218, 0.45671006504395895, -0.20661080829769776, -0.5139715981786663, -0.5124692705565774, -0.16440841998600764, 0.08322360583749222, 0.006275020568699219, 0.9741174096217449, 0.09922125316544639, 0.5930718355709623, 0.8194752089277122, -0.8061148152642807, -0.9629726048419927, -0.7096400538558554, 0.6004814331739192, 0.34404747355018506, -0.9957731864207624, 0.9965994050995641, -0.2898236248710646, -0.5526905843195709, 0.003823769373787478, -0.21692702342932035, -0.9558554062386444, -0.12020173227881259, -0.5409528814186586, -0.8848505560445886, 0.9200870141944849, 0.38645669989267906]
482.77275073342025	(8, 12, 2)	[-0.004191025849941354, 0.5665778240174133, -0.6196805033239623, -0.3112825756202504, -0.15406573714943672, 0.777977556299353, 0.5298449716695391, 0.18198184751905022, -0.13280792824589227, 0.8117477950824208, -0.6379563810623741, -0.9120997241786815, 0.701159014355941, -0.702946425366251, 0.8149848096733427, -0.31000208643770755, -0.042458733608784494, -0.03884391339260507, -0.6111321375813761, -0.463054449213264, -0.11214828508783214, 0.07068643398267693, 0.5759410513055818, -0.4621059845879032, -0.10267754866795295, -0.05076861319119241, 0.5359099351132015, 0.22204023768488756, 0.7174689287934323, 0.44903857622215604, -0.2414373694437908, 0.3360915554081987, 0.7679533395035458, 0.8050392283738061, -0.5449088204395383, -0.9844699618850095, 0.31526198932553745, 0.31262189738013024, 0.16116355930569148, -1, 0.4437044685291587, -0.06544117132421334, 0.7119257801526226, -0.5427148545964202, 0.23285425598021325, 0.740797548563551, 0.7396827435086515, -0.5751987187734471, -0.8751575173009796, -0.4286026763933781, 0.33462300344410245, 0.5308324053266071, -0.2212505431081484, 0.03180907403622113, 0.4823819238204461, -0.9371714239904825, -0.34656289980057586, -0.6114114127505603, 0.641641776373221, -0.886576351844772, -0.47516959273550485, -0.4101935109413024, 0.8307500065321161, 0.06319334221007522, -0.6186300680354304, 0.413579062399444, 0.9636443645103692, -0.11008871550940436, 0.9622342321153222, -0.05875439274517458, -0.8056706659222332, -0.3704347207991958, -0.4616210209866902, -0.6903804808509406, -0.14695353869386985, 0.00554715424601826, -0.4234987047837421, 0.6993013393057939, -0.2172977100054163, -0.42499830829231566, 0.5776454481380977, -0.9425632565210529, -0.1040143019338815, 0.756435927128275, -0.46872659517234205, 0.9478783699279154, 2.42315435425855e-05, -0.7169083459429269, 0.003694831847706803, 0.1159935534149028, 0.0643530823189713, -0.006670043817313218, 0.45671006504395895, -0.20661080829769776, -0.5139715981786663, -0.5124692705565774, -0.16440841998600764, 0.08322360583749222, 0.006275020568699219, 0.9741174096217449, 0.09922125316544639, 0.5930718355709623, 0.8194752089277122, -0.6046558708745771, -0.9629726048419927, -0.7096400538558554, 0.6004814331739192, 0.34404747355018506, -0.9957731864207624, 0.9965994050995641, -0.2898236248710646, -0.5526905843195709, 0.28792365922122876, -0.21692702342932035, -0.9558554062386444, -0.12020173227881259, -0.5409528814186586, -0.8848505560445886, 0.9200870141944849, 0.38645669989267906]
482.707104482688	(8, 12, 2)	[-0.004191025849941354, 0.5665778240174133, -0.6196805033239623, -0.3112825756202504, -0.15406573714943672, 0.8579333308316539, 0.5298449716695391, 0.45483046805348165, -0.3556939411877107, 0.8117477950824208, -0.6379563810623741, -1, 0.701159014355941, -0.702946425366251, 0.5381607737284482, -0.31000208643770755, 0.31213695584634155, -0.16391339848263992, -0.6111321375813761, -0.463054449213264, -0.11214828508783214, 0.07068643398267693, 0.5759410513055818, -0.4621059845879032, -0.03481609080567122, -0.0845893177586915, 0.5359099351132015, 0.17458228939576623, 0.8494272918886927, 0.44903857622215604, -0.2414373694437908, 0.3360915554081987, 0.6178296415855442, 0.8050392283738061, -0.5449088204395383, -0.9844699618850095, 0.04230511608223586, 0.37655542126893904, 0.16116355930569148, -0.9239988048077841, 0.6543175808853415, -0.06544117132421334, 1, -0.5427148545964202, 0.17970953246455035, 0.740797548563551, 0.7396827435086515, -0.5751987187734471, -0.8751575173009796, -0.4286026763933781, 0.48650028724737626, 0.5308324053266071, -0.2212505431081484, 0.11983863517743677, 0.6484577260430695, -0.9371714239904825, -0.34656289980057586, -0.6114114127505603, 0.641641776373221, -0.6580996135368649, -0.6722338461586149, -0.4101935109413024, 0.8307500065321161, 0.06319334221007522, -0.6186300680354304, 0.413579062399444, 0.9636443645103692, -0.11008871550940436, 0.9169645174586988, -0.05875439274517458, -0.8056706659222332, -0.3704347207991958, -0.5147303817060366, -0.6903804808509406, -0.14695353869386985, 0.00554715424601826, -0.6028845793005627, 0.6993013393057939, -0.2172977100054163, -0.4392941580281962, 0.5776454481380977, -0.9425632565210529, -0.1040143019338815, 0.756435927128275, -0.46872659517234205, 0.9478783699279154, 2.42315435425855e-05, -0.7169083459429269, 0.003694831847706803, 0.1159935534149028, 0.0643530823189713, -0.006670043817313218, 0.45671006504395895, -0.20661080829769776, -0.5139715981786663, -0.5124692705565774, -0.16440841998600764, 0.08322360583749222, -0.13396014509835713, 0.9741174096217449, 0.09922125316544639, 0.5930718355709623, 0.8194752089277122, -0.8061148152642807, -0.9629726048419927, -0.7096400538558554, 0.6004814331739192, 0.34404747355018506, -0.9957731864207624, 0.9965994050995641, -0.2898236248710646, -0.5526905843195709, 0.28792365922122876, -0.21692702342932035, -0.9558554062386444, -0.12020173227881259, -0.5409528814186586, -0.8921587328714462, 0.9175066826291245, 0.587141119595229]
-1.0277088235282617	(8, 12, 2)	[-0.004191025849941354, 0.5665778240174133, -0.6196805033239623, -0.3112825756202504, -0.15406573714943672, 0.777977556299353, 0.5298449716695391, 0.18198184751905022, -0.13280792824589227, 0.8117477950824208, -0.6379563810623741, -0.9120997241786815, 0.701159014355941, -0.702946425366251, 0.6350708880022891, -0.31000208643770755, -0.042458733608784494, -0.03884391339260507, -0.6111321375813761, -0.463054449213264, -0.3024158463124108, 0.07068643398267693, 0.5759410513055818, -0.4621059845879032, 0.08026554581098888, -0.0845893177586915, 0.5359099351132015, 0.17458228939576623, 0.8494272918886927, 0.44903857622215604, -0.2414373694437908, 0.3360915554081987, 0.6178296415855442, 0.8050392283738061, -0.5449088204395383, -0.9844699618850095, 0.04230511608223586, 0.37655542126893904, 0.16116355930569148, -1, 0.6543175808853415, -0.06544117132421334, 1, -0.5427148545964202, 0.17970953246455035, 0.740797548563551, 0.7396827435086515, -0.5751987187734471, -0.8751575173009796, -0.4286026763933781, 0.48650028724737626, 0.5308324053266071, -0.2212505431081484, 0.03180907403622113, 0.6484577260430695, -0.9371714239904825, -0.34656289980057586, -0.6114114127505603, 0.641641776373221, -0.6580996135368649, -0.6722338461586149, -0.4101935109413024, 0.8307500065321161, 0.06319334221007522, -0.6186300680354304, 0.413579062399444, 0.9636443645103692, -0.26824363940376256, 0.9622342321153222, -0.05875439274517458, -0.8056706659222332, -0.3704347207991958, -0.4616210209866902, -0.6903804808509406, -0.14695353869386985, 0.00554715424601826, -0.6028845793005627, 0.6993013393057939, -0.2172977100054163, -0.4275751919504983, 0.5776454481380977, -0.9425632565210529, -0.1040143019338815, 0.756435927128275, -0.46872659517234205, 0.9478783699279154, 2.42315435425855e-05, -0.7169083459429269, 0.003694831847706803, 0.1159935534149028, 0.0643530823189713, -0.006670043817313218, 0.45671006504395895, -0.20661080829769776, -0.5139715981786663, -0.5124692705565774, -0.16440841998600764, 0.08322360583749222, -0.13396014509835713, 0.9741174096217449, 0.09922125316544639, 0.5930718355709623, 0.8194752089277122, -0.8061148152642807, -0.9629726048419927, -0.7096400538558554, 0.6004814331739192, 0.34404747355018506, -0.9957731864207624, 0.9965994050995641, -0.2898236248710646, -0.5526905843195709, -0.030707145585001316, -0.21692702342932035, -0.9558554062386444, -0.12020173227881259, -0.5409528814186586, -0.8848505560445886, 0.9200870141944849, 0.38645669989267906]
483.8122110813856	(8, 12, 2)	[-0.004191025849941354, 0.5665778240174133, -0.6196805033239623, -0.3112825756202504, -0.15406573714943672, 0.8579333308316539, 0.5298449716695391, 0.45483046805348165, -0.3556939411877107, 0.8117477950824208, -0.6379563810623741, -1, 0.701159014355941, -0.702946425366251, 0.5381607737284482, -0.31000208643770755, 0.31213695584634155, -0.16391339848263992, -0.6111321375813761, -0.463054449213264, -0.11214828508783214, 0.07068643398267693, 0.5759410513055818, -0.4621059845879032, -0.10267754866795295, -0.05076861319119241, 0.5359099351132015, 0.22204023768488756, 0.7174689287934323, 0.44903857622215604, -0.2414373694437908, 0.3360915554081987, 0.7679533395035458, 0.8050392283738061, -0.5449088204395383, -0.9844699618850095, 0.31526198932553745, 0.31262189738013024, 0.16116355930569148, -1, 0.4437044685291587, -0.06544117132421334, 0.7119257801526226, -0.5427148545964202, 0.23285425598021325, 0.740797548563551, 0.7396827435086515, -0.5751987187734471, -0.8751575173009796, -0.4286026763933781, 0.33462300344410245, 0.5308324053266071, -0.2212505431081484, 0.03180907403622113, 0.4823819238204461, -0.9371714239904825, -0.34656289980057586, -0.6114114127505603, 0.641641776373221, -0.886576351844772, -0.47516959273550485, -0.4101935109413024, 0.8307500065321161, 0.06319334221007522, -0.6186300680354304, 0.413579062399444, 0.9636443645103692, -0.11008871550940436, 0.9622342321153222, -0.05875439274517458, -0.8056706659222332, -0.3704347207991958, -0.4616210209866902, -0.6903804808509406, -0.14695353869386985, 0.00554715424601826, -0.4234987047837421, 0.6993013393057939, -0.2172977100054163, -0.42499830829231566, 0.5776454481380977, -0.9425632565210529, -0.1040143019338815, 0.756435927128275, -0.46872659517234205, 0.9478783699279154, 2.42315435425855e-05, -0.7169083459429269, 0.003694831847706803, 0.1159935534149028, 0.0643530823189713, -0.006670043817313218, 0.45671006504395895, -0.20661080829769776, -0.5139715981786663, -0.5124692705565774, -0.16440841998600764, 0.08322360583749222, -0.13396014509835713, 0.9741174096217449, 0.09922125316544639, 0.5930718355709623, 0.8194752089277122, -0.8061148152642807, -0.9629726048419927, -0.7096400538558554, 0.6004814331739192, 0.34404747355018506, -0.9957731864207624, 0.9965994050995641, -0.2898236248710646, -0.5526905843195709, 0.28792365922122876, -0.21692702342932035, -0.9558554062386444, -0.12020173227881259, -0.5409528814186586, -0.7497068520269685, 0.9175066826291245, 0.587141119595229]
496.69510055100545	(8, 12, 2)	[-0.004191025849941354, 0.5665778240174133, -0.6196805033239623, -0.3112825756202504, -0.15406573714943672, 0.8579333308316539, 0.5298449716695391, 0.45483046805348165, -0.3556939411877107, 0.8117477950824208, -0.6379563810623741, -1, 0.701159014355941, -0.702946425366251, 0.5381607737284482, -0.28623595171284594, 0.31213695584634155, -0.16391339848263992, -0.6111321375813761, -0.463054449213264, -0.11214828508783214, 0.07068643398267693, 0.7009698777065219, -0.4621059845879032, 0.08026554581098888, -0.0845893177586915, 0.5359099351132015, 0.17458228939576623, 0.8494272918886927, 0.44903857622215604, -0.2414373694437908, 0.3360915554081987, 0.6178296415855442, 0.8050392283738061, -0.5449088204395383, -0.9844699618850095, 0.04230511608223586, 0.37655542126893904, 0.16116355930569148, -0.9239988048077841, 0.6543175808853415, -0.06544117132421334, 1, -0.5427148545964202, 0.17970953246455035, 0.740797548563551, 0.8330906953629296, -0.5751987187734471, -0.8751575173009796, -0.4286026763933781, 0.48650028724737626, 0.5308324053266071, -0.2212505431081484, 0.03180907403622113, 0.6484577260430695, -0.9371714239904825, -0.34656289980057586, -0.6114114127505603, 0.641641776373221, -0.6580996135368649, -0.6722338461586149, -0.4101935109413024, 0.8307500065321161, 0.06319334221007522, -0.6186300680354304, 0.413579062399444, 0.9636443645103692, -0.17079347017664903, 0.9622342321153222, -0.05875439274517458, -0.8056706659222332, -0.3704347207991958, -0.4616210209866902, -0.6903804808509406, -0.14695353869386985, 0.00554715424601826, -0.6028845793005627, 0.6993013393057939, -0.2172977100054163, -0.4275751919504983, 0.5776454481380977, -0.9425632565210529, -0.1040143019338815, 0.756435927128275, -0.46872659517234205, 0.9478783699279154, 2.42315435425855e-05, -0.7169083459429269, 0.003694831847706803, 0.1159935534149028, 0.0643530823189713, -0.006670043817313218, 0.45671006504395895, -0.20661080829769776, -0.5139715981786663, -0.5124692705565774, -0.16440841998600764, 0.08322360583749222, 0.006275020568699219, 0.9741174096217449, 0.09922125316544639, 0.5930718355709623, 0.8194752089277122, -0.8061148152642807, -0.9629726048419927, -0.7096400538558554, 0.6004814331739192, 0.34404747355018506, -0.9957731864207624, 0.9965994050995641, -0.2898236248710646, -0.5526905843195709, 0.003823769373787478, -0.21692702342932035, -0.9558554062386444, -0.12020173227881259, -0.5409528814186586, -0.8848505560445886, 0.9200870141944849, 0.38645669989267906]
-0.9184426044961648	(8, 12, 2)	[-0.004191025849941354, 0.5665778240174133, -0.6196805033239623, -0.3112825756202504, -0.15406573714943672, 0.8579333308316539, 0.5298449716695391, 0.45483046805348165, -0.3556939411877107, 0.8117477950824208, -0.6379563810623741, -1, 0.701159014355941, -0.702946425366251, 0.5381607737284482, -0.28623595171284594, 0.31213695584634155, -0.16391339848263992, -0.6111321375813761, -0.463054449213264, -0.11214828508783214, 0.07068643398267693, 0.7009698777065219, -0.4621059845879032, 0.08026554581098888, -0.0845893177586915, 0.5359099351132015, 0.17458228939576623, 0.8494272918886927, 0.44903857622215604, -0.2414373694437908, 0.3360915554081987, 0.6178296415855442, 0.8050392283738061, -0.5449088204395383, -0.9844699618850095, 0.04230511608223586, 0.37655542126893904, 0.16116355930569148, -0.9239988048077841, 0.6543175808853415, -0.10102724052672629, 1, -0.5427148545964202, 0.23285425598021325, 0.740797548563551, 0.7396827435086515, -0.5751987187734471, -0.8751575173009796, -0.4286026763933781, 0.5152464378272624, 0.5308324053266071, -0.2212505431081484, 0.03180907403622113, 0.4823819238204461, -0.9371714239904825, -0.34656289980057586, -0.6114114127505603, 0.641641776373221, -0.886576351844772, -0.47516959273550485, -0.4101935109413024, 0.8307500065321161, 0.06319334221007522, -0.6186300680354304, 0.413579062399444, 0.9636443645103692, -0.11008871550940436, 0.9622342321153222, -0.05875439274517458, -0.8056706659222332, -0.3704347207991958, -0.4616210209866902, -0.6903804808509406, -0.14695353869386985, 0.00554715424601826, -0.4234987047837421, 0.6993013393057939, -0.2172977100054163, -0.42499830829231566, 0.5776454481380977, -0.9425632565210529, -0.1040143019338815, 0.756435927128275, -0.46872659517234205, 0.9478783699279154, 2.42315435425855e-05, -0.7169083459429269, 0.003694831847706803, 0.1159935534149028, -0.12765042144746122, -0.006670043817313218, 0.45671006504395895, -0.20661080829769776, -0.5139715981786663, -0.5124692705565774, -0.16440841998600764, 0.08322360583749222, -0.13396014509835713, 0.9741174096217449, 0.09922125316544639, 0.5930718355709623, 0.8194752089277122, -0.8061148152642807, -0.9629726048419927, -0.7096400538558554, 0.6004814331739192, 0.34404747355018506, -0.9957731864207624, 0.9965994050995641, -0.2898236248710646, -0.5526905843195709, 0.003823769373787478, -0.21692702342932035, -0.9558554062386444, -0.12020173227881259, -0.5409528814186586, -0.8848505560445886, 0.9200870141944849, 0.38645669989267906]
-20.463664550334215	(8, 12, 2)	[-0.004191025849941354, 0.5665778240174133, -0.6196805033239623, -0.3112825756202504, -0.15406573714943672, 0.8579333308316539, 0.5298449716695391, 0.45483046805348165, -0.3556939411877107, 0.8117477950824208, -0.6379563810623741, -1, 0.701159014355941, -0.702946425366251, 0.5381607737284482, -0.28623595171284594, 0.31213695584634155, -0.16391339848263992, -0.6111321375813761, -0.463054449213264, -0.11214828508783214, 0.07068643398267693, 0.7009698777065219, -0.4621059845879032, 0.08026554581098888, -0.0845893177586915, 0.5359099351132015, 0.17458228939576623, 0.8494272918886927, 0.44903857622215604, -0.2414373694437908, 0.3360915554081987, 0.6178296415855442, 0.8050392283738061, -0.5449088204395383, -0.9844699618850095, 0.04230511608223586, 0.37655542126893904, 0.16116355930569148, -0.9239988048077841, 0.6543175808853415, -0.06544117132421334, 1, -0.5427148545964202, 0.17970953246455035, 0.740797548563551, 0.8330906953629296, -0.5751987187734471, -0.8751575173009796, -0.4286026763933781, 0.48650028724737626, 0.5308324053266071, -0.2212505431081484, 0.03180907403622113, 0.6484577260430695, -0.9371714239904825, -0.34656289980057586, -0.6114114127505603, 0.641641776373221, -0.6580996135368649, -0.6722338461586149, -0.4101935109413024, 0.8307500065321161, 0.06319334221007522, -0.6186300680354304, 0.413579062399444, 0.9636443645103692, -0.17079347017664903, 0.9622342321153222, -0.05875439274517458, -0.8056706659222332, -0.3704347207991958, -0.4616210209866902, -0.6903804808509406, -0.14695353869386985, 0.00554715424601826, -0.6028845793005627, 0.6993013393057939, -0.2172977100054163, -0.4275751919504983, 0.5776454481380977, -0.642673529125469, -0.1040143019338815, 0.756435927128275, -0.46872659517234205, 0.9478783699279154, 2.42315435425855e-05, -0.7169083459429269, 0.003694831847706803, 0.1159935534149028, 0.0643530823189713, -0.006670043817313218, 0.45671006504395895, -0.20661080829769776, -0.5139715981786663, -0.5124692705565774, -0.16440841998600764, 0.08322360583749222, 0.006275020568699219, 0.9741174096217449, 0.09922125316544639, 0.5930718355709623, 0.8194752089277122, -0.8061148152642807, -0.9629726048419927, -0.7096400538558554, 0.6004814331739192, 0.34404747355018506, -0.9957731864207624, 0.9965994050995641, -0.2898236248710646, -0.5526905843195709, 0.003823769373787478, -0.21692702342932035, -0.9558554062386444, -0.12020173227881259, -0.5409528814186586, -0.8848505560445886, 0.9200870141944849, 0.38645669989267906]
487.31968495994806	(8, 12, 2)	[-0.004191025849941354, 0.5665778240174133, -0.6196805033239623, -0.3112825756202504, -0.15406573714943672, 0.8579333308316539, 0.5298449716695391, 0.45483046805348165, -0.3556939411877107, 0.8117477950824208, -0.6379563810623741, -1, 0.701159014355941, -0.702946425366251, 0.5381607737284482, -0.28623595171284594, 0.31213695584634155, -0.16391339848263992, -0.6111321375813761, -0.463054449213264, -0.11214828508783214, 0.07068643398267693, 0.7009698777065219, -0.4621059845879032, 0.08026554581098888, -0.0845893177586915, 0.5359099351132015, 0.17458228939576623, 0.8494272918886927, 0.44903857622215604, -0.2414373694437908, 0.3360915554081987, 0.6178296415855442, 0.8050392283738061, -0.5449088204395383, -0.9844699618850095, 0.04230511608223586, 0.37655542126893904, 0.16116355930569148, -0.9239988048077841, 0.6543175808853415, -0.06544117132421334, 1, -0.5427148545964202, 0.23285425598021325, 0.740797548563551, 0.7396827435086515, -0.5751987187734471, -0.8751575173009796, -0.4286026763933781, 0.7555095802586085, 0.5308324053266071, -0.2212505431081484, 0.03180907403622113, 0.4823819238204461, -0.9371714239904825, -0.34656289980057586, -0.6114114127505603, 0.641641776373221, -0.886576351844772, -0.47516959273550485, -0.4101935109413024, 1, 0.06319334221007522, -0.6186300680354304, 0.413579062399444, 0.9636443645103692, -0.11008871550940436, 0.9622342321153222, -0.05875439274517458, -0.8056706659222332, -0.3704347207991958, -0.4616210209866902, -0.6903804808509406, -0.14695353869386985, 0.00554715424601826, -0.4234987047837421, 0.7159749778305001, -0.2172977100054163, -0.42499830829231566, 0.5724095124378175, -0.9425632565210529, -0.1040143019338815, 0.756435927128275, -0.46872659517234205, 0.9478783699279154, 2.42315435425855e-05, -0.7169083459429269, 0.003694831847706803, 0.1159935534149028, -0.12765042144746122, -0.006670043817313218, 0.45671006504395895, -0.20661080829769776, -0.5139715981786663, -0.5124692705565774, -0.16440841998600764, 0.08322360583749222, -0.13396014509835713, 0.9741174096217449, 0.09922125316544639, 0.5930718355709623, 0.8194752089277122, -0.8061148152642807, -0.9629726048419927, -0.7096400538558554, 0.6004814331739192, 0.34404747355018506, -0.9957731864207624, 0.9965994050995641, -0.2898236248710646, -0.5526905843195709, 0.21857045979001286, -0.21692702342932035, -0.9558554062386444, -0.12020173227881259, -0.5409528814186586, -0.8848505560445886, 0.9200870141944849, 0.38645669989267906]
-4.105603026351824	(8, 12, 2)	[-0.004191025849941354, 0.5665778240174133, -0.6196805033239623, -0.3112825756202504, -0.15406573714943672, 0.8579333308316539, 0.5298449716695391, 0.45483046805348165, -0.3556939411877107, 0.8117477950824208, -0.6379563810623741, -1, 0.701159014355941, -0.702946425366251, 0.5381607737284482, -0.28623595171284594, 0.31213695584634155, -0.16391339848263992, -0.6111321375813761, -0.463054449213264, -0.11214828508783214, 0.07068643398267693, 0.5759410513055818, -0.4621059845879032, -0.10267754866795295, -0.05076861319119241, 0.5359099351132015, 0.22204023768488756, 0.7174689287934323, 0.44903857622215604, -0.2414373694437908, 0.3360915554081987, 0.7679533395035458, 0.8050392283738061, -0.5449088204395383, -0.9844699618850095, 0.31526198932553745, 0.31262189738013024, 0.16116355930569148, -1, 0.4437044685291587, -0.06544117132421334, 0.7119257801526226, -0.5427148545964202, 0.23285425598021325, 0.740797548563551, 0.7396827435086515, -0.5751987187734471, -0.8751575173009796, -0.4286026763933781, 0.33462300344410245, 0.5308324053266071, -0.2212505431081484, 0.03180907403622113, 0.4823819238204461, -0.9371714239904825, -0.34656289980057586, -0.6114114127505603, 0.641641776373221, -0.6580996135368649, -0.6722338461586149, -0.4101935109413024, 0.8307500065321161, 0.06319334221007522, -0.6186300680354304, 0.413579062399444, 0.9636443645103692, -0.17079347017664903, 0.9622342321153222, -0.05875439274517458, -0.8056706659222332, -0.3704347207991958, -0.4616210209866902, -0.6903804808509406, -0.14695353869386985, 0.00554715424601826, -0.6028845793005627, 0.6993013393057939, -0.2172977100054163, -0.4275751919504983, 0.5776454481380977, -0.642673529125469, -0.1040143019338815, 0.756435927128275, -0.46872659517234205, 0.9478783699279154, 2.42315435425855e-05, -0.7169083459429269, 0.003694831847706803, 0.1159935534149028, 0.0643530823189713, -0.006670043817313218, 0.45671006504395895, -0.20661080829769776, -0.5139715981786663, -0.5124692705565774, -0.16440841998600764, 0.08322360583749222, -0.11339186791828107, 0.9741174096217449, 0.09922125316544639, 0.5930718355709623, 0.8194752089277122, -0.8061148152642807, -0.9629726048419927, -0.7096400538558554, 0.6004814331739192, 0.34404747355018506, -0.9957731864207624, 0.9965994050995641, -0.2898236248710646, -0.5526905843195709, 0.003823769373787478, -0.21692702342932035, -0.9558554062386444, -0.12020173227881259, -0.5409528814186586, -0.8848505560445886, 0.9200870141944849, 0.38645669989267906]
487.41626124829054	(8, 12, 2)	[-0.004191025849941354, 0.5665778240174133, -0.6196805033239623, -0.3112825756202504, -0.15406573714943672, 0.8579333308316539, 0.5298449716695391, 0.45483046805348165, -0.3556939411877107, 0.8117477950824208, -0.6379563810623741, -1, 0.8136352735925716, -0.702946425366251, 0.5381607737284482, -0.28623595171284594, 0.31213695584634155, -0.16391339848263992, -0.6111321375813761, -0.463054449213264, -0.11214828508783214, 0.07068643398267693, 0.7009698777065219, -0.4621059845879032, 0.08026554581098888, -0.0845893177586915, 0.5359099351132015, 0.17458228939576623, 0.8494272918886927, 0.44903857622215604, -0.2414373694437908, 0.3360915554081987, 0.6178296415855442, 0.8050392283738061, -0.5449088204395383, -0.9844699618850095, 0.04230511608223586, 0.37655542126893904, 0.16116355930569148, -0.9239988048077841, 0.6543175808853415, -0.06544117132421334, 0.7119257801526226, -0.5427148545964202, 0.23285425598021325, 0.740797548563551, 0.7396827435086515, -0.5751987187734471, -0.8751575173009796, -0.4286026763933781, 0.33462300344410245, 0.5308324053266071, -0.2212505431081484, 0.03180907403622113, 0.4823819238204461, -0.9371714239904825, -0.34656289980057586, -0.6114114127505603, 0.641641776373221, -0.6580996135368649, -0.6722338461586149, -0.4101935109413024, 0.8307500065321161, 0.06319334221007522, -0.6186300680354304, 0.413579062399444, 0.9636443645103692, -0.26824363940376256, 0.9622342321153222, -0.05875439274517458, -0.8056706659222332, -0.3704347207991958, -0.4616210209866902, -0.5608094237176264, -0.14695353869386985, 0.00554715424601826, -0.6028845793005627, 0.6993013393057939, -0.2172977100054163, -0.4275751919504983, 0.5776454481380977, -0.9425632565210529, -0.1040143019338815, 0.756435927128275, -0.46872659517234205, 0.9478783699279154, 2.42315435425855e-05, -0.7169083459429269, 0.003694831847706803, 0.1159935534149028, 0.0643530823189713, -0.006670043817313218, 0.45671006504395895, -0.20661080829769776, -0.5139715981786663, -0.5124692705565774, -0.16440841998600764, 0.08322360583749222, -0.11339186791828107, 0.9741174096217449, 0.09922125316544639, 0.5930718355709623, 0.8194752089277122, -0.8061148152642807, -0.9629726048419927, -0.7096400538558554, 0.6004814331739192, 0.34404747355018506, -0.9957731864207624, 1, -0.2898236248710646, -0.5526905843195709, 0.003823769373787478, -0.21692702342932035, -0.9558554062386444, -0.12020173227881259, -0.5409528814186586, -0.8848505560445886, 0.9200870141944849, 0.38645669989267906]
-6.380169615747251	(8, 12, 2)	[-0.004191025849941354, 0.5665778240174133, -0.6196805033239623, -0.3112825756202504, -0.15406573714943672, 0.8579333308316539, 0.5298449716695391, 0.45483046805348165, -0.3556939411877107, 0.8117477950824208, -0.6379563810623741, -1, 0.701159014355941, -0.702946425366251, 0.5381607737284482, -0.28623595171284594, 0.31213695584634155, -0.16391339848263992, -0.6111321375813761, -0.463054449213264, -0.11214828508783214, 0.07068643398267693, 0.5759410513055818, -0.4621059845879032, -0.10267754866795295, -0.05076861319119241, 0.5359099351132015, 0.22204023768488756, 0.7174689287934323, 0.44903857622215604, -0.2414373694437908, 0.3360915554081987, 0.7679533395035458, 0.8050392283738061, -0.5449088204395383, -0.9844699618850095, 0.4207077708238176, 0.31262189738013024, 0.16116355930569148, -1, 0.4437044685291587, -0.06544117132421334, 0.7119257801526226, -0.5427148545964202, 0.23285425598021325, 0.740797548563551, 0.7396827435086515, -0.5751987187734471, -0.8751575173009796, -0.4286026763933781, 0.33462300344410245, 0.5308324053266071, -0.2212505431081484, 0.03180907403622113, 0.4823819238204461, -0.9371714239904825, -0.34656289980057586, -0.6114114127505603, 0.641641776373221, -0.6580996135368649, -0.6722338461586149, -0.4101935109413024, 0.8307500065321161, 0.06319334221007522, -0.6186300680354304, 0.413579062399444, 0.9636443645103692, -0.17079347017664903, 0.9622342321153222, -0.05875439274517458, -0.8056706659222332, -0.3704347207991958, -0.4616210209866902, -0.6903804808509406, -0.14695353869386985, 0.00554715424601826, -0.6028845793005627, 0.6993013393057939, -0.2172977100054163, -0.4275751919504983, 0.5776454481380977, -0.642673529125469, -0.1040143019338815, 0.756435927128275, -0.46872659517234205, 0.9478783699279154, 2.42315435425855e-05, -0.7169083459429269, 0.003694831847706803, 0.1159935534149028, 0.0643530823189713, -0.006670043817313218, 0.45671006504395895, -0.20661080829769776, -0.5139715981786663, -0.5124692705565774, -0.16440841998600764, 0.08322360583749222, -0.11339186791828107, 0.9741174096217449, 0.09922125316544639, 0.5930718355709623, 0.8194752089277122, -0.8061148152642807, -0.9629726048419927, -0.7096400538558554, 0.6004814331739192, 0.34404747355018506, -0.9957731864207624, 0.9965994050995641, -0.2898236248710646, -0.5526905843195709, 0.003823769373787478, -0.21692702342932035, -0.9558554062386444, -0.12020173227881259, -0.5409528814186586, -0.8848505560445886, 0.9200870141944849, 0.38645669989267906]
485.6859263032675	(8, 12, 2)	[-0.004191025849941354, 0.5665778240174133, -0.6196805033239623, -0.3112825756202504, -0.15406573714943672, 0.8579333308316539, 0.5298449716695391, 0.45483046805348165, -0.3556939411877107, 0.8117477950824208, -0.6379563810623741, -1, 0.8136352735925716, -0.702946425366251, 0.5381607737284482, -0.28623595171284594, 0.31213695584634155, -0.16391339848263992, -0.6111321375813761, -0.463054449213264, -0.11214828508783214, 0.07068643398267693, 0.7009698777065219, -0.4621059845879032, 0.08026554581098888, -0.0845893177586915, 0.5359099351132015, 0.17458228939576623, 0.8494272918886927, 0.44903857622215604, -0.2414373694437908, 0.3360915554081987, 0.6178296415855442, 0.8050392283738061, -0.5449088204395383, -0.9844699618850095, 0.04230511608223586, 0.37655542126893904, 0.16116355930569148, -0.9239988048077841, 0.6543175808853415, -0.06544117132421334, 0.7119257801526226, -0.5427148545964202, 0.23285425598021325, 0.740797548563551, 0.7396827435086515, -0.5751987187734471, -0.8751575173009796, -0.4286026763933781, 0.33462300344410245, 0.5308324053266071, -0.2212505431081484, 0.03180907403622113, 0.4823819238204461, -0.9371714239904825, -0.34656289980057586, -0.6114114127505603, 0.641641776373221, -0.6580996135368649, -0.6722338461586149, -0.4101935109413024, 0.8307500065321161, 0.06319334221007522, -0.6186300680354304, 0.413579062399444, 0.9636443645103692, -0.26824363940376256, 0.9622342321153222, -0.05875439274517458, -0.8056706659222332, -0.3704347207991958, -0.4616210209866902, -0.5150320163999629, -0.14695353869386985, 0.00554715424601826, -0.6028845793005627, 0.6993013393057939, -0.2172977100054163, -0.4275751919504983, 0.5776454481380977, -0.9425632565210529, -0.1040143019338815, 0.756435927128275, -0.46872659517234205, 0.9478783699279154, 2.42315435425855e-05, -0.7169083459429269, 0.003694831847706803, 0.1159935534149028, 0.0643530823189713, -0.006670043817313218, 0.45671006504395895, -0.20661080829769776, -0.5139715981786663, -0.5124692705565774, -0.16440841998600764, 0.08322360583749222, -0.11339186791828107, 0.9741174096217449, 0.09922125316544639, 0.5930718355709623, 0.8194752089277122, -0.8061148152642807, -0.9629726048419927, -0.7096400538558554, 0.6004814331739192, 0.34404747355018506, -0.9957731864207624, 0.9965994050995641, -0.2898236248710646, -0.5526905843195709, 0.003823769373787478, -0.21692702342932035, -0.9558554062386444, -0.12020173227881259, -0.5409528814186586, -0.8848505560445886, 0.9200870141944849, 0.38645669989267906]
-17.224211432039738	(8, 12, 2)	[-0.004191025849941354, 0.5665778240174133, -0.6196805033239623, -0.3112825756202504, -0.15406573714943672, 0.8579333308316539, 0.5298449716695391, 0.45483046805348165, -0.3556939411877107, 0.8117477950824208, -0.6379563810623741, -1, 0.8136352735925716, -0.702946425366251, 0.5381607737284482, -0.28623595171284594, 0.31213695584634155, -0.16391339848263992, -0.6111321375813761, -0.463054449213264, -0.11214828508783214, 0.07068643398267693, 0.7009698777065219, -0.4621059845879032, 0.08026554581098888, -0.0845893177586915, 0.5359099351132015, 0.17458228939576623, 0.8494272918886927, 0.44903857622215604, -0.2414373694437908, 0.3360915554081987, 0.6178296415855442, 0.8050392283738061, -0.5449088204395383, -0.9844699618850095, 0.4207077708238176, 0.31262189738013024, 0.16116355930569148, -1, 0.4437044685291587, -0.06544117132421334, 0.7119257801526226, -0.5427148545964202, 0.23285425598021325, 0.740797548563551, 0.7396827435086515, -0.5751987187734471, -0.8751575173009796, -0.4286026763933781, 0.33462300344410245, 0.5308324053266071, -0.11611059751854981, 0.03180907403622113, 0.4823819238204461, -0.9371714239904825, -0.34656289980057586, -0.6114114127505603, 0.641641776373221, -0.6580996135368649, -0.6722338461586149, -0.4101935109413024, 0.8307500065321161, 0.06319334221007522, -0.6186300680354304, 0.413579062399444, 0.9636443645103692, -0.17079347017664903, 1, 0.006298646500778618, -0.8056706659222332, -0.3704347207991958, -0.4616210209866902, -0.6903804808509406, -0.14695353869386985, 0.00554715424601826, -0.6028845793005627, 0.6993013393057939, -0.2172977100054163, -0.4275751919504983, 0.5776454481380977, -0.642673529125469, -0.1040143019338815, 0.756435927128275, -0.46872659517234205, 0.9478783699279154, 2.42315435425855e-05, -0.7169083459429269, 0.003694831847706803, 0.1159935534149028, 0.0643530823189713, -0.006670043817313218, 0.45671006504395895, -0.20661080829769776, -0.5139715981786663, -0.5124692705565774, -0.16440841998600764, 0.08322360583749222, -0.11339186791828107, 0.9741174096217449, 0.09922125316544639, 0.5930718355709623, 0.8194752089277122, -0.8061148152642807, -0.9629726048419927, -0.7096400538558554, 0.6004814331739192, 0.34404747355018506, -0.9957731864207624, 0.9965994050995641, -0.2898236248710646, -0.5526905843195709, 0.37722842517117144, -0.21692702342932035, -0.9558554062386444, -0.12020173227881259, -0.5409528814186586, -0.8848505560445886, 0.9200870141944849, 0.38645669989267906]
484.0641412883997	(8, 12, 2)	[-0.004191025849941354, 0.5665778240174133, -0.6196805033239623, -0.3112825756202504, -0.15406573714943672, 0.8579333308316539, 0.5298449716695391, 0.45483046805348165, -0.3556939411877107, 0.8117477950824208, -0.6379563810623741, -1, 0.8136352735925716, -0.702946425366251, 0.5381607737284482, -0.28623595171284594, 0.31213695584634155, -0.16391339848263992, -0.6111321375813761, -0.463054449213264, -0.11214828508783214, 0.07068643398267693, 0.7009698777065219, -0.4621059845879032, 0.08026554581098888, -0.0845893177586915, 0.5359099351132015, 0.17458228939576623, 0.8494272918886927, 0.44903857622215604, -0.2414373694437908, 0.3360915554081987, 0.6178296415855442, 0.8050392283738061, -0.5449088204395383, -0.9844699618850095, 0.4207077708238176, 0.31262189738013024, 0.16116355930569148, -1, 0.4437044685291587, -0.06544117132421334, 0.7119257801526226, -0.5427148545964202, 0.23285425598021325, 0.740797548563551, 0.7396827435086515, -0.5751987187734471, -0.8751575173009796, -0.4286026763933781, 0.33462300344410245, 0.5308324053266071, -0.11611059751854981, 0.03180907403622113, 0.4823819238204461, -0.9371714239904825, -0.34656289980057586, -0.6114114127505603, 0.641641776373221, -0.6580996135368649, -0.6722338461586149, -0.4101935109413024, 0.8307500065321161, 0.06319334221007522, -0.6186300680354304, 0.413579062399444, 0.9636443645103692, -0.17079347017664903, 1, 0.006298646500778618, -0.8056706659222332, -0.3704347207991958, -0.4616210209866902, -0.6903804808509406, -0.14695353869386985, 0.00554715424601826, -0.6028845793005627, 0.6993013393057939, -0.2172977100054163, -0.4275751919504983, 0.5776454481380977, -0.642673529125469, -0.1040143019338815, 0.756435927128275, -0.46872659517234205, 0.9478783699279154, 2.42315435425855e-05, -0.7169083459429269, 0.003694831847706803, 0.1159935534149028, 0.0643530823189713, -0.006670043817313218, 0.45671006504395895, -0.20661080829769776, -0.5139715981786663, -0.5124692705565774, -0.16440841998600764, 0.08322360583749222, -0.11339186791828107, 0.9741174096217449, 0.09922125316544639, 0.5930718355709623, 0.8194752089277122, -0.8061148152642807, -0.9629726048419927, -0.7096400538558554, 0.6004814331739192, 0.34404747355018506, -0.9957731864207624, 0.9965994050995641, -0.2898236248710646, -0.5526905843195709, 0.37722842517117144, -0.21692702342932035, -0.9558554062386444, -0.12020173227881259, -0.5409528814186586, -0.8848505560445886, 0.9200870141944849, 0.38645669989267906]
-15.747260488569736	(8, 12, 2)	[-0.004191025849941354, 0.5665778240174133, -0.6196805033239623, -0.3112825756202504, -0.15406573714943672, 0.8579333308316539, 0.5298449716695391, 0.45483046805348165, -0.3556939411877107, 0.8117477950824208, -0.6379563810623741, -1, 0.701159014355941, -0.702946425366251, 0.5381607737284482, -0.28623595171284594, 0.31213695584634155, -0.16391339848263992, -0.6111321375813761, -0.463054449213264, 0.2152031622745093, 0.07068643398267693, 0.7009698777065219, -0.4621059845879032, 0.08026554581098888, -0.0845893177586915, 0.5359099351132015, 0.4343866678620464, 0.8494272918886927, 0.44903857622215604, -0.2414373694437908, 0.3360915554081987, 0.6178296415855442, 0.8050392283738061, -0.5449088204395383, -0.9844699618850095, 0.4207077708238176, 0.31262189738013024, 0.16116355930569148, -1, 0.4437044685291587, -0.06544117132421334, 0.7119257801526226, -0.5427148545964202, 0.23285425598021325, 0.740797548563551, 0.7396827435086515, -0.5751987187734471, -0.8751575173009796, -0.4286026763933781, 0.33462300344410245, 0.5308324053266071, -0.11611059751854981, 0.03180907403622113, 0.4823819238204461, -0.9371714239904825, -0.34656289980057586, -0.6114114127505603, 0.641641776373221, -0.6580996135368649, -0.6722338461586149, -0.4101935109413024, 0.8307500065321161, 0.06319334221007522, -0.6186300680354304, 0.413579062399444, 0.9636443645103692, -0.17079347017664903, 1, 0.006298646500778618, -0.8056706659222332, -0.3704347207991958, -0.4616210209866902, -0.6903804808509406, -0.14695353869386985, 0.00554715424601826, -0.6028845793005627, 0.6993013393057939, -0.2172977100054163, -0.4275751919504983, 0.5776454481380977, -0.642673529125469, -0.1040143019338815, 0.756435927128275, -0.46872659517234205, 0.9478783699279154, 2.42315435425855e-05, -0.7169083459429269, 0.003694831847706803, 0.1159935534149028, 0.0643530823189713, -0.006670043817313218, 0.45671006504395895, -0.20661080829769776, -0.5139715981786663, -0.5124692705565774, -0.16440841998600764, 0.08322360583749222, -0.11339186791828107, 0.9741174096217449, 0.09922125316544639, 0.5930718355709623, 0.8194752089277122, -0.8061148152642807, -0.9629726048419927, -0.7096400538558554, 0.6004814331739192, 0.34404747355018506, -0.9957731864207624, 0.9965994050995641, -0.2898236248710646, -0.5526905843195709, 0.37722842517117144, -0.21692702342932035, -0.9558554062386444, -0.12020173227881259, -0.5409528814186586, -0.8848505560445886, 0.9200870141944849, 0.38645669989267906]
486.2833194434643	(8, 12, 2)	[-0.004191025849941354, 0.5665778240174133, -0.6196805033239623, -0.3112825756202504, -0.15406573714943672, 0.8579333308316539, 0.5298449716695391, 0.45483046805348165, -0.3556939411877107, 0.8117477950824208, -0.6379563810623741, -1, 0.8136352735925716, -0.702946425366251, 0.5381607737284482, -0.28623595171284594, 0.31213695584634155, -0.16391339848263992, -0.6111321375813761, -0.463054449213264, 0.2152031622745093, 0.07068643398267693, 0.7009698777065219, -0.4621059845879032, 0.08026554581098888, -0.0845893177586915, 0.5359099351132015, 0.4343866678620464, 0.8494272918886927, 0.44903857622215604, -0.2414373694437908, 0.3360915554081987, 0.6178296415855442, 0.8050392283738061, -0.5449088204395383, -0.9844699618850095, 0.4207077708238176, 0.31262189738013024, 0.16116355930569148, -1, 0.4437044685291587, -0.06544117132421334, 0.7119257801526226, -0.5427148545964202, 0.23285425598021325, 0.740797548563551, 0.7396827435086515, -0.600312585973191, -0.8751575173009796, -0.4286026763933781, 0.33462300344410245, 0.5308324053266071, -0.11611059751854981, 0.03180907403622113, 0.4823819238204461, -0.9371714239904825, -0.34656289980057586, -0.6114114127505603, 0.641641776373221, -0.978818102622486, -0.6722338461586149, -0.4101935109413024, 0.8307500065321161, 0.06319334221007522, -0.6186300680354304, 0.413579062399444, 0.9636443645103692, -0.17079347017664903, 1, 0.006298646500778618, -0.8056706659222332, -0.3704347207991958, -0.4616210209866902, -0.6903804808509406, -0.14695353869386985, 0.00554715424601826, -0.6028845793005627, 0.6993013393057939, -0.2172977100054163, -0.4275751919504983, 0.5776454481380977, -0.9425632565210529, -0.1040143019338815, 0.756435927128275, -0.46872659517234205, 0.9478783699279154, 2.42315435425855e-05, -0.7169083459429269, 0.003694831847706803, 0.1159935534149028, 0.0643530823189713, -0.006670043817313218, 0.45671006504395895, -0.20661080829769776, -0.5139715981786663, -0.5124692705565774, -0.16440841998600764, 0.08322360583749222, -0.11339186791828107, 0.9741174096217449, 0.09922125316544639, 0.5930718355709623, 0.8194752089277122, -0.8061148152642807, -0.9629726048419927, -0.7096400538558554, 0.6004814331739192, 0.34404747355018506, -0.9957731864207624, 1, -0.2898236248710646, -0.5526905843195709, 0.003823769373787478, -0.21692702342932035, -0.9558554062386444, -0.12020173227881259, -0.5409528814186586, -0.8848505560445886, 0.9200870141944849, 0.38645669989267906]
482.76971727609634	(8, 12, 2)	[-0.004191025849941354, 0.5665778240174133, -0.6196805033239623, -0.3112825756202504, -0.15406573714943672, 0.8579333308316539, 0.5298449716695391, 0.45483046805348165, -0.3556939411877107, 0.8117477950824208, -0.6379563810623741, -1, 0.8136352735925716, -0.702946425366251, 0.5381607737284482, -0.28623595171284594, 0.31213695584634155, -0.16391339848263992, -0.6111321375813761, -0.463054449213264, 0.2152031622745093, 0.07068643398267693, 0.7009698777065219, -0.4621059845879032, 0.08026554581098888, -0.0845893177586915, 0.5359099351132015, 0.4343866678620464, 0.8494272918886927, 0.44903857622215604, -0.2414373694437908, 0.3360915554081987, 0.6178296415855442, 0.8050392283738061, -0.5449088204395383, -0.9844699618850095, 0.4207077708238176, 0.31262189738013024, 0.16116355930569148, -1, 0.4437044685291587, -0.06544117132421334, 0.7119257801526226, -0.5427148545964202, 0.23285425598021325, 0.740797548563551, 0.7396827435086515, -0.600312585973191, -0.8751575173009796, -0.4286026763933781, 0.33462300344410245, 0.5308324053266071, -0.11611059751854981, 0.03180907403622113, 0.4823819238204461, -0.9371714239904825, -0.34656289980057586, -0.6114114127505603, 0.641641776373221, -0.978818102622486, -0.6722338461586149, -0.4101935109413024, 0.8307500065321161, 0.06319334221007522, -0.6186300680354304, 0.413579062399444, 0.9636443645103692, -0.17079347017664903, 1, 0.006298646500778618, -0.8056706659222332, -0.3704347207991958, -0.4616210209866902, -0.6903804808509406, -0.14695353869386985, 0.00554715424601826, -0.6028845793005627, 0.6993013393057939, -0.2172977100054163, -0.4275751919504983, 0.5776454481380977, -0.9425632565210529, -0.1040143019338815, 0.756435927128275, -0.46872659517234205, 0.9478783699279154, 2.42315435425855e-05, -0.7169083459429269, 0.003694831847706803, 0.1159935534149028, 0.0643530823189713, -0.006670043817313218, 0.45671006504395895, -0.20661080829769776, -0.5139715981786663, -0.5124692705565774, -0.16440841998600764, 0.08322360583749222, -0.11339186791828107, 0.9741174096217449, 0.09922125316544639, 0.5930718355709623, 0.8194752089277122, -0.8061148152642807, -0.9629726048419927, -0.7096400538558554, 0.6004814331739192, 0.34404747355018506, -0.9957731864207624, 1, -0.2898236248710646, -0.5526905843195709, 0.003823769373787478, -0.21692702342932035, -0.9558554062386444, -0.12020173227881259, -0.5409528814186586, -0.8848505560445886, 0.9200870141944849, 0.38645669989267906]
-16.03200756944716	(8, 12, 2)	[-0.004191025849941354, 0.5665778240174133, -0.6196805033239623, -0.3112825756202504, -0.15406573714943672, 0.8579333308316539, 0.5298449716695391, 0.45483046805348165, -0.3556939411877107, 0.8117477950824208, -0.5273050354519325, -1, 0.701159014355941, -0.702946425366251, 0.667180497978339, -0.28623595171284594, 0.31213695584634155, -0.16391339848263992, -0.6111321375813761, -0.463054449213264, 0.2152031622745093, 0.07068643398267693, 0.7009698777065219, -0.4621059845879032, 0.08026554581098888, -0.0845893177586915, 0.5359099351132015, 0.4343866678620464, 0.8494272918886927, 0.44903857622215604, -0.2414373694437908, 0.3360915554081987, 0.6178296415855442, 0.8050392283738061, -0.5449088204395383, -0.9844699618850095, 0.4207077708238176, 0.31262189738013024, 0.16116355930569148, -1, 0.4437044685291587, -0.06544117132421334, 0.7119257801526226, -0.5427148545964202, 0.23285425598021325, 0.740797548563551, 0.7396827435086515, -0.600312585973191, -0.8751575173009796, -0.4286026763933781, 0.33462300344410245, 0.5308324053266071, -0.11611059751854981, 0.03180907403622113, 0.4823819238204461, -0.9371714239904825, -0.34656289980057586, -0.6114114127505603, 0.641641776373221, -0.978818102622486, -0.6722338461586149, -0.4101935109413024, 0.8307500065321161, 0.05083204935697258, -0.6186300680354304, 0.413579062399444, 0.9636443645103692, -0.26824363940376256, 0.9622342321153222, -0.05875439274517458, -0.8056706659222332, -0.3704347207991958, -0.4616210209866902, -0.5150320163999629, -0.14695353869386985, 0.00554715424601826, -0.6028845793005627, 0.6993013393057939, -0.2172977100054163, -0.4275751919504983, 0.6864455556042703, -0.9425632565210529, -0.1040143019338815, 0.756435927128275, -0.46872659517234205, 0.9478783699279154, 2.42315435425855e-05, -0.7169083459429269, 0.003694831847706803, 0.1159935534149028, 0.0643530823189713, -0.006670043817313218, 0.45671006504395895, -0.20661080829769776, -0.5139715981786663, -0.5124692705565774, -0.16440841998600764, 0.08322360583749222, -0.11339186791828107, 0.9741174096217449, 0.09922125316544639, 0.5930718355709623, 0.8194752089277122, -0.8061148152642807, -0.9629726048419927, -0.7096400538558554, 0.6004814331739192, 0.34404747355018506, -0.9957731864207624, 0.9965994050995641, -0.2898236248710646, -0.5526905843195709, 0.003823769373787478, -0.21692702342932035, -0.9558554062386444, -0.09279271035833084, -0.5409528814186586, -0.8848505560445886, 0.9200870141944849, 0.38645669989267906]
488.3343920344487	(8, 12, 2)	[-0.004191025849941354, 0.5665778240174133, -0.6196805033239623, -0.3112825756202504, -0.15406573714943672, 0.8579333308316539, 0.5298449716695391, 0.45483046805348165, -0.3556939411877107, 0.8117477950824208, -0.6379563810623741, -1, 0.8136352735925716, -0.702946425366251, 0.5381607737284482, -0.28623595171284594, 0.31213695584634155, -0.16391339848263992, -0.6111321375813761, -0.463054449213264, 0.2152031622745093, 0.07068643398267693, 0.7009698777065219, -0.4621059845879032, 0.08026554581098888, -0.0845893177586915, 0.5359099351132015, 0.4343866678620464, 0.8494272918886927, 0.44903857622215604, -0.2414373694437908, 0.3360915554081987, 0.6178296415855442, 0.8050392283738061, -0.5449088204395383, -0.9844699618850095, 0.04230511608223586, 0.37655542126893904, 0.16116355930569148, -0.9239988048077841, 0.6543175808853415, -0.06544117132421334, 0.7119257801526226, -0.5427148545964202, 0.23285425598021325, 0.740797548563551, 0.7396827435086515, -0.5751987187734471, -0.8524780819995257, -0.4286026763933781, 0.33462300344410245, 0.5308324053266071, -0.2212505431081484, 0.03180907403622113, 0.4823819238204461, -0.9371714239904825, -0.34656289980057586, -0.6114114127505603, 0.641641776373221, -0.978818102622486, -0.6722338461586149, -0.4101935109413024, 0.8307500065321161, 0.06319334221007522, -0.6186300680354304, 0.413579062399444, 0.9636443645103692, -0.17079347017664903, 1, 0.006298646500778618, -0.8056706659222332, -0.3704347207991958, -0.4616210209866902, -0.6903804808509406, -0.14695353869386985, 0.00554715424601826, -0.6028845793005627, 0.6993013393057939, -0.2172977100054163, -0.4275751919504983, 0.5776454481380977, -0.9425632565210529, -0.1040143019338815, 0.756435927128275, -0.46872659517234205, 0.9478783699279154, 2.42315435425855e-05, -0.7169083459429269, 0.003694831847706803, 0.1159935534149028, 0.0643530823189713, -0.006670043817313218, 0.45671006504395895, -0.20661080829769776, -0.5139715981786663, -0.5124692705565774, -0.16440841998600764, 0.08322360583749222, -0.11339186791828107, 0.9741174096217449, 0.09922125316544639, 0.5930718355709623, 0.8194752089277122, -0.8061148152642807, -0.9629726048419927, -0.7096400538558554, 0.6004814331739192, 0.34404747355018506, -0.9957731864207624, 1, -0.575184055348746, -0.5526905843195709, 0.003823769373787478, -0.2513192738051464, -0.9558554062386444, -0.12020173227881259, -0.9875748122252093, -0.8848505560445886, 0.9200870141944849, 0.38645669989267906]
-12.446010462008417	(8, 12, 2)	[-0.004191025849941354, 0.5665778240174133, -0.6196805033239623, -0.3112825756202504, -0.15406573714943672, 0.8579333308316539, 0.5298449716695391, 0.45483046805348165, -0.3556939411877107, 0.8117477950824208, -0.6379563810623741, -1, 0.8136352735925716, -0.702946425366251, 0.5381607737284482, -0.28623595171284594, 0.31213695584634155, -0.16391339848263992, -0.6111321375813761, -0.463054449213264, 0.2152031622745093, 0.07068643398267693, 0.7009698777065219, -0.4621059845879032, 0.08026554581098888, -0.0845893177586915, 0.5359099351132015, 0.4343866678620464, 0.8494272918886927, 0.44903857622215604, -0.2414373694437908, 0.3360915554081987, 0.6178296415855442, 0.8050392283738061, -0.5449088204395383, -0.9844699618850095, 0.04230511608223586, 0.37655542126893904, 0.16116355930569148, -0.9239988048077841, 0.6543175808853415, -0.06544117132421334, 0.7119257801526226, -0.5556271850116722, 0.23285425598021325, 0.740797548563551, 0.7396827435086515, -0.36243188651516756, -0.8524780819995257, -0.4286026763933781, 0.33462300344410245, 0.5308324053266071, -0.2212505431081484, 0.03180907403622113, 0.4823819238204461, -0.9371714239904825, -0.34656289980057586, -0.6114114127505603, 0.641641776373221, -0.978818102622486, -0.6722338461586149, -0.4101935109413024, 0.8307500065321161, 0.06319334221007522, -0.6186300680354304, 0.413579062399444, 0.9636443645103692, -0.17079347017664903, 1, 0.006298646500778618, -0.8056706659222332, -0.3704347207991958, -0.4616210209866902, -0.6903804808509406, -0.14695353869386985, 0.00554715424601826, -0.6028845793005627, 0.6993013393057939, -0.2172977100054163, -0.4275751919504983, 0.5776454481380977, -0.9425632565210529, -0.1040143019338815, 0.756435927128275, -0.46872659517234205, 0.9478783699279154, 2.42315435425855e-05, -0.7169083459429269, 0.003694831847706803, 0.1159935534149028, 0.0643530823189713, -0.006670043817313218, 0.45671006504395895, -0.20661080829769776, -0.5139715981786663, -0.5124692705565774, -0.16440841998600764, 0.08322360583749222, -0.11339186791828107, 0.9741174096217449, 0.09922125316544639, 0.5930718355709623, 0.8194752089277122, -0.8061148152642807, -0.9629726048419927, -0.7096400538558554, 0.6004814331739192, 0.34404747355018506, -0.9957731864207624, 1, -0.575184055348746, -0.5526905843195709, 0.003823769373787478, -0.2513192738051464, -0.9558554062386444, -0.12020173227881259, -0.9875748122252093, -0.8848505560445886, 0.9200870141944849, 0.38645669989267906]
489.2777577973902	(8, 12, 2)	[-0.004191025849941354, 0.5665778240174133, -0.6196805033239623, -0.3112825756202504, -0.15406573714943672, 0.8579333308316539, 0.5298449716695391, 0.45483046805348165, -0.3556939411877107, 0.8117477950824208, -0.6379563810623741, -1, 0.8136352735925716, -0.702946425366251, 0.5381607737284482, -0.28623595171284594, 0.31213695584634155, -0.16391339848263992, -0.6111321375813761, -0.463054449213264, 0.2152031622745093, 0.07068643398267693, 0.7009698777065219, -0.4621059845879032, 0.08026554581098888, -0.0845893177586915, 0.5359099351132015, 0.4343866678620464, 0.8494272918886927, 0.44903857622215604, -0.2414373694437908, 0.3360915554081987, 0.6178296415855442, 0.8050392283738061, -0.5449088204395383, -0.9844699618850095, 0.04230511608223586, 0.37655542126893904, 0.16116355930569148, -0.9239988048077841, 0.6543175808853415, -0.06544117132421334, 0.7119257801526226, -0.5427148545964202, 0.23285425598021325, 0.740797548563551, 0.7396827435086515, -0.5751987187734471, -0.8524780819995257, -0.4286026763933781, 0.33462300344410245, 0.5308324053266071, -0.2212505431081484, 0.03180907403622113, 0.4823819238204461, -0.9371714239904825, -0.34656289980057586, -0.6114114127505603, 0.641641776373221, -0.978818102622486, -0.6722338461586149, -0.4101935109413024, 0.8307500065321161, 0.047652128954061894, -0.6186300680354304, 0.413579062399444, 0.9636443645103692, -0.26824363940376256, 0.9622342321153222, -0.05875439274517458, -0.8056706659222332, -0.3704347207991958, -0.4616210209866902, -0.5150320163999629, -0.14695353869386985, 0.00554715424601826, -0.6028845793005627, 0.6993013393057939, -0.2172977100054163, -0.4275751919504983, 0.5776454481380977, -0.642673529125469, -0.1040143019338815, 0.756435927128275, -0.46872659517234205, 0.9478783699279154, 2.42315435425855e-05, -0.7169083459429269, 0.003694831847706803, 0.1159935534149028, 0.0643530823189713, -0.006670043817313218, 0.45671006504395895, -0.20661080829769776, -0.5139715981786663, -0.5124692705565774, -0.16440841998600764, 0.08322360583749222, -0.11339186791828107, 0.9741174096217449, 0.09922125316544639, 0.5930718355709623, 0.8194752089277122, -0.8061148152642807, -0.9629726048419927, -0.7096400538558554, 0.6004814331739192, 0.34404747355018506, -0.9957731864207624, 1, -0.2898236248710646, -0.5526905843195709, 0.003823769373787478, -0.2513192738051464, -0.9558554062386444, -0.12020173227881259, -0.8356513357819793, -0.8848505560445886, 0.9200870141944849, 0.38645669989267906]
486.31577668711543	(8, 12, 2)	[-0.004191025849941354, 0.5665778240174133, -0.6196805033239623, -0.3112825756202504, -0.15406573714943672, 0.8579333308316539, 0.5298449716695391, 0.45483046805348165, -0.3556939411877107, 0.8117477950824208, -0.5273050354519325, -1, 0.701159014355941, -0.702946425366251, 0.667180497978339, -0.28623595171284594, 0.31213695584634155, -0.16391339848263992, -0.6111321375813761, -0.463054449213264, 0.2152031622745093, 0.07068643398267693, 0.7009698777065219, -0.4621059845879032, 0.08026554581098888, -0.0845893177586915, 0.5359099351132015, 0.4343866678620464, 0.8494272918886927, 0.44903857622215604, -0.2414373694437908, 0.3360915554081987, 0.6178296415855442, 0.8050392283738061, -0.5449088204395383, -0.9844699618850095, 0.04230511608223586, 0.37655542126893904, 0.16116355930569148, -0.9239988048077841, 0.5921982322832074, -0.06544117132421334, 0.7119257801526226, -0.5427148545964202, 0.23285425598021325, 0.740797548563551, 0.7396827435086515, -0.5751987187734471, -0.8751575173009796, -0.4286026763933781, 0.33462300344410245, 0.5308324053266071, -0.2212505431081484, 0.03180907403622113, 0.4823819238204461, -0.9371714239904825, -0.34656289980057586, -0.6114114127505603, 0.641641776373221, -0.6580996135368649, -0.6722338461586149, -0.14454585626430627, 0.8307500065321161, -0.007603639383466018, -0.6186300680354304, 0.413579062399444, 0.9636443645103692, -0.26824363940376256, 0.9622342321153222, -0.05875439274517458, -0.8056706659222332, -0.3704347207991958, -0.4616210209866902, -0.5150320163999629, -0.14695353869386985, 0.00554715424601826, -0.6028845793005627, 0.6993013393057939, -0.2172977100054163, -0.4275751919504983, 0.5776454481380977, -0.9425632565210529, -0.1040143019338815, 0.756435927128275, -0.46872659517234205, 0.9478783699279154, 2.42315435425855e-05, -0.7169083459429269, 0.003694831847706803, 0.1159935534149028, 0.23232323417918319, -0.006670043817313218, 0.45671006504395895, -0.20661080829769776, -0.5139715981786663, -0.5124692705565774, -0.16440841998600764, 0.08322360583749222, -0.11339186791828107, 0.9741174096217449, 0.09922125316544639, 1, 0.8194752089277122, -0.8061148152642807, -0.9629726048419927, -0.7096400538558554, 0.6004814331739192, 0.34404747355018506, -0.9957731864207624, 0.9965994050995641, -0.2898236248710646, -0.5526905843195709, 0.003823769373787478, -0.21692702342932035, -0.9558554062386444, -0.09279271035833084, -0.2881454610754178, -0.8848505560445886, 0.9960785948196069, 0.38645669989267906]
484.93835758417845	(8, 12, 2)	[-0.004191025849941354, 0.5665778240174133, -0.6196805033239623, -0.3112825756202504, -0.15406573714943672, 0.8579333308316539, 0.5298449716695391, 0.45483046805348165, -0.3556939411877107, 0.8117477950824208, -0.5273050354519325, -1, 0.701159014355941, -0.702946425366251, 0.667180497978339, -0.28623595171284594, 0.31213695584634155, -0.16391339848263992, -0.6111321375813761, -0.463054449213264, 0.2152031622745093, 0.07068643398267693, 0.7009698777065219, -0.4621059845879032, 0.08026554581098888, -0.0845893177586915, 0.5359099351132015, 0.4343866678620464, 0.8494272918886927, 0.44903857622215604, -0.2414373694437908, 0.3360915554081987, 0.6178296415855442, 0.8050392283738061, -0.5449088204395383, -0.9844699618850095, 0.04230511608223586, 0.37655542126893904, 0.16116355930569148, -0.9239988048077841, 0.5921982322832074, -0.06544117132421334, 0.7119257801526226, -0.5427148545964202, 0.23285425598021325, 0.740797548563551, 0.7396827435086515, -0.5751987187734471, -0.8751575173009796, -0.4286026763933781, 0.33462300344410245, 0.5308324053266071, -0.2212505431081484, 0.03180907403622113, 0.4823819238204461, -0.9371714239904825, -0.34656289980057586, -0.6114114127505603, 0.641641776373221, -0.6580996135368649, -0.6722338461586149, -0.14454585626430627, 0.8307500065321161, -0.007603639383466018, -0.6186300680354304, 0.413579062399444, 0.9636443645103692, -0.26824363940376256, 0.9622342321153222, -0.05875439274517458, -0.8056706659222332, -0.3704347207991958, -0.4616210209866902, -0.5150320163999629, -0.14695353869386985, 0.00554715424601826, -0.6028845793005627, 0.6993013393057939, -0.2172977100054163, -0.4275751919504983, 0.5776454481380977, -0.9425632565210529, -0.1040143019338815, 0.756435927128275, -0.46872659517234205, 0.9478783699279154, 2.42315435425855e-05, -0.7169083459429269, 0.003694831847706803, 0.1159935534149028, 0.23232323417918319, -0.006670043817313218, 0.45671006504395895, -0.20661080829769776, -0.5139715981786663, -0.5124692705565774, -0.16440841998600764, 0.08322360583749222, -0.11339186791828107, 0.9741174096217449, 0.09922125316544639, 1, 0.8194752089277122, -0.8061148152642807, -0.9629726048419927, -0.7096400538558554, 0.6004814331739192, 0.34404747355018506, -0.9957731864207624, 0.9965994050995641, -0.2898236248710646, -0.5526905843195709, 0.003823769373787478, -0.21692702342932035, -0.9558554062386444, -0.09279271035833084, -0.2881454610754178, -0.8848505560445886, 0.9960785948196069, 0.38645669989267906]
470.44393606483936	(8, 12, 2)	[-0.004191025849941354, 0.5665778240174133, -0.6196805033239623, -0.3112825756202504, -0.15406573714943672, 0.8579333308316539, 0.5298449716695391, 0.45483046805348165, -0.3556939411877107, 0.8117477950824208, -0.5273050354519325, -1, 0.701159014355941, -0.702946425366251, 0.667180497978339, -0.28623595171284594, 0.31213695584634155, -0.16391339848263992, -0.6111321375813761, -0.463054449213264, 0.2152031622745093, 0.07068643398267693, 0.7009698777065219, -0.4621059845879032, 0.08026554581098888, -0.0845893177586915, 0.5359099351132015, 0.4343866678620464, 0.8494272918886927, 0.44903857622215604, -0.2414373694437908, 0.3360915554081987, 0.6178296415855442, 0.8050392283738061, -0.5449088204395383, -0.9844699618850095, 0.04230511608223586, 0.37655542126893904, 0.16116355930569148, -0.9239988048077841, 0.5921982322832074, -0.06544117132421334, 0.7119257801526226, -0.5427148545964202, 0.23285425598021325, 0.740797548563551, 0.7396827435086515, -0.5751987187734471, -0.8751575173009796, -0.4286026763933781, 0.33462300344410245, 0.5308324053266071, -0.2212505431081484, 0.03180907403622113, 0.4823819238204461, -0.9371714239904825, -0.34656289980057586, -0.6114114127505603, 0.641641776373221, -0.6580996135368649, -0.6722338461586149, -0.14454585626430627, 0.8307500065321161, -0.007603639383466018, -0.6186300680354304, 0.413579062399444, 0.9636443645103692, -0.17079347017664903, 1, 0.006298646500778618, -0.8056706659222332, -0.3704347207991958, -0.4616210209866902, -0.6903804808509406, -0.14695353869386985, 0.00554715424601826, -0.6028845793005627, 0.6993013393057939, -0.2172977100054163, -0.4275751919504983, 0.5776454481380977, -0.9425632565210529, -0.1040143019338815, 0.756435927128275, -0.46872659517234205, 0.9478783699279154, 2.42315435425855e-05, -0.6056085097345599, 0.003694831847706803, 0.1159935534149028, 0.23232323417918319, -0.006670043817313218, 0.45671006504395895, -0.20661080829769776, -0.5139715981786663, -0.5124692705565774, -0.16440841998600764, 0.08322360583749222, -0.11339186791828107, 0.9741174096217449, 0.09922125316544639, 1, 0.8194752089277122, -0.8061148152642807, -0.9629726048419927, -0.7096400538558554, 0.6004814331739192, 0.34404747355018506, -0.9957731864207624, 0.9965994050995641, -0.2898236248710646, -0.5526905843195709, 0.003823769373787478, -0.21692702342932035, -0.9558554062386444, -0.09279271035833084, -0.2881454610754178, -0.8848505560445886, 0.9960785948196069, 0.38645669989267906]
487.60168198496103	(8, 12, 2)	[-0.004191025849941354, 0.5665778240174133, -0.6196805033239623, -0.3112825756202504, -0.15406573714943672, 0.8579333308316539, 0.5298449716695391, 0.45483046805348165, -0.4370246030271602, 0.8117477950824208, -0.5273050354519325, -1, 0.701159014355941, -0.702946425366251, 0.667180497978339, -0.28623595171284594, 0.31213695584634155, -0.16391339848263992, -0.6111321375813761, -0.463054449213264, 0.2152031622745093, 0.07068643398267693, 0.7009698777065219, -0.4621059845879032, 0.08026554581098888, -0.0845893177586915, 0.5359099351132015, 0.4343866678620464, 0.8494272918886927, 0.44903857622215604, -0.2414373694437908, 0.3360915554081987, 0.6178296415855442, 0.8050392283738061, -0.5449088204395383, -0.9844699618850095, 0.04230511608223586, 0.37655542126893904, 0.16116355930569148, -0.9239988048077841, 0.5921982322832074, -0.06544117132421334, 0.7119257801526226, -0.5427148545964202, 0.23285425598021325, 0.740797548563551, 0.7396827435086515, -0.5751987187734471, -0.8751575173009796, -0.4286026763933781, 0.33462300344410245, 0.5308324053266071, -0.2212505431081484, 0.03180907403622113, 0.4823819238204461, -0.9371714239904825, -0.34656289980057586, -0.6114114127505603, 0.641641776373221, -0.6580996135368649, -0.6722338461586149, -0.14454585626430627, 0.8307500065321161, -0.007603639383466018, -0.6186300680354304, 0.413579062399444, 0.9636443645103692, -0.26824363940376256, 0.9622342321153222, -0.05875439274517458, -0.8056706659222332, -0.3704347207991958, -0.4616210209866902, -0.5150320163999629, -0.14695353869386985, 0.00554715424601826, -0.6028845793005627, 0.6993013393057939, -0.04006083388347459, -0.4275751919504983, 0.5776454481380977, -0.9425632565210529, -0.1040143019338815, 0.756435927128275, -0.46872659517234205, 0.9478783699279154, 2.42315435425855e-05, -0.7169083459429269, 0.003694831847706803, 0.1159935534149028, 0.23232323417918319, -0.006670043817313218, 0.45671006504395895, -0.20661080829769776, -0.5139715981786663, -0.5124692705565774, -0.16440841998600764, 0.08322360583749222, -0.11339186791828107, 0.9741174096217449, 0.09922125316544639, 1, 0.8194752089277122, -0.8061148152642807, -0.9629726048419927, -0.7096400538558554, 0.6004814331739192, 0.34404747355018506, -0.9957731864207624, 1, -0.575184055348746, -0.5526905843195709, 0.003823769373787478, -0.2513192738051464, -0.9558554062386444, 0.1478394957693679, -0.9875748122252093, -0.8848505560445886, 0.9960785948196069, 0.38645669989267906]
491.26136302948	(8, 12, 2)	[-0.004191025849941354, 0.5665778240174133, -0.6196805033239623, -0.3112825756202504, -0.15406573714943672, 0.8579333308316539, 0.5298449716695391, 0.45483046805348165, -0.3556939411877107, 0.8117477950824208, -0.5273050354519325, -1, 0.701159014355941, -0.702946425366251, 0.667180497978339, -0.28623595171284594, 0.31213695584634155, -0.16391339848263992, -0.6111321375813761, -0.463054449213264, 0.2152031622745093, 0.07068643398267693, 0.7009698777065219, -0.4621059845879032, 0.08026554581098888, -0.0845893177586915, 0.5359099351132015, 0.4343866678620464, 0.8494272918886927, 0.44903857622215604, -0.2414373694437908, 0.3360915554081987, 0.6178296415855442, 0.8050392283738061, -0.5449088204395383, -0.9844699618850095, 0.04230511608223586, 0.37655542126893904, 0.16116355930569148, -0.9239988048077841, 0.5921982322832074, -0.06544117132421334, 0.7119257801526226, -0.5427148545964202, 0.23285425598021325, 0.740797548563551, 0.7396827435086515, -0.5751987187734471, -0.8751575173009796, -0.4286026763933781, 0.33462300344410245, 0.5308324053266071, -0.2212505431081484, 0.03180907403622113, 0.4823819238204461, -0.9371714239904825, -0.34656289980057586, -0.6114114127505603, 0.641641776373221, -0.978818102622486, -0.6722338461586149, -0.4101935109413024, 0.8307500065321161, 0.06319334221007522, -0.6186300680354304, 0.413579062399444, 0.9636443645103692, -0.17079347017664903, 1, 0.006298646500778618, -0.8056706659222332, -0.3704347207991958, -0.4616210209866902, -0.6903804808509406, -0.14695353869386985, 0.00554715424601826, -0.6028845793005627, 0.6993013393057939, -0.2172977100054163, -0.5237743344222435, 0.5776454481380977, -0.9425632565210529, -0.1040143019338815, 0.6692761264030143, -0.46872659517234205, 0.9478783699279154, 2.42315435425855e-05, -0.7169083459429269, 0.003694831847706803, 0.1159935534149028, 0.0643530823189713, -0.006670043817313218, 0.45671006504395895, -0.18496554689845923, -0.5139715981786663, -0.5124692705565774, -0.16440841998600764, 0.08322360583749222, -0.11339186791828107, 0.9741174096217449, 0.09922125316544639, 1, 0.8194752089277122, -0.8061148152642807, -0.9629726048419927, -0.7096400538558554, 0.7969035678149675, 0.34404747355018506, -0.9957731864207624, 0.9965994050995641, -0.2898236248710646, -0.5526905843195709, 0.003823769373787478, -0.21692702342932035, -0.9558554062386444, -0.09279271035833084, -0.2881454610754178, -0.8848505560445886, 0.9960785948196069, 0.38645669989267906]
493.36807718500495	(8, 12, 2)	[-0.004191025849941354, 0.5665778240174133, -0.6196805033239623, -0.3112825756202504, -0.15406573714943672, 0.8579333308316539, 0.5298449716695391, 0.45483046805348165, -0.3556939411877107, 0.8117477950824208, -0.5273050354519325, -1, 0.701159014355941, -0.702946425366251, 0.667180497978339, -0.28623595171284594, 0.31213695584634155, -0.16391339848263992, -0.6111321375813761, -0.463054449213264, 0.2152031622745093, 0.07068643398267693, 0.7009698777065219, -0.4621059845879032, 0.08026554581098888, -0.0845893177586915, 0.5359099351132015, 0.4343866678620464, 0.8494272918886927, 0.44903857622215604, -0.2414373694437908, 0.3360915554081987, 0.6178296415855442, 0.8050392283738061, -0.5449088204395383, -0.9844699618850095, 0.04230511608223586, 0.37655542126893904, 0.16116355930569148, -0.9239988048077841, 0.5921982322832074, -0.06544117132421334, 0.7119257801526226, -0.5427148545964202, 0.23285425598021325, 0.740797548563551, 0.7396827435086515, -0.5751987187734471, -0.8751575173009796, -0.4286026763933781, 0.33462300344410245, 0.5308324053266071, -0.2212505431081484, 0.03180907403622113, 0.4823819238204461, -0.9371714239904825, -0.34656289980057586, -0.6114114127505603, 0.641641776373221, -0.978818102622486, -0.6722338461586149, -0.14454585626430627, 0.8307500065321161, -0.007603639383466018, -0.6186300680354304, 0.413579062399444, 0.9636443645103692, -0.26824363940376256, 0.9622342321153222, -0.05875439274517458, -0.8056706659222332, -0.3704347207991958, -0.4616210209866902, -0.5150320163999629, -0.14695353869386985, 0.00554715424601826, -0.6028845793005627, 0.6993013393057939, -0.04006083388347459, -0.4275751919504983, 0.5776454481380977, -0.9425632565210529, -0.1040143019338815, 0.756435927128275, -0.46872659517234205, 0.9478783699279154, 2.42315435425855e-05, -0.7169083459429269, 0.003694831847706803, 0.1159935534149028, 0.23232323417918319, -0.006670043817313218, 0.45671006504395895, -0.2567001039874388, -0.5139715981786663, -0.5124692705565774, 0.5266473072022627, 0.08322360583749222, -0.11339186791828107, 0.9741174096217449, 0.09922125316544639, 1, 0.8194752089277122, -0.8061148152642807, -0.9629726048419927, -0.4568982710824291, 0.6004814331739192, 0.34404747355018506, -0.9957731864207624, 1, -0.575184055348746, -0.5526905843195709, 0.003823769373787478, -0.2513192738051464, -0.9558554062386444, 0.1478394957693679, -0.9875748122252093, -0.8848505560445886, 0.9960785948196069, 0.38645669989267906]
497.29103764984757	(8, 12, 2)	[-0.004191025849941354, 0.5665778240174133, -0.6196805033239623, -0.3112825756202504, -0.15406573714943672, 0.8579333308316539, 0.5298449716695391, 0.45483046805348165, -0.3556939411877107, 0.8117477950824208, -0.5273050354519325, -1, 0.701159014355941, -0.702946425366251, 0.667180497978339, -0.28623595171284594, 0.31213695584634155, -0.16391339848263992, -0.6111321375813761, -0.463054449213264, 0.2152031622745093, 0.07068643398267693, 0.7009698777065219, -0.4621059845879032, 0.08026554581098888, -0.0845893177586915, 0.5359099351132015, 0.4343866678620464, 0.8494272918886927, 0.44903857622215604, -0.2414373694437908, 0.3360915554081987, 0.6178296415855442, 0.8050392283738061, -0.5449088204395383, -0.9844699618850095, 0.04230511608223586, 0.37655542126893904, 0.16116355930569148, -0.9239988048077841, 0.5921982322832074, -0.06544117132421334, 0.7119257801526226, -0.5427148545964202, 0.23285425598021325, 0.740797548563551, 0.7396827435086515, -0.5751987187734471, -0.8751575173009796, -0.4286026763933781, 0.33462300344410245, 0.5308324053266071, -0.15709450740594577, 0.03180907403622113, 0.4823819238204461, -0.9371714239904825, -0.34656289980057586, -0.6114114127505603, 0.641641776373221, -0.978818102622486, -0.6722338461586149, -0.14454585626430627, 0.8307500065321161, -0.007603639383466018, -0.6186300680354304, 0.413579062399444, 0.9636443645103692, -0.26824363940376256, 0.9622342321153222, -0.05875439274517458, -0.8056706659222332, -0.3704347207991958, -0.4616210209866902, -0.5150320163999629, -0.14695353869386985, 0.00554715424601826, -0.6028845793005627, 0.6993013393057939, -0.04006083388347459, -0.4275751919504983, 0.5776454481380977, -0.9425632565210529, -0.1040143019338815, 0.756435927128275, -0.46872659517234205, 0.9478783699279154, 2.42315435425855e-05, -0.7169083459429269, 0.003694831847706803, 0.1159935534149028, 0.23232323417918319, -0.006670043817313218, 0.2061326672763356, -0.20661080829769776, -0.5139715981786663, -0.5124692705565774, -0.16440841998600764, 0.08322360583749222, -0.11339186791828107, 0.9741174096217449, 0.09922125316544639, 1, 0.8194752089277122, -0.8061148152642807, -0.9629726048419927, -0.4568982710824291, 0.6004814331739192, 0.34404747355018506, -0.9957731864207624, 1, -0.575184055348746, -0.5526905843195709, 0.003823769373787478, -0.2513192738051464, -0.9558554062386444, 0.1478394957693679, -0.9875748122252093, -0.8848505560445886, 0.9960785948196069, 0.38645669989267906]
479.78099077008665	(8, 12, 2)	[-0.004191025849941354, 0.5665778240174133, -0.6196805033239623, -0.3112825756202504, -0.15406573714943672, 0.8579333308316539, 0.5298449716695391, 0.45483046805348165, -0.3556939411877107, 0.8117477950824208, -0.5273050354519325, -1, 0.701159014355941, -0.702946425366251, 0.667180497978339, -0.6230874055896104, 0.31213695584634155, -0.16391339848263992, -0.6111321375813761, -0.463054449213264, 0.2152031622745093, 0.07068643398267693, 0.7009698777065219, -0.4621059845879032, 0.08026554581098888, -0.0845893177586915, 0.5359099351132015, 0.4343866678620464, 0.8494272918886927, 0.44903857622215604, -0.2414373694437908, 0.3360915554081987, 0.6178296415855442, 0.8050392283738061, -0.5449088204395383, -0.9844699618850095, 0.04230511608223586, 0.37655542126893904, 0.16116355930569148, -0.9239988048077841, 0.5921982322832074, -0.06544117132421334, 0.7119257801526226, -0.5427148545964202, 0.23285425598021325, 0.740797548563551, 0.7396827435086515, -0.5751987187734471, -0.8751575173009796, -0.4286026763933781, 0.33462300344410245, 0.5308324053266071, -0.2212505431081484, 0.03180907403622113, 0.4823819238204461, -0.9371714239904825, -0.34656289980057586, -0.6114114127505603, 0.641641776373221, -0.6580996135368649, -0.6722338461586149, -0.14454585626430627, 0.8307500065321161, -0.007603639383466018, -0.6186300680354304, 0.413579062399444, 0.9636443645103692, -0.17079347017664903, 1, 0.006298646500778618, -0.8086127259066783, -0.3704347207991958, -0.4616210209866902, -0.6903804808509406, -0.14695353869386985, 0.00554715424601826, -0.6028845793005627, 0.6993013393057939, -0.04006083388347459, -0.4275751919504983, 0.5776454481380977, -0.9425632565210529, -0.1040143019338815, 0.756435927128275, -0.46872659517234205, 0.9478783699279154, 2.42315435425855e-05, -0.7169083459429269, 0.003694831847706803, 0.1159935534149028, 0.23232323417918319, -0.006670043817313218, 0.2061326672763356, -0.20661080829769776, -0.5139715981786663, -0.5124692705565774, -0.16440841998600764, 0.08322360583749222, -0.11339186791828107, 0.9741174096217449, 0.09922125316544639, 1, 0.8194752089277122, -0.8061148152642807, -0.9629726048419927, -0.4568982710824291, 0.6004814331739192, 0.34404747355018506, -0.9957731864207624, 1, -0.575184055348746, -0.5526905843195709, 0.003823769373787478, -0.2513192738051464, -0.9558554062386444, 0.1478394957693679, -0.9875748122252093, -0.8848505560445886, 0.9960785948196069, 0.38645669989267906]
475.78823743388057	(8, 12, 2)	[0.09051721477019309, 0.5665778240174133, -0.6196805033239623, -0.3112825756202504, -0.15406573714943672, 0.8579333308316539, 0.5298449716695391, 0.45483046805348165, -0.3556939411877107, 0.8117477950824208, -0.5273050354519325, -1, 0.701159014355941, -0.702946425366251, 0.667180497978339, -0.6230874055896104, 0.31213695584634155, -0.16391339848263992, -0.6111321375813761, -0.463054449213264, 0.2152031622745093, 0.07068643398267693, 0.7009698777065219, -0.4621059845879032, 0.08026554581098888, -0.0845893177586915, 0.5359099351132015, 0.4343866678620464, 0.8494272918886927, 0.44903857622215604, -0.2414373694437908, 0.3360915554081987, 0.6178296415855442, 0.8050392283738061, -0.5449088204395383, -0.9844699618850095, 0.04230511608223586, 0.37655542126893904, 0.16116355930569148, -0.9239988048077841, 0.5921982322832074, -0.06544117132421334, 0.7119257801526226, -0.5427148545964202, 0.23285425598021325, 0.740797548563551, 0.7396827435086515, -0.5751987187734471, -0.8751575173009796, -0.4286026763933781, 0.33462300344410245, 0.5308324053266071, -0.2212505431081484, 0.03180907403622113, 0.4823819238204461, -0.9371714239904825, -0.34656289980057586, -0.6114114127505603, 0.641641776373221, -0.6580996135368649, -0.6722338461586149, -0.14454585626430627, 0.8307500065321161, -0.007603639383466018, -0.6186300680354304, 0.413579062399444, 0.9636443645103692, -0.17079347017664903, 1, 0.006298646500778618, -0.8086127259066783, -0.3704347207991958, -0.4616210209866902, -0.6903804808509406, -0.14695353869386985, 0.00554715424601826, -0.6028845793005627, 0.6993013393057939, -0.04006083388347459, -0.4275751919504983, 0.5776454481380977, -0.9425632565210529, -0.1040143019338815, 0.756435927128275, -0.46872659517234205, 0.9478783699279154, 2.42315435425855e-05, -0.7169083459429269, 0.003694831847706803, 0.1159935534149028, 0.23232323417918319, -0.006670043817313218, 0.2061326672763356, -0.20661080829769776, -0.5139715981786663, -0.5124692705565774, -0.16440841998600764, 0.08322360583749222, -0.11339186791828107, 0.9741174096217449, 0.09922125316544639, 1, 0.8194752089277122, -0.8061148152642807, -0.9629726048419927, -0.4568982710824291, 0.6004814331739192, 0.34404747355018506, -0.9957731864207624, 1, -0.575184055348746, -0.5526905843195709, 0.003823769373787478, -0.2513192738051464, -0.9558554062386444, 0.1478394957693679, -0.9875748122252093, -0.8848505560445886, 0.9960785948196069, 0.38645669989267906]
474.79957323521376	(8, 12, 2)	[-0.004191025849941354, 0.5665778240174133, -0.6196805033239623, -0.3112825756202504, -0.15406573714943672, 0.8579333308316539, 0.5298449716695391, 0.45483046805348165, -0.3556939411877107, 0.8117477950824208, -0.5273050354519325, -1, 0.701159014355941, -0.702946425366251, 0.667180497978339, -0.28623595171284594, 0.31213695584634155, -0.16391339848263992, -0.6111321375813761, -0.463054449213264, 0.44463019159469686, 0.07068643398267693, 0.7009698777065219, -0.4621059845879032, 0.08026554581098888, -0.0845893177586915, 0.6379073688169937, 0.4343866678620464, 0.8494272918886927, 0.44903857622215604, -0.2414373694437908, 0.3360915554081987, 0.6178296415855442, 0.8050392283738061, -0.5449088204395383, -0.9844699618850095, 0.04230511608223586, 0.37655542126893904, 0.16116355930569148, -0.9239988048077841, 0.5921982322832074, -0.06544117132421334, 0.7119257801526226, -0.5427148545964202, 0.23285425598021325, 0.740797548563551, 0.7396827435086515, -0.5751987187734471, -0.8751575173009796, -0.4286026763933781, 0.33462300344410245, 0.5308324053266071, -0.2212505431081484, 0.03180907403622113, 0.4823819238204461, -0.9371714239904825, -0.34656289980057586, -0.6114114127505603, 0.641641776373221, -0.978818102622486, -0.6722338461586149, -0.14454585626430627, 0.8307500065321161, -0.007603639383466018, -0.6186300680354304, 0.413579062399444, 0.9636443645103692, -0.26824363940376256, 1, 0.006298646500778618, -0.8056706659222332, -0.3704347207991958, -0.4616210209866902, -0.6903804808509406, -0.14695353869386985, 0.00554715424601826, -0.6028845793005627, 0.6993013393057939, -0.2172977100054163, -0.4275751919504983, 0.7715362019849381, -0.9425632565210529, -0.1040143019338815, 0.756435927128275, -0.46872659517234205, 0.9478783699279154, 2.42315435425855e-05, -0.7169083459429269, 0.003694831847706803, 0.1159935534149028, 0.23232323417918319, -0.006670043817313218, 0.45671006504395895, -0.20661080829769776, -0.5139715981786663, -0.5124692705565774, -0.16440841998600764, 0.08322360583749222, -0.11339186791828107, 0.9741174096217449, 0.09922125316544639, 1, 0.8194752089277122, -0.8061148152642807, -0.9629726048419927, -0.7096400538558554, 0.6004814331739192, 0.34404747355018506, -0.71856474294193, 1, -0.575184055348746, -0.5526905843195709, 0.003823769373787478, -0.2513192738051464, -0.9558554062386444, 0.1478394957693679, -0.9875748122252093, -0.8848505560445886, 0.9960785948196069, 0.38645669989267906]
472.84882478415966	(8, 12, 2)	[-0.004191025849941354, 0.5665778240174133, -0.6196805033239623, -0.3112825756202504, -0.15406573714943672, 0.8579333308316539, 0.5298449716695391, 0.45483046805348165, -0.3556939411877107, 0.8117477950824208, -0.5273050354519325, -1, 0.701159014355941, -0.702946425366251, 0.667180497978339, -0.28623595171284594, 0.31213695584634155, -0.16391339848263992, -0.6111321375813761, -0.463054449213264, 0.44463019159469686, 0.07068643398267693, 0.7009698777065219, -0.4621059845879032, 0.08026554581098888, -0.0845893177586915, 0.6379073688169937, 0.4343866678620464, 0.8494272918886927, 0.44903857622215604, -0.2414373694437908, 0.3360915554081987, 0.6178296415855442, 0.8050392283738061, -0.5449088204395383, -0.9844699618850095, 0.04230511608223586, 0.37655542126893904, 0.16116355930569148, -0.9239988048077841, 0.5921982322832074, -0.06544117132421334, 0.7119257801526226, -0.5427148545964202, 0.23285425598021325, 0.740797548563551, 0.7396827435086515, -0.5751987187734471, -0.8751575173009796, -0.4286026763933781, 0.33462300344410245, 0.5308324053266071, -0.2212505431081484, 0.03180907403622113, 0.4823819238204461, -0.9371714239904825, -0.34656289980057586, -0.6114114127505603, 0.641641776373221, -0.978818102622486, -0.6722338461586149, -0.14454585626430627, 0.8307500065321161, -0.007603639383466018, -0.6186300680354304, 0.413579062399444, 0.9636443645103692, -0.26824363940376256, 1, 0.006298646500778618, -0.8056706659222332, -0.3704347207991958, -0.4616210209866902, -0.6903804808509406, -0.14695353869386985, 0.00554715424601826, -0.6028845793005627, 0.6993013393057939, -0.2172977100054163, -0.4275751919504983, 0.7715362019849381, -0.9425632565210529, -0.1040143019338815, 0.756435927128275, -0.46872659517234205, 0.9478783699279154, 2.42315435425855e-05, -0.7169083459429269, 0.003694831847706803, 0.1159935534149028, 0.23232323417918319, -0.006670043817313218, 0.45671006504395895, -0.20661080829769776, -0.5139715981786663, -0.5124692705565774, -0.16440841998600764, 0.08322360583749222, -0.11339186791828107, 0.9741174096217449, 0.09922125316544639, 1, 0.8194752089277122, -0.8061148152642807, -0.9629726048419927, -0.7096400538558554, 0.6004814331739192, 0.34404747355018506, -0.71856474294193, 1, -0.575184055348746, -0.5526905843195709, 0.003823769373787478, -0.2513192738051464, -0.9558554062386444, 0.1478394957693679, -0.9875748122252093, -0.8848505560445886, 0.9960785948196069, 0.38645669989267906]
494.2018051398918	(8, 12, 2)	[-0.004191025849941354, 0.5665778240174133, -0.6196805033239623, -0.3112825756202504, -0.15406573714943672, 0.8579333308316539, 0.5298449716695391, 0.45483046805348165, -0.3556939411877107, 0.8117477950824208, -0.5273050354519325, -1, 0.701159014355941, -0.702946425366251, 0.667180497978339, -0.28623595171284594, 0.31213695584634155, -0.16391339848263992, -0.6111321375813761, -0.463054449213264, 0.44463019159469686, 0.07068643398267693, 0.7009698777065219, -0.4621059845879032, 0.08026554581098888, -0.0845893177586915, 0.6379073688169937, 0.4343866678620464, 0.8494272918886927, 0.44903857622215604, -0.2414373694437908, 0.3360915554081987, 0.6178296415855442, 0.8050392283738061, -0.5449088204395383, -0.9844699618850095, 0.04230511608223586, 0.37655542126893904, 0.16116355930569148, -0.9239988048077841, 0.5921982322832074, -0.06544117132421334, 0.7119257801526226, -0.5427148545964202, 0.23285425598021325, 0.740797548563551, 0.7396827435086515, -0.5751987187734471, -0.8751575173009796, -0.4286026763933781, 0.33462300344410245, 0.5308324053266071, -0.2212505431081484, 0.03180907403622113, 0.4823819238204461, -0.9371714239904825, -0.34656289980057586, -0.6114114127505603, 0.641641776373221, -0.978818102622486, -0.6722338461586149, -0.14454585626430627, 0.8307500065321161, -0.007603639383466018, -0.6186300680354304, 0.413579062399444, 0.9636443645103692, -0.26824363940376256, 1, 0.006298646500778618, -0.8056706659222332, -0.3704347207991958, -0.4616210209866902, -0.6903804808509406, -0.14695353869386985, 0.00554715424601826, -0.6028845793005627, 0.6993013393057939, -0.2172977100054163, -0.4275751919504983, 0.7715362019849381, -0.9425632565210529, -0.1040143019338815, 0.756435927128275, -0.46872659517234205, 0.9478783699279154, 2.42315435425855e-05, -0.7169083459429269, 0.003694831847706803, 0.1159935534149028, 0.23232323417918319, -0.006670043817313218, 0.45671006504395895, -0.20661080829769776, -0.5139715981786663, -0.5124692705565774, -0.16440841998600764, 0.08322360583749222, -0.11339186791828107, 0.9741174096217449, 0.09922125316544639, 1, 0.8194752089277122, -0.6581659303203036, -0.9629726048419927, -0.7096400538558554, 0.6004814331739192, 0.34404747355018506, -0.71856474294193, 1, -0.575184055348746, -0.5526905843195709, 0.003823769373787478, -0.2513192738051464, -0.9558554062386444, 0.1478394957693679, -0.9875748122252093, -0.8848505560445886, 0.9960785948196069, 0.38645669989267906]
493.5158483684063	(8, 12, 2)	[-0.004191025849941354, 0.5665778240174133, -0.6196805033239623, -0.3112825756202504, -0.15406573714943672, 0.8579333308316539, 0.5298449716695391, 0.45483046805348165, -0.3556939411877107, 0.8117477950824208, -0.5273050354519325, -1, 0.701159014355941, -0.702946425366251, 0.667180497978339, -0.28623595171284594, 0.31213695584634155, -0.16391339848263992, -0.6111321375813761, -0.463054449213264, 0.44463019159469686, 0.07068643398267693, 0.7009698777065219, -0.4621059845879032, 0.08026554581098888, -0.0845893177586915, 0.6379073688169937, 0.4343866678620464, 0.8494272918886927, 0.44903857622215604, -0.2414373694437908, 0.3360915554081987, 0.6178296415855442, 0.8050392283738061, -0.5449088204395383, -0.9844699618850095, 0.04230511608223586, 0.37655542126893904, 0.16116355930569148, -0.9239988048077841, 0.5921982322832074, -0.06544117132421334, 0.7119257801526226, -0.5427148545964202, 0.23285425598021325, 0.740797548563551, 0.7396827435086515, -0.5751987187734471, -0.8751575173009796, -0.4682901038090572, 0.33462300344410245, 0.5308324053266071, -0.2212505431081484, 0.03180907403622113, 0.4823819238204461, -0.9371714239904825, -0.34656289980057586, -0.6114114127505603, 0.641641776373221, -0.978818102622486, -0.6722338461586149, -0.14454585626430627, 0.8307500065321161, -0.007603639383466018, -0.6186300680354304, 0.413579062399444, 0.9636443645103692, -0.26824363940376256, 1, 0.006298646500778618, -0.8056706659222332, -0.3704347207991958, -0.4616210209866902, -0.6903804808509406, -0.14695353869386985, 0.00554715424601826, -0.6028845793005627, 0.6993013393057939, -0.2172977100054163, -0.4275751919504983, 0.7715362019849381, -0.9425632565210529, -0.1040143019338815, 0.756435927128275, -0.46872659517234205, 0.9478783699279154, 2.42315435425855e-05, -0.7169083459429269, 0.003694831847706803, 0.1159935534149028, 0.23232323417918319, -0.006670043817313218, 0.45671006504395895, -0.20661080829769776, -0.5139715981786663, -0.5124692705565774, -0.16440841998600764, 0.08322360583749222, -0.11339186791828107, 0.9741174096217449, 0.09922125316544639, 1, 0.8194752089277122, -0.8061148152642807, -0.9629726048419927, -0.4568982710824291, 0.6004814331739192, 0.34404747355018506, -0.8796583214078608, 1, -0.575184055348746, -0.5526905843195709, 0.003823769373787478, -0.2513192738051464, -0.9558554062386444, 0.1478394957693679, -0.9875748122252093, -0.8848505560445886, 0.9960785948196069, 0.38645669989267906]
483.6151160299778	(8, 12, 2)	[-0.004191025849941354, 0.5665778240174133, -0.6196805033239623, -0.3112825756202504, -0.15406573714943672, 0.8579333308316539, 0.5298449716695391, 0.45483046805348165, -0.3556939411877107, 0.8117477950824208, -0.5273050354519325, -1, 0.701159014355941, -0.702946425366251, 0.667180497978339, -0.28623595171284594, 0.31213695584634155, -0.16391339848263992, -0.6111321375813761, -0.463054449213264, 0.44463019159469686, 0.07068643398267693, 0.7009698777065219, -0.4621059845879032, 0.08026554581098888, -0.0845893177586915, 0.6379073688169937, 0.4343866678620464, 0.8494272918886927, 0.44903857622215604, -0.2414373694437908, 0.3360915554081987, 0.6178296415855442, 0.8050392283738061, -0.5449088204395383, -0.7322220111116671, 0.04230511608223586, 0.37655542126893904, 0.16116355930569148, -0.9239988048077841, 0.5921982322832074, -0.06544117132421334, 0.7119257801526226, -0.5427148545964202, 0.23285425598021325, 0.740797548563551, 0.7396827435086515, -0.5751987187734471, -0.8751575173009796, -0.4286026763933781, 0.33462300344410245, 0.5308324053266071, -0.2212505431081484, 0.03180907403622113, 0.4823819238204461, -0.9371714239904825, -0.34656289980057586, -0.6114114127505603, 0.641641776373221, -0.978818102622486, -0.6722338461586149, -0.14454585626430627, 0.8307500065321161, -0.007603639383466018, -0.6186300680354304, 0.413579062399444, 0.9636443645103692, -0.26824363940376256, 1, 0.006298646500778618, -0.8056706659222332, -0.3704347207991958, -0.4616210209866902, -0.6903804808509406, -0.14695353869386985, 0.00554715424601826, -0.6028845793005627, 0.6993013393057939, -0.2172977100054163, -0.4275751919504983, 0.7715362019849381, -0.9425632565210529, -0.1040143019338815, 0.756435927128275, -0.46872659517234205, 0.9478783699279154, 2.42315435425855e-05, -0.7169083459429269, 0.003694831847706803, 0.1159935534149028, 0.22997076363058835, -0.006670043817313218, 0.45671006504395895, -0.20661080829769776, -0.5139715981786663, -0.5124692705565774, -0.16440841998600764, 0.08322360583749222, -0.11339186791828107, 0.9741174096217449, 0.09922125316544639, 1, 0.8194752089277122, -0.8061148152642807, -0.9629726048419927, -0.7096400538558554, 0.6004814331739192, 0.34404747355018506, -0.9957731864207624, 1, -0.575184055348746, -0.6677155999940337, 0.003823769373787478, -0.2513192738051464, -0.9558554062386444, 0.1478394957693679, -0.9875748122252093, -0.8848505560445886, 0.9960785948196069, 0.38645669989267906]
492.0849852729589	(8, 12, 2)	[-0.004191025849941354, 0.5665778240174133, -0.6196805033239623, -0.3112825756202504, -0.15406573714943672, 0.8579333308316539, 0.5298449716695391, 0.45483046805348165, -0.3556939411877107, 0.8117477950824208, -0.5273050354519325, -1, 0.701159014355941, -0.702946425366251, 0.667180497978339, -0.28623595171284594, 0.31213695584634155, -0.16391339848263992, -0.6111321375813761, -0.463054449213264, 0.44463019159469686, 0.07068643398267693, 0.7009698777065219, -0.4621059845879032, 0.08026554581098888, -0.0845893177586915, 0.6379073688169937, 0.4343866678620464, 0.8494272918886927, 0.44903857622215604, -0.2414373694437908, 0.3360915554081987, 0.6178296415855442, 0.8050392283738061, -0.5449088204395383, -0.9844699618850095, 0.04230511608223586, 0.37655542126893904, 0.16116355930569148, -0.9239988048077841, 0.4594946302163108, -0.06544117132421334, 0.7119257801526226, -0.5427148545964202, 0.23285425598021325, 0.740797548563551, 0.7396827435086515, -0.5751987187734471, -0.8751575173009796, -0.4286026763933781, 0.33462300344410245, 0.5308324053266071, -0.2212505431081484, 0.03180907403622113, 0.4823819238204461, -0.9371714239904825, -0.34656289980057586, -0.6114114127505603, 0.641641776373221, -0.978818102622486, -0.6722338461586149, -0.14454585626430627, 0.8307500065321161, -0.007603639383466018, -0.6186300680354304, 0.413579062399444, 0.9636443645103692, -0.26824363940376256, 1, 0.006298646500778618, -0.8056706659222332, -0.3704347207991958, -0.4616210209866902, -0.6903804808509406, -0.14695353869386985, 0.00554715424601826, -0.6028845793005627, 0.6993013393057939, -0.2172977100054163, -0.4275751919504983, 0.7715362019849381, -0.9425632565210529, -0.1040143019338815, 0.756435927128275, -0.46872659517234205, 0.9478783699279154, 2.42315435425855e-05, -0.7169083459429269, 0.003694831847706803, 0.1159935534149028, 0.2560602208529213, -0.006670043817313218, 0.45671006504395895, -0.20661080829769776, -0.5139715981786663, -0.5124692705565774, -0.16440841998600764, 0.08322360583749222, -0.11339186791828107, 0.9741174096217449, 0.09922125316544639, 1, 0.8194752089277122, -0.8061148152642807, -0.9629726048419927, -0.4568982710824291, 0.6004814331739192, 0.34404747355018506, -0.8796583214078608, 1, -0.575184055348746, -0.5526905843195709, 0.003823769373787478, -0.2513192738051464, -0.9558554062386444, 0.1478394957693679, -0.9875748122252093, -0.8848505560445886, 0.9960785948196069, 0.38645669989267906]
483.26597549021244	(8, 12, 2)	[-0.004191025849941354, 0.5665778240174133, -0.6196805033239623, -0.3112825756202504, -0.15406573714943672, 0.8579333308316539, 0.5298449716695391, 0.45483046805348165, -0.3556939411877107, 0.8117477950824208, -0.5273050354519325, -1, 0.701159014355941, -0.702946425366251, 0.667180497978339, -0.28623595171284594, 0.31213695584634155, -0.16391339848263992, -0.6111321375813761, -0.463054449213264, 0.44463019159469686, 0.07068643398267693, 0.7009698777065219, -0.4621059845879032, 0.08026554581098888, -0.0845893177586915, 0.6379073688169937, 0.4343866678620464, 0.8494272918886927, 0.44903857622215604, -0.2414373694437908, 0.3360915554081987, 0.6178296415855442, 0.8050392283738061, -0.5449088204395383, -0.7930198254551724, 0.04230511608223586, 0.37655542126893904, 0.16116355930569148, -0.9239988048077841, 0.4594946302163108, -0.06544117132421334, 0.7119257801526226, -0.5427148545964202, 0.23285425598021325, 0.740797548563551, 0.7396827435086515, -0.5751987187734471, -0.8751575173009796, -0.4286026763933781, 0.33462300344410245, 0.5308324053266071, -0.2212505431081484, 0.03180907403622113, 0.4823819238204461, -0.9371714239904825, -0.34656289980057586, -0.6114114127505603, 0.641641776373221, -0.978818102622486, -0.6722338461586149, -0.14454585626430627, 0.5394506336604181, -0.007603639383466018, -0.6186300680354304, 0.413579062399444, 0.9636443645103692, -0.26824363940376256, 1, 0.006298646500778618, -0.8056706659222332, -0.3704347207991958, -0.4616210209866902, -0.6903804808509406, -0.14695353869386985, 0.00554715424601826, -0.6028845793005627, 0.6993013393057939, -0.2172977100054163, -0.4275751919504983, 0.7715362019849381, -0.9425632565210529, -0.1040143019338815, 0.756435927128275, -0.46872659517234205, 0.9478783699279154, 2.42315435425855e-05, -0.7169083459429269, 0.003694831847706803, 0.1159935534149028, 0.23232323417918319, -0.006670043817313218, 0.45671006504395895, -0.20661080829769776, -0.5139715981786663, -0.5124692705565774, -0.16440841998600764, 0.08322360583749222, -0.17002756880514777, 0.9741174096217449, 0.09922125316544639, 1, 0.8194752089277122, -0.8061148152642807, -0.9629726048419927, -0.7096400538558554, 0.6004814331739192, 0.34404747355018506, -0.71856474294193, 1, -0.575184055348746, -0.5526905843195709, 0.003823769373787478, -0.2513192738051464, -0.9558554062386444, 0.1478394957693679, -0.9875748122252093, -0.8848505560445886, 0.9960785948196069, 0.38645669989267906]
486.5102380514145	(8, 12, 2)	[-0.004191025849941354, 0.5665778240174133, -0.6196805033239623, -0.3112825756202504, -0.15406573714943672, 0.8579333308316539, 0.5298449716695391, 0.45483046805348165, -0.3556939411877107, 0.8843082959856883, -0.5273050354519325, -1, 0.701159014355941, -0.702946425366251, 0.667180497978339, -0.28623595171284594, 0.31213695584634155, -0.16391339848263992, -0.6111321375813761, -0.463054449213264, 0.44463019159469686, 0.07068643398267693, 0.6295272928754787, -0.4621059845879032, -0.1523882136248232, -0.0845893177586915, 0.6379073688169937, 0.4343866678620464, 0.8494272918886927, 0.44903857622215604, -0.2414373694437908, 0.3360915554081987, 0.6178296415855442, 0.8050392283738061, -0.5449088204395383, -0.9844699618850095, 0.04230511608223586, 0.37655542126893904, 0.16116355930569148, -0.9239988048077841, 0.4594946302163108, -0.06544117132421334, 0.7119257801526226, -0.5427148545964202, 0.23285425598021325, 0.740797548563551, 0.7396827435086515, -0.5751987187734471, -0.8751575173009796, -0.4286026763933781, 0.33462300344410245, 0.5308324053266071, -0.2212505431081484, 0.03180907403622113, 0.4823819238204461, -0.9371714239904825, -0.34656289980057586, -0.6114114127505603, 0.641641776373221, -0.978818102622486, -0.6722338461586149, -0.14454585626430627, 0.8307500065321161, -0.007603639383466018, -0.6186300680354304, 0.413579062399444, 1, -0.26824363940376256, 1, 0.006298646500778618, -0.8056706659222332, -0.3704347207991958, -0.4616210209866902, -0.6903804808509406, -0.14695353869386985, 0.00554715424601826, -0.6028845793005627, 0.6993013393057939, -0.2172977100054163, -0.4275751919504983, 0.7715362019849381, -0.9425632565210529, -0.1040143019338815, 0.756435927128275, -0.46872659517234205, 0.9478783699279154, 2.42315435425855e-05, -0.7169083459429269, 0.003694831847706803, 0.1159935534149028, 0.22997076363058835, -0.006670043817313218, 0.45671006504395895, -0.20661080829769776, -0.5139715981786663, -0.5124692705565774, -0.16440841998600764, 0.08322360583749222, -0.11339186791828107, 0.9741174096217449, 0.09922125316544639, 1, 0.8194752089277122, -0.8061148152642807, -0.9629726048419927, -0.7096400538558554, 0.6004814331739192, 0.09465748071836697, -0.71856474294193, 1, -0.575184055348746, -0.5526905843195709, 0.003823769373787478, 0.07639356255644741, -0.6226633966534967, 0.2451372130279702, -0.7678432232508925, -0.8848505560445886, 0.9960785948196069, 0.38645669989267906]
494.92589673027396	(8, 12, 2)	[-0.004191025849941354, 0.5665778240174133, -0.6196805033239623, -0.3112825756202504, -0.15406573714943672, 0.8579333308316539, 0.5298449716695391, 0.45483046805348165, -0.3556939411877107, 0.8117477950824208, -0.5273050354519325, -1, 0.701159014355941, -0.702946425366251, 0.667180497978339, -0.28623595171284594, 0.31213695584634155, -0.16391339848263992, -0.6111321375813761, -0.463054449213264, 0.44463019159469686, 0.07068643398267693, 0.7009698777065219, -0.4621059845879032, 0.08026554581098888, -0.0845893177586915, 0.6379073688169937, 0.4343866678620464, 0.8494272918886927, 0.44903857622215604, -0.2414373694437908, 0.3360915554081987, 0.6178296415855442, 0.8050392283738061, -0.5449088204395383, -0.9844699618850095, 0.04230511608223586, 0.37655542126893904, 0.16116355930569148, -0.9239988048077841, 0.4594946302163108, -0.06544117132421334, 0.7119257801526226, -0.5427148545964202, 0.23285425598021325, 0.740797548563551, 0.7396827435086515, -0.5751987187734471, -0.8751575173009796, -0.4286026763933781, 0.33462300344410245, 0.5308324053266071, -0.2212505431081484, 0.03180907403622113, 0.4823819238204461, -0.9371714239904825, -0.4742016833696468, -0.6114114127505603, 0.641641776373221, -0.978818102622486, -0.6722338461586149, -0.14454585626430627, 0.5394506336604181, -0.007603639383466018, -0.6186300680354304, 0.413579062399444, 1, -0.26824363940376256, 1, 0.006298646500778618, -0.8056706659222332, -0.3704347207991958, -0.4616210209866902, -0.6903804808509406, -0.14695353869386985, 0.00554715424601826, -0.6028845793005627, 0.6993013393057939, -0.2172977100054163, -0.4275751919504983, 0.7715362019849381, -0.9425632565210529, -0.1040143019338815, 0.756435927128275, -0.46872659517234205, 0.9478783699279154, 2.42315435425855e-05, -0.7169083459429269, 0.003694831847706803, 0.1159935534149028, 0.23232323417918319, -0.006670043817313218, 0.45671006504395895, -0.20661080829769776, -0.5139715981786663, -0.5124692705565774, -0.16440841998600764, 0.08322360583749222, -0.17002756880514777, 1, 0.09922125316544639, 0.9328265618377226, 0.8194752089277122, -0.8061148152642807, -0.9629726048419927, -0.7096400538558554, 0.6004814331739192, 0.34404747355018506, -0.71856474294193, 1, -0.575184055348746, -0.5526905843195709, 0.003823769373787478, -0.2513192738051464, -0.9558554062386444, 0.1478394957693679, -0.9875748122252093, -0.8848505560445886, 0.9960785948196069, 0.38645669989267906]
493.0063344538212	(8, 12, 2)	[-0.004191025849941354, 0.5665778240174133, -0.6196805033239623, -0.3112825756202504, -0.15406573714943672, 1, 0.5298449716695391, 0.45483046805348165, -0.3556939411877107, 0.8117477950824208, -0.5273050354519325, -1, 0.701159014355941, -0.702946425366251, 0.667180497978339, -0.28623595171284594, 0.31213695584634155, -0.16391339848263992, -0.6111321375813761, -0.463054449213264, 0.44463019159469686, 0.07068643398267693, 0.7009698777065219, -0.4621059845879032, 0.08026554581098888, -0.0845893177586915, 0.6379073688169937, 0.4343866678620464, 0.8494272918886927, 0.44903857622215604, -0.2414373694437908, 0.3360915554081987, 0.6178296415855442, 0.8050392283738061, -0.5449088204395383, -0.9844699618850095, 0.04230511608223586, 0.37655542126893904, 0.16116355930569148, -0.9239988048077841, 0.4594946302163108, -0.06544117132421334, 0.7119257801526226, -0.5427148545964202, 0.23285425598021325, 0.740797548563551, 0.7396827435086515, -0.5751987187734471, -0.8751575173009796, -0.4286026763933781, 0.33462300344410245, 0.5308324053266071, -0.2212505431081484, 0.03180907403622113, 0.4823819238204461, -0.9371714239904825, -0.34656289980057586, -0.6114114127505603, 0.641641776373221, -0.978818102622486, -0.6722338461586149, -0.14454585626430627, 0.8307500065321161, -0.007603639383466018, -0.6385968304339288, 0.413579062399444, 0.9636443645103692, -0.26824363940376256, 1, 0.006298646500778618, -0.8056706659222332, -0.3704347207991958, -0.4616210209866902, -0.6903804808509406, -0.14695353869386985, 0.00554715424601826, -0.6028845793005627, 0.6993013393057939, -0.2172977100054163, -0.4275751919504983, 0.7715362019849381, -0.9425632565210529, -0.022684333886965016, 0.756435927128275, -0.46872659517234205, 0.9478783699279154, 2.42315435425855e-05, -0.7169083459429269, 0.003694831847706803, 0.1159935534149028, 0.23232323417918319, -0.006670043817313218, 0.45671006504395895, -0.20661080829769776, -0.5139715981786663, -0.5124692705565774, -0.16440841998600764, 0.08322360583749222, -0.17002756880514777, 1, 0.09922125316544639, 0.9328265618377226, 0.8194752089277122, -0.8061148152642807, -0.8848425519611534, -0.7096400538558554, 0.6004814331739192, 0.34404747355018506, -0.9957731864207624, 1, -0.575184055348746, -0.6677155999940337, 0.003823769373787478, -0.2513192738051464, -0.9558554062386444, 0.1478394957693679, -0.9875748122252093, -0.8848505560445886, 0.9960785948196069, 0.38645669989267906]
482.86781795322895	(8, 12, 2)	[-0.004191025849941354, 0.5665778240174133, -0.6196805033239623, -0.3112825756202504, -0.15406573714943672, 0.8579333308316539, 0.5298449716695391, 0.45483046805348165, -0.3556939411877107, 0.8843082959856883, -0.5273050354519325, -1, 0.701159014355941, -0.702946425366251, 0.667180497978339, -0.28623595171284594, 0.31213695584634155, -0.16391339848263992, -0.6111321375813761, -0.463054449213264, 0.44463019159469686, 0.07068643398267693, 0.6295272928754787, -0.4621059845879032, -0.1523882136248232, -0.0845893177586915, 0.6379073688169937, 0.4343866678620464, 0.8494272918886927, 0.44903857622215604, -0.2414373694437908, 0.3360915554081987, 0.6178296415855442, 0.8050392283738061, -0.5449088204395383, -0.9844699618850095, 0.04230511608223586, 0.37655542126893904, 0.16116355930569148, -0.9239988048077841, 0.4594946302163108, -0.06544117132421334, 0.7119257801526226, -0.5427148545964202, 0.23285425598021325, 0.740797548563551, 0.7396827435086515, -0.5751987187734471, -0.8751575173009796, -0.4286026763933781, 0.33462300344410245, 0.5308324053266071, -0.2212505431081484, 0.03180907403622113, 0.4823819238204461, -0.9371714239904825, -0.34656289980057586, -0.6114114127505603, 0.641641776373221, -0.978818102622486, -0.6722338461586149, -0.14454585626430627, 0.8307500065321161, -0.007603639383466018, -0.6186300680354304, 0.413579062399444, 1, -0.26824363940376256, 1, 0.006298646500778618, -0.8056706659222332, -0.3704347207991958, -0.4616210209866902, -0.6903804808509406, -0.14695353869386985, 0.00554715424601826, -0.6028845793005627, 0.6993013393057939, -0.2172977100054163, -0.4275751919504983, 1, -0.9425632565210529, -0.1040143019338815, 0.756435927128275, -0.46872659517234205, 0.9478783699279154, 2.42315435425855e-05, -0.7169083459429269, 0.003694831847706803, 0.1159935534149028, 0.22997076363058835, -0.006670043817313218, 0.45671006504395895, -0.20661080829769776, -0.5139715981786663, -0.5124692705565774, -0.16440841998600764, 0.08322360583749222, -0.17002756880514777, 0.9741174096217449, 0.09922125316544639, 1, 0.8194752089277122, -0.8061148152642807, -0.9629726048419927, -0.7096400538558554, 0.6004814331739192, 0.09465748071836697, -0.71856474294193, 1, -0.575184055348746, -0.5526905843195709, 0.003823769373787478, 0.07639356255644741, -0.6226633966534967, 0.2451372130279702, -0.7678432232508925, -0.8848505560445886, 0.9960785948196069, 0.38645669989267906]
482.63715598732233	(8, 12, 2)	[-0.004191025849941354, 0.5665778240174133, -0.6196805033239623, -0.3112825756202504, -0.15406573714943672, 0.8579333308316539, 0.5298449716695391, 0.45483046805348165, -0.3556939411877107, 0.8843082959856883, -0.5273050354519325, -1, 0.701159014355941, -0.702946425366251, 0.667180497978339, -0.28623595171284594, 0.31213695584634155, -0.16391339848263992, -0.6111321375813761, -0.463054449213264, 0.44463019159469686, 0.07068643398267693, 0.6295272928754787, -0.4621059845879032, -0.1523882136248232, -0.0845893177586915, 0.6379073688169937, 0.4343866678620464, 0.8494272918886927, 0.44903857622215604, -0.2414373694437908, 0.3360915554081987, 0.6178296415855442, 0.8050392283738061, -0.5449088204395383, -0.9844699618850095, 0.04230511608223586, 0.37655542126893904, 0.16116355930569148, -0.9239988048077841, 0.4594946302163108, -0.06544117132421334, 0.7119257801526226, -0.5427148545964202, 0.23285425598021325, 0.740797548563551, 0.7396827435086515, -0.5751987187734471, -0.8751575173009796, -0.4286026763933781, 0.33462300344410245, 0.5308324053266071, -0.2212505431081484, 0.03180907403622113, 0.4823819238204461, -0.9371714239904825, -0.34656289980057586, -0.6114114127505603, 0.641641776373221, -0.780826654569239, -0.6722338461586149, -0.14454585626430627, 0.8307500065321161, -0.007603639383466018, -0.6385968304339288, 0.413579062399444, 0.9636443645103692, -0.26824363940376256, 1, 0.006298646500778618, -0.8056706659222332, -0.3704347207991958, -0.4616210209866902, -0.6903804808509406, -0.14695353869386985, 0.00554715424601826, -0.6028845793005627, 0.6993013393057939, -0.2172977100054163, -0.4275751919504983, 0.7715362019849381, -0.9425632565210529, -0.1040143019338815, 0.756435927128275, -0.46872659517234205, 0.9478783699279154, 2.42315435425855e-05, -0.7169083459429269, 0.003694831847706803, 0.1159935534149028, 0.22997076363058835, -0.006670043817313218, 0.45671006504395895, -0.20661080829769776, -0.5139715981786663, -0.5124692705565774, -0.16440841998600764, 0.08322360583749222, -0.11339186791828107, 0.9741174096217449, 0.09922125316544639, 1, 0.8194752089277122, -0.8061148152642807, -0.9629726048419927, -0.7096400538558554, 0.6004814331739192, 0.09465748071836697, -0.71856474294193, 1, -0.575184055348746, -0.5526905843195709, 0.003823769373787478, 0.07639356255644741, -0.6226633966534967, 0.2451372130279702, -0.7678432232508925, -0.8848505560445886, 0.9960785948196069, 0.38645669989267906]
495.4368025995791	(8, 12, 2)	[-0.004191025849941354, 0.5665778240174133, -0.6196805033239623, -0.3112825756202504, -0.15406573714943672, 0.8579333308316539, 0.5298449716695391, 0.45483046805348165, -0.3556939411877107, 0.8843082959856883, -0.5273050354519325, -1, 0.701159014355941, -0.702946425366251, 0.667180497978339, -0.28623595171284594, 0.4079973195141072, -0.16391339848263992, -0.6111321375813761, -0.463054449213264, 0.44463019159469686, 0.07068643398267693, 0.6295272928754787, -0.4621059845879032, -0.1523882136248232, -0.0845893177586915, 0.6379073688169937, 0.4343866678620464, 0.8494272918886927, 0.44903857622215604, -0.2414373694437908, 0.3360915554081987, 0.6178296415855442, 0.8050392283738061, -0.5449088204395383, -0.9844699618850095, 0.04230511608223586, 0.37655542126893904, 0.16116355930569148, -0.9239988048077841, 0.4594946302163108, -0.06544117132421334, 0.7119257801526226, -0.5427148545964202, 0.23285425598021325, 0.740797548563551, 0.7396827435086515, -0.5751987187734471, -0.8751575173009796, -0.4286026763933781, 0.33462300344410245, 0.5308324053266071, -0.2212505431081484, 0.03180907403622113, 0.34810626550591506, -0.9371714239904825, -0.34656289980057586, -0.6114114127505603, 0.641641776373221, -0.978818102622486, -0.6722338461586149, -0.14454585626430627, 0.8307500065321161, -0.007603639383466018, -0.6186300680354304, 0.413579062399444, 1, 0.10140755042336785, 1, 0.006298646500778618, -0.8056706659222332, -0.3704347207991958, -0.4616210209866902, -0.6903804808509406, -0.14695353869386985, 0.00554715424601826, -0.6028845793005627, 0.6993013393057939, -0.2172977100054163, -0.4275751919504983, 0.7715362019849381, -0.9425632565210529, -0.1040143019338815, 0.756435927128275, -0.46872659517234205, 0.9478783699279154, 2.42315435425855e-05, -0.7169083459429269, 0.003694831847706803, 0.1159935534149028, 0.22997076363058835, -0.006670043817313218, 0.45671006504395895, -0.20661080829769776, -0.5139715981786663, -0.5124692705565774, -0.16440841998600764, 0.08322360583749222, -0.17002756880514777, 0.9741174096217449, 0.09922125316544639, 1, 0.8194752089277122, -0.8061148152642807, -0.9629726048419927, -0.7096400538558554, 0.6004814331739192, 0.09465748071836697, -0.71856474294193, 1, -0.575184055348746, -0.5526905843195709, 0.003823769373787478, 0.07639356255644741, -0.6226633966534967, 0.3366612344641814, -0.7678432232508925, -0.8848505560445886, 0.9960785948196069, 0.38645669989267906]
498.37101206649095	(8, 12, 2)	[-0.004191025849941354, 0.5665778240174133, -0.6196805033239623, -0.3112825756202504, -0.15406573714943672, 0.8579333308316539, 0.5298449716695391, 0.45483046805348165, -0.3556939411877107, 0.8117477950824208, -0.5273050354519325, -1, 0.701159014355941, -0.702946425366251, 0.667180497978339, -0.28623595171284594, 0.31213695584634155, -0.16391339848263992, -0.6111321375813761, -0.463054449213264, 0.44463019159469686, 0.07068643398267693, 0.7009698777065219, -0.4621059845879032, 0.08026554581098888, -0.0845893177586915, 0.6379073688169937, 0.4343866678620464, 0.8494272918886927, 0.44903857622215604, 0.18491884824980348, 0.3360915554081987, 0.6178296415855442, 0.8050392283738061, -0.5449088204395383, -0.9844699618850095, 0.04230511608223586, 0.37655542126893904, 0.16116355930569148, -0.9239988048077841, 0.4594946302163108, -0.06544117132421334, 0.7119257801526226, -0.5427148545964202, 0.23285425598021325, 0.740797548563551, 0.7396827435086515, -0.5751987187734471, -0.8751575173009796, -0.4286026763933781, 0.33462300344410245, 0.5308324053266071, -0.2212505431081484, 0.03180907403622113, 0.34810626550591506, -0.9371714239904825, -0.34656289980057586, -0.6114114127505603, 0.641641776373221, -0.978818102622486, -0.6722338461586149, -0.14454585626430627, 0.8307500065321161, -0.007603639383466018, -0.6186300680354304, 0.413579062399444, 1, -0.26824363940376256, 1, 0.006298646500778618, -0.8056706659222332, -0.3704347207991958, -0.4616210209866902, -0.6903804808509406, -0.14695353869386985, 0.00554715424601826, -0.6028845793005627, 0.6993013393057939, -0.2172977100054163, -0.4275751919504983, 0.7715362019849381, -0.9425632565210529, -0.1040143019338815, 0.756435927128275, -0.46872659517234205, 0.9478783699279154, 2.42315435425855e-05, -0.7169083459429269, 0.003694831847706803, 0.1159935534149028, 0.22997076363058835, -0.006670043817313218, 0.45671006504395895, -0.20661080829769776, -0.5139715981786663, -0.5124692705565774, -0.16440841998600764, 0.08322360583749222, -0.11339186791828107, 0.9741174096217449, 0.09922125316544639, 1, 0.8194752089277122, -0.8061148152642807, -0.9629726048419927, -0.7096400538558554, 0.6004814331739192, 0.09465748071836697, -0.71856474294193, 1, -0.575184055348746, -0.5526905843195709, 0.003823769373787478, 0.07639356255644741, -0.6226633966534967, 0.2451372130279702, -0.7678432232508925, -0.8848505560445886, 0.9960785948196069, 0.38645669989267906]
490.6263724900782	(8, 12, 2)	[-0.004191025849941354, 0.5665778240174133, -0.6196805033239623, -0.3112825756202504, -0.15406573714943672, 1, 0.5298449716695391, 0.45483046805348165, -0.3556939411877107, 0.8117477950824208, -0.5273050354519325, -1, 0.701159014355941, -0.859825106666924, 0.667180497978339, -0.28623595171284594, 0.31213695584634155, -0.16391339848263992, -0.6111321375813761, -0.463054449213264, 0.15973823822707228, 0.07068643398267693, 0.7009698777065219, -0.4621059845879032, 0.08026554581098888, -0.0845893177586915, 0.6379073688169937, 0.4343866678620464, 0.8494272918886927, 0.44903857622215604, 0.18491884824980348, 0.3360915554081987, 0.6178296415855442, 0.8050392283738061, -0.5449088204395383, -0.9844699618850095, 0.04230511608223586, 0.37655542126893904, 0.16116355930569148, -0.9239988048077841, 0.4594946302163108, -0.06544117132421334, 0.7119257801526226, -0.5427148545964202, 0.23285425598021325, 0.740797548563551, 0.7396827435086515, -0.5751987187734471, -0.8751575173009796, -0.4286026763933781, 0.33462300344410245, 0.5308324053266071, -0.2212505431081484, 0.03180907403622113, 0.4163807198838038, -0.9371714239904825, -0.34656289980057586, -0.5788233256567521, 0.641641776373221, -0.978818102622486, -0.6722338461586149, -0.14454585626430627, 0.8307500065321161, -0.007603639383466018, -0.6186300680354304, 0.413579062399444, 1, -0.26824363940376256, 1, 0.006298646500778618, -0.8056706659222332, -0.3704347207991958, -0.4616210209866902, -0.6903804808509406, -0.14695353869386985, 0.00554715424601826, -0.6028845793005627, 0.6993013393057939, -0.2172977100054163, -0.4275751919504983, 0.7715362019849381, -0.9425632565210529, -0.1040143019338815, 0.756435927128275, -0.46872659517234205, 0.9478783699279154, 2.42315435425855e-05, -0.7169083459429269, 0.003694831847706803, 0.1159935534149028, 0.2560602208529213, -0.006670043817313218, 0.45671006504395895, -0.20661080829769776, -0.5139715981786663, -0.5124692705565774, -0.16440841998600764, 0.08322360583749222, -0.11339186791828107, 0.9741174096217449, 0.09922125316544639, 1, 0.8194752089277122, -0.8069484538042443, -0.9629726048419927, -0.7096400538558554, 0.6004814331739192, 0.09465748071836697, -0.71856474294193, 1, -0.575184055348746, -0.5526905843195709, 0.003823769373787478, -0.2513192738051464, -0.9558554062386444, 0.1478394957693679, -0.9875748122252093, -0.8848505560445886, 0.9960785948196069, 0.38645669989267906]
-9.651432652026415	(8, 12, 2)	[-0.004191025849941354, 0.5665778240174133, -0.6196805033239623, -0.3112825756202504, -0.15406573714943672, 0.8579333308316539, 0.5298449716695391, 0.45483046805348165, -0.3556939411877107, 0.8843082959856883, -0.5273050354519325, -1, 0.701159014355941, -0.702946425366251, 0.667180497978339, -0.28623595171284594, 0.31213695584634155, -0.16391339848263992, -0.6111321375813761, -0.463054449213264, 0.44463019159469686, 0.07068643398267693, 0.6295272928754787, -0.4621059845879032, -0.1523882136248232, -0.0845893177586915, 0.6379073688169937, 0.4343866678620464, 0.8494272918886927, 0.44903857622215604, -0.2414373694437908, 0.3360915554081987, 0.6178296415855442, 0.8050392283738061, -0.5449088204395383, -0.9844699618850095, 0.12240346480595142, 0.37655542126893904, 0.14852499130794802, -0.9239988048077841, 0.4594946302163108, -0.06544117132421334, 0.7119257801526226, -0.5427148545964202, 0.3418908007469797, 0.8484670431176553, 0.7396827435086515, -0.5751987187734471, -0.8751575173009796, -0.4286026763933781, 0.33462300344410245, 0.5308324053266071, -0.2212505431081484, 0.03180907403622113, 0.34810626550591506, -0.9371714239904825, -0.34656289980057586, -0.6114114127505603, 0.641641776373221, -0.978818102622486, -0.6722338461586149, -0.14454585626430627, 0.8307500065321161, -0.007603639383466018, -0.6186300680354304, 0.413579062399444, 1, -0.26824363940376256, 1, 0.006298646500778618, -0.8056706659222332, -0.3704347207991958, -0.4616210209866902, -0.6903804808509406, -0.14695353869386985, 0.00554715424601826, -0.6028845793005627, 0.6993013393057939, -0.2172977100054163, -0.4275751919504983, 0.7715362019849381, -0.9425632565210529, -0.1040143019338815, 0.756435927128275, -0.46872659517234205, 0.9478783699279154, 2.42315435425855e-05, -0.7169083459429269, 0.003694831847706803, 0.1159935534149028, 0.22997076363058835, -0.006670043817313218, 0.45671006504395895, -0.20661080829769776, -0.5139715981786663, -0.5124692705565774, -0.16440841998600764, 0.08322360583749222, -0.11339186791828107, 0.9741174096217449, 0.09922125316544639, 1, 0.8194752089277122, -0.8061148152642807, -0.8848425519611534, -0.7096400538558554, 0.6004814331739192, 0.34404747355018506, -0.9957731864207624, 1, -0.575184055348746, -0.5526905843195709, 0.003823769373787478, -0.2513192738051464, -0.9558554062386444, 0.1478394957693679, -0.9875748122252093, -0.8848505560445886, 0.9960785948196069, 0.38645669989267906]
493.62074667587876	(8, 12, 2)	[-0.004191025849941354, 0.5665778240174133, -0.6196805033239623, -0.3112825756202504, -0.15406573714943672, 0.8579333308316539, 0.5298449716695391, 0.45483046805348165, -0.3556939411877107, 0.8843082959856883, -0.5273050354519325, -1, 0.701159014355941, -0.702946425366251, 0.667180497978339, -0.28623595171284594, 0.31213695584634155, -0.16391339848263992, -0.6111321375813761, -0.463054449213264, 0.44463019159469686, 0.07068643398267693, 0.6295272928754787, -0.4621059845879032, -0.1523882136248232, -0.0845893177586915, 0.6379073688169937, 0.4343866678620464, 0.8494272918886927, 0.44903857622215604, -0.2414373694437908, 0.3360915554081987, 0.6178296415855442, 0.8050392283738061, -0.5449088204395383, -0.9844699618850095, 0.04230511608223586, 0.37655542126893904, 0.14852499130794802, -0.9239988048077841, 0.4594946302163108, -0.06544117132421334, 0.7119257801526226, -0.5427148545964202, 0.23285425598021325, 0.740797548563551, 0.7396827435086515, -0.5751987187734471, -0.8751575173009796, -0.4286026763933781, 0.33462300344410245, 0.5308324053266071, -0.2212505431081484, -0.08602608109618987, 0.4823819238204461, -0.9371714239904825, -0.34656289980057586, -0.6114114127505603, 0.641641776373221, -0.978818102622486, -0.6722338461586149, -0.14454585626430627, 0.8307500065321161, -0.007603639383466018, -0.6186300680354304, 0.413579062399444, 1, -0.26824363940376256, 1, 0.006298646500778618, -0.8056706659222332, -0.3704347207991958, -0.4616210209866902, -0.6903804808509406, -0.14695353869386985, 0.00554715424601826, -0.6028845793005627, 0.6993013393057939, -0.2172977100054163, -0.4275751919504983, 1, -0.9425632565210529, -0.1040143019338815, 0.756435927128275, -0.46872659517234205, 0.9478783699279154, 2.42315435425855e-05, -0.7169083459429269, 0.003694831847706803, 0.1159935534149028, 0.22997076363058835, -0.006670043817313218, 0.45671006504395895, -0.20661080829769776, -0.5139715981786663, -0.5124692705565774, -0.16440841998600764, 0.08322360583749222, -0.17002756880514777, 0.9741174096217449, 0.09922125316544639, 1, 0.8194752089277122, -0.8061148152642807, -0.8848425519611534, -0.7096400538558554, 0.6004814331739192, 0.34404747355018506, -0.71856474294193, 1, -0.575184055348746, -0.5526905843195709, 0.003823769373787478, -0.2513192738051464, -0.9558554062386444, 0.1478394957693679, -0.9875748122252093, -0.8848505560445886, 0.9960785948196069, 0.38645669989267906]
491.8551675044	(8, 12, 2)	[-0.004191025849941354, 0.5665778240174133, -0.6196805033239623, -0.3112825756202504, -0.15406573714943672, 0.8579333308316539, 0.5298449716695391, 0.45483046805348165, -0.3556939411877107, 0.8321993970241827, -0.5273050354519325, -1, 0.701159014355941, -0.702946425366251, 0.667180497978339, -0.28623595171284594, 0.31213695584634155, -0.16391339848263992, -0.6111321375813761, -0.463054449213264, 0.44463019159469686, 0.07068643398267693, 0.6295272928754787, -0.4621059845879032, -0.1523882136248232, -0.0845893177586915, 0.6379073688169937, 0.4343866678620464, 0.8494272918886927, 0.44903857622215604, -0.2414373694437908, 0.3360915554081987, 0.6178296415855442, 0.8050392283738061, -0.5449088204395383, -0.9844699618850095, 0.04230511608223586, 0.37655542126893904, 0.16116355930569148, -0.9239988048077841, 0.4594946302163108, -0.06544117132421334, 0.7119257801526226, -0.6621853123193364, 0.23285425598021325, 0.740797548563551, 0.7396827435086515, -0.5751987187734471, -0.8751575173009796, -0.5425384602916614, 0.33462300344410245, 0.5308324053266071, -0.2212505431081484, 0.03180907403622113, 0.4163807198838038, -0.9371714239904825, -0.34656289980057586, -0.5788233256567521, 0.641641776373221, -0.978818102622486, -0.6722338461586149, -0.14454585626430627, 0.8307500065321161, -0.007603639383466018, -0.6186300680354304, 0.413579062399444, 1, -0.26824363940376256, 1, 0.006298646500778618, -0.8056706659222332, -0.5800546106598117, -0.4616210209866902, -0.6903804808509406, -0.14695353869386985, 0.00554715424601826, -0.6028845793005627, 0.6993013393057939, -0.2172977100054163, -0.4275751919504983, 0.7715362019849381, -0.9425632565210529, -0.1040143019338815, 0.756435927128275, -0.46872659517234205, 0.9478783699279154, 2.42315435425855e-05, -0.7169083459429269, 0.003694831847706803, 0.1159935534149028, 0.2560602208529213, -0.006670043817313218, 0.45671006504395895, -0.20661080829769776, -0.5139715981786663, -0.5124692705565774, -0.16440841998600764, 0.08322360583749222, -0.11339186791828107, 0.9741174096217449, 0.09922125316544639, 1, 0.8194752089277122, -0.8069484538042443, -0.9629726048419927, -0.7096400538558554, 0.6004814331739192, 0.09465748071836697, -0.71856474294193, 1, -0.575184055348746, -0.5526905843195709, 0.003823769373787478, -0.2513192738051464, -0.9558554062386444, 0.1478394957693679, -0.9875748122252093, -0.8848505560445886, 0.9960785948196069, 0.38645669989267906]
493.5922612203285	(8, 12, 2)	[-0.004191025849941354, 0.5665778240174133, -0.6196805033239623, -0.3112825756202504, -0.15406573714943672, 0.8579333308316539, 0.5298449716695391, 0.45483046805348165, -0.3556939411877107, 0.8843082959856883, -0.5273050354519325, -1, 0.701159014355941, -0.702946425366251, 0.667180497978339, -0.28623595171284594, 0.31213695584634155, -0.16391339848263992, -0.6111321375813761, -0.463054449213264, 0.44463019159469686, 0.07068643398267693, 0.6295272928754787, -0.4621059845879032, -0.1523882136248232, -0.0845893177586915, 0.6379073688169937, 0.4343866678620464, 0.8494272918886927, 0.44903857622215604, 0.18491884824980348, 0.11178070750365596, 0.6178296415855442, 0.8050392283738061, -0.5449088204395383, -0.9844699618850095, 0.04230511608223586, 0.37655542126893904, 0.16116355930569148, -0.9239988048077841, 0.4594946302163108, -0.06544117132421334, 0.7119257801526226, -0.5427148545964202, 0.42710607448845855, 0.740797548563551, 0.7396827435086515, -0.5751987187734471, -0.8751575173009796, -0.4286026763933781, 0.33462300344410245, 0.5308324053266071, -0.2212505431081484, 0.03180907403622113, 0.14750662675092924, -0.9371714239904825, -0.34656289980057586, -0.6114114127505603, 0.641641776373221, -0.978818102622486, -0.6722338461586149, -0.14454585626430627, 0.8307500065321161, -0.007603639383466018, -0.6186300680354304, 0.3837172751281874, 1, -0.26824363940376256, 1, 0.006298646500778618, -0.8056706659222332, -0.3704347207991958, -0.4616210209866902, -0.6903804808509406, -0.14695353869386985, 0.00554715424601826, -0.6028845793005627, 0.6993013393057939, -0.2172977100054163, -0.4275751919504983, 0.7715362019849381, -0.9425632565210529, 0.2326371484373675, 0.756435927128275, -0.46872659517234205, 0.9478783699279154, 2.42315435425855e-05, -0.7169083459429269, 0.003694831847706803, 0.0783618261182221, 0.2560602208529213, -0.006670043817313218, 0.45671006504395895, -0.09758835386110631, -0.5139715981786663, -0.5124692705565774, -0.16440841998600764, 0.08322360583749222, -0.11339186791828107, 0.9741174096217449, 0.09922125316544639, 1, 0.8194752089277122, -0.8069484538042443, -0.9629726048419927, -0.7096400538558554, 0.6004814331739192, 0.09465748071836697, -0.71856474294193, 1, -0.575184055348746, -0.5526905843195709, 0.003823769373787478, -0.2513192738051464, -0.9558554062386444, 0.1478394957693679, -0.9875748122252093, -0.8848505560445886, 0.9960785948196069, 0.38645669989267906]
488.1900913082063	(8, 12, 2)	[-0.004191025849941354, 0.5665778240174133, -0.6196805033239623, -0.3112825756202504, -0.15406573714943672, 0.8579333308316539, 0.5298449716695391, 0.45483046805348165, -0.3556939411877107, 0.8843082959856883, -0.5273050354519325, -1, 0.701159014355941, -0.702946425366251, 0.667180497978339, -0.28623595171284594, 0.31213695584634155, -0.16391339848263992, -0.6111321375813761, -0.463054449213264, 0.44463019159469686, 0.07068643398267693, 0.6295272928754787, -0.4621059845879032, -0.1523882136248232, -0.0845893177586915, 0.6379073688169937, 0.4343866678620464, 0.8494272918886927, 0.44903857622215604, -0.2414373694437908, 0.3360915554081987, 0.6178296415855442, 0.8050392283738061, -0.5449088204395383, -0.9844699618850095, 0.12240346480595142, 0.37655542126893904, 0.14852499130794802, -0.9239988048077841, 0.4594946302163108, -0.06544117132421334, 0.7119257801526226, -0.5427148545964202, 0.3418908007469797, 0.8484670431176553, 0.7396827435086515, -0.5751987187734471, -0.8751575173009796, -0.4286026763933781, 0.33462300344410245, 0.5308324053266071, -0.2212505431081484, 0.03180907403622113, 0.34810626550591506, -0.9371714239904825, -0.34656289980057586, -0.6114114127505603, 0.641641776373221, -0.978818102622486, -0.6722338461586149, -0.14454585626430627, 0.8307500065321161, -0.007603639383466018, -0.6186300680354304, 0.413579062399444, 1, -0.26824363940376256, 1, 0.006298646500778618, -0.8056706659222332, -0.3704347207991958, -0.4616210209866902, -0.6903804808509406, -0.14695353869386985, 0.00554715424601826, -0.6028845793005627, 0.6993013393057939, 0.10250438710018561, -0.4275751919504983, 0.7715362019849381, -0.9425632565210529, -0.1040143019338815, 0.756435927128275, -0.46872659517234205, 0.9478783699279154, 2.42315435425855e-05, -0.7169083459429269, 0.003694831847706803, 0.1159935534149028, 0.22997076363058835, -0.006670043817313218, 0.45671006504395895, -0.20661080829769776, -0.5139715981786663, -0.5124692705565774, -0.16440841998600764, 0.060466812006769136, -0.11339186791828107, 0.9741174096217449, 0.09922125316544639, 1, 0.8194752089277122, -0.8069484538042443, -0.9629726048419927, -0.7096400538558554, 0.6004814331739192, 0.09465748071836697, -0.71856474294193, 1, -0.575184055348746, -0.5526905843195709, 0.003823769373787478, -0.2513192738051464, -0.9558554062386444, 0.1478394957693679, -0.9875748122252093, -0.8848505560445886, 0.9960785948196069, 0.38645669989267906]
492.13282503187656	(8, 12, 2)	[-0.004191025849941354, 0.5665778240174133, -0.6196805033239623, -0.3112825756202504, -0.15406573714943672, 1, 0.5298449716695391, 0.45483046805348165, -0.3556939411877107, 0.8117477950824208, -0.5273050354519325, -1, 0.701159014355941, -0.702946425366251, 0.667180497978339, -0.28623595171284594, 0.31213695584634155, -0.16391339848263992, -0.6111321375813761, -0.463054449213264, 0.44463019159469686, -0.07852708971876937, 0.7009698777065219, -0.4621059845879032, 0.08026554581098888, -0.0845893177586915, 0.6379073688169937, 0.4343866678620464, 0.8494272918886927, 0.44903857622215604, 0.18491884824980348, 0.11178070750365596, 0.6178296415855442, 0.8050392283738061, -0.5449088204395383, -0.9844699618850095, 0.04230511608223586, 0.37655542126893904, 0.16116355930569148, -0.9239988048077841, 0.4594946302163108, -0.06544117132421334, 0.7119257801526226, -0.5427148545964202, 0.42710607448845855, 0.740797548563551, 0.7396827435086515, -0.5751987187734471, -0.8751575173009796, -0.4286026763933781, 0.33462300344410245, 0.5308324053266071, -0.2212505431081484, 0.03180907403622113, 0.34810626550591506, -0.9371714239904825, -0.34656289980057586, -0.6114114127505603, 0.641641776373221, -0.978818102622486, -0.6722338461586149, -0.14454585626430627, 0.8307500065321161, -0.007603639383466018, -0.6186300680354304, 0.413579062399444, 1, -0.26824363940376256, 1, 0.006298646500778618, -0.8056706659222332, -0.3704347207991958, -0.4616210209866902, -0.6903804808509406, -0.14695353869386985, 0.00554715424601826, -0.6028845793005627, 0.6993013393057939, -0.2172977100054163, -0.4275751919504983, 1, -0.9425632565210529, -0.1040143019338815, 0.756435927128275, -0.46872659517234205, 0.9478783699279154, 2.42315435425855e-05, -0.7169083459429269, 0.003694831847706803, 0.1159935534149028, 0.22997076363058835, -0.006670043817313218, 0.45671006504395895, -0.20661080829769776, -0.5139715981786663, -0.5124692705565774, -0.16440841998600764, 0.08322360583749222, -0.11339186791828107, 0.9741174096217449, 0.09922125316544639, 1, 0.8194752089277122, -0.8069484538042443, -0.9629726048419927, -0.7096400538558554, 0.6004814331739192, 0.34404747355018506, -0.71856474294193, 1, -0.575184055348746, -0.5526905843195709, 0.003823769373787478, -0.2513192738051464, -0.9558554062386444, 0.1478394957693679, -0.9875748122252093, -0.8848505560445886, 0.9960785948196069, 0.38645669989267906]
478.13935689628124	(8, 12, 2)	[-0.004191025849941354, 0.5665778240174133, -0.6196805033239623, -0.3112825756202504, -0.15406573714943672, 1, 0.5298449716695391, 0.45483046805348165, -0.3556939411877107, 0.8117477950824208, -0.5273050354519325, -1, 0.701159014355941, -0.702946425366251, 0.667180497978339, -0.28623595171284594, 0.31213695584634155, -0.16391339848263992, -0.6111321375813761, -0.463054449213264, 0.44463019159469686, -0.07852708971876937, 0.7009698777065219, -0.4621059845879032, 0.08026554581098888, -0.0845893177586915, 0.6379073688169937, 0.4343866678620464, 0.8494272918886927, 0.44903857622215604, 0.18491884824980348, 0.11178070750365596, 0.6178296415855442, 0.8050392283738061, -0.5449088204395383, -0.9844699618850095, 0.04230511608223586, 0.37655542126893904, 0.16116355930569148, -0.9239988048077841, 0.4594946302163108, -0.06544117132421334, 0.7119257801526226, -0.5427148545964202, 0.42710607448845855, 0.740797548563551, 0.7396827435086515, -0.5751987187734471, -0.8751575173009796, -0.4286026763933781, 0.33462300344410245, 0.5308324053266071, -0.2212505431081484, 0.03180907403622113, 0.34810626550591506, -0.9371714239904825, -0.34656289980057586, -0.6114114127505603, 0.641641776373221, -0.978818102622486, -0.6722338461586149, -0.14454585626430627, 0.8307500065321161, -0.007603639383466018, -0.6186300680354304, 0.413579062399444, 1, -0.26824363940376256, 1, 0.006298646500778618, -0.8056706659222332, -0.3704347207991958, -0.4616210209866902, -0.6903804808509406, -0.14695353869386985, 0.00554715424601826, -0.6028845793005627, 0.6993013393057939, -0.2172977100054163, -0.4275751919504983, 1, -0.9425632565210529, -0.1040143019338815, 0.756435927128275, -0.46872659517234205, 0.9478783699279154, 2.42315435425855e-05, -0.7169083459429269, 0.003694831847706803, 0.1159935534149028, 0.22997076363058835, -0.006670043817313218, 0.45671006504395895, -0.20661080829769776, -0.5139715981786663, -0.5124692705565774, -0.16440841998600764, 0.08322360583749222, -0.11339186791828107, 0.9741174096217449, 0.09922125316544639, 1, 0.8194752089277122, -0.8069484538042443, -0.9629726048419927, -0.7096400538558554, 0.6004814331739192, 0.34404747355018506, -0.71856474294193, 1, -0.575184055348746, -0.5526905843195709, 0.003823769373787478, -0.2513192738051464, -0.9558554062386444, 0.1478394957693679, -0.9875748122252093, -0.8848505560445886, 0.9960785948196069, 0.38645669989267906]
482.06100491806865	(8, 12, 2)	[-0.004191025849941354, 0.5665778240174133, -0.6196805033239623, -0.3112825756202504, -0.15406573714943672, 0.8579333308316539, 0.5298449716695391, 0.45483046805348165, -0.3556939411877107, 0.8843082959856883, -0.5273050354519325, -1, 0.701159014355941, -0.702946425366251, 0.667180497978339, -0.28623595171284594, 0.31213695584634155, -0.16391339848263992, -0.6111321375813761, -0.463054449213264, 0.44463019159469686, 0.07068643398267693, 0.6295272928754787, -0.4621059845879032, -0.1523882136248232, -0.0845893177586915, 0.6379073688169937, 0.4343866678620464, 0.8494272918886927, 0.44903857622215604, -0.2414373694437908, 0.3360915554081987, 0.6178296415855442, 0.8050392283738061, -0.5449088204395383, -0.9844699618850095, 0.12240346480595142, 0.3796818276537719, 0.14852499130794802, -0.9239988048077841, 0.4594946302163108, -0.06544117132421334, 0.7119257801526226, -0.5427148545964202, 0.23285425598021325, 0.740797548563551, 0.7396827435086515, -0.5751987187734471, -0.8751575173009796, -0.4286026763933781, 0.33462300344410245, 0.5308324053266071, -0.2212505431081484, 0.03180907403622113, 0.34810626550591506, -0.9371714239904825, -0.34656289980057586, -0.6114114127505603, 0.641641776373221, -0.978818102622486, -0.6722338461586149, -0.14454585626430627, 0.8307500065321161, -0.007603639383466018, -0.6186300680354304, 0.413579062399444, 1, -0.26824363940376256, 1, 0.006298646500778618, -0.8056706659222332, -0.3704347207991958, -0.4616210209866902, -0.6903804808509406, -0.14695353869386985, 0.00554715424601826, -0.6028845793005627, 0.6993013393057939, 0.10250438710018561, -0.4275751919504983, 0.7715362019849381, -0.9425632565210529, -0.1040143019338815, 0.756435927128275, -0.46872659517234205, 0.9478783699279154, 2.42315435425855e-05, -0.7169083459429269, 0.003694831847706803, 0.1159935534149028, 0.22997076363058835, -0.006670043817313218, 0.45671006504395895, -0.20661080829769776, -0.5139715981786663, -0.5124692705565774, -0.16440841998600764, 0.060466812006769136, -0.11339186791828107, 0.9741174096217449, 0.09922125316544639, 1, 0.8194752089277122, -0.8069484538042443, -0.9629726048419927, -0.7096400538558554, 0.6004814331739192, 0.09465748071836697, -0.71856474294193, 1, -0.575184055348746, -0.5526905843195709, 0.003823769373787478, -0.2513192738051464, -0.9558554062386444, 0.1478394957693679, -0.9875748122252093, -0.8848505560445886, 0.9960785948196069, 0.38645669989267906]
487.93309265747666	(8, 12, 2)	[-0.004191025849941354, 0.5665778240174133, -0.6196805033239623, -0.3112825756202504, -0.15406573714943672, 0.8579333308316539, 0.5298449716695391, 0.45483046805348165, -0.3556939411877107, 0.8843082959856883, -0.5273050354519325, -1, 0.701159014355941, -0.702946425366251, 0.667180497978339, -0.28623595171284594, 0.31213695584634155, -0.16391339848263992, -0.6111321375813761, -0.463054449213264, 0.44463019159469686, -0.07852708971876937, 0.7009698777065219, -0.4621059845879032, 0.08026554581098888, -0.0845893177586915, 0.6379073688169937, 0.4343866678620464, 0.8494272918886927, 0.44903857622215604, 0.18491884824980348, 0.11178070750365596, 0.6178296415855442, 0.8050392283738061, -0.5449088204395383, -0.9844699618850095, 0.04230511608223586, 0.6686126692590453, 0.16116355930569148, -0.9239988048077841, 0.4594946302163108, -0.06544117132421334, 0.7119257801526226, -0.5427148545964202, 0.42710607448845855, 0.740797548563551, 0.7396827435086515, -0.5751987187734471, -0.8751575173009796, -0.4286026763933781, 0.33462300344410245, 0.5308324053266071, -0.2212505431081484, 0.03180907403622113, 0.34810626550591506, -0.9371714239904825, -0.34656289980057586, -0.6114114127505603, 0.641641776373221, -0.978818102622486, -0.6722338461586149, -0.14454585626430627, 0.8307500065321161, -0.007603639383466018, -0.6186300680354304, 0.413579062399444, 1, -0.26824363940376256, 1, 0.006298646500778618, -0.8056706659222332, -0.3704347207991958, -0.4616210209866902, -0.6903804808509406, -0.14695353869386985, 0.00554715424601826, -0.6028845793005627, 0.6993013393057939, 0.10250438710018561, -0.4275751919504983, 0.7715362019849381, -0.9425632565210529, -0.1040143019338815, 0.756435927128275, -0.46872659517234205, 0.9478783699279154, 2.42315435425855e-05, -0.7169083459429269, 0.003694831847706803, 0.1159935534149028, 0.22997076363058835, -0.006670043817313218, 0.45671006504395895, -0.20661080829769776, -0.5139715981786663, -0.5124692705565774, -0.16440841998600764, 0.060466812006769136, -0.11339186791828107, 0.9741174096217449, 0.09922125316544639, 1, 0.8194752089277122, -0.8069484538042443, -0.9629726048419927, -0.7096400538558554, 0.6004814331739192, 0.09465748071836697, -0.71856474294193, 1, -0.575184055348746, -0.5526905843195709, 0.003823769373787478, -0.2513192738051464, -0.9558554062386444, 0.1478394957693679, -0.9875748122252093, -0.8848505560445886, 0.9960785948196069, 0.38645669989267906]
488.3210323750973	(8, 12, 2)	[-0.004191025849941354, 0.5665778240174133, -0.6196805033239623, -0.3112825756202504, -0.15406573714943672, 1, 0.5298449716695391, 0.45483046805348165, -0.3556939411877107, 0.8117477950824208, -0.5273050354519325, -1, 0.701159014355941, -0.702946425366251, 0.667180497978339, -0.28623595171284594, 0.31213695584634155, -0.16391339848263992, -0.6111321375813761, -0.463054449213264, 0.44463019159469686, -0.07852708971876937, 0.7009698777065219, -0.4621059845879032, 0.08026554581098888, -0.0845893177586915, 0.6379073688169937, 0.4343866678620464, 0.8494272918886927, 0.44903857622215604, 0.18491884824980348, 0.11178070750365596, 0.6178296415855442, 0.8050392283738061, -0.5449088204395383, -0.9844699618850095, 0.04230511608223586, 0.6686126692590453, 0.16116355930569148, -0.9239988048077841, 0.4594946302163108, -0.06544117132421334, 0.7119257801526226, -0.5427148545964202, 0.42710607448845855, 0.740797548563551, 0.7396827435086515, -0.5751987187734471, -0.8751575173009796, -0.4286026763933781, 0.33462300344410245, 0.5308324053266071, -0.2212505431081484, 0.03180907403622113, 0.34810626550591506, -0.9371714239904825, -0.34656289980057586, -0.6114114127505603, 0.641641776373221, -0.978818102622486, -0.6722338461586149, -0.14454585626430627, 0.8307500065321161, -0.007603639383466018, -0.6186300680354304, 0.413579062399444, 1, -0.26824363940376256, 1, 0.006298646500778618, -0.8056706659222332, -0.3704347207991958, -0.4616210209866902, -0.6903804808509406, -0.14695353869386985, 0.00554715424601826, -0.6028845793005627, 0.6993013393057939, -0.2172977100054163, -0.4275751919504983, 1, -0.9425632565210529, -0.1040143019338815, 0.756435927128275, -0.46872659517234205, 0.9478783699279154, 2.42315435425855e-05, -0.7169083459429269, 0.003694831847706803, 0.1159935534149028, 0.22997076363058835, -0.006670043817313218, 0.45671006504395895, -0.20661080829769776, -0.5139715981786663, -0.5124692705565774, -0.16440841998600764, 0.08322360583749222, -0.11339186791828107, 0.9741174096217449, 0.09922125316544639, 1, 0.8194752089277122, -0.8069484538042443, -0.9629726048419927, -0.7096400538558554, 0.6004814331739192, 0.34404747355018506, -0.71856474294193, 1, -0.575184055348746, -0.5526905843195709, 0.003823769373787478, -0.2513192738051464, -0.9558554062386444, 0.1478394957693679, -0.9875748122252093, -0.8848505560445886, 0.9960785948196069, 0.38645669989267906]
485.94086188822985	(8, 12, 2)	[-0.004191025849941354, 0.5665778240174133, -0.6196805033239623, -0.3112825756202504, -0.15406573714943672, 0.8579333308316539, 0.5298449716695391, 0.45483046805348165, -0.3556939411877107, 0.8843082959856883, -0.5273050354519325, -1, 0.701159014355941, -0.702946425366251, 0.667180497978339, -0.28623595171284594, 0.31213695584634155, -0.16391339848263992, -0.6111321375813761, -0.463054449213264, 0.44463019159469686, -0.07852708971876937, 0.7009698777065219, -0.4621059845879032, 0.08026554581098888, -0.0845893177586915, 0.6379073688169937, 0.4343866678620464, 0.8494272918886927, 0.44903857622215604, 0.18491884824980348, 0.11178070750365596, 0.6178296415855442, 0.8050392283738061, -0.5449088204395383, -0.9844699618850095, 0.04230511608223586, 0.6686126692590453, 0.16116355930569148, -0.9239988048077841, 0.4594946302163108, -0.06544117132421334, 0.7119257801526226, -0.5427148545964202, 0.42710607448845855, 0.740797548563551, 0.7396827435086515, -0.5751987187734471, -0.8751575173009796, -0.4286026763933781, 0.33462300344410245, 0.5308324053266071, -0.2212505431081484, 0.03180907403622113, 0.34810626550591506, -0.9371714239904825, -0.34656289980057586, -0.6114114127505603, 0.641641776373221, -0.978818102622486, -0.6722338461586149, -0.14454585626430627, 0.8307500065321161, -0.007603639383466018, -0.6186300680354304, 0.413579062399444, 1, -0.26824363940376256, 1, 0.006298646500778618, -0.8056706659222332, -0.3704347207991958, -0.4616210209866902, -0.6903804808509406, -0.14695353869386985, 0.00554715424601826, -0.6028845793005627, 0.6993013393057939, 0.10250438710018561, -0.4275751919504983, 0.7715362019849381, -0.9425632565210529, -0.1040143019338815, 0.756435927128275, -0.46872659517234205, 0.9478783699279154, 2.42315435425855e-05, -0.7169083459429269, 0.003694831847706803, 0.1159935534149028, 0.22997076363058835, -0.006670043817313218, 0.45671006504395895, -0.20661080829769776, -0.5139715981786663, -0.5124692705565774, -0.16440841998600764, 0.08322360583749222, -0.11339186791828107, 0.9741174096217449, 0.09922125316544639, 1, 0.8194752089277122, -0.8069484538042443, -0.9629726048419927, -0.7096400538558554, 0.6004814331739192, 0.34404747355018506, -0.71856474294193, 1, -0.575184055348746, -0.5526905843195709, 0.003823769373787478, -0.2513192738051464, -0.9558554062386444, 0.1478394957693679, -0.9875748122252093, -0.8848505560445886, 0.9960785948196069, 0.38645669989267906]
484.8927490413189	(8, 12, 2)	[-0.004191025849941354, 0.5665778240174133, -0.6196805033239623, -0.3112825756202504, -0.15406573714943672, 1, 0.5298449716695391, 0.45483046805348165, -0.3556939411877107, 0.8117477950824208, -0.5273050354519325, -1, 0.680803582813059, -0.702946425366251, 0.667180497978339, -0.28623595171284594, 0.31213695584634155, -0.16391339848263992, -0.6111321375813761, -0.463054449213264, 0.44463019159469686, -0.07852708971876937, 0.7009698777065219, -0.4621059845879032, 0.08026554581098888, -0.0845893177586915, 0.6379073688169937, 0.4343866678620464, 0.8494272918886927, 0.44903857622215604, 0.18491884824980348, 0.11178070750365596, 0.6178296415855442, 0.8050392283738061, -0.5449088204395383, -0.9844699618850095, 0.04230511608223586, 0.6686126692590453, 0.16116355930569148, -0.9239988048077841, 0.4594946302163108, -0.06544117132421334, 0.7119257801526226, -0.5427148545964202, 0.42710607448845855, 0.740797548563551, 0.7396827435086515, -0.5751987187734471, -0.8751575173009796, -0.263241391846736, 0.33462300344410245, 0.5308324053266071, -0.2212505431081484, 0.03180907403622113, 0.34810626550591506, -0.9371714239904825, -0.34656289980057586, -0.6114114127505603, 0.641641776373221, -0.978818102622486, -0.6722338461586149, -0.14454585626430627, 0.8307500065321161, -0.007603639383466018, -0.6186300680354304, 0.413579062399444, 1, -0.26824363940376256, 1, 0.006298646500778618, -0.8056706659222332, -0.3704347207991958, -0.4616210209866902, -0.6903804808509406, -0.14695353869386985, 0.00554715424601826, -0.6028845793005627, 0.6993013393057939, -0.2172977100054163, -0.4275751919504983, 1, -0.9425632565210529, -0.1040143019338815, 0.756435927128275, -0.46872659517234205, 0.9478783699279154, 2.42315435425855e-05, -0.7169083459429269, 0.003694831847706803, 0.1159935534149028, 0.22997076363058835, -0.006670043817313218, 0.45671006504395895, -0.20661080829769776, -0.5139715981786663, -0.5124692705565774, -0.16440841998600764, 0.08322360583749222, -0.11339186791828107, 0.9741174096217449, 0.09922125316544639, 1, 0.8194752089277122, -0.8069484538042443, -0.9629726048419927, -0.7096400538558554, 0.6004814331739192, 0.1306144299876083, -0.71856474294193, 1, -0.575184055348746, -0.5526905843195709, 0.003823769373787478, -0.2513192738051464, -0.9558554062386444, 0.1478394957693679, -0.9875748122252093, -0.8848505560445886, 0.9960785948196069, 0.38645669989267906]
496.6075461823493	(8, 12, 2)	[-0.004191025849941354, 0.5665778240174133, -0.6196805033239623, -0.3112825756202504, -0.15406573714943672, 0.8579333308316539, 0.5298449716695391, 0.45483046805348165, -0.3556939411877107, 0.8843082959856883, -0.5273050354519325, -1, 0.701159014355941, -0.702946425366251, 0.667180497978339, -0.28623595171284594, 0.31213695584634155, -0.16391339848263992, -0.6111321375813761, -0.463054449213264, 0.44463019159469686, -0.07852708971876937, 0.7009698777065219, -0.4621059845879032, 0.08026554581098888, -0.0845893177586915, 0.6379073688169937, 0.4343866678620464, 0.8494272918886927, 0.44903857622215604, 0.18491884824980348, 0.11178070750365596, 0.6178296415855442, 0.8050392283738061, -0.5449088204395383, -0.9844699618850095, 0.04230511608223586, 0.6686126692590453, 0.004945386526095941, -0.9239988048077841, 0.4594946302163108, -0.06544117132421334, 0.7119257801526226, -0.5427148545964202, 0.42710607448845855, 0.740797548563551, 0.7396827435086515, -0.5751987187734471, -0.8751575173009796, -0.4286026763933781, 0.33462300344410245, 0.5308324053266071, -0.2212505431081484, 0.03180907403622113, 0.34810626550591506, -0.9371714239904825, -0.34656289980057586, -0.6114114127505603, 0.641641776373221, -0.978818102622486, -0.6722338461586149, -0.14454585626430627, 0.8307500065321161, -0.007603639383466018, -0.6186300680354304, 0.413579062399444, 1, -0.26824363940376256, 1, 0.006298646500778618, -0.8056706659222332, -0.3704347207991958, -0.4616210209866902, -0.6903804808509406, -0.14695353869386985, 0.00554715424601826, -0.6028845793005627, 0.6993013393057939, 0.10250438710018561, -0.4275751919504983, 0.7715362019849381, -0.9425632565210529, -0.1040143019338815, 0.756435927128275, -0.46872659517234205, 0.9478783699279154, 2.42315435425855e-05, -0.7169083459429269, 0.003694831847706803, 0.1159935534149028, 0.22997076363058835, -0.006670043817313218, 0.45671006504395895, 0.015578732624540098, -0.5139715981786663, -0.5124692705565774, -0.16440841998600764, 0.08322360583749222, -0.11339186791828107, 0.9741174096217449, 0.09922125316544639, 1, 0.8194752089277122, -0.8069484538042443, -0.9629726048419927, -0.7096400538558554, 0.6004814331739192, 0.34404747355018506, -0.71856474294193, 1, -0.575184055348746, -0.5526905843195709, 0.003823769373787478, -0.2513192738051464, -0.9558554062386444, 0.1478394957693679, -0.9875748122252093, -0.8848505560445886, 0.9960785948196069, 0.38645669989267906]
494.9492685496807	(8, 12, 2)	[-0.004191025849941354, 0.5665778240174133, -0.6196805033239623, -0.3112825756202504, -0.15406573714943672, 0.8579333308316539, 0.5298449716695391, 0.45483046805348165, -0.3556939411877107, 0.8843082959856883, -0.5273050354519325, -1, 0.701159014355941, -0.702946425366251, 0.667180497978339, -0.28623595171284594, 0.31213695584634155, -0.16391339848263992, -0.6111321375813761, -0.463054449213264, 0.44463019159469686, -0.07852708971876937, 0.7009698777065219, -0.4621059845879032, 0.08026554581098888, -0.0845893177586915, 0.6379073688169937, 0.4343866678620464, 0.8494272918886927, 0.44903857622215604, 0.18491884824980348, 0.11178070750365596, 0.6178296415855442, 0.8050392283738061, -0.5449088204395383, -0.9844699618850095, 0.04230511608223586, 0.6686126692590453, 0.16116355930569148, -0.9239988048077841, 0.4594946302163108, -0.06544117132421334, 0.7119257801526226, -0.5427148545964202, 0.42710607448845855, 0.740797548563551, 0.7396827435086515, -0.5751987187734471, -0.8751575173009796, -0.263241391846736, 0.33462300344410245, 0.5308324053266071, -0.2212505431081484, 0.03180907403622113, 0.34810626550591506, -0.9371714239904825, -0.34656289980057586, -0.6114114127505603, 0.641641776373221, -0.978818102622486, -0.6722338461586149, -0.14454585626430627, 0.8307500065321161, -0.007603639383466018, -0.6186300680354304, 0.413579062399444, 1, -0.26824363940376256, 1, 0.006298646500778618, -0.8056706659222332, -0.3704347207991958, -0.4616210209866902, -0.6903804808509406, -0.14695353869386985, 0.00554715424601826, -0.6028845793005627, 0.6993013393057939, -0.2172977100054163, -0.4275751919504983, 1, -0.9425632565210529, -0.1040143019338815, 0.756435927128275, -0.46872659517234205, 0.9478783699279154, 2.42315435425855e-05, -0.7169083459429269, 0.003694831847706803, 0.1159935534149028, 0.22997076363058835, -0.006670043817313218, 0.45671006504395895, -0.20661080829769776, -0.5139715981786663, -0.5124692705565774, -0.16440841998600764, 0.08322360583749222, -0.11339186791828107, 0.9741174096217449, 0.09922125316544639, 0.7220082044177363, 0.8194752089277122, -0.8069484538042443, -0.9629726048419927, -0.7096400538558554, 0.6004814331739192, 0.1306144299876083, -0.71856474294193, 1, -0.575184055348746, -0.5526905843195709, 0.003823769373787478, -0.2513192738051464, -0.9558554062386444, 0.1478394957693679, -0.9875748122252093, -0.8848505560445886, 0.9960785948196069, 0.38645669989267906]
488.42106773518026	(8, 12, 2)	[-0.004191025849941354, 0.5665778240174133, -0.6196805033239623, -0.3112825756202504, -0.15406573714943672, 0.8579333308316539, 0.5298449716695391, 0.45483046805348165, -0.3556939411877107, 0.8843082959856883, -0.5273050354519325, -1, 0.701159014355941, -0.702946425366251, 0.667180497978339, -0.28623595171284594, 0.31213695584634155, -0.16391339848263992, -0.6111321375813761, -0.463054449213264, 0.44463019159469686, -0.07852708971876937, 0.7009698777065219, -0.4621059845879032, 0.08026554581098888, -0.0845893177586915, 0.6379073688169937, 0.4343866678620464, 0.8494272918886927, 0.44903857622215604, -0.2414373694437908, 0.3360915554081987, 0.6178296415855442, 0.8050392283738061, -0.5449088204395383, -0.9844699618850095, 0.12240346480595142, 0.44538142889493154, 0.2097391510015941, -0.9239988048077841, 0.4594946302163108, -0.06544117132421334, 0.7119257801526226, -0.5427148545964202, 0.3418908007469797, 0.8484670431176553, 0.9590686848612233, -0.5751987187734471, -0.8751575173009796, -0.4286026763933781, 0.33462300344410245, 0.5308324053266071, -0.2212505431081484, 0.03180907403622113, 0.24459781979094017, -0.9371714239904825, -0.19783828147612725, -0.6114114127505603, 0.9893182727558907, -0.978818102622486, -0.6722338461586149, -0.14454585626430627, 0.8307500065321161, -0.007603639383466018, -0.6186300680354304, 0.413579062399444, 1, -0.26824363940376256, 1, 0.006298646500778618, -0.8056706659222332, -0.3704347207991958, -0.4616210209866902, -0.6903804808509406, -0.14695353869386985, 0.00554715424601826, -0.6028845793005627, 0.6993013393057939, -0.2172977100054163, -0.4275751919504983, 1, -0.9425632565210529, -0.1040143019338815, 0.756435927128275, -0.46872659517234205, 0.9478783699279154, 2.42315435425855e-05, -0.7169083459429269, 0.003694831847706803, 0.1159935534149028, 0.22997076363058835, -0.006670043817313218, 0.45671006504395895, -0.20661080829769776, -0.5139715981786663, -0.5124692705565774, -0.16440841998600764, 0.060466812006769136, -0.11339186791828107, 0.9741174096217449, 0.09922125316544639, 1, 0.8194752089277122, -0.8069484538042443, -0.9629726048419927, -0.7096400538558554, 0.6004814331739192, 0.34404747355018506, -0.71856474294193, 1, -0.575184055348746, -0.5526905843195709, 0.003823769373787478, -0.2513192738051464, -0.9558554062386444, 0.1478394957693679, -0.9875748122252093, -0.8848505560445886, 0.9960785948196069, 0.38645669989267906]
-3.03259710873596	(8, 12, 2)	[-0.004191025849941354, 0.5665778240174133, -0.6196805033239623, -0.3112825756202504, -0.15406573714943672, 0.8579333308316539, 0.5298449716695391, 0.45483046805348165, -0.3556939411877107, 0.8843082959856883, -0.5273050354519325, -1, 0.701159014355941, -0.702946425366251, 0.667180497978339, -0.28623595171284594, 0.31213695584634155, -0.16391339848263992, -0.6111321375813761, -0.463054449213264, 0.44463019159469686, -0.07852708971876937, 0.7009698777065219, -0.4621059845879032, 0.08026554581098888, -0.0845893177586915, 0.6379073688169937, 0.4343866678620464, 0.8494272918886927, 0.44903857622215604, 0.18491884824980348, 0.11178070750365596, 0.6178296415855442, 0.8050392283738061, -0.5449088204395383, -0.8256174164278329, 0.04230511608223586, 0.6686126692590453, 0.16116355930569148, -0.9239988048077841, 0.4594946302163108, -0.06544117132421334, 0.7119257801526226, -0.5427148545964202, 0.42710607448845855, 0.740797548563551, 0.7396827435086515, -0.5751987187734471, -0.8751575173009796, -0.4286026763933781, 0.33462300344410245, 0.5308324053266071, -0.2212505431081484, 0.03180907403622113, 0.34810626550591506, -0.9371714239904825, -0.34656289980057586, -0.6114114127505603, 0.641641776373221, -0.978818102622486, -0.6722338461586149, -0.14454585626430627, 0.8307500065321161, -0.007603639383466018, -0.6186300680354304, 0.413579062399444, 1, -0.26824363940376256, 1, 0.006298646500778618, -0.8056706659222332, -0.3704347207991958, -0.4616210209866902, -0.6903804808509406, -0.14695353869386985, 0.00554715424601826, -0.6028845793005627, 0.6993013393057939, -0.2172977100054163, -0.4275751919504983, 1, -0.9425632565210529, -0.1040143019338815, 0.9505907241121679, -0.46872659517234205, 0.9478783699279154, 2.42315435425855e-05, -0.7169083459429269, 0.003694831847706803, 0.1159935534149028, 0.22997076363058835, -0.006670043817313218, 0.45671006504395895, -0.20661080829769776, -0.5139715981786663, -0.5124692705565774, -0.16440841998600764, 0.08322360583749222, -0.11339186791828107, 0.9741174096217449, -0.035361515586100234, 1, 0.8194752089277122, -0.8069484538042443, -0.9629726048419927, -0.7096400538558554, 0.6004814331739192, 0.34404747355018506, -0.71856474294193, 1, -0.575184055348746, -0.5526905843195709, 0.003823769373787478, -0.2513192738051464, -0.9558554062386444, 0.1478394957693679, -0.9875748122252093, -0.8848505560445886, 0.9960785948196069, 0.38645669989267906]
488.9198683667928	(8, 12, 2)	[-0.004191025849941354, 0.5665778240174133, -0.6196805033239623, -0.3112825756202504, -0.15406573714943672, 0.8579333308316539, 0.5298449716695391, 0.45483046805348165, -0.3556939411877107, 0.8843082959856883, -0.5273050354519325, -1, 0.701159014355941, -0.702946425366251, 0.667180497978339, -0.28623595171284594, 0.31213695584634155, -0.16391339848263992, -0.6111321375813761, -0.463054449213264, 0.44463019159469686, -0.07852708971876937, 0.7009698777065219, -0.4621059845879032, 0.08026554581098888, -0.0845893177586915, 0.6379073688169937, 0.4343866678620464, 0.8494272918886927, 0.44903857622215604, 0.18491884824980348, 0.11178070750365596, 0.7330356280217294, 0.8050392283738061, -0.5449088204395383, -0.8256174164278329, 0.04230511608223586, 0.6686126692590453, 0.16116355930569148, -0.9239988048077841, 0.4594946302163108, -0.06544117132421334, 0.7119257801526226, -0.5427148545964202, 0.42710607448845855, 0.740797548563551, 0.7396827435086515, -0.5751987187734471, -0.8751575173009796, -0.4286026763933781, 0.33462300344410245, 0.5308324053266071, -0.2212505431081484, 0.03180907403622113, 0.34810626550591506, -0.9371714239904825, -0.34656289980057586, -0.6114114127505603, 0.641641776373221, -0.978818102622486, -0.6722338461586149, -0.14454585626430627, 0.8307500065321161, -0.007603639383466018, -0.6186300680354304, 0.413579062399444, 1, -0.26824363940376256, 1, 0.006298646500778618, -0.8056706659222332, -0.3704347207991958, -0.4616210209866902, -0.6903804808509406, -0.14695353869386985, 0.00554715424601826, -0.6028845793005627, 0.6993013393057939, -0.2172977100054163, -0.4275751919504983, 1, -0.9425632565210529, -0.1040143019338815, 0.9505907241121679, -0.46872659517234205, 0.9478783699279154, 2.42315435425855e-05, -0.7169083459429269, -0.10111211553155491, 0.1159935534149028, 0.22997076363058835, -0.006670043817313218, 0.45671006504395895, -0.20661080829769776, -0.5139715981786663, -0.5124692705565774, -0.16440841998600764, 0.08322360583749222, -0.11339186791828107, 0.9741174096217449, -0.035361515586100234, 1, 0.8194752089277122, -0.8069484538042443, -0.9629726048419927, -0.7096400538558554, 0.6004814331739192, 0.34404747355018506, -0.71856474294193, 1, -0.575184055348746, -0.5526905843195709, 0.003823769373787478, -0.2513192738051464, -0.9558554062386444, 0.1478394957693679, -0.9875748122252093, -0.8848505560445886, 0.9960785948196069, 0.38645669989267906]
493.11054050922394	(8, 12, 2)	[-0.004191025849941354, 0.5665778240174133, -0.6196805033239623, -0.3112825756202504, -0.15406573714943672, 1, 0.5298449716695391, 0.45483046805348165, -0.3556939411877107, 0.8117477950824208, -0.5273050354519325, -1, 0.680803582813059, -0.702946425366251, 0.667180497978339, -0.28623595171284594, 0.31213695584634155, -0.16391339848263992, -0.6111321375813761, -0.463054449213264, 0.44463019159469686, -0.07852708971876937, 0.7009698777065219, -0.4621059845879032, 0.08026554581098888, -0.0845893177586915, 0.6379073688169937, 0.4343866678620464, 0.29213033193250915, 0.44903857622215604, 0.18491884824980348, 0.11178070750365596, 0.6178296415855442, 0.8050392283738061, -0.5449088204395383, -0.9844699618850095, 0.04230511608223586, 0.6686126692590453, 0.16116355930569148, -0.9239988048077841, 0.4594946302163108, -0.06544117132421334, 0.7119257801526226, -0.5427148545964202, 0.42710607448845855, 0.740797548563551, 0.7396827435086515, -0.5751987187734471, -0.8751575173009796, -0.263241391846736, 0.33462300344410245, 0.5308324053266071, -0.2212505431081484, 0.03180907403622113, 0.34810626550591506, -0.9371714239904825, -0.34656289980057586, -0.6114114127505603, 0.641641776373221, -0.978818102622486, -0.36608222492073283, -0.14454585626430627, 1, -0.007603639383466018, -0.6186300680354304, 0.413579062399444, 1, -0.26824363940376256, 1, 0.006298646500778618, -0.8056706659222332, -0.3704347207991958, -0.4616210209866902, -0.6903804808509406, -0.14695353869386985, 0.00554715424601826, -0.6028845793005627, 0.6993013393057939, -0.2172977100054163, -0.4275751919504983, 1, -0.9425632565210529, -0.1040143019338815, 0.756435927128275, -0.46872659517234205, 0.9478783699279154, 2.42315435425855e-05, -0.7169083459429269, 0.003694831847706803, 0.1159935534149028, 0.22997076363058835, -0.006670043817313218, 0.45671006504395895, -0.20661080829769776, -0.5139715981786663, -0.5124692705565774, -0.16440841998600764, 0.060466812006769136, -0.11339186791828107, 0.9741174096217449, 0.09922125316544639, 1, 0.8194752089277122, -0.8069484538042443, -0.9629726048419927, -0.7096400538558554, 0.6004814331739192, 0.1306144299876083, -0.71856474294193, 1, -0.575184055348746, -0.5526905843195709, 0.003823769373787478, -0.2513192738051464, -0.9558554062386444, 0.1478394957693679, -0.967074608887371, -0.8848505560445886, 0.9960785948196069, 0.38645669989267906]
495.1203815639019	(8, 12, 2)	[-0.004191025849941354, 0.5665778240174133, -0.6196805033239623, -0.3112825756202504, -0.15406573714943672, 0.8579333308316539, 0.5298449716695391, 0.45483046805348165, -0.3556939411877107, 0.8843082959856883, -0.5273050354519325, -1, 0.701159014355941, -0.702946425366251, 0.667180497978339, -0.28623595171284594, 0.31213695584634155, -0.16391339848263992, -0.6111321375813761, -0.463054449213264, 0.44463019159469686, -0.07852708971876937, 0.7009698777065219, -0.4621059845879032, 0.08026554581098888, -0.0845893177586915, 0.6379073688169937, 0.4343866678620464, 0.8494272918886927, 0.44903857622215604, 0.18491884824980348, 0.11178070750365596, 0.6178296415855442, 0.8050392283738061, -0.5449088204395383, -0.8256174164278329, 0.04230511608223586, 0.6686126692590453, 0.16116355930569148, -0.9239988048077841, 0.4594946302163108, -0.06544117132421334, 0.7119257801526226, -0.5427148545964202, 0.42710607448845855, 0.740797548563551, 0.7396827435086515, -0.5751987187734471, -0.8751575173009796, -0.4286026763933781, 0.33462300344410245, 0.5308324053266071, -0.2212505431081484, 0.03180907403622113, 0.34810626550591506, -0.9371714239904825, -0.34656289980057586, -0.6114114127505603, 0.641641776373221, -0.978818102622486, -0.6722338461586149, -0.14454585626430627, 0.8307500065321161, -0.007603639383466018, -0.6186300680354304, 0.413579062399444, 1, -0.26824363940376256, 1, 0.006298646500778618, -0.8056706659222332, -0.3704347207991958, -0.4616210209866902, -0.6903804808509406, -0.14695353869386985, 0.00554715424601826, -0.6028845793005627, 0.6993013393057939, -0.2172977100054163, -0.0886485616650084, 1, -0.9425632565210529, -0.1040143019338815, 0.9505907241121679, -0.46872659517234205, 0.9478783699279154, 2.42315435425855e-05, -0.7169083459429269, 0.003694831847706803, 0.1159935534149028, 0.22997076363058835, -0.006670043817313218, 0.45671006504395895, -0.20661080829769776, -0.5139715981786663, -0.5124692705565774, -0.16440841998600764, 0.08322360583749222, -0.11339186791828107, 0.9741174096217449, -0.035361515586100234, 1, 0.8194752089277122, -0.8069484538042443, -0.9629726048419927, -0.7096400538558554, 0.6004814331739192, 0.34404747355018506, -0.71856474294193, 1, -0.575184055348746, -0.5526905843195709, 0.003823769373787478, -0.2513192738051464, -0.9558554062386444, 0.1478394957693679, -0.9875748122252093, -0.8848505560445886, 0.9960785948196069, 0.38645669989267906]
489.8016300983727	(8, 12, 2)	[-0.004191025849941354, 0.5665778240174133, -0.6196805033239623, -0.3112825756202504, -0.15406573714943672, 0.8579333308316539, 0.5298449716695391, 0.45483046805348165, -0.3556939411877107, 0.8843082959856883, -0.5273050354519325, -1, 0.701159014355941, -0.702946425366251, 0.667180497978339, -0.28623595171284594, 0.31213695584634155, -0.16391339848263992, -0.6111321375813761, -0.47317365075871926, 0.44463019159469686, -0.07852708971876937, 0.7009698777065219, -0.4621059845879032, 0.08026554581098888, -0.0845893177586915, 0.6379073688169937, 0.4343866678620464, 0.8494272918886927, 0.44903857622215604, -0.2414373694437908, 0.3360915554081987, 0.6178296415855442, 0.8050392283738061, -0.5449088204395383, -0.9844699618850095, 0.12240346480595142, 0.44538142889493154, 0.2097391510015941, -0.9239988048077841, 0.4594946302163108, -0.06544117132421334, 0.7119257801526226, -0.5427148545964202, 0.42710607448845855, 0.740797548563551, 0.7396827435086515, -0.5751987187734471, -0.8751575173009796, -0.4286026763933781, 0.33462300344410245, 0.5308324053266071, -0.2212505431081484, 0.03180907403622113, 0.34810626550591506, -0.9497264538911843, -0.34656289980057586, -0.6114114127505603, 0.641641776373221, -0.978818102622486, -0.6722338461586149, -0.2167213537741495, 0.8307500065321161, -0.007603639383466018, -0.6186300680354304, 0.413579062399444, 1, -0.26824363940376256, 1, 0.006298646500778618, -0.8056706659222332, -0.3704347207991958, -0.4616210209866902, -0.6903804808509406, -0.14695353869386985, 0.00554715424601826, -0.6028845793005627, 0.6993013393057939, -0.2172977100054163, -0.4275751919504983, 1, -0.9425632565210529, -0.1040143019338815, 0.9505907241121679, -0.46872659517234205, 0.9478783699279154, 2.42315435425855e-05, -0.7169083459429269, 0.003694831847706803, 0.1159935534149028, 0.22997076363058835, -0.006670043817313218, 0.45671006504395895, -0.20661080829769776, -0.23544037958885394, -0.5124692705565774, -0.16440841998600764, 0.08322360583749222, -0.11339186791828107, 0.9741174096217449, -0.035361515586100234, 1, 0.8194752089277122, -0.8069484538042443, -0.9629726048419927, -0.7096400538558554, 0.6004814331739192, 0.34404747355018506, -0.71856474294193, 1, -0.575184055348746, -0.5526905843195709, 0.003823769373787478, -0.2513192738051464, -0.9558554062386444, 0.1478394957693679, -0.9875748122252093, -0.8848505560445886, 0.9960785948196069, 0.38645669989267906]
488.5277619585395	(8, 12, 2)	[-0.004191025849941354, 0.5665778240174133, -0.6196805033239623, -0.3112825756202504, -0.15406573714943672, 0.8579333308316539, 0.5298449716695391, 0.45483046805348165, -0.3556939411877107, 0.8843082959856883, -0.5273050354519325, -1, 0.701159014355941, -0.702946425366251, 0.667180497978339, -0.28623595171284594, 0.31213695584634155, -0.16391339848263992, -0.6111321375813761, -0.463054449213264, 0.44463019159469686, -0.07852708971876937, 0.7009698777065219, -0.4621059845879032, 0.08026554581098888, -0.0845893177586915, 0.6379073688169937, 0.4343866678620464, 0.8494272918886927, 0.44903857622215604, 0.18491884824980348, 0.11178070750365596, 0.7330356280217294, 0.8050392283738061, -0.5449088204395383, -0.8256174164278329, 0.04230511608223586, 0.6686126692590453, 0.16116355930569148, -0.9239988048077841, 0.4594946302163108, -0.06544117132421334, 0.7119257801526226, -0.5427148545964202, 0.42710607448845855, 0.740797548563551, 0.7396827435086515, -0.5751987187734471, -0.8751575173009796, -0.4286026763933781, 0.33462300344410245, 0.5308324053266071, -0.2212505431081484, 0.03180907403622113, 0.34810626550591506, -0.9371714239904825, -0.34656289980057586, -0.6114114127505603, 0.641641776373221, -0.978818102622486, -0.6722338461586149, -0.14454585626430627, 0.8307500065321161, -0.16203376755712234, -0.6186300680354304, 0.413579062399444, 0.9870665196133509, -0.26824363940376256, 1, -0.10130446734537019, -0.8056706659222332, -0.34546922854390155, -0.4616210209866902, -0.6903804808509406, -0.14695353869386985, 0.00554715424601826, -0.6028845793005627, 0.6993013393057939, 0.24763260900743322, -0.4275751919504983, 1, -0.9425632565210529, -0.1040143019338815, 0.9505907241121679, -0.46872659517234205, 0.9478783699279154, 2.42315435425855e-05, -0.7169083459429269, -0.10111211553155491, 0.1159935534149028, 0.22997076363058835, -0.006670043817313218, 0.45671006504395895, -0.20661080829769776, -0.6616773110084945, -0.5124692705565774, -0.16440841998600764, 0.08322360583749222, -0.11339186791828107, 0.9741174096217449, -0.035361515586100234, 1, 0.8194752089277122, -0.8069484538042443, -0.9629726048419927, -0.7096400538558554, 0.6004814331739192, 0.34404747355018506, -0.71856474294193, 1, -0.575184055348746, -0.5526905843195709, 0.003823769373787478, -0.2513192738051464, -0.9558554062386444, 0.1478394957693679, -0.9875748122252093, -0.8848505560445886, 0.9960785948196069, 0.38645669989267906]
484.08448696136475	(8, 12, 2)	[-0.004191025849941354, 0.5665778240174133, -0.6196805033239623, -0.3112825756202504, -0.15406573714943672, 0.8579333308316539, 0.5298449716695391, 0.5882292712555157, -0.3556939411877107, 0.8843082959856883, -0.5273050354519325, -1, 0.701159014355941, -0.702946425366251, 0.667180497978339, -0.28623595171284594, 0.31213695584634155, -0.16391339848263992, -0.6111321375813761, -0.463054449213264, 0.44463019159469686, -0.07852708971876937, 0.7009698777065219, -0.4621059845879032, 0.08026554581098888, -0.0845893177586915, 0.6379073688169937, 0.4343866678620464, 0.8494272918886927, 0.44903857622215604, 0.18491884824980348, 0.11178070750365596, 0.7330356280217294, 0.8050392283738061, -0.5449088204395383, -0.8256174164278329, 0.04230511608223586, 0.6686126692590453, 0.16116355930569148, -0.9239988048077841, 0.4594946302163108, -0.06544117132421334, 0.7119257801526226, -0.5427148545964202, 0.42710607448845855, 0.740797548563551, 0.7396827435086515, -0.5751987187734471, -0.8751575173009796, -0.4286026763933781, 0.33462300344410245, 0.5308324053266071, -0.2212505431081484, 0.03180907403622113, 0.34810626550591506, -0.9371714239904825, -0.34656289980057586, -0.6114114127505603, 0.641641776373221, -0.978818102622486, -0.6722338461586149, -0.14454585626430627, 0.8307500065321161, -0.16203376755712234, -0.6186300680354304, 0.413579062399444, 0.9870665196133509, -0.26824363940376256, 1, -0.10130446734537019, -0.8056706659222332, -0.34546922854390155, -0.4616210209866902, -0.6903804808509406, -0.14695353869386985, 0.00554715424601826, -0.6028845793005627, 0.6993013393057939, 0.24763260900743322, -0.4275751919504983, 1, -0.9425632565210529, -0.1040143019338815, 0.9505907241121679, -0.46872659517234205, 0.9478783699279154, 2.42315435425855e-05, -0.7169083459429269, -0.10111211553155491, 0.1159935534149028, 0.22997076363058835, -0.006670043817313218, 0.45671006504395895, -0.20661080829769776, -0.6616773110084945, -0.5124692705565774, -0.16440841998600764, 0.08322360583749222, -0.11339186791828107, 0.9741174096217449, -0.035361515586100234, 1, 0.8194752089277122, -0.8069484538042443, -0.9629726048419927, -0.7096400538558554, 0.6004814331739192, 0.34404747355018506, -0.71856474294193, 1, -0.575184055348746, -0.5526905843195709, 0.003823769373787478, -0.2513192738051464, -0.9558554062386444, 0.1478394957693679, -0.9875748122252093, -0.8848505560445886, 0.9960785948196069, 0.38645669989267906]
495.7816829904914	(8, 12, 2)	[-0.004191025849941354, 0.5665778240174133, -0.6196805033239623, -0.3112825756202504, -0.15406573714943672, 0.8579333308316539, 0.5298449716695391, 0.45483046805348165, -0.3556939411877107, 0.5852811438702341, -0.5273050354519325, -1, 0.701159014355941, -0.702946425366251, 0.667180497978339, -0.28623595171284594, 0.31213695584634155, -0.16391339848263992, -0.6111321375813761, -0.463054449213264, 0.44463019159469686, -0.07852708971876937, 0.7009698777065219, -0.4621059845879032, 0.08026554581098888, -0.0845893177586915, 0.6379073688169937, 0.4343866678620464, 0.8494272918886927, 0.44903857622215604, 0.18491884824980348, 0.11178070750365596, 0.7330356280217294, 0.8050392283738061, -0.5449088204395383, -0.8256174164278329, 0.04230511608223586, 0.6686126692590453, 0.16116355930569148, -0.9239988048077841, 0.4594946302163108, -0.06544117132421334, 0.7119257801526226, -0.5427148545964202, 0.42710607448845855, 0.740797548563551, 0.7396827435086515, -0.5751987187734471, -0.8751575173009796, -0.4286026763933781, 0.33462300344410245, 0.5308324053266071, -0.2212505431081484, 0.03180907403622113, 0.34810626550591506, -0.9371714239904825, -0.34656289980057586, -0.6114114127505603, 0.641641776373221, -0.978818102622486, -0.6722338461586149, -0.14454585626430627, 0.8307500065321161, -0.16203376755712234, -0.6186300680354304, 0.413579062399444, 0.9870665196133509, -0.26824363940376256, 1, -0.10130446734537019, -0.8056706659222332, -0.34546922854390155, -0.4616210209866902, -0.6903804808509406, -0.14695353869386985, 0.00554715424601826, -0.6028845793005627, 0.6993013393057939, 0.24763260900743322, -0.4275751919504983, 1, -0.9425632565210529, -0.1040143019338815, 0.9505907241121679, -0.46872659517234205, 0.9478783699279154, 2.42315435425855e-05, -0.7169083459429269, -0.10111211553155491, 0.1159935534149028, 0.22997076363058835, -0.006670043817313218, 0.45671006504395895, -0.20661080829769776, -0.6616773110084945, -0.5124692705565774, -0.16440841998600764, 0.08322360583749222, -0.11339186791828107, 0.9741174096217449, -0.035361515586100234, 1, 0.8194752089277122, -0.8069484538042443, -0.9629726048419927, -0.7096400538558554, 0.6004814331739192, 0.34404747355018506, -0.71856474294193, 1, -0.575184055348746, -0.5526905843195709, 0.003823769373787478, -0.2513192738051464, -0.9558554062386444, 0.1478394957693679, -0.9875748122252093, -0.8848505560445886, 0.9960785948196069, 0.38645669989267906]
470.6462025642395	(8, 12, 2)	[-0.004191025849941354, 0.5665778240174133, -0.6196805033239623, -0.3112825756202504, -0.15406573714943672, 0.8579333308316539, 0.5298449716695391, 0.5882292712555157, -0.7500200223985616, 0.8843082959856883, -0.5273050354519325, -1, 0.701159014355941, -0.702946425366251, 0.667180497978339, -0.28623595171284594, 0.31213695584634155, -0.16391339848263992, -0.6111321375813761, -0.463054449213264, 0.44463019159469686, -0.07852708971876937, 0.7009698777065219, -0.4621059845879032, 0.08026554581098888, -0.0845893177586915, 0.6379073688169937, 0.4343866678620464, 0.8494272918886927, 0.44903857622215604, 0.18491884824980348, 0.11178070750365596, 0.7330356280217294, 0.8050392283738061, -0.5449088204395383, -0.8256174164278329, 0.04230511608223586, 0.6686126692590453, 0.16116355930569148, -0.9239988048077841, 0.4594946302163108, -0.06544117132421334, 0.7119257801526226, -0.5427148545964202, 0.42710607448845855, 0.740797548563551, 0.7396827435086515, -0.5751987187734471, -0.8751575173009796, -0.4286026763933781, 0.33462300344410245, 0.5308324053266071, -0.2212505431081484, 0.03180907403622113, 0.34810626550591506, -0.9371714239904825, -0.34656289980057586, -0.6114114127505603, 0.641641776373221, -0.978818102622486, -0.6722338461586149, -0.14454585626430627, 0.8307500065321161, -0.16203376755712234, -0.6186300680354304, 0.413579062399444, 0.9870665196133509, -0.26824363940376256, 1, -0.10130446734537019, -0.8056706659222332, -0.34546922854390155, -0.4616210209866902, -0.6903804808509406, -0.14695353869386985, 0.00554715424601826, -0.6028845793005627, 0.6993013393057939, 0.24763260900743322, -0.4275751919504983, 1, -0.9425632565210529, -0.1040143019338815, 0.9505907241121679, -0.46872659517234205, 0.9478783699279154, 2.42315435425855e-05, -0.7169083459429269, -0.10111211553155491, 0.1159935534149028, 0.22997076363058835, -0.006670043817313218, 0.45671006504395895, -0.6529490644994782, -0.6616773110084945, -0.5124692705565774, -0.16440841998600764, 0.08322360583749222, -0.11339186791828107, 0.9741174096217449, -0.035361515586100234, 1, 0.8194752089277122, -0.8069484538042443, -0.9629726048419927, -0.7096400538558554, 0.6004814331739192, 0.34404747355018506, -0.71856474294193, 1, -0.575184055348746, -0.5526905843195709, 0.003823769373787478, -0.2513192738051464, -0.9558554062386444, 0.1478394957693679, -0.9875748122252093, -0.8848505560445886, 0.9960785948196069, 0.38645669989267906]
