-44.049790035933256	(8, 12, 2)	[-0.007700071745575077, -0.14394456609833295, 0.9015151632838911, -0.7839394884907476, 0.6725500285051251, 0.5633691202147479, 0.6298034026738271, 0.3740847873707147, -0.4650647169077804, -0.07288690996365421, 0.8266792484417662, 0.44577685785213483, 0.024394443132344845, 0.8228508903490916, -0.10823004774138001, -0.5416958033840478, 0.3243193689217527, 0.01593085053380383, -0.08651223004131792, 0.21586873212778568, 0.3386247718111721, 0.17437906703262684, -0.9131734725267324, 0.04391192138675981, -0.28794098350042874, -0.07696371253356027, -0.35233170003541425, 0.038150541449996966, 0.4757427635613978, -0.896269077936376, 0.007886647654131274, -0.060150340473242636, 0.9695078225558975, 0.08290124810039279, -0.5993325500759878, -0.2661395759362928, 0.6628165604775027, 0.4483332750742235, 0.3092498942493589, -0.6636835766010227, 0.4585346250649518, -0.6323339293382668, -0.36626583453220096, -0.5070603603550119, -0.22595944865040818, 0.14503940649710123, 0.19655387666997526, 0.9801995027988262, -0.6826507752618749, 0.2839181854665911, -0.9822902186406948, -0.3216767593366676, 0.823223118483132, -0.5841389407963851, 0.3645834589930592, 0.1235710943332855, 0.2141345725663102, 0.07998699549535382, 0.06119348241463762, 0.6707578793130251, -0.3948477166026374, 0.11806897948550565, 0.846369860157963, -0.6353143738432716, -0.9396973861009263, 0.3836062128598201, 0.06080266227257192, 0.3787949983173762, 0.01319559058455022, -0.7733654402717709, 0.8088808593601982, -0.9614742780437326, -0.834965615623912, 0.4179620440712828, -0.5233433890933719, 0.8969722095005521, -0.9423989544907891, 0.9639095134831084, 0.4321930660960791, -0.5385296860728921, 0.9384808865440246, -0.7944250329224172, -0.10931174765674578, -0.8833725498973235, 0.4352556970174706, -0.926501412945606, -0.9168436186083126, 0.3729173561964281, -0.4223484669676214, -0.22610851731547243, 0.10965337008469578, -0.6716380569856224, -0.24142578778525592, -0.17295255100230222, 0.9435923379727196, -0.25021802717973674, -0.5615729073459736, -0.622236098947353, 0.5067891608186019, -0.8022815662218701, -0.7000914990526321, 0.8069218386766768, 0.11839156804363515, 0.24043762093054388, 0.12554712833755466, -0.38196118527827627, -0.09540890789334888, -0.563083420345635, -0.8185103026063425, -0.329863856458273, 0.6899923505075427, 0.35971963611357194, 0.3263913134594352, 0.9239266817527445, -0.6107500169625331, 0.9610253170044301, -0.3316063789501711, 0.6631859114425236, 0.7934823066101848, -0.4865185901050961]
-48.0624258518219	(8, 12, 2)	[-0.19000013012911854, -0.9330947872706721, -0.8728156708981367, 0.06562351390624999, -0.890464830838527, 0.8974670714965747, 0.09790882621180685, -0.7077426626973145, 0.9724705304244161, 0.6659352661412603, 0.43974898085930714, 0.5648722686708811, 0.08365309196021498, 0.8244409626976699, 0.08430440300903652, 0.2532418068501894, -0.4030084203480233, 0.25098043027584893, -0.9319689011173173, -0.3111538438099437, 0.032695506101047433, 0.5009926425125177, -0.4838445911774092, -0.9291462335044838, 0.5677572821655961, -0.8567644800817174, -0.15545105681128346, -0.8643422298899051, 0.16654245888869945, -0.5654955326143571, 0.15620809769397082, -0.6016266680957945, -0.751740443571653, 0.6431612128964328, -0.5431165362933097, 0.6757095311651484, 0.8969616141733676, 0.5678085277456558, -0.25925899708736844, 0.061753526994191565, 0.4190511994460093, 0.06255544956175618, 0.664544823379642, -0.361692493599302, -0.036816619574215226, -0.7347218390322887, 0.9774563903597449, -0.5449878653498736, 0.8475502857483896, 0.01581259342685648, 0.19779704984847224, 0.3757760591377175, -0.6598586633566983, -0.6372136081288269, -0.2097361779160285, -0.5473603417326285, 0.3251944992894895, 0.9126655382018929, 0.6724159962843559, -0.1224758480508199, 0.426254818093204, -0.46017397222386536, -0.07226440789938882, 0.9819718592352282, 0.4276259030692735, -0.5018637143473628, -0.7208047518711027, 0.7588886804610224, 0.5817345691690834, -0.8283327194884218, 0.41846592348482603, 0.43231559665725916, 0.4822123942977625, -0.47055359639200756, 0.8687984749911615, -0.9141931595157649, 0.5608463625759506, -0.7980110475711963, 0.41454111298539575, 0.46341675800312054, 0.3646340522318059, 0.9164952811764011, 0.24192120270240647, -0.607839998271714, -0.2608775616327732, -0.1928716735170788, -0.360573141599013, 0.1987180520009333, 0.8080615220162941, 0.4728751032675429, -0.19750451574452987, 0.11394080999017087, 0.38169494845837715, -0.37759414529916513, -0.8524955675461359, 0.006918676408037561, -0.626419925249531, -0.8848515814553735, -0.21631999175659788, 0.3641894689038139, -0.40542417028690236, 0.4872855842207944, -0.595950986327294, 0.6512728680929376, 0.40033874214475285, 0.9619866368219758, 0.8272115665513555, 0.17956814411960798, 0.5374774997571339, 0.0988575469176729, -0.15579542958516424, 0.23816498090697125, 0.08063664652440572, -0.4997221792794342, -0.527313161061181, 0.6872219807996964, 0.4910553671580953, 0.7674737101955718, 0.5916229670023148, -0.9617679141988784]
-20.18527016043663	(8, 12, 2)	[-0.19000013012911854, -0.9330947872706721, -0.8728156708981367, 0.06562351390624999, -0.890464830838527, 0.8974670714965747, 0.09790882621180685, -0.7077426626973145, 0.9724705304244161, 0.6659352661412603, 0.43974898085930714, 0.5648722686708811, 0.08365309196021498, 0.8244409626976699, 0.08430440300903652, 0.2532418068501894, -0.4030084203480233, 0.25098043027584893, -0.9319689011173173, -0.3111538438099437, 0.032695506101047433, 0.5009926425125177, -0.4838445911774092, -0.9291462335044838, 0.5677572821655961, -0.8567644800817174, -0.15545105681128346, -0.8643422298899051, 0.16654245888869945, -0.5654955326143571, 0.15620809769397082, -0.6016266680957945, -0.751740443571653, 0.6431612128964328, -0.5431165362933097, 0.6757095311651484, 0.8969616141733676, 0.5678085277456558, -0.25925899708736844, 0.061753526994191565, 0.4190511994460093, 0.06255544956175618, 0.664544823379642, -0.361692493599302, -0.036816619574215226, -0.7347218390322887, 0.9774563903597449, -0.5449878653498736, 0.8475502857483896, 0.01581259342685648, 0.19779704984847224, 0.3757760591377175, -0.6598586633566983, -0.6372136081288269, -0.2097361779160285, -0.5473603417326285, 0.3251944992894895, 0.9126655382018929, 0.6724159962843559, -0.1224758480508199, 0.426254818093204, -0.46017397222386536, -0.07226440789938882, 0.9819718592352282, 0.4276259030692735, -0.5018637143473628, -0.7208047518711027, 0.7588886804610224, 0.5817345691690834, -0.8283327194884218, 0.41846592348482603, 0.43231559665725916, 0.4822123942977625, -0.47055359639200756, 0.8687984749911615, -0.9141931595157649, 0.5608463625759506, -0.7980110475711963, 0.41454111298539575, 0.46341675800312054, 0.3646340522318059, 0.9164952811764011, 0.24192120270240647, -0.607839998271714, -0.2608775616327732, -0.1928716735170788, -0.360573141599013, 0.1987180520009333, 0.8080615220162941, 0.4728751032675429, -0.19750451574452987, 0.11394080999017087, 0.38169494845837715, -0.37759414529916513, -0.8524955675461359, 0.006918676408037561, -0.626419925249531, -0.8848515814553735, -0.21631999175659788, 0.3641894689038139, -0.40542417028690236, 0.4872855842207944, -0.595950986327294, 0.6512728680929376, 0.40033874214475285, 0.9619866368219758, 0.8272115665513555, 0.17956814411960798, 0.5374774997571339, 0.0988575469176729, -0.15579542958516424, 0.23816498090697125, 0.08063664652440572, -0.4997221792794342, -0.527313161061181, 0.6872219807996964, 0.4910553671580953, 0.7674737101955718, 0.5916229670023148, -0.9617679141988784]
482.4312426149845	(8, 12, 2)	[-0.007700071745575077, -0.042621953592036146, 0.9015151632838911, 0.06562351390624999, -0.890464830838527, 0.8974670714965747, 0.09790882621180685, -0.7077426626973145, 0.9724705304244161, 0.6659352661412603, 0.43974898085930714, 0.5648722686708811, 0.08365309196021498, 0.8244409626976699, 0.08430440300903652, 0.2532418068501894, -0.4030084203480233, 0.25098043027584893, -0.9319689011173173, -0.3111538438099437, 0.032695506101047433, 0.5009926425125177, -0.4838445911774092, -0.9291462335044838, 0.5677572821655961, -0.8567644800817174, -0.15545105681128346, -0.8643422298899051, 0.16654245888869945, -0.5654955326143571, 0.15620809769397082, -0.6016266680957945, -0.751740443571653, 0.6431612128964328, -0.5431165362933097, 0.6757095311651484, 0.8969616141733676, 0.5678085277456558, -0.25925899708736844, 0.061753526994191565, 0.4190511994460093, 0.06255544956175618, 0.664544823379642, -0.361692493599302, -0.036816619574215226, -0.7347218390322887, 0.9774563903597449, -0.5449878653498736, 0.8475502857483896, 0.01581259342685648, 0.19779704984847224, 0.3757760591377175, -0.6598586633566983, -0.6372136081288269, -0.2097361779160285, -0.5473603417326285, 0.3251944992894895, 0.9126655382018929, 0.6724159962843559, -0.1224758480508199, 0.426254818093204, -0.46017397222386536, -0.07226440789938882, 0.9819718592352282, -0.9396973861009263, 0.3836062128598201, 0.06080266227257192, 0.3787949983173762, 0.01319559058455022, -0.7733654402717709, 0.8088808593601982, -0.9614742780437326, -0.834965615623912, 0.4179620440712828, -0.5233433890933719, 0.8969722095005521, -0.9423989544907891, 1, 0.4321930660960791, -0.5385296860728921, 0.9384808865440246, -0.7944250329224172, -0.10931174765674578, -0.8833725498973235, 0.4352556970174706, -0.926501412945606, -0.9168436186083126, 0.3729173561964281, -0.4223484669676214, -0.22610851731547243, 0.10965337008469578, -0.6716380569856224, -0.24142578778525592, -0.17295255100230222, 0.9435923379727196, -0.25021802717973674, -0.5615729073459736, -0.622236098947353, 0.5067891608186019, -0.8022815662218701, -0.7000914990526321, 0.8069218386766768, 0.11839156804363515, 0.24043762093054388, 0.12554712833755466, -0.38196118527827627, -0.09540890789334888, -0.563083420345635, -0.8185103026063425, -0.329863856458273, 0.6899923505075427, 0.35971963611357194, 0.3263913134594352, 0.9239266817527445, -0.6107500169625331, 0.9610253170044301, -0.3316063789501711, 0.6631859114425236, 0.7934823066101848, -0.4865185901050961]
-42.25467648357153	(8, 12, 2)	[-0.007700071745575077, -0.14394456609833295, 0.9015151632838911, -0.7839394884907476, 0.6725500285051251, 0.5633691202147479, 0.6298034026738271, 0.3740847873707147, -0.4650647169077804, -0.07288690996365421, 0.8266792484417662, 0.44577685785213483, 0.024394443132344845, 0.8228508903490916, -0.10823004774138001, -0.5416958033840478, 0.3243193689217527, 0.01593085053380383, -0.08651223004131792, 0.21586873212778568, 0.3386247718111721, 0.17437906703262684, -0.9131734725267324, 0.04391192138675981, -0.28794098350042874, -0.07696371253356027, -0.35233170003541425, 0.038150541449996966, 0.4757427635613978, -0.896269077936376, 0.007886647654131274, -0.060150340473242636, 0.9695078225558975, 0.08290124810039279, -0.5993325500759878, -0.2661395759362928, 0.6079208581663761, 0.4483332750742235, 0.3092498942493589, -0.6636835766010227, 0.4585346250649518, -0.6323339293382668, -0.36626583453220096, -0.5070603603550119, -0.22595944865040818, -0.49413751067104084, 0.7870740714791211, 0.5450887111821257, -0.6450909129314792, -0.9886902190525009, 0.4924952337386681, 0.6785610634108548, 0.823223118483132, -0.5841389407963851, 0.3645834589930592, 0.1235710943332855, 0.2141345725663102, 0.07998699549535382, 0.06119348241463762, 0.6707578793130251, -0.3948477166026374, 0.11806897948550565, 0.846369860157963, -0.6353143738432716, -0.9396973861009263, 0.3836062128598201, 0.06080266227257192, 0.3787949983173762, 0.01319559058455022, -0.7733654402717709, 0.8088808593601982, -0.9614742780437326, -0.834965615623912, 0.4179620440712828, -0.5233433890933719, 0.8969722095005521, -0.9423989544907891, 0.9639095134831084, 0.4321930660960791, -0.5385296860728921, 0.9384808865440246, -0.7944250329224172, -0.10931174765674578, -0.8833725498973235, 0.4352556970174706, -0.926501412945606, -0.9168436186083126, 0.3729173561964281, -0.4223484669676214, -0.22610851731547243, 0.10965337008469578, -0.6716380569856224, -0.24142578778525592, -0.17295255100230222, 0.9435923379727196, 0.006918676408037561, -0.626419925249531, -0.622236098947353, 0.5067891608186019, -0.8022815662218701, -0.7000914990526321, 0.8069218386766768, 0.11839156804363515, 0.24043762093054388, 0.12554712833755466, -0.38196118527827627, -0.09540890789334888, -0.563083420345635, -0.8185103026063425, -0.329863856458273, 0.6899923505075427, 0.35971963611357194, 0.3263913134594352, 0.9239266817527445, -0.6107500169625331, 0.9610253170044301, -0.3316063789501711, 0.6631859114425236, 0.7934823066101848, -0.4865185901050961]
-3.103988002132172	(8, 12, 2)	[-0.007700071745575077, -0.14394456609833295, 0.9015151632838911, -0.7839394884907476, 0.6725500285051251, 0.5633691202147479, 0.6298034026738271, 0.3740847873707147, -0.4650647169077804, -0.07288690996365421, 0.8266792484417662, 0.44577685785213483, 0.024394443132344845, 0.8228508903490916, -0.10823004774138001, -0.5416958033840478, 0.3243193689217527, 0.01593085053380383, -0.08651223004131792, 0.21586873212778568, 0.3386247718111721, 0.17437906703262684, -0.9131734725267324, 0.04391192138675981, -0.28794098350042874, -0.07696371253356027, -0.35233170003541425, 0.038150541449996966, 0.4757427635613978, -0.896269077936376, 0.007886647654131274, -0.060150340473242636, 0.9695078225558975, 0.08290124810039279, -0.5993325500759878, -0.2661395759362928, 0.6628165604775027, 0.4483332750742235, 0.3092498942493589, -0.6636835766010227, 0.4585346250649518, -0.6323339293382668, -0.36626583453220096, -0.5070603603550119, -0.22595944865040818, 0.14503940649710123, 0.19655387666997526, 0.9801995027988262, -0.6826507752618749, 0.2839181854665911, 0.4924952337386681, 0.6785610634108548, 0.823223118483132, -0.5841389407963851, 0.3645834589930592, 0.1235710943332855, 0.2141345725663102, 0.07998699549535382, 0.06119348241463762, 0.6707578793130251, -0.3948477166026374, 0.11806897948550565, 0.846369860157963, -0.6353143738432716, -0.9396973861009263, 0.3836062128598201, 0.06080266227257192, 0.3787949983173762, 0.01319559058455022, -0.7733654402717709, 0.8088808593601982, -0.9614742780437326, -0.834965615623912, 0.4179620440712828, -0.5233433890933719, 0.8969722095005521, -0.9423989544907891, 0.9639095134831084, 0.4321930660960791, -0.5385296860728921, 0.9384808865440246, -0.7944250329224172, -0.10931174765674578, -0.8833725498973235, 0.4352556970174706, -0.7672475992529972, -0.9168436186083126, 0.3729173561964281, -0.4223484669676214, -0.22816198493340398, 0.10965337008469578, -0.6716380569856224, -0.24142578778525592, -0.17295255100230222, 0.9435923379727196, -0.25021802717973674, -0.5615729073459736, -0.622236098947353, 0.5067891608186019, -0.8022815662218701, -0.7000914990526321, 0.8069218386766768, 0.11839156804363515, 0.24043762093054388, 0.12554712833755466, -0.5241960780512612, -0.09540890789334888, -0.563083420345635, -0.8185103026063425, -0.329863856458273, 0.6899923505075427, 0.35971963611357194, 0.3263913134594352, 0.9239266817527445, -0.6107500169625331, 0.9610253170044301, -0.3316063789501711, 0.6631859114425236, 0.7934823066101848, -0.4865185901050961]
-17.923364229500294	(8, 12, 2)	[-0.007700071745575077, -0.14394456609833295, 0.9015151632838911, -0.7839394884907476, 0.6725500285051251, 0.5633691202147479, 0.6298034026738271, 0.3740847873707147, -0.4650647169077804, -0.07288690996365421, 0.8266792484417662, 0.44577685785213483, 0.024394443132344845, 0.8228508903490916, -0.10823004774138001, -0.5416958033840478, 0.3243193689217527, 0.01593085053380383, -0.08651223004131792, 0.21586873212778568, 0.3386247718111721, 0.17437906703262684, -0.9131734725267324, 0.04391192138675981, -0.28794098350042874, -0.07696371253356027, -0.35233170003541425, 0.038150541449996966, 0.4757427635613978, -0.896269077936376, 0.007886647654131274, -0.060150340473242636, 0.9695078225558975, 0.08290124810039279, -0.5993325500759878, -0.2661395759362928, 0.6628165604775027, 0.4483332750742235, 0.3092498942493589, -0.6636835766010227, 0.4585346250649518, -0.6005804368626401, -0.36626583453220096, -0.5070603603550119, -0.22595944865040818, 0.14503940649710123, 0.19655387666997526, 0.9493836298827554, -0.6826507752618749, 0.2839181854665911, -0.9822902186406948, -0.40204497919115345, 0.823223118483132, -0.5841389407963851, 0.3645834589930592, 0.1479272793060347, 0.2141345725663102, 0.07998699549535382, 0.06119348241463762, 0.6707578793130251, -0.3948477166026374, 0.11806897948550565, 0.846369860157963, -0.6353143738432716, -0.9396973861009263, 0.3836062128598201, 0.06080266227257192, 0.3787949983173762, 0.01319559058455022, -0.7733654402717709, 0.8088808593601982, -0.8263436987812796, -0.834965615623912, 0.4593090582141979, -0.5233433890933719, 0.8969722095005521, -0.9423989544907891, 0.9639095134831084, 0.4321930660960791, -0.5385296860728921, 0.9384808865440246, -0.7944250329224172, -0.10931174765674578, -0.8833725498973235, 0.4352556970174706, -0.926501412945606, -0.7460566276553201, 0.3729173561964281, -0.4223484669676214, -0.22610851731547243, 0.10965337008469578, -0.6716380569856224, 0.38169494845837715, -0.37759414529916513, -0.8524955675461359, 0.006918676408037561, -0.626419925249531, -0.8848515814553735, -0.21631999175659788, 0.3641894689038139, -0.40542417028690236, 0.4872855842207944, -0.595950986327294, 0.6512728680929376, 0.40033874214475285, 0.9619866368219758, -0.09540890789334888, -0.563083420345635, -0.8185103026063425, -0.329863856458273, 0.6899923505075427, 0.35971963611357194, 0.3263913134594352, 0.9239266817527445, -0.6107500169625331, 0.9610253170044301, -0.3316063789501711, 0.839740773258071, 0.7934823066101848, -0.4865185901050961]
495.74473981802197	(8, 12, 2)	[-0.007700071745575077, -0.14394456609833295, 0.9015151632838911, -0.7839394884907476, 0.6725500285051251, 0.5633691202147479, 0.6298034026738271, 0.3740847873707147, -0.4650647169077804, -0.07288690996365421, 0.8266792484417662, 0.44577685785213483, 0.024394443132344845, 0.8228508903490916, -0.10823004774138001, -0.5416958033840478, 0.3243193689217527, 0.01593085053380383, -0.08651223004131792, 0.21586873212778568, 0.3386247718111721, 0.17437906703262684, -0.9131734725267324, 0.04391192138675981, -0.28794098350042874, -0.07696371253356027, -0.35233170003541425, 0.038150541449996966, 0.4757427635613978, -0.896269077936376, 0.007886647654131274, -0.060150340473242636, 0.9695078225558975, 0.08290124810039279, -0.5993325500759878, -0.2661395759362928, 0.6628165604775027, 0.4483332750742235, 0.3092498942493589, -0.6636835766010227, 0.4585346250649518, -0.6005804368626401, -0.36626583453220096, -0.5070603603550119, -0.22595944865040818, 0.14503940649710123, 0.19655387666997526, 0.9493836298827554, -0.6826507752618749, 0.2839181854665911, -0.9822902186406948, -0.40204497919115345, 0.823223118483132, -0.5841389407963851, 0.3645834589930592, 0.1479272793060347, 0.2141345725663102, 0.07998699549535382, 0.06119348241463762, 0.6707578793130251, -0.3948477166026374, 0.11806897948550565, 0.846369860157963, -0.6353143738432716, -0.9396973861009263, 0.3836062128598201, 0.06080266227257192, 0.3787949983173762, 0.01319559058455022, -0.7733654402717709, 0.8088808593601982, -0.8263436987812796, -0.834965615623912, 0.4593090582141979, -0.5233433890933719, 0.8969722095005521, -0.9423989544907891, 0.9639095134831084, 0.4321930660960791, -0.5385296860728921, 0.9384808865440246, -0.7944250329224172, -0.10931174765674578, -0.8833725498973235, 0.4352556970174706, -0.926501412945606, -0.7460566276553201, 0.3729173561964281, -0.4223484669676214, -0.22610851731547243, 0.10965337008469578, -0.6716380569856224, 0.38169494845837715, -0.9326960730917625, -0.8524955675461359, 0.006918676408037561, -0.626419925249531, -0.8848515814553735, -0.21631999175659788, 0.3641894689038139, -0.40542417028690236, 0.4872855842207944, -0.595950986327294, 0.6512728680929376, 0.40033874214475285, 0.9619866368219758, -0.09540890789334888, -0.563083420345635, -0.8185103026063425, -0.329863856458273, 0.6899923505075427, 0.35971963611357194, 0.3263913134594352, 0.9239266817527445, -0.6107500169625331, 0.9610253170044301, -0.3316063789501711, 0.839740773258071, 0.7934823066101848, -0.4865185901050961]
-47.46164530515671	(8, 12, 2)	[-0.007700071745575077, -0.14394456609833295, 0.9015151632838911, -0.7839394884907476, 0.6725500285051251, 0.5633691202147479, 0.6298034026738271, 0.3740847873707147, -0.4650647169077804, -0.07288690996365421, 0.8266792484417662, 0.44577685785213483, 0.024394443132344845, 0.8228508903490916, -0.10823004774138001, -0.5416958033840478, 0.3243193689217527, 0.01593085053380383, -0.08651223004131792, 0.21586873212778568, 0.3386247718111721, 0.17437906703262684, -0.9131734725267324, 0.04391192138675981, -0.28794098350042874, -0.07696371253356027, -0.35233170003541425, 0.038150541449996966, 0.4757427635613978, -0.896269077936376, 0.007886647654131274, -0.060150340473242636, 0.9695078225558975, 0.08290124810039279, -0.5993325500759878, -0.2661395759362928, 0.6628165604775027, 0.4483332750742235, 0.3092498942493589, -0.6636835766010227, 0.4585346250649518, -0.6005804368626401, -0.36626583453220096, -0.5070603603550119, -0.22595944865040818, 0.14503940649710123, 0.19655387666997526, 0.9493836298827554, -0.6826507752618749, 0.2839181854665911, -0.9822902186406948, -0.40204497919115345, 0.823223118483132, -0.7779002003882606, 0.3645834589930592, 0.1479272793060347, 0.2141345725663102, 0.07998699549535382, 0.06119348241463762, 0.6707578793130251, -0.3948477166026374, 0.11806897948550565, 0.846369860157963, -0.6353143738432716, -0.9396973861009263, 0.3836062128598201, 0.06080266227257192, 0.3787949983173762, 0.01319559058455022, -0.7733654402717709, 0.8088808593601982, -0.8263436987812796, -0.834965615623912, 0.4593090582141979, -0.5233433890933719, 0.8969722095005521, -0.9423989544907891, 0.9639095134831084, 0.4321930660960791, -0.5385296860728921, 0.9384808865440246, -0.7944250329224172, -0.10931174765674578, -0.8833725498973235, 0.4352556970174706, -0.926501412945606, -0.7460566276553201, 0.3729173561964281, -0.4223484669676214, -0.22610851731547243, 0.10965337008469578, -0.6716380569856224, 0.38169494845837715, -0.37759414529916513, -0.8524955675461359, 0.006918676408037561, -0.626419925249531, -0.8848515814553735, -0.21631999175659788, 0.3641894689038139, -0.40542417028690236, 0.4872855842207944, -0.595950986327294, 0.6512728680929376, 0.40033874214475285, 0.9619866368219758, -0.09540890789334888, -0.563083420345635, -0.8185103026063425, -0.329863856458273, 0.6899923505075427, 0.35971963611357194, 0.3263913134594352, 0.9239266817527445, -0.6107500169625331, 0.9610253170044301, -0.3316063789501711, 0.839740773258071, 0.7934823066101848, -0.4865185901050961]
499.1532520846751	(8, 12, 2)	[-0.007700071745575077, -0.14394456609833295, 0.9015151632838911, -0.7839394884907476, 0.6725500285051251, 0.5633691202147479, 0.6298034026738271, 0.3740847873707147, -0.4650647169077804, -0.07288690996365421, 0.8266792484417662, 0.44577685785213483, 0.024394443132344845, 0.8228508903490916, -0.10823004774138001, -0.5416958033840478, 0.3243193689217527, 0.01593085053380383, -0.08651223004131792, 0.21586873212778568, 0.3386247718111721, 0.17437906703262684, -0.9131734725267324, 0.04391192138675981, -0.28794098350042874, -0.012523677805232891, -0.35233170003541425, 0.038150541449996966, 0.4757427635613978, -0.896269077936376, 0.007886647654131274, -0.060150340473242636, 0.9695078225558975, 0.08290124810039279, -0.5993325500759878, -0.2661395759362928, 0.6628165604775027, 0.4483332750742235, 0.3092498942493589, -0.6636835766010227, 0.4585346250649518, -0.6005804368626401, -0.36626583453220096, -0.5070603603550119, -0.22595944865040818, 0.14503940649710123, 0.19655387666997526, 0.9493836298827554, -0.6826507752618749, 0.2839181854665911, -0.9822902186406948, -0.40204497919115345, 0.823223118483132, -0.7779002003882606, 0.3645834589930592, 0.1479272793060347, 0.2141345725663102, 0.07998699549535382, 0.06119348241463762, 0.6707578793130251, -0.3948477166026374, 0.11806897948550565, 0.846369860157963, -0.6353143738432716, -0.9396973861009263, 0.3836062128598201, 0.06080266227257192, 0.3787949983173762, 0.01319559058455022, -0.7733654402717709, 0.8088808593601982, -0.8263436987812796, -0.834965615623912, 0.4593090582141979, -0.5233433890933719, 0.8969722095005521, -0.9423989544907891, 0.9639095134831084, 0.4321930660960791, -0.5385296860728921, 0.9384808865440246, -0.7944250329224172, -0.36727907185316305, -0.8833725498973235, 0.4352556970174706, -0.926501412945606, -0.7460566276553201, 0.3729173561964281, -0.4223484669676214, -0.22610851731547243, 0.10965337008469578, -0.6716380569856224, 0.38169494845837715, -0.37759414529916513, -0.8524955675461359, 0.006918676408037561, -0.626419925249531, -0.8848515814553735, -0.21631999175659788, 0.3641894689038139, -0.40542417028690236, 0.4872855842207944, -0.595950986327294, 0.6512728680929376, 0.40033874214475285, 0.9619866368219758, -0.09540890789334888, -0.563083420345635, -0.8185103026063425, -0.329863856458273, 0.6899923505075427, 0.35971963611357194, 0.3263913134594352, 0.9239266817527445, -0.6107500169625331, 0.9610253170044301, -0.3316063789501711, 0.839740773258071, 0.7934823066101848, -0.4865185901050961]
484.14405062794685	(8, 12, 2)	[-0.007700071745575077, -0.14394456609833295, 0.9015151632838911, -0.7839394884907476, 0.6725500285051251, 0.5633691202147479, 0.6298034026738271, 0.3740847873707147, -0.4650647169077804, -0.07288690996365421, 0.8266792484417662, 0.44577685785213483, 0.024394443132344845, 0.8228508903490916, -0.10823004774138001, -0.5416958033840478, 0.3243193689217527, 0.01593085053380383, -0.08651223004131792, 0.21586873212778568, 0.3386247718111721, 0.17437906703262684, -0.9131734725267324, 0.04391192138675981, -0.28794098350042874, -0.012523677805232891, -0.35233170003541425, 0.038150541449996966, 0.4757427635613978, -0.896269077936376, 0.007886647654131274, -0.060150340473242636, 0.9695078225558975, 0.08290124810039279, -0.5993325500759878, -0.2661395759362928, 0.6628165604775027, 0.4483332750742235, 0.3092498942493589, -0.6636835766010227, 0.4585346250649518, -0.6005804368626401, -0.36626583453220096, -0.5070603603550119, -0.22595944865040818, 0.14503940649710123, 0.19655387666997526, 0.9493836298827554, -0.6826507752618749, 0.2839181854665911, -0.9822902186406948, -0.40204497919115345, 0.823223118483132, -0.7779002003882606, 0.3645834589930592, 0.1479272793060347, 0.2141345725663102, 0.07998699549535382, 0.06119348241463762, 0.6707578793130251, -0.3948477166026374, 0.11806897948550565, 0.846369860157963, -0.6353143738432716, -0.9396973861009263, 0.3836062128598201, 0.06080266227257192, 0.3787949983173762, 0.01319559058455022, -0.7733654402717709, 0.8088808593601982, -0.8263436987812796, -0.834965615623912, 0.4593090582141979, -0.5233433890933719, 0.8969722095005521, -0.9423989544907891, 0.9639095134831084, 0.4321930660960791, -0.5385296860728921, 0.9384808865440246, -0.7944250329224172, -0.36727907185316305, -0.8833725498973235, 0.4352556970174706, -0.926501412945606, -0.7460566276553201, 0.3729173561964281, -0.4223484669676214, -0.22610851731547243, 0.10965337008469578, -0.6716380569856224, 0.38169494845837715, -0.37759414529916513, -0.8524955675461359, 0.006918676408037561, -0.626419925249531, -0.8848515814553735, -0.21631999175659788, 0.3180040197649529, -0.40542417028690236, 0.4872855842207944, -0.595950986327294, 0.6512728680929376, 0.40033874214475285, 0.9619866368219758, -0.09540890789334888, -0.563083420345635, -0.8185103026063425, -0.329863856458273, 0.6899923505075427, 0.35971963611357194, 0.3263913134594352, 0.9239266817527445, -0.6107500169625331, 0.9610253170044301, -0.3316063789501711, 0.839740773258071, 0.7934823066101848, -0.4865185901050961]
-19.946477189660072	(8, 12, 2)	[-0.007700071745575077, -0.14394456609833295, 0.9015151632838911, -0.7839394884907476, 0.6725500285051251, 0.5633691202147479, 0.6298034026738271, 0.3740847873707147, -0.4650647169077804, -0.07288690996365421, 0.8266792484417662, 0.44577685785213483, 0.024394443132344845, 0.8228508903490916, -0.10823004774138001, -0.5416958033840478, 0.3243193689217527, 0.01593085053380383, -0.08651223004131792, 0.21586873212778568, 0.3386247718111721, 0.17437906703262684, -0.9131734725267324, 0.04391192138675981, -0.28794098350042874, -0.07696371253356027, -0.35233170003541425, 0.038150541449996966, 0.4757427635613978, -0.896269077936376, 0.007886647654131274, -0.060150340473242636, 0.9695078225558975, 0.08290124810039279, -0.5993325500759878, -0.2661395759362928, 0.6628165604775027, 0.4483332750742235, 0.3092498942493589, -0.6636835766010227, 0.4585346250649518, -0.6323339293382668, -0.36626583453220096, -0.5070603603550119, -0.22595944865040818, 0.14503940649710123, 0.19655387666997526, 0.9493836298827554, -0.6826507752618749, 0.2839181854665911, -0.9822902186406948, -0.40204497919115345, 0.823223118483132, -0.5841389407963851, 0.3645834589930592, 0.1479272793060347, 0.2141345725663102, 0.07998699549535382, 0.1545316966525758, 0.6707578793130251, -0.3948477166026374, 0.11806897948550565, 0.846369860157963, -0.6353143738432716, -0.9396973861009263, 0.3836062128598201, 0.06080266227257192, 0.3787949983173762, -0.1352076390211281, -0.7733654402717709, 0.8088808593601982, -0.8263436987812796, -0.834965615623912, 0.4593090582141979, -0.5233433890933719, 0.8969722095005521, -0.9423989544907891, 0.9639095134831084, 0.4321930660960791, -0.5385296860728921, 0.9384808865440246, -0.7944250329224172, -0.10931174765674578, -0.8833725498973235, 0.4352556970174706, -0.926501412945606, -0.7460566276553201, 0.3729173561964281, -0.4223484669676214, -0.22610851731547243, 0.10965337008469578, -0.6716380569856224, 0.38169494845837715, -0.9326960730917625, -0.8524955675461359, 0.006918676408037561, -0.626419925249531, -0.8848515814553735, -0.21631999175659788, 0.3641894689038139, -0.40542417028690236, 0.4872855842207944, -0.595950986327294, 0.6512728680929376, 0.40033874214475285, 0.9619866368219758, -0.09540890789334888, -0.563083420345635, -0.8185103026063425, -0.329863856458273, 0.6899923505075427, 0.35971963611357194, 0.3263913134594352, 0.9239266817527445, -0.6107500169625331, 0.9610253170044301, -0.3316063789501711, 0.839740773258071, 0.48329441066626616, -0.4865185901050961]
-32.62803964316845	(8, 12, 2)	[-0.007700071745575077, -0.14394456609833295, 0.9015151632838911, -0.7839394884907476, 0.6725500285051251, 0.5633691202147479, 0.6298034026738271, 0.3740847873707147, -0.4650647169077804, -0.07288690996365421, 0.8266792484417662, 0.44577685785213483, 0.024394443132344845, 0.8228508903490916, -0.10823004774138001, -0.5416958033840478, 0.3243193689217527, 0.01593085053380383, -0.08651223004131792, 0.21586873212778568, 0.3386247718111721, 0.17437906703262684, -0.9131734725267324, 0.04391192138675981, -0.28794098350042874, -0.012523677805232891, -0.35233170003541425, 0.038150541449996966, 0.4757427635613978, -0.896269077936376, 0.007886647654131274, -0.060150340473242636, 0.9695078225558975, 0.08290124810039279, -0.5993325500759878, -0.2661395759362928, 0.6628165604775027, 0.4483332750742235, 0.3092498942493589, -0.6636835766010227, 0.4585346250649518, -0.6323339293382668, -0.36626583453220096, -0.5070603603550119, -0.22595944865040818, 0.14503940649710123, 0.19655387666997526, 0.9493836298827554, -0.6826507752618749, 0.2839181854665911, -0.9822902186406948, -0.40204497919115345, 0.823223118483132, -0.5841389407963851, 0.3645834589930592, 0.1479272793060347, 0.2141345725663102, 0.07998699549535382, 0.06119348241463762, 0.6707578793130251, -0.3948477166026374, 0.11806897948550565, 0.846369860157963, -0.6353143738432716, -0.9396973861009263, 0.3836062128598201, 0.06080266227257192, 0.3787949983173762, 0.01319559058455022, -0.7733654402717709, 0.8088808593601982, -0.8263436987812796, -0.834965615623912, 0.4593090582141979, -0.5233433890933719, 0.8969722095005521, -0.9423989544907891, 0.9639095134831084, 0.4321930660960791, -0.5385296860728921, 0.9384808865440246, -0.7944250329224172, -0.36727907185316305, -0.8833725498973235, 0.4352556970174706, -0.926501412945606, -0.7460566276553201, 0.3729173561964281, -0.4223484669676214, -0.22610851731547243, 0.10965337008469578, -0.6716380569856224, 0.38169494845837715, -0.37759414529916513, -0.8524955675461359, 0.006918676408037561, -0.626419925249531, -0.8848515814553735, -0.21631999175659788, 0.3641894689038139, -0.40542417028690236, 0.4872855842207944, -0.595950986327294, 0.6512728680929376, 0.40033874214475285, 0.9619866368219758, -0.09540890789334888, -0.563083420345635, -0.8185103026063425, -0.329863856458273, 0.6899923505075427, 0.35971963611357194, 0.3263913134594352, 0.9239266817527445, -0.6107500169625331, 0.9610253170044301, -0.3316063789501711, 0.839740773258071, 0.7934823066101848, -0.4865185901050961]
-34.87615916112496	(8, 12, 2)	[-0.007700071745575077, -0.14394456609833295, 0.9015151632838911, -0.7839394884907476, 0.6725500285051251, 0.5633691202147479, 0.6298034026738271, 0.3740847873707147, -0.4650647169077804, -0.07288690996365421, 0.8266792484417662, 0.44577685785213483, 0.024394443132344845, 0.8228508903490916, -0.10823004774138001, -0.5416958033840478, 0.3243193689217527, 0.01593085053380383, -0.08651223004131792, 0.21586873212778568, 0.3386247718111721, 0.17437906703262684, -0.9131734725267324, 0.04391192138675981, -0.28794098350042874, -0.012523677805232891, -0.35233170003541425, 0.038150541449996966, 0.4757427635613978, -0.896269077936376, 0.007886647654131274, -0.060150340473242636, 0.9695078225558975, 0.08290124810039279, -0.5993325500759878, -0.2661395759362928, 0.6628165604775027, 0.4483332750742235, 0.3092498942493589, -0.6636835766010227, 0.4585346250649518, -0.6323339293382668, -0.36626583453220096, -0.5070603603550119, -0.22595944865040818, 0.14503940649710123, 0.19655387666997526, 0.9493836298827554, -0.6826507752618749, 0.2839181854665911, -0.9822902186406948, -0.40204497919115345, 0.823223118483132, -0.5841389407963851, 0.3645834589930592, 0.1479272793060347, 0.2141345725663102, 0.07998699549535382, 0.06119348241463762, 0.6707578793130251, -0.3948477166026374, 0.11806897948550565, 0.846369860157963, -0.6353143738432716, -0.9396973861009263, 0.3836062128598201, 0.06080266227257192, 0.3787949983173762, 0.01319559058455022, -0.7733654402717709, 0.8088808593601982, -0.8263436987812796, -0.834965615623912, 0.4593090582141979, -0.5233433890933719, 0.8969722095005521, -0.9423989544907891, 0.9639095134831084, 0.4321930660960791, -0.5385296860728921, 1, -0.7944250329224172, -0.36727907185316305, -1, 0.4352556970174706, -0.926501412945606, -0.7460566276553201, 0.3729173561964281, -0.4223484669676214, -0.22610851731547243, 0.10965337008469578, -0.6716380569856224, 0.38169494845837715, -0.37759414529916513, -0.8524955675461359, 0.006918676408037561, -0.626419925249531, -0.8848515814553735, -0.21631999175659788, 0.3641894689038139, -0.40542417028690236, 0.4872855842207944, -0.595950986327294, 0.6512728680929376, 0.40033874214475285, 0.9619866368219758, -0.09540890789334888, -0.563083420345635, -0.8185103026063425, -0.329863856458273, 0.6899923505075427, 0.35971963611357194, 0.3263913134594352, 0.9239266817527445, -0.6107500169625331, 0.9610253170044301, -0.3316063789501711, 0.839740773258071, 0.7934823066101848, -0.4865185901050961]
485.5376850813627	(8, 12, 2)	[-0.007700071745575077, -0.14394456609833295, 0.9015151632838911, -0.7839394884907476, 0.6725500285051251, 0.5633691202147479, 0.6298034026738271, 0.3740847873707147, -0.4650647169077804, -0.07288690996365421, 0.8266792484417662, 0.44577685785213483, 0.024394443132344845, 0.8228508903490916, -0.10823004774138001, -0.5416958033840478, 0.3243193689217527, 0.01593085053380383, -0.08651223004131792, 0.21586873212778568, 0.3386247718111721, 0.17437906703262684, -0.9131734725267324, 0.04391192138675981, -0.28794098350042874, -0.012523677805232891, -0.35233170003541425, 0.038150541449996966, 0.4757427635613978, -0.896269077936376, 0.007886647654131274, -0.060150340473242636, 0.9695078225558975, 0.08290124810039279, -0.5993325500759878, -0.2661395759362928, 0.6628165604775027, 0.4483332750742235, 0.3092498942493589, -0.6636835766010227, 0.4585346250649518, -0.6005804368626401, -0.36626583453220096, -0.35761225597968804, -0.22595944865040818, 0.14503940649710123, 0.19655387666997526, 0.9493836298827554, -0.6826507752618749, 0.2839181854665911, -0.9822902186406948, -0.40204497919115345, 0.823223118483132, -0.5841389407963851, 0.3645834589930592, 0.1479272793060347, 0.2141345725663102, 0.07998699549535382, 0.06119348241463762, 0.6707578793130251, -0.3948477166026374, 0.11806897948550565, 0.846369860157963, -0.6353143738432716, -0.9396973861009263, 0.3836062128598201, 0.06080266227257192, 0.3787949983173762, 0.01319559058455022, -0.7733654402717709, 0.8088808593601982, -0.8263436987812796, -0.834965615623912, 0.4593090582141979, -0.5233433890933719, 0.8969722095005521, -0.9423989544907891, 0.9639095134831084, 0.4321930660960791, -0.5385296860728921, 0.9384808865440246, -0.7944250329224172, -0.36727907185316305, -0.8833725498973235, 0.4352556970174706, -0.926501412945606, -0.7460566276553201, 0.3729173561964281, -0.4223484669676214, -0.22610851731547243, 0.10965337008469578, -0.6716380569856224, 0.38169494845837715, -0.37759414529916513, -0.8524955675461359, 0.006918676408037561, -0.626419925249531, -0.8848515814553735, -0.21631999175659788, 0.3641894689038139, -0.40542417028690236, 0.4872855842207944, -0.595950986327294, 0.6512728680929376, 0.40033874214475285, 0.9619866368219758, -0.09540890789334888, -0.563083420345635, -0.8185103026063425, -0.329863856458273, 0.6899923505075427, 0.35971963611357194, 0.3263913134594352, 0.9239266817527445, -0.6107500169625331, 0.9610253170044301, -0.3316063789501711, 0.839740773258071, 0.7934823066101848, -0.4865185901050961]
-20.596863143146038	(8, 12, 2)	[-0.007700071745575077, -0.14394456609833295, 0.9015151632838911, -0.7839394884907476, 0.6725500285051251, 0.5633691202147479, 0.6298034026738271, 0.3740847873707147, -0.4650647169077804, -0.07288690996365421, 0.8266792484417662, 0.44577685785213483, 0.024394443132344845, 0.8228508903490916, -0.10823004774138001, -0.5416958033840478, 0.3243193689217527, 0.01593085053380383, -0.08651223004131792, 0.21586873212778568, 0.3386247718111721, 0.17437906703262684, -0.9131734725267324, 0.04391192138675981, -0.28794098350042874, -0.07696371253356027, -0.35233170003541425, 0.038150541449996966, 0.4757427635613978, -0.896269077936376, 0.007886647654131274, -0.060150340473242636, 0.9695078225558975, 0.08290124810039279, -0.5993325500759878, -0.2661395759362928, 0.6628165604775027, 0.4483332750742235, 0.3092498942493589, -0.6636835766010227, 0.4585346250649518, -0.6323339293382668, -0.36626583453220096, -0.5070603603550119, -0.22595944865040818, 0.08853939447940998, 0.19655387666997526, 0.9493836298827554, -0.6826507752618749, 0.2839181854665911, -0.9822902186406948, -0.40204497919115345, 0.823223118483132, -0.5841389407963851, 0.3645834589930592, 0.1479272793060347, 0.2141345725663102, 0.07998699549535382, 0.06119348241463762, 0.6707578793130251, -0.3948477166026374, 0.11806897948550565, 0.846369860157963, -0.6353143738432716, -0.9396973861009263, 0.3836062128598201, 0.06080266227257192, 0.3787949983173762, 0.01319559058455022, -0.7733654402717709, 0.8088808593601982, -0.8263436987812796, -0.834965615623912, 0.4593090582141979, -0.5233433890933719, 0.8969722095005521, -0.9423989544907891, 0.9639095134831084, 0.4321930660960791, -0.5385296860728921, 0.9384808865440246, -0.7944250329224172, -0.10931174765674578, -0.8833725498973235, 0.4352556970174706, -0.926501412945606, -0.7460566276553201, 0.3729173561964281, -0.4223484669676214, -0.22610851731547243, 0.10965337008469578, -0.6716380569856224, 0.38169494845837715, -0.9326960730917625, -0.8377640526790162, 0.006918676408037561, -0.626419925249531, -0.8848515814553735, -0.21631999175659788, 0.3641894689038139, -0.40542417028690236, 0.4872855842207944, -0.595950986327294, 0.6512728680929376, 0.40033874214475285, 0.9619866368219758, -0.09540890789334888, -0.563083420345635, -0.8185103026063425, -0.329863856458273, 0.6899923505075427, 0.35971963611357194, 0.3263913134594352, 0.9239266817527445, -0.6107500169625331, 0.8907992310566567, -0.3316063789501711, 0.839740773258071, 0.7934823066101848, -0.4865185901050961]
486.4280011737719	(8, 12, 2)	[-0.007700071745575077, -0.14394456609833295, 0.9015151632838911, -0.7839394884907476, 0.6725500285051251, 0.5633691202147479, 0.6298034026738271, 0.3740847873707147, -0.4650647169077804, -0.07288690996365421, 0.8266792484417662, 0.44577685785213483, 0.024394443132344845, 0.8228508903490916, -0.10823004774138001, -0.5416958033840478, 0.3243193689217527, 0.01593085053380383, -0.08651223004131792, 0.21586873212778568, 0.3386247718111721, 0.17437906703262684, -0.9131734725267324, 0.04391192138675981, -0.28794098350042874, -0.012523677805232891, -0.35233170003541425, 0.038150541449996966, 0.4757427635613978, -0.896269077936376, 0.007886647654131274, -0.060150340473242636, 0.9695078225558975, 0.08290124810039279, -0.5993325500759878, -0.2661395759362928, 0.6628165604775027, 0.4483332750742235, 0.3092498942493589, -0.6636835766010227, 0.4585346250649518, -0.6005804368626401, -0.36626583453220096, -0.5070603603550119, -0.22595944865040818, 0.08853939447940998, 0.19655387666997526, 0.9493836298827554, -0.6826507752618749, 0.5438832632626396, -0.9822902186406948, -0.40204497919115345, 0.823223118483132, -0.5841389407963851, 0.3645834589930592, 0.1479272793060347, 0.2141345725663102, 0.07998699549535382, 0.06119348241463762, 0.6707578793130251, -0.3948477166026374, 0.11806897948550565, 0.846369860157963, -0.6353143738432716, -0.9396973861009263, 0.3836062128598201, 0.06080266227257192, 0.3787949983173762, 0.01319559058455022, -0.7733654402717709, 0.8088808593601982, -0.8263436987812796, -0.834965615623912, 0.4593090582141979, -0.5233433890933719, 1, -0.9423989544907891, 0.9639095134831084, 0.4321930660960791, -0.5385296860728921, 0.9384808865440246, -0.7944250329224172, -0.10931174765674578, -0.8833725498973235, 0.4352556970174706, -0.926501412945606, -0.7460566276553201, 0.3729173561964281, -0.4223484669676214, -0.2299538241836403, 0.10965337008469578, -0.6716380569856224, 0.38169494845837715, -0.9326960730917625, -0.8377640526790162, 0.006918676408037561, -0.626419925249531, -0.8848515814553735, -0.21631999175659788, 0.3641894689038139, -0.40542417028690236, 0.4872855842207944, -0.595950986327294, 0.6512728680929376, 0.40033874214475285, 0.9619866368219758, -0.09540890789334888, -0.563083420345635, -0.8185103026063425, -0.329863856458273, 0.6899923505075427, 0.35971963611357194, 0.3263913134594352, 0.9239266817527445, -0.6107500169625331, 0.8907992310566567, -0.3316063789501711, 0.839740773258071, 0.7934823066101848, -0.4865185901050961]
481.02628011256456	(8, 12, 2)	[-0.007700071745575077, -0.14394456609833295, 0.9015151632838911, -0.7839394884907476, 0.6725500285051251, 0.5633691202147479, 0.6298034026738271, 0.3740847873707147, -0.4650647169077804, -0.07288690996365421, 0.8266792484417662, 0.44577685785213483, 0.024394443132344845, 0.8228508903490916, -0.10823004774138001, -0.5416958033840478, 0.3243193689217527, 0.01593085053380383, -0.08651223004131792, 0.21586873212778568, 0.3386247718111721, 0.17437906703262684, -0.9131734725267324, 0.04391192138675981, -0.28794098350042874, -0.07696371253356027, -0.35233170003541425, 0.038150541449996966, 0.4757427635613978, -0.896269077936376, 0.007886647654131274, -0.060150340473242636, 0.9695078225558975, 0.08290124810039279, -0.5993325500759878, -0.2661395759362928, 0.6628165604775027, 0.4483332750742235, 0.2178692638550642, -0.6636835766010227, 0.4585346250649518, -0.6323339293382668, -0.36626583453220096, -0.6925787484972264, -0.22595944865040818, 0.08853939447940998, 0.19655387666997526, 0.9493836298827554, -0.6826507752618749, 0.2839181854665911, -0.9822902186406948, -0.40204497919115345, 0.823223118483132, -0.5841389407963851, 0.3645834589930592, 0.1479272793060347, 0.2141345725663102, 0.07998699549535382, 0.06119348241463762, 0.6707578793130251, -0.3948477166026374, 0.11806897948550565, 0.846369860157963, -0.6353143738432716, -0.9396973861009263, 0.3836062128598201, 0.06080266227257192, 0.3787949983173762, 0.01319559058455022, -0.7733654402717709, 0.8088808593601982, -0.8263436987812796, -0.834965615623912, 0.4593090582141979, -0.5233433890933719, 0.8969722095005521, -0.9423989544907891, 0.9639095134831084, 0.4321930660960791, -0.5385296860728921, 0.9384808865440246, -0.7944250329224172, -0.10931174765674578, -0.8833725498973235, 0.4352556970174706, -0.926501412945606, -0.7460566276553201, 0.3729173561964281, -0.4223484669676214, -0.22610851731547243, 0.10965337008469578, -0.6716380569856224, 0.38169494845837715, -1, -0.8524955675461359, 0.006918676408037561, -0.626419925249531, -0.8848515814553735, -0.21631999175659788, 0.3641894689038139, -0.40542417028690236, 0.4872855842207944, -0.23507141622109473, 0.6512728680929376, 0.40033874214475285, 0.9619866368219758, 0.0053076045112617765, -0.563083420345635, -0.8185103026063425, -0.329863856458273, 0.6899923505075427, 0.35971963611357194, 0.3263913134594352, 0.9239266817527445, -0.6107500169625331, 0.8907992310566567, -0.3316063789501711, 0.839740773258071, 0.6974835256090115, -0.4865185901050961]
-3.6990433569892027	(8, 12, 2)	[-0.007700071745575077, -0.14394456609833295, 0.9015151632838911, -0.7839394884907476, 0.6725500285051251, 0.5633691202147479, 0.6298034026738271, 0.3740847873707147, -0.4650647169077804, -0.07288690996365421, 0.8266792484417662, 0.44577685785213483, 0.024394443132344845, 0.8228508903490916, -0.10823004774138001, -0.5416958033840478, 0.3243193689217527, 0.01593085053380383, -0.08651223004131792, 0.21586873212778568, 0.3386247718111721, 0.17437906703262684, -0.9131734725267324, 0.04391192138675981, -0.28794098350042874, -0.012523677805232891, -0.35233170003541425, 0.038150541449996966, 0.4757427635613978, -0.896269077936376, 0.007886647654131274, -0.060150340473242636, 0.9695078225558975, 0.08290124810039279, -0.5993325500759878, -0.2661395759362928, 0.6628165604775027, 0.4483332750742235, 0.3092498942493589, -0.6636835766010227, 0.4585346250649518, -0.6005804368626401, -0.36626583453220096, -0.35761225597968804, -0.22595944865040818, 0.14503940649710123, 0.19655387666997526, 0.9493836298827554, -0.6826507752618749, 0.2839181854665911, -0.9822902186406948, -0.40204497919115345, 0.823223118483132, -0.5841389407963851, 0.3645834589930592, 0.1479272793060347, 0.2141345725663102, 0.07998699549535382, 0.06119348241463762, 0.6707578793130251, -0.3948477166026374, 0.11806897948550565, 0.846369860157963, -0.6353143738432716, -0.9396973861009263, 0.3836062128598201, 0.06080266227257192, 0.3787949983173762, 0.01319559058455022, -0.7733654402717709, 0.8088808593601982, -0.8263436987812796, -0.834965615623912, 0.4593090582141979, -0.5233433890933719, 0.8969722095005521, -0.9423989544907891, 0.9639095134831084, 0.4321930660960791, -0.5385296860728921, 0.9384808865440246, -0.7944250329224172, -0.10931174765674578, -0.8833725498973235, 0.4352556970174706, -0.926501412945606, -0.7460566276553201, 0.3729173561964281, -0.4223484669676214, -0.22610851731547243, 0.10965337008469578, -0.6716380569856224, 0.38169494845837715, -0.9326960730917625, -0.8377640526790162, 0.006918676408037561, -0.626419925249531, -0.8848515814553735, -0.21631999175659788, 0.3641894689038139, -0.40542417028690236, 0.4872855842207944, -0.595950986327294, 0.6512728680929376, 0.40033874214475285, 0.9619866368219758, -0.09540890789334888, -0.563083420345635, -0.8185103026063425, -0.329863856458273, 0.6899923505075427, 0.35971963611357194, 0.3263913134594352, 0.9239266817527445, -0.6107500169625331, 0.9610253170044301, -0.3316063789501711, 0.839740773258071, 0.7934823066101848, -0.4865185901050961]
488.6893010698259	(8, 12, 2)	[-0.007700071745575077, -0.14394456609833295, 0.9015151632838911, -0.7839394884907476, 0.6725500285051251, 0.26292013476936066, 0.6298034026738271, 0.3740847873707147, -0.4650647169077804, -0.07288690996365421, 0.8266792484417662, 0.44577685785213483, 0.024394443132344845, 0.8228508903490916, -0.10823004774138001, -0.5416958033840478, 0.3243193689217527, 0.01593085053380383, -0.08651223004131792, 0.21586873212778568, 0.3386247718111721, 0.17437906703262684, -0.9131734725267324, 0.04391192138675981, -0.28794098350042874, -0.012523677805232891, -0.35233170003541425, 0.038150541449996966, 0.4757427635613978, -0.896269077936376, 0.007886647654131274, -0.060150340473242636, 0.9695078225558975, 0.08290124810039279, -0.5993325500759878, -0.2661395759362928, 0.6628165604775027, 0.4483332750742235, 0.3092498942493589, -0.6636835766010227, 0.4585346250649518, -0.6005804368626401, -0.36626583453220096, -0.35761225597968804, -0.22595944865040818, 0.14503940649710123, 0.19655387666997526, 0.9493836298827554, -0.6826507752618749, 0.2839181854665911, -0.9822902186406948, -0.40204497919115345, 0.823223118483132, -0.7901205197255557, 0.3645834589930592, 0.1479272793060347, 0.2141345725663102, 0.07998699549535382, 0.06119348241463762, 0.6707578793130251, -0.3948477166026374, 0.11806897948550565, 0.846369860157963, -0.6353143738432716, -0.9396973861009263, 0.3836062128598201, 0.06080266227257192, 0.3787949983173762, 0.01319559058455022, -0.7733654402717709, 0.8088808593601982, -0.8263436987812796, -0.834965615623912, 0.4593090582141979, -0.7066092794742058, 0.8969722095005521, -0.9423989544907891, 0.9639095134831084, 0.4321930660960791, -0.5385296860728921, 0.9384808865440246, -0.7944250329224172, -0.10931174765674578, -0.8829549008731833, 0.4352556970174706, -0.926501412945606, -0.7460566276553201, 0.3729173561964281, -0.4223484669676214, -0.22610851731547243, 0.10965337008469578, -0.6716380569856224, 0.38169494845837715, -0.9326960730917625, -0.8377640526790162, 0.006918676408037561, -0.626419925249531, -1, -0.21631999175659788, 0.3641894689038139, -0.40542417028690236, 0.4872855842207944, -0.595950986327294, 0.6512728680929376, 0.7672827975486307, 0.9619866368219758, -0.09540890789334888, -0.563083420345635, -0.8185103026063425, -0.329863856458273, 0.6899923505075427, 0.35971963611357194, 0.3263913134594352, 0.9239266817527445, -0.6107500169625331, 0.9610253170044301, -0.3316063789501711, 0.839740773258071, 0.7934823066101848, -0.4865185901050961]
496.5655692614793	(8, 12, 2)	[-0.007700071745575077, -0.14394456609833295, 0.9015151632838911, -0.7839394884907476, 0.6725500285051251, 0.5633691202147479, 0.6298034026738271, 0.3740847873707147, -0.4650647169077804, -0.07288690996365421, 0.8266792484417662, 0.44577685785213483, 0.024394443132344845, 0.8228508903490916, -0.10823004774138001, -0.5416958033840478, 0.2853362235714137, 0.01593085053380383, -0.08651223004131792, 0.21586873212778568, 0.3386247718111721, 0.17437906703262684, -0.9131734725267324, 0.04391192138675981, -0.28794098350042874, -0.012523677805232891, -0.35233170003541425, 0.038150541449996966, 0.4757427635613978, -0.896269077936376, 0.007886647654131274, -0.060150340473242636, 0.9695078225558975, 0.08290124810039279, -0.5993325500759878, -0.2661395759362928, 0.6628165604775027, 0.4483332750742235, 0.3092498942493589, -0.6636835766010227, 0.4585346250649518, -0.6005804368626401, -0.36626583453220096, -0.35761225597968804, -0.22595944865040818, 0.14503940649710123, 0.19655387666997526, 0.9493836298827554, -0.6826507752618749, 0.2839181854665911, -0.9822902186406948, -0.40204497919115345, 0.823223118483132, -0.5841389407963851, 0.3645834589930592, 0.1479272793060347, 0.2141345725663102, 0.07998699549535382, 0.06119348241463762, 0.6707578793130251, -0.3948477166026374, 0.11806897948550565, 0.846369860157963, -0.6353143738432716, -0.9396973861009263, 0.3836062128598201, 0.06080266227257192, 0.3787949983173762, 0.01319559058455022, -0.7733654402717709, 0.8088808593601982, -0.8263436987812796, -0.834965615623912, 0.4593090582141979, -0.5233433890933719, 0.8969722095005521, -0.9423989544907891, 0.9639095134831084, 0.4321930660960791, -0.5385296860728921, 0.9384808865440246, -0.7944250329224172, -0.10931174765674578, -0.8833725498973235, 0.4352556970174706, -0.926501412945606, -0.7460566276553201, 0.3729173561964281, -0.4223484669676214, -0.22610851731547243, 0.10965337008469578, -0.6716380569856224, 0.38169494845837715, -0.9326960730917625, -0.8377640526790162, 0.006918676408037561, -0.626419925249531, -0.8848515814553735, -0.21631999175659788, 0.3641894689038139, -0.40542417028690236, 0.4872855842207944, -0.595950986327294, 0.6512728680929376, 0.40033874214475285, 0.9619866368219758, -0.09540890789334888, -0.563083420345635, -0.8185103026063425, -0.329863856458273, 0.6899923505075427, 0.35971963611357194, 0.3263913134594352, 0.9239266817527445, -0.6107500169625331, 0.9610253170044301, -0.3316063789501711, 0.839740773258071, 0.7934823066101848, -0.4865185901050961]
481.56394734978676	(8, 12, 2)	[-0.007700071745575077, -0.14394456609833295, 0.9015151632838911, -0.7839394884907476, 0.6725500285051251, 0.5633691202147479, 0.6298034026738271, 0.3740847873707147, -0.4650647169077804, -0.07288690996365421, 0.8266792484417662, 0.44577685785213483, 0.024394443132344845, 0.8228508903490916, -0.10823004774138001, -0.5416958033840478, 0.3243193689217527, 0.01593085053380383, -0.08651223004131792, 0.21586873212778568, 0.3386247718111721, 0.17437906703262684, -0.9131734725267324, 0.04391192138675981, -0.28794098350042874, -0.012523677805232891, -0.35233170003541425, 0.038150541449996966, 0.4757427635613978, -0.896269077936376, 0.007886647654131274, -0.060150340473242636, 0.9695078225558975, 0.08290124810039279, -0.5993325500759878, -0.2661395759362928, 0.7322048538713901, 0.4483332750742235, 0.3092498942493589, -0.6636835766010227, 0.4585346250649518, -0.6005804368626401, -0.4065524493409496, -0.5070603603550119, -0.22595944865040818, 0.08853939447940998, 0.19655387666997526, 0.9493836298827554, -0.6826507752618749, 0.2839181854665911, -0.9822902186406948, -0.40204497919115345, 0.823223118483132, -0.5841389407963851, 0.3645834589930592, 0.1479272793060347, 0.2141345725663102, 0.07998699549535382, 0.06119348241463762, 0.6707578793130251, -0.3948477166026374, 0.11806897948550565, 0.846369860157963, -0.6353143738432716, -0.9396973861009263, 0.3836062128598201, 0.06080266227257192, 0.3787949983173762, 0.01319559058455022, -0.7733654402717709, 0.8088808593601982, -0.8263436987812796, -0.834965615623912, 0.4593090582141979, -0.5233433890933719, 0.8969722095005521, -0.8658867286070245, 0.8245100000244137, 0.6234141116233056, -0.5385296860728921, 0.9384808865440246, -0.7944250329224172, -0.10931174765674578, -0.8833725498973235, 0.4352556970174706, -0.926501412945606, -0.7460566276553201, 0.3729173561964281, -0.4223484669676214, -0.22610851731547243, 0.10965337008469578, -0.6716380569856224, 0.38169494845837715, -0.9326960730917625, -0.8377640526790162, 0.006918676408037561, -0.626419925249531, -1, -0.21631999175659788, 0.3641894689038139, -0.40542417028690236, 0.4872855842207944, -0.595950986327294, 0.6512728680929376, 0.40033874214475285, 0.9619866368219758, -0.09540890789334888, -0.563083420345635, -0.8185103026063425, -0.329863856458273, 0.6899923505075427, 0.35971963611357194, 0.3263913134594352, 0.9239266817527445, -0.6107500169625331, 0.9610253170044301, -0.3316063789501711, 0.839740773258071, 0.7934823066101848, -0.4865185901050961]
499.18256718966853	(8, 12, 2)	[-0.007700071745575077, -0.14394456609833295, 0.9015151632838911, -0.7839394884907476, 0.6725500285051251, 0.5633691202147479, 0.6298034026738271, 0.3740847873707147, -0.4650647169077804, -0.07288690996365421, 1, 0.44577685785213483, 0.024394443132344845, 0.8228508903490916, -0.10823004774138001, -0.5416958033840478, 0.2853362235714137, 0.01593085053380383, -0.08651223004131792, 0.21586873212778568, 0.3386247718111721, 0.17437906703262684, -0.9131734725267324, 0.04391192138675981, -0.28794098350042874, -0.012523677805232891, -0.35233170003541425, 0.038150541449996966, 0.4757427635613978, -0.896269077936376, 0.007886647654131274, -0.060150340473242636, 0.9695078225558975, 0.08290124810039279, -0.5993325500759878, -0.2661395759362928, 0.6628165604775027, 0.4483332750742235, 0.3092498942493589, -0.6636835766010227, 0.4585346250649518, -0.6005804368626401, -0.36626583453220096, -0.35761225597968804, -0.22595944865040818, 0.14503940649710123, 0.19655387666997526, 0.9493836298827554, -0.6826507752618749, 0.2839181854665911, -0.9822902186406948, -0.40204497919115345, 0.823223118483132, -0.5841389407963851, 0.3645834589930592, 0.1479272793060347, 0.2141345725663102, 0.07998699549535382, 0.06119348241463762, 0.6707578793130251, -0.3948477166026374, 0.11806897948550565, 0.846369860157963, -0.6353143738432716, -0.9396973861009263, 0.3836062128598201, 0.06080266227257192, 0.3787949983173762, 0.01319559058455022, -0.7733654402717709, 0.8088808593601982, -0.8263436987812796, -0.834965615623912, 0.4593090582141979, -0.5233433890933719, 0.8969722095005521, -0.9423989544907891, 0.9639095134831084, 0.4321930660960791, -0.5385296860728921, 0.9384808865440246, -0.7944250329224172, -0.10931174765674578, -0.8833725498973235, 0.4352556970174706, -0.926501412945606, -0.7460566276553201, 0.3729173561964281, -0.4223484669676214, -0.22610851731547243, 0.10965337008469578, -0.6716380569856224, 0.38169494845837715, -0.9326960730917625, -0.8377640526790162, 0.006918676408037561, -0.626419925249531, -0.8848515814553735, -0.21631999175659788, 0.3641894689038139, -0.40542417028690236, 0.4872855842207944, -0.595950986327294, 0.6512728680929376, 0.40033874214475285, 0.9619866368219758, -0.09540890789334888, -0.563083420345635, -0.8185103026063425, -0.329863856458273, 0.6899923505075427, 0.35971963611357194, 0.3263913134594352, 0.9239266817527445, -0.6107500169625331, 0.9610253170044301, -0.3316063789501711, 0.839740773258071, 0.7934823066101848, -0.4865185901050961]
498.93757110143264	(8, 12, 2)	[-0.007700071745575077, -0.14394456609833295, 0.9015151632838911, -0.5176235313694769, 0.6725500285051251, 0.5633691202147479, 0.6298034026738271, 0.3740847873707147, -0.4650647169077804, -0.07288690996365421, 0.8266792484417662, 0.44577685785213483, 0.024394443132344845, 0.8228508903490916, -0.10823004774138001, -0.5416958033840478, 0.3243193689217527, 0.01593085053380383, -0.08651223004131792, 0.21586873212778568, 0.3386247718111721, 0.17437906703262684, -0.9131734725267324, 0.04391192138675981, -0.28794098350042874, -0.012523677805232891, -0.35233170003541425, 0.038150541449996966, 0.4757427635613978, -0.896269077936376, 0.007886647654131274, -0.060150340473242636, 0.9695078225558975, 0.08290124810039279, -0.5993325500759878, -0.2661395759362928, 0.6628165604775027, 0.4483332750742235, 0.3092498942493589, -0.6636835766010227, 0.4585346250649518, -0.6005804368626401, -0.36626583453220096, -0.35761225597968804, -0.22595944865040818, 0.14503940649710123, 0.19655387666997526, 0.9493836298827554, -0.6826507752618749, 0.2839181854665911, -0.9822902186406948, -0.40204497919115345, 0.823223118483132, -0.5841389407963851, 0.3645834589930592, 0.1479272793060347, 0.2141345725663102, 0.07998699549535382, 0.06119348241463762, 0.6707578793130251, -0.3948477166026374, 0.11806897948550565, 1, -0.6353143738432716, -0.9396973861009263, 0.3836062128598201, 0.06080266227257192, 0.3787949983173762, 0.01319559058455022, -0.7733654402717709, 0.8088808593601982, -0.8263436987812796, -0.834965615623912, 0.4593090582141979, -0.7066092794742058, 0.8969722095005521, -0.9423989544907891, 0.9639095134831084, 0.4321930660960791, -0.5385296860728921, 0.9384808865440246, -0.7944250329224172, -0.10931174765674578, -0.8829549008731833, 0.4352556970174706, -0.926501412945606, -0.7460566276553201, 0.3729173561964281, -0.4223484669676214, -0.22610851731547243, 0.10965337008469578, -0.6716380569856224, 0.34756620129957894, -0.9326960730917625, -0.8377640526790162, 0.006918676408037561, -0.626419925249531, -1, -0.21631999175659788, 0.3641894689038139, -0.40542417028690236, 0.4872855842207944, -0.595950986327294, 0.6512728680929376, 0.40033874214475285, 0.9619866368219758, -0.09540890789334888, -0.563083420345635, -0.8185103026063425, -0.329863856458273, 0.6899923505075427, 0.35971963611357194, 0.3263913134594352, 0.9239266817527445, -0.6107500169625331, 0.9610253170044301, -0.3316063789501711, 0.839740773258071, 0.7934823066101848, -0.4865185901050961]
496.95999989943465	(8, 12, 2)	[-0.007700071745575077, -0.14394456609833295, 0.9015151632838911, -0.5176235313694769, 0.6725500285051251, 0.5633691202147479, 0.6298034026738271, 0.3740847873707147, -0.4650647169077804, -0.07288690996365421, 0.8266792484417662, 0.44577685785213483, 0.024394443132344845, 0.8228508903490916, -0.10823004774138001, -0.5416958033840478, 0.3243193689217527, 0.01593085053380383, -0.08651223004131792, 0.21586873212778568, 0.3386247718111721, 0.17437906703262684, -0.9131734725267324, 0.04391192138675981, -0.28794098350042874, -0.012523677805232891, -0.35233170003541425, 0.038150541449996966, 0.4757427635613978, -0.896269077936376, 0.007886647654131274, -0.060150340473242636, 0.9695078225558975, 0.08290124810039279, -0.5993325500759878, -0.2661395759362928, 0.6628165604775027, 0.4483332750742235, 0.3092498942493589, -0.6636835766010227, 0.4585346250649518, -0.5279860975547152, -0.36626583453220096, -0.35761225597968804, -0.22595944865040818, 0.14503940649710123, 0.19655387666997526, 0.9493836298827554, -0.6826507752618749, 0.2839181854665911, -0.9822902186406948, -0.40204497919115345, 0.823223118483132, -0.5841389407963851, 0.3645834589930592, 0.1479272793060347, 0.2141345725663102, 0.07998699549535382, 0.06119348241463762, 0.6707578793130251, -0.3948477166026374, 0.11806897948550565, 1, -0.6353143738432716, -0.9396973861009263, 0.3836062128598201, 0.06080266227257192, 0.3787949983173762, 0.01319559058455022, -0.7733654402717709, 0.8088808593601982, -0.8263436987812796, -0.834965615623912, 0.4593090582141979, -0.7066092794742058, 0.8969722095005521, -0.9423989544907891, 0.9639095134831084, 0.4321930660960791, -0.5385296860728921, 0.9384808865440246, -0.7944250329224172, -0.10931174765674578, -0.8829549008731833, 0.4352556970174706, -0.926501412945606, -0.7460566276553201, 0.3729173561964281, -0.4223484669676214, -0.22610851731547243, 0.10965337008469578, -0.6716380569856224, 0.34756620129957894, -0.9326960730917625, -0.8377640526790162, 0.006918676408037561, -0.626419925249531, -1, -0.21631999175659788, 0.3641894689038139, -0.40542417028690236, 0.4872855842207944, -0.595950986327294, 0.6512728680929376, 0.3254487516828786, 0.9619866368219758, -0.09540890789334888, -0.563083420345635, -0.8185103026063425, -0.329863856458273, 0.6899923505075427, 0.35971963611357194, 0.3263913134594352, 0.9239266817527445, -0.6107500169625331, 0.9610253170044301, -0.3316063789501711, 0.839740773258071, 0.7934823066101848, -0.4865185901050961]
462.2920475900173	(8, 12, 2)	[-0.007700071745575077, -0.14394456609833295, 0.9015151632838911, -0.7839394884907476, 0.6725500285051251, 0.26292013476936066, 0.6298034026738271, 0.3740847873707147, -0.4650647169077804, -0.07288690996365421, 0.8266792484417662, 0.44577685785213483, 0.024394443132344845, 0.8228508903490916, -0.10823004774138001, -0.5416958033840478, 0.3243193689217527, 0.01593085053380383, -0.05661321168684019, 0.21586873212778568, 0.3386247718111721, 0.17437906703262684, -0.9131734725267324, 0.04391192138675981, -0.28794098350042874, -0.012523677805232891, -0.35233170003541425, 0.038150541449996966, 0.4757427635613978, -0.896269077936376, 0.007886647654131274, -0.060150340473242636, 0.9695078225558975, 0.08290124810039279, -0.5993325500759878, -0.2661395759362928, 0.7771017499413204, 0.4483332750742235, 0.3092498942493589, -0.6636835766010227, 0.4585346250649518, -0.6005804368626401, -0.36626583453220096, -0.35761225597968804, -0.22595944865040818, 0.14503940649710123, 0.19655387666997526, 0.9493836298827554, -0.6826507752618749, 0.2839181854665911, -0.9822902186406948, -0.40204497919115345, 0.823223118483132, -0.5841389407963851, 0.3645834589930592, 0.1479272793060347, 0.2141345725663102, 0.07998699549535382, 0.06119348241463762, 0.6707578793130251, -0.3948477166026374, 0.11806897948550565, 0.846369860157963, -0.6353143738432716, -0.9396973861009263, 0.3836062128598201, 0.06080266227257192, 0.3787949983173762, 0.01319559058455022, -0.7733654402717709, 0.8088808593601982, -0.8263436987812796, -0.834965615623912, 0.4593090582141979, -0.7066092794742058, 0.8969722095005521, -0.9423989544907891, 0.9639095134831084, 0.4321930660960791, -0.5385296860728921, 0.9384808865440246, -0.7944250329224172, -0.10931174765674578, -0.8829549008731833, 0.4352556970174706, -0.926501412945606, -0.7460566276553201, 0.3729173561964281, -0.4223484669676214, -0.22610851731547243, 0.10965337008469578, -0.6716380569856224, 0.38169494845837715, -0.9326960730917625, -0.8377640526790162, 0.006918676408037561, -0.626419925249531, -1, -0.21631999175659788, 0.3641894689038139, -0.40542417028690236, 0.4872855842207944, -0.595950986327294, 0.6512728680929376, 0.5932869444073258, 0.9619866368219758, -0.09540890789334888, -0.563083420345635, -0.8185103026063425, -0.329863856458273, 0.6899923505075427, 0.35971963611357194, 0.3263913134594352, 0.9239266817527445, -0.6970695529262186, 0.9610253170044301, -0.3316063789501711, 0.8367759362879408, 0.7934823066101848, -0.4865185901050961]
477.33801044523716	(8, 12, 2)	[-0.007700071745575077, -0.14394456609833295, 0.9015151632838911, -0.7839394884907476, 0.6725500285051251, 0.26292013476936066, 0.6298034026738271, 0.3740847873707147, -0.4650647169077804, -0.07288690996365421, 0.8266792484417662, 0.44577685785213483, 0.024394443132344845, 0.8228508903490916, -0.10823004774138001, -0.5416958033840478, 0.3243193689217527, 0.01593085053380383, -0.05661321168684019, 0.21586873212778568, 0.3386247718111721, 0.17437906703262684, -0.9131734725267324, 0.04391192138675981, -0.28794098350042874, -0.012523677805232891, -0.35233170003541425, 0.038150541449996966, 0.4757427635613978, -0.896269077936376, 0.007886647654131274, -0.060150340473242636, 0.9695078225558975, 0.08290124810039279, -0.5993325500759878, -0.2661395759362928, 0.7771017499413204, 0.4483332750742235, 0.3092498942493589, -0.6636835766010227, 0.4585346250649518, -0.6005804368626401, -0.36626583453220096, -0.35761225597968804, -0.22595944865040818, 0.14503940649710123, 0.19655387666997526, 0.9493836298827554, -0.6826507752618749, 0.2839181854665911, -0.9822902186406948, -0.40204497919115345, 0.823223118483132, -0.5841389407963851, 0.3645834589930592, 0.1479272793060347, 0.2141345725663102, 0.07998699549535382, 0.06119348241463762, 0.6707578793130251, -0.3948477166026374, 0.11806897948550565, 0.846369860157963, -0.6353143738432716, -0.9396973861009263, 0.3836062128598201, 0.06080266227257192, 0.3787949983173762, 0.01319559058455022, -0.7733654402717709, 0.8088808593601982, -0.8263436987812796, -0.834965615623912, 0.6033596979695883, -0.7066092794742058, 0.8969722095005521, -0.9423989544907891, 0.9639095134831084, 0.4321930660960791, -0.5385296860728921, 0.9384808865440246, -0.7944250329224172, -0.10931174765674578, -0.8829549008731833, 0.4352556970174706, -0.926501412945606, -0.7460566276553201, 0.3729173561964281, -0.4223484669676214, -0.22610851731547243, 0.10965337008469578, -0.6716380569856224, 0.38169494845837715, -0.9326960730917625, -0.8377640526790162, 0.006918676408037561, -0.626419925249531, -1, -0.21631999175659788, 0.3641894689038139, -0.40542417028690236, 0.4872855842207944, -0.595950986327294, 0.6512728680929376, 0.5932869444073258, 0.9619866368219758, -0.09540890789334888, -0.563083420345635, -0.8185103026063425, -0.329863856458273, 0.6899923505075427, 0.35971963611357194, 0.3263913134594352, 0.9239266817527445, -0.6970695529262186, 0.9610253170044301, -0.3316063789501711, 0.8367759362879408, 0.7934823066101848, -0.4865185901050961]
470.6883117556572	(8, 12, 2)	[-0.007700071745575077, -0.14394456609833295, 0.9015151632838911, -0.7839394884907476, 0.6725500285051251, 0.26292013476936066, 0.6298034026738271, 0.3740847873707147, -0.4650647169077804, -0.07288690996365421, 0.8266792484417662, 0.44577685785213483, 0.024394443132344845, 0.8228508903490916, -0.10823004774138001, -0.5416958033840478, 0.3243193689217527, 0.01593085053380383, -0.05661321168684019, 0.21586873212778568, 0.3386247718111721, 0.17437906703262684, -0.9131734725267324, 0.04391192138675981, -0.28794098350042874, -0.012523677805232891, -0.35233170003541425, 0.038150541449996966, 0.4757427635613978, -0.896269077936376, 0.007886647654131274, -0.060150340473242636, 0.9695078225558975, 0.08290124810039279, -0.5993325500759878, -0.2661395759362928, 0.7771017499413204, 0.4483332750742235, 0.3092498942493589, -0.6636835766010227, 0.4585346250649518, -0.6005804368626401, -0.36626583453220096, -0.35761225597968804, -0.22595944865040818, 0.14503940649710123, 0.19655387666997526, 0.9493836298827554, -0.6826507752618749, 0.2839181854665911, -0.9822902186406948, -0.40204497919115345, 0.823223118483132, -0.5841389407963851, 0.3645834589930592, 0.1479272793060347, 0.2141345725663102, 0.07998699549535382, 0.06119348241463762, 0.6707578793130251, -0.3948477166026374, 0.11806897948550565, 0.846369860157963, -0.6353143738432716, -0.9396973861009263, 0.3836062128598201, 0.06080266227257192, 0.3787949983173762, 0.01319559058455022, -0.7733654402717709, 0.8088808593601982, -1, -0.834965615623912, 0.6033596979695883, -0.7066092794742058, 0.8969722095005521, -0.9423989544907891, 0.9639095134831084, 0.4321930660960791, -0.5385296860728921, 0.9384808865440246, -0.7944250329224172, -0.10931174765674578, -0.8829549008731833, 0.4352556970174706, -0.926501412945606, -0.7460566276553201, 0.3729173561964281, -0.4223484669676214, -0.22610851731547243, 0.10965337008469578, -0.6716380569856224, 0.38169494845837715, -0.9326960730917625, -0.8377640526790162, 0.006918676408037561, -0.626419925249531, -1, -0.21631999175659788, 0.3641894689038139, -0.40542417028690236, 0.4872855842207944, -0.595950986327294, 0.6512728680929376, 0.5932869444073258, 0.9619866368219758, -0.09540890789334888, -0.563083420345635, -0.8185103026063425, -0.329863856458273, 0.6899923505075427, 0.35971963611357194, 0.3263913134594352, 0.9239266817527445, -0.6970695529262186, 0.9610253170044301, -0.3316063789501711, 0.8367759362879408, 0.7934823066101848, -0.4865185901050961]
479.6350590173562	(8, 12, 2)	[-0.007700071745575077, -0.14394456609833295, 0.9015151632838911, -0.5176235313694769, 0.6725500285051251, 0.5633691202147479, 0.6298034026738271, 0.3740847873707147, -0.4650647169077804, -0.07288690996365421, 0.8266792484417662, 0.44577685785213483, 0.024394443132344845, 0.8228508903490916, -0.10823004774138001, -0.5416958033840478, 0.3243193689217527, 0.01593085053380383, -0.08651223004131792, 0.21586873212778568, 0.3386247718111721, 0.17437906703262684, -0.9131734725267324, 0.04391192138675981, -0.28794098350042874, -0.012523677805232891, -0.35233170003541425, 0.038150541449996966, 0.4757427635613978, -0.896269077936376, 0.007886647654131274, -0.060150340473242636, 0.9695078225558975, 0.08290124810039279, -0.5993325500759878, -0.031100993039917257, 0.6628165604775027, 0.4483332750742235, 0.3092498942493589, -0.6636835766010227, 0.4585346250649518, -0.5279860975547152, -0.36626583453220096, -0.35761225597968804, -0.22595944865040818, 0.14503940649710123, 0.19655387666997526, 0.9493836298827554, -0.6826507752618749, 0.2839181854665911, -0.9822902186406948, -0.40204497919115345, 0.823223118483132, -0.5841389407963851, 0.3645834589930592, 0.1479272793060347, 0.2141345725663102, 0.07998699549535382, 0.06119348241463762, 0.6707578793130251, -0.3948477166026374, 0.11806897948550565, 1, -0.6353143738432716, -0.9396973861009263, 0.3836062128598201, 0.06080266227257192, 0.3787949983173762, 0.01319559058455022, -0.7733654402717709, 0.8088808593601982, -0.8263436987812796, -0.834965615623912, 0.4593090582141979, -0.7066092794742058, 0.8969722095005521, -0.9423989544907891, 0.9639095134831084, 0.4321930660960791, -0.5385296860728921, 0.9384808865440246, -0.7944250329224172, -0.10931174765674578, -0.6874402738984369, 0.2838102566620244, -0.926501412945606, -0.7460566276553201, 0.3729173561964281, -0.4223484669676214, -0.22610851731547243, 0.10965337008469578, -0.6716380569856224, 0.6134957808460896, -0.9326960730917625, -0.8377640526790162, 0.006918676408037561, -0.626419925249531, -1, -0.21631999175659788, 0.3641894689038139, -0.40542417028690236, 0.4872855842207944, -0.595950986327294, 0.6512728680929376, 0.7672827975486307, 0.7234564796485036, -0.09540890789334888, -0.563083420345635, -0.8185103026063425, -0.329863856458273, 0.6899923505075427, 0.35971963611357194, 0.3263913134594352, 0.9239266817527445, -0.6107500169625331, 0.9610253170044301, -0.3316063789501711, 0.839740773258071, 0.7934823066101848, -0.4865185901050961]
493.7104887167982	(8, 12, 2)	[-0.007700071745575077, -0.14394456609833295, 0.9015151632838911, -0.7839394884907476, 0.6725500285051251, 0.26292013476936066, 0.6298034026738271, 0.3740847873707147, -0.4650647169077804, -0.07288690996365421, 0.8266792484417662, 0.4302163262799374, 0.024394443132344845, 0.8228508903490916, -0.10823004774138001, -0.5416958033840478, 0.3243193689217527, 0.01593085053380383, -0.08651223004131792, 0.21586873212778568, 0.3386247718111721, 0.17437906703262684, -0.9131734725267324, 0.04391192138675981, -0.28794098350042874, 0.26255881133145825, -0.35233170003541425, 0.038150541449996966, 0.4757427635613978, -0.896269077936376, 0.007886647654131274, -0.060150340473242636, 0.9695078225558975, 0.08290124810039279, -0.5993325500759878, -0.2661395759362928, 0.7771017499413204, 0.4483332750742235, 0.3092498942493589, -0.6636835766010227, 0.4585346250649518, -0.6005804368626401, -0.36626583453220096, -0.5928838336805741, -0.22595944865040818, 0.14503940649710123, 0.19655387666997526, 0.9493836298827554, -0.6826507752618749, 0.2839181854665911, -0.9822902186406948, -0.40204497919115345, 0.823223118483132, -0.5841389407963851, 0.482962104669197, 0.1479272793060347, 0.2141345725663102, 0.07998699549535382, 0.06119348241463762, 0.6707578793130251, -0.3948477166026374, 0.11806897948550565, 0.846369860157963, -0.6353143738432716, -0.9396973861009263, 0.3836062128598201, 0.06080266227257192, 0.3787949983173762, 0.01319559058455022, -0.7733654402717709, 0.8088808593601982, -0.8263436987812796, -0.834965615623912, 0.4593090582141979, -0.7066092794742058, 0.8969722095005521, -0.9423989544907891, 0.9639095134831084, 0.4321930660960791, -0.5385296860728921, 0.9384808865440246, -0.7944250329224172, -0.10931174765674578, -0.8829549008731833, 0.4352556970174706, -0.926501412945606, -0.7460566276553201, 0.3729173561964281, -0.4223484669676214, -0.22610851731547243, 0.10965337008469578, -0.6716380569856224, 0.38169494845837715, -0.9326960730917625, -0.8377640526790162, 0.006918676408037561, -0.626419925249531, -1, -0.21631999175659788, 0.3641894689038139, -0.40542417028690236, 0.4872855842207944, -0.595950986327294, 0.6512728680929376, 0.5932869444073258, 0.9619866368219758, -0.09540890789334888, -0.563083420345635, -0.8185103026063425, -0.329863856458273, 0.6899923505075427, 0.35971963611357194, 0.3263913134594352, 0.9239266817527445, -0.6970695529262186, 0.9610253170044301, -0.3316063789501711, 0.8367759362879408, 0.7934823066101848, -0.4865185901050961]
480.4838204756379	(8, 12, 2)	[-0.007700071745575077, -0.14394456609833295, 0.9015151632838911, -0.5176235313694769, 0.6725500285051251, 0.5633691202147479, 0.6298034026738271, 0.3740847873707147, -0.4650647169077804, -0.07288690996365421, 0.8266792484417662, 0.44577685785213483, 0.024394443132344845, 0.8228508903490916, -0.10823004774138001, -0.5416958033840478, 0.3243193689217527, 0.01593085053380383, -0.08651223004131792, 0.21586873212778568, 0.3386247718111721, 0.1878384915243589, -0.9131734725267324, 0.04391192138675981, -0.28794098350042874, -0.012523677805232891, -0.35233170003541425, 0.038150541449996966, 0.4757427635613978, -0.896269077936376, 0.007886647654131274, -0.060150340473242636, 0.9695078225558975, 0.08290124810039279, -0.5993325500759878, -0.031100993039917257, 0.6628165604775027, 0.4483332750742235, 0.3092498942493589, -0.6636835766010227, 0.4585346250649518, -0.5279860975547152, -0.36626583453220096, -0.35761225597968804, -0.22595944865040818, 0.14503940649710123, 0.19655387666997526, 0.9493836298827554, -0.6826507752618749, 0.2839181854665911, -0.9822902186406948, -0.40204497919115345, 0.823223118483132, -0.5841389407963851, 0.3645834589930592, 0.1479272793060347, 0.2141345725663102, 0.07998699549535382, 0.06119348241463762, 0.6707578793130251, -0.3948477166026374, 0.11806897948550565, 1, -0.6353143738432716, -0.9396973861009263, 0.3836062128598201, 0.06080266227257192, 0.3787949983173762, 0.01319559058455022, -0.7733654402717709, 0.8088808593601982, -0.8263436987812796, -0.834965615623912, 0.4593090582141979, -0.7066092794742058, 1, -0.9423989544907891, 0.9639095134831084, 0.4321930660960791, -0.5385296860728921, 0.9384808865440246, -0.7944250329224172, -0.10931174765674578, -0.6874402738984369, 0.2838102566620244, -0.926501412945606, -0.7460566276553201, 0.3729173561964281, -0.4223484669676214, -0.22610851731547243, 0.10965337008469578, -0.6716380569856224, 0.6134957808460896, -0.9326960730917625, -0.8377640526790162, 0.006918676408037561, -0.626419925249531, -1, -0.21631999175659788, 0.3641894689038139, -0.40542417028690236, 0.4872855842207944, -0.595950986327294, 0.6512728680929376, 0.7672827975486307, 0.7234564796485036, -0.09540890789334888, -0.563083420345635, -0.8185103026063425, -0.3702667013377867, 0.6899923505075427, 0.35971963611357194, 0.3263913134594352, 0.9239266817527445, -0.6107500169625331, 0.9610253170044301, -0.3316063789501711, 0.839740773258071, 0.7934823066101848, -0.4865185901050961]
486.88414990901947	(8, 12, 2)	[-0.007700071745575077, -0.14394456609833295, 0.9015151632838911, -0.5176235313694769, 0.6725500285051251, 0.5633691202147479, 0.6298034026738271, 0.044683593501177565, -0.4650647169077804, -0.07288690996365421, 0.8266792484417662, 0.44577685785213483, 0.024394443132344845, 0.8228508903490916, -0.10823004774138001, -0.5416958033840478, 0.3243193689217527, 0.01593085053380383, -0.08651223004131792, 0.21586873212778568, 0.3386247718111721, 0.17437906703262684, -0.9131734725267324, 0.04391192138675981, -0.28794098350042874, -0.012523677805232891, -0.35233170003541425, 0.038150541449996966, 0.4757427635613978, -0.896269077936376, 0.007886647654131274, -0.060150340473242636, 0.9695078225558975, 0.08290124810039279, -0.5993325500759878, -0.031100993039917257, 0.6628165604775027, 0.4483332750742235, 0.3092498942493589, -0.6636835766010227, 0.4585346250649518, -0.5279860975547152, -0.36626583453220096, -0.35761225597968804, -0.22595944865040818, 0.14503940649710123, 0.19655387666997526, 0.9493836298827554, -0.6826507752618749, 0.2839181854665911, -0.9822902186406948, -0.40204497919115345, 0.823223118483132, -0.5841389407963851, 0.3645834589930592, 0.1479272793060347, 0.2141345725663102, 0.07998699549535382, 0.06119348241463762, 0.6707578793130251, -0.3948477166026374, 0.11806897948550565, 1, -0.6353143738432716, -0.9396973861009263, 0.3836062128598201, 0.06080266227257192, 0.3787949983173762, 0.01319559058455022, -0.7733654402717709, 0.8088808593601982, -0.8263436987812796, -0.834965615623912, 0.4593090582141979, -0.7066092794742058, 1, -0.9423989544907891, 0.9639095134831084, 0.4321930660960791, -0.5385296860728921, 0.9384808865440246, -0.7944250329224172, -0.10931174765674578, -0.6874402738984369, 0.2838102566620244, -0.926501412945606, -0.7460566276553201, 0.3729173561964281, -0.4223484669676214, -0.22610851731547243, 0.10965337008469578, -0.6716380569856224, 0.6134957808460896, -0.9326960730917625, -0.8377640526790162, 0.006918676408037561, -0.626419925249531, -1, -0.21631999175659788, 0.3641894689038139, -0.40542417028690236, 0.4872855842207944, -0.595950986327294, 0.6512728680929376, 1, 0.7234564796485036, -0.09540890789334888, -0.563083420345635, -0.8185103026063425, -0.3702667013377867, 0.6899923505075427, 0.35971963611357194, 0.3263913134594352, 0.9239266817527445, -0.6107500169625331, 0.9610253170044301, -0.3316063789501711, 0.8367759362879408, 0.7934823066101848, -0.4865185901050961]
-18.522734846919775	(8, 12, 2)	[-0.007700071745575077, -0.14394456609833295, 0.9015151632838911, -0.7839394884907476, 0.6725500285051251, 0.26292013476936066, 0.6298034026738271, 0.3740847873707147, -0.4650647169077804, -0.07288690996365421, 0.8266792484417662, 0.4302163262799374, 0.024394443132344845, 0.8228508903490916, -0.10823004774138001, -0.5416958033840478, 0.3243193689217527, 0.01593085053380383, -0.08651223004131792, 0.21586873212778568, 0.3386247718111721, 0.17437906703262684, -0.9131734725267324, 0.04391192138675981, -0.28794098350042874, 0.26255881133145825, -0.35233170003541425, 0.038150541449996966, 0.4757427635613978, -0.896269077936376, 0.007886647654131274, -0.060150340473242636, 0.9695078225558975, 0.08290124810039279, -0.5993325500759878, -0.2661395759362928, 0.7771017499413204, 0.4483332750742235, 0.3092498942493589, -0.6636835766010227, 0.4585346250649518, -0.6005804368626401, -0.36626583453220096, -0.35761225597968804, -0.22595944865040818, 0.14503940649710123, 0.19655387666997526, 0.9493836298827554, -0.6826507752618749, 0.2839181854665911, -0.9822902186406948, -0.40204497919115345, 0.823223118483132, -0.5841389407963851, 0.482962104669197, 0.1479272793060347, 0.2141345725663102, 0.07998699549535382, 0.06119348241463762, 0.6707578793130251, -0.3948477166026374, 0.11806897948550565, 0.846369860157963, -0.6353143738432716, -0.9396973861009263, 0.3836062128598201, 0.06080266227257192, 0.3787949983173762, 0.01319559058455022, -0.7733654402717709, 0.8088808593601982, -0.8263436987812796, -0.834965615623912, 0.4593090582141979, -0.7066092794742058, 0.8969722095005521, -0.9423989544907891, 0.9639095134831084, 0.4321930660960791, -0.5385296860728921, 0.9376836770124262, -0.7944250329224172, -0.10931174765674578, -0.6874402738984369, 0.2838102566620244, -0.926501412945606, -0.7460566276553201, 0.3729173561964281, -0.4223484669676214, -0.22610851731547243, 0.10965337008469578, -0.6716380569856224, 0.6134957808460896, -0.9326960730917625, -0.8377640526790162, 0.006918676408037561, -0.5303341365524015, -1, -0.21631999175659788, 0.3641894689038139, -0.40542417028690236, 0.4872855842207944, -0.595950986327294, 0.6512728680929376, 0.7672827975486307, 0.7234564796485036, -0.09540890789334888, -0.563083420345635, -0.8185103026063425, -0.329863856458273, 0.6899923505075427, 0.6214953626639905, 0.3263913134594352, 0.9239266817527445, -0.6970695529262186, 0.9610253170044301, -0.3316063789501711, 0.8367759362879408, 0.7934823066101848, -0.4865185901050961]
493.631211956578	(8, 12, 2)	[-0.007700071745575077, -0.14394456609833295, 0.8971202122277206, -0.7839394884907476, 0.6725500285051251, 0.26292013476936066, 0.6298034026738271, 0.3740847873707147, -0.4650647169077804, -0.07288690996365421, 0.8266792484417662, 0.4302163262799374, 0.024394443132344845, 0.8228508903490916, -0.10823004774138001, -0.5416958033840478, 0.3243193689217527, 0.01593085053380383, -0.08651223004131792, 0.21586873212778568, 0.3386247718111721, 0.17437906703262684, -0.9131734725267324, 0.04391192138675981, -0.28794098350042874, 0.26255881133145825, -0.35233170003541425, 0.038150541449996966, 0.4757427635613978, -0.896269077936376, 0.007886647654131274, -0.060150340473242636, 0.9695078225558975, 0.08290124810039279, -0.5993325500759878, -0.2661395759362928, 0.7771017499413204, 0.4483332750742235, 0.3092498942493589, -0.6636835766010227, 0.4585346250649518, -0.6005804368626401, -0.36626583453220096, -0.35761225597968804, -0.22595944865040818, 0.14503940649710123, 0.19655387666997526, 0.9493836298827554, -0.6826507752618749, 0.2839181854665911, -0.9822902186406948, -0.40204497919115345, 0.823223118483132, -0.5841389407963851, 0.482962104669197, 0.1479272793060347, 0.2141345725663102, 0.07998699549535382, 0.06119348241463762, 0.6707578793130251, -0.3948477166026374, 0.11806897948550565, 0.846369860157963, -0.6353143738432716, -0.9396973861009263, 0.3836062128598201, 0.06080266227257192, 0.3787949983173762, 0.01319559058455022, -0.7733654402717709, 0.8088808593601982, -0.8263436987812796, -0.834965615623912, 0.4593090582141979, -0.7066092794742058, 0.8969722095005521, -0.9423989544907891, 0.9639095134831084, 0.4321930660960791, -0.5385296860728921, 0.9376836770124262, -0.7944250329224172, -0.10931174765674578, -0.6874402738984369, 0.2838102566620244, -0.926501412945606, -0.7460566276553201, 0.3729173561964281, -0.4223484669676214, -0.22610851731547243, 0.10965337008469578, -0.6716380569856224, 0.6134957808460896, -0.9326960730917625, -0.8377640526790162, 0.006918676408037561, -0.5303341365524015, -1, -0.21631999175659788, 0.3641894689038139, -0.40542417028690236, 0.4872855842207944, -0.595950986327294, 0.6512728680929376, 1, 0.7234564796485036, -0.09540890789334888, -0.563083420345635, -0.8185103026063425, -0.329863856458273, 0.6899923505075427, 0.6214953626639905, 0.3263913134594352, 0.9239266817527445, -0.6970695529262186, 0.9610253170044301, -0.3316063789501711, 0.8367759362879408, 0.7934823066101848, -0.4865185901050961]
497.25209181616515	(8, 12, 2)	[-0.007700071745575077, -0.14394456609833295, 0.9015151632838911, -0.5768744755911451, 0.6725500285051251, 0.26292013476936066, 0.6298034026738271, 0.3740847873707147, -0.4650647169077804, -0.07288690996365421, 0.8266792484417662, 0.44577685785213483, 0.024394443132344845, 0.8228508903490916, -0.10823004774138001, -0.5416958033840478, 0.3243193689217527, 0.01593085053380383, -0.05661321168684019, 0.21586873212778568, 0.3386247718111721, 0.17437906703262684, -0.9131734725267324, 0.04391192138675981, -0.28794098350042874, -0.012523677805232891, -0.35233170003541425, 0.038150541449996966, 0.4757427635613978, -0.896269077936376, 0.007886647654131274, -0.13928750395190298, 0.9695078225558975, 0.08290124810039279, -0.5993325500759878, -0.2661395759362928, 0.7771017499413204, 0.4483332750742235, 0.3092498942493589, -0.6636835766010227, 0.4585346250649518, -0.5279860975547152, -0.36626583453220096, -0.35761225597968804, -0.22595944865040818, 0.22285579651762877, 0.19655387666997526, 0.9493836298827554, -0.6826507752618749, 0.2839181854665911, -0.9822902186406948, -0.40204497919115345, 0.823223118483132, -0.5841389407963851, 0.3645834589930592, 0.1479272793060347, 0.2141345725663102, 0.07998699549535382, 0.06119348241463762, 0.6707578793130251, -0.3948477166026374, 0.11806897948550565, 1, -0.6353143738432716, -0.9396973861009263, 0.3836062128598201, 0.06080266227257192, 0.3787949983173762, 0.01319559058455022, -0.7733654402717709, 0.8088808593601982, -0.8263436987812796, -0.834965615623912, 0.4593090582141979, -0.7066092794742058, 1, -0.9423989544907891, 0.9639095134831084, 0.4321930660960791, -0.5385296860728921, 0.9384808865440246, -0.7944250329224172, -0.10931174765674578, -0.6874402738984369, 0.2838102566620244, -0.926501412945606, -0.7460566276553201, 0.3729173561964281, -0.4223484669676214, -0.2532793597764293, 0.10965337008469578, -0.6716380569856224, 0.14725752809115755, -0.9326960730917625, -0.8377640526790162, 0.006918676408037561, -0.626419925249531, -1, -0.21631999175659788, 0.3641894689038139, -0.40542417028690236, 0.4872855842207944, -0.595950986327294, 0.6512728680929376, 0.7672827975486307, 0.7234564796485036, -0.09540890789334888, -0.563083420345635, -0.6878818111600832, -0.329863856458273, 0.6899923505075427, 0.2922414016976753, 0.3263913134594352, 0.9239266817527445, -0.6107500169625331, 0.8907992310566567, -0.3316063789501711, 0.8367759362879408, 0.7934823066101848, -0.4865185901050961]
-18.851599162486643	(8, 12, 2)	[-0.007700071745575077, -0.14394456609833295, 0.8971202122277206, -0.7839394884907476, 0.6725500285051251, 0.26292013476936066, 0.6298034026738271, 0.3740847873707147, -0.4650647169077804, -0.07288690996365421, 0.8266792484417662, 0.4302163262799374, 0.024394443132344845, 0.8228508903490916, -0.10823004774138001, -0.5416958033840478, 0.3243193689217527, 0.01593085053380383, -0.08651223004131792, 0.21586873212778568, 0.3386247718111721, 0.17437906703262684, -0.9131734725267324, 0.04391192138675981, -0.28794098350042874, 0.26255881133145825, -0.35233170003541425, 0.038150541449996966, 0.6971455867981694, -1, 0.007886647654131274, -0.060150340473242636, 0.9695078225558975, 0.08290124810039279, -0.5993325500759878, -0.2661395759362928, 0.7771017499413204, 0.4483332750742235, 0.3092498942493589, -0.6636835766010227, 0.4585346250649518, -0.6005804368626401, -0.36626583453220096, -0.35761225597968804, -0.22595944865040818, 0.14503940649710123, 0.19655387666997526, 0.9493836298827554, -0.6826507752618749, 0.2839181854665911, -0.9822902186406948, -0.40204497919115345, 0.823223118483132, -0.5841389407963851, 0.482962104669197, 0.1479272793060347, 0.2141345725663102, 0.07998699549535382, 0.06119348241463762, 0.6707578793130251, -0.3948477166026374, 0.11806897948550565, 0.846369860157963, -0.6353143738432716, -0.9396973861009263, 0.3836062128598201, 0.06080266227257192, 0.3787949983173762, 0.01319559058455022, -0.7733654402717709, 0.8088808593601982, -0.8263436987812796, -0.834965615623912, 0.4593090582141979, -0.7066092794742058, 0.8969722095005521, -0.9423989544907891, 0.9639095134831084, 0.4321930660960791, -0.5385296860728921, 0.9376836770124262, -0.7944250329224172, -0.10931174765674578, -0.6874402738984369, 0.2838102566620244, -0.926501412945606, -0.7460566276553201, 0.3729173561964281, -0.4223484669676214, -0.22610851731547243, 0.10965337008469578, -0.6716380569856224, 0.6134957808460896, -0.9326960730917625, -0.8377640526790162, 0.006918676408037561, -0.5303341365524015, -1, -0.21631999175659788, 0.3641894689038139, -0.40542417028690236, 0.4872855842207944, -0.595950986327294, 0.6512728680929376, 0.7672827975486307, 0.7234564796485036, -0.09540890789334888, -0.563083420345635, -0.8185103026063425, -0.329863856458273, 0.6899923505075427, 0.6214953626639905, 0.3263913134594352, 0.9239266817527445, -0.6970695529262186, 0.9610253170044301, -0.3316063789501711, 0.8367759362879408, 0.7934823066101848, -0.4865185901050961]
488.63004450933545	(8, 12, 2)	[-0.007700071745575077, -0.14394456609833295, 1, -0.5176235313694769, 0.6725500285051251, 0.5633691202147479, 0.6298034026738271, 0.044683593501177565, -0.4650647169077804, -0.07288690996365421, 0.9066823787450593, 0.44577685785213483, 0.024394443132344845, 0.8228508903490916, -0.10823004774138001, -0.5416958033840478, 0.3243193689217527, 0.01593085053380383, -0.08651223004131792, 0.21586873212778568, 0.3386247718111721, 0.17437906703262684, -0.9131734725267324, 0.04391192138675981, -0.28794098350042874, -0.012523677805232891, -0.35233170003541425, 0.038150541449996966, 0.4757427635613978, -0.7141424989835821, 0.007886647654131274, -0.060150340473242636, 0.9695078225558975, 0.08290124810039279, -0.5993325500759878, -0.031100993039917257, 0.6628165604775027, 0.4483332750742235, 0.3092498942493589, -0.6636835766010227, 0.4585346250649518, -0.5279860975547152, -0.36626583453220096, -0.35761225597968804, -0.22595944865040818, 0.14503940649710123, 0.19655387666997526, 0.9493836298827554, -0.6826507752618749, 0.2839181854665911, -0.9822902186406948, -0.40204497919115345, 0.823223118483132, -0.5841389407963851, 0.3645834589930592, 0.1479272793060347, 0.2141345725663102, 0.07998699549535382, 0.06119348241463762, 0.6707578793130251, -0.3948477166026374, 0.11806897948550565, 1, -0.6353143738432716, -0.9396973861009263, 0.3836062128598201, 0.06080266227257192, 0.3787949983173762, 0.01319559058455022, -0.7733654402717709, 0.8088808593601982, -0.8263436987812796, -0.834965615623912, 0.4593090582141979, -0.7066092794742058, 1, -0.9423989544907891, 0.9639095134831084, 0.4321930660960791, -0.5385296860728921, 0.9384808865440246, -0.7944250329224172, -0.10931174765674578, -0.6874402738984369, 0.2838102566620244, -0.926501412945606, -0.7460566276553201, 0.3729173561964281, -0.4223484669676214, -0.22610851731547243, 0.10965337008469578, -0.6716380569856224, 0.38169494845837715, -0.9326960730917625, -0.8377640526790162, 0.006918676408037561, -0.626419925249531, -1, -0.21631999175659788, 0.3641894689038139, -0.40542417028690236, 0.4872855842207944, -0.595950986327294, 0.6512728680929376, 1, 0.7234564796485036, -0.09540890789334888, -0.563083420345635, -0.8185103026063425, -0.329863856458273, 0.6899923505075427, 0.35971963611357194, 0.3263913134594352, 0.9239266817527445, -0.6107500169625331, 0.9610253170044301, -0.3316063789501711, 0.8367759362879408, 0.7934823066101848, -0.4865185901050961]
-28.047423250973225	(8, 12, 2)	[-0.007700071745575077, -0.14394456609833295, 0.9015151632838911, -0.7839394884907476, 0.6725500285051251, 0.26292013476936066, 0.6298034026738271, 0.39671500191753084, -0.4650647169077804, -0.07288690996365421, 0.8266792484417662, 0.4302163262799374, 0.024394443132344845, 0.8228508903490916, -0.10823004774138001, -0.5416958033840478, 0.3243193689217527, 0.01593085053380383, -0.08651223004131792, 0.21586873212778568, 0.11495107586766373, 0.17437906703262684, -0.9131734725267324, 0.04391192138675981, -0.28794098350042874, 0.26255881133145825, -0.3080170650606096, 0.038150541449996966, 0.6971455867981694, -1, 0.007886647654131274, -0.060150340473242636, 0.9695078225558975, 0.08290124810039279, -0.5993325500759878, -0.2661395759362928, 0.7771017499413204, 0.4483332750742235, 0.3092498942493589, -0.6636835766010227, 0.4585346250649518, -0.6005804368626401, -0.36626583453220096, -0.35761225597968804, -0.22595944865040818, 0.14503940649710123, 0.19655387666997526, 0.9493836298827554, -0.6826507752618749, 0.2839181854665911, -0.9125830865975408, -0.40204497919115345, 0.823223118483132, -0.5841389407963851, 0.482962104669197, 0.1479272793060347, 0.2141345725663102, 0.07998699549535382, 0.06119348241463762, 0.6707578793130251, -0.3948477166026374, 0.11806897948550565, 0.846369860157963, -0.6353143738432716, -0.9396973861009263, 0.3836062128598201, 0.06080266227257192, 0.3787949983173762, 0.01319559058455022, -0.7733654402717709, 0.8088808593601982, -0.8263436987812796, -0.834965615623912, 0.4593090582141979, -0.7066092794742058, 0.8969722095005521, -0.9423989544907891, 0.9639095134831084, 0.4321930660960791, -0.5385296860728921, 0.9376836770124262, -0.7944250329224172, -0.10931174765674578, -0.6874402738984369, 0.2838102566620244, -0.926501412945606, -0.7460566276553201, 0.3729173561964281, -0.4223484669676214, -0.2532793597764293, 0.10965337008469578, -0.6716380569856224, 0.14725752809115755, -0.9326960730917625, -0.8377640526790162, 0.006918676408037561, -0.626419925249531, -1, -0.21631999175659788, 0.3641894689038139, -0.40542417028690236, 0.4872855842207944, -0.595950986327294, 0.6512728680929376, 0.7672827975486307, 0.7234564796485036, -0.030639249843362748, -0.563083420345635, -0.8185103026063425, -0.329863856458273, 0.6899923505075427, 0.6214953626639905, 0.5855284361528118, 0.9239266817527445, -0.6970695529262186, 0.9610253170044301, -0.3316063789501711, 0.8367759362879408, 0.7934823066101848, -0.4865185901050961]
-21.31610531359911	(8, 12, 2)	[-0.007700071745575077, -0.14394456609833295, 0.9015151632838911, -0.5768744755911451, 0.6725500285051251, 0.26292013476936066, 0.6298034026738271, 0.3740847873707147, -0.4650647169077804, -0.07288690996365421, 0.8266792484417662, 0.44577685785213483, 0.024394443132344845, 0.8228508903490916, -0.10823004774138001, -0.5416958033840478, 0.3243193689217527, 0.01593085053380383, -0.08651223004131792, 0.21586873212778568, 0.3386247718111721, 0.17437906703262684, -0.9131734725267324, 0.04391192138675981, -0.28794098350042874, -0.012523677805232891, -0.35233170003541425, 0.038150541449996966, 0.4757427635613978, -0.7141424989835821, 0.007886647654131274, -0.060150340473242636, 0.9695078225558975, 0.08290124810039279, -0.5993325500759878, -0.031100993039917257, 0.6628165604775027, 0.4483332750742235, 0.3092498942493589, -0.6636835766010227, 0.4585346250649518, -0.5279860975547152, -0.36626583453220096, -0.35761225597968804, -0.22595944865040818, 0.14503940649710123, 0.19655387666997526, 0.9493836298827554, -0.6826507752618749, 0.2839181854665911, -0.9822902186406948, -0.40204497919115345, 0.823223118483132, -0.5841389407963851, 0.3645834589930592, 0.1479272793060347, 0.2141345725663102, 0.07998699549535382, 0.06119348241463762, 0.6707578793130251, -0.3948477166026374, 0.11806897948550565, 1, -0.6353143738432716, -0.9396973861009263, 0.3836062128598201, 0.06080266227257192, 0.3787949983173762, 0.01319559058455022, -0.7733654402717709, 0.8088808593601982, -0.8263436987812796, -0.834965615623912, 0.4593090582141979, -0.7066092794742058, 1, -0.9423989544907891, 0.9639095134831084, 0.4321930660960791, -0.5385296860728921, 0.9384808865440246, -0.7944250329224172, -0.10931174765674578, -0.6874402738984369, 0.2838102566620244, -0.926501412945606, -0.7460566276553201, 0.3729173561964281, -0.4223484669676214, -0.2532793597764293, 0.10965337008469578, -0.6716380569856224, 0.14725752809115755, -0.9326960730917625, -0.8377640526790162, 0.006918676408037561, -0.626419925249531, -1, -0.21631999175659788, 0.3641894689038139, -0.40542417028690236, 0.4872855842207944, -0.595950986327294, 0.6512728680929376, 0.7672827975486307, 0.7234564796485036, -0.030639249843362748, -0.563083420345635, -0.8185103026063425, -0.5142482304945655, 0.6899923505075427, 0.6214953626639905, 0.3263913134594352, 0.9239266817527445, -0.6466778365277253, 0.9610253170044301, -0.3316063789501711, 0.8367759362879408, 0.7934823066101848, -0.4865185901050961]
-15.209110168507323	(8, 12, 2)	[-0.007700071745575077, -0.14394456609833295, 0.9015151632838911, -0.7839394884907476, 0.6725500285051251, 0.26292013476936066, 0.6298034026738271, 0.3740847873707147, -0.4650647169077804, -0.07288690996365421, 0.8266792484417662, 0.4302163262799374, 0.024394443132344845, 0.8228508903490916, -0.10823004774138001, -0.5416958033840478, 0.3243193689217527, 0.01593085053380383, -0.08651223004131792, 0.21586873212778568, 0.3386247718111721, 0.17437906703262684, -0.9131734725267324, 0.04391192138675981, -0.28794098350042874, 0.26255881133145825, -0.20815787441945877, 0.038150541449996966, 0.6971455867981694, -1, 0.007886647654131274, -0.060150340473242636, 0.9695078225558975, 0.08290124810039279, -0.5993325500759878, -0.2661395759362928, 0.7771017499413204, 0.4483332750742235, 0.3092498942493589, -0.6636835766010227, 0.4585346250649518, -0.6005804368626401, -0.36626583453220096, -0.35761225597968804, -0.22595944865040818, 0.14503940649710123, 0.19655387666997526, 0.9493836298827554, -0.6826507752618749, 0.2839181854665911, -0.9822902186406948, -0.40204497919115345, 0.823223118483132, -0.5841389407963851, 0.482962104669197, 0.1479272793060347, 0.5676148231307003, 0.008041512750132027, 0.06119348241463762, 0.6707578793130251, -0.3163242539863484, 0.11806897948550565, 0.846369860157963, -0.2915548012904405, -0.9396973861009263, 0.3836062128598201, 0.06080266227257192, 0.3787949983173762, 0.01319559058455022, -0.7733654402717709, 0.8088808593601982, -0.8263436987812796, -0.834965615623912, 0.4593090582141979, -0.7066092794742058, 0.8969722095005521, -0.7890846007507673, 0.9639095134831084, 0.4790183306549666, -0.5385296860728921, 0.9376836770124262, -0.7944250329224172, -0.10931174765674578, -0.6874402738984369, 0.2838102566620244, -0.926501412945606, -0.7460566276553201, 0.3729173561964281, -0.4223484669676214, -0.2532793597764293, 0.10965337008469578, -0.6716380569856224, 0.14725752809115755, -0.9326960730917625, -0.8377640526790162, 0.006918676408037561, -0.626419925249531, -1, -0.21631999175659788, 0.3641894689038139, -0.40542417028690236, 0.4872855842207944, -0.595950986327294, 0.6512728680929376, 0.7672827975486307, 0.7234564796485036, -0.030639249843362748, -0.5107937073396668, -0.8185103026063425, -0.329863856458273, 0.6899923505075427, 0.6214953626639905, 0.5855284361528118, 0.9239266817527445, -0.6970695529262186, 0.9610253170044301, -0.3316063789501711, 0.8367759362879408, 0.7934823066101848, -0.4865185901050961]
-32.834212109446526	(8, 12, 2)	[-0.007700071745575077, -0.14394456609833295, 0.9015151632838911, -0.5768744755911451, 0.6725500285051251, 0.25375044560171583, 0.6298034026738271, 0.3740847873707147, -0.4650647169077804, -0.07288690996365421, 0.8266792484417662, 0.44577685785213483, 0.024394443132344845, 0.8228508903490916, -0.10823004774138001, -0.5416958033840478, 0.3243193689217527, -0.31481955340157813, -0.05661321168684019, 0.21586873212778568, 0.3386247718111721, 0.17437906703262684, -0.9131734725267324, 0.04391192138675981, -0.28794098350042874, 0.26255881133145825, -0.20815787441945877, 0.038150541449996966, 0.6971455867981694, -1, 0.007886647654131274, -0.060150340473242636, 0.9695078225558975, 0.08290124810039279, -0.5993325500759878, -0.2661395759362928, 0.7771017499413204, 0.4483332750742235, 0.3092498942493589, -0.6636835766010227, 0.4585346250649518, -0.6005804368626401, -0.36626583453220096, -0.35761225597968804, -0.22595944865040818, 0.14503940649710123, 0.19655387666997526, 0.9493836298827554, -0.6826507752618749, 0.2839181854665911, -0.9822902186406948, -0.40204497919115345, 0.823223118483132, -0.5841389407963851, 0.482962104669197, 0.1479272793060347, 0.5676148231307003, 0.008041512750132027, 0.06119348241463762, 0.6707578793130251, -0.3163242539863484, 0.11806897948550565, 0.846369860157963, -0.2915548012904405, -0.9396973861009263, 0.3836062128598201, 0.06080266227257192, 0.3787949983173762, 0.01319559058455022, -0.7733654402717709, 0.8088808593601982, -0.8263436987812796, -0.834965615623912, 0.4593090582141979, -0.7066092794742058, 1, -0.9423989544907891, 0.9639095134831084, 0.4321930660960791, -0.5385296860728921, 0.9384808865440246, -0.7944250329224172, -0.10931174765674578, -0.6874402738984369, 0.2838102566620244, -0.926501412945606, -0.7460566276553201, 0.3729173561964281, -0.4223484669676214, -0.2532793597764293, 0.10965337008469578, -0.6716380569856224, 0.14725752809115755, -0.9326960730917625, -0.8377640526790162, 0.006918676408037561, -0.626419925249531, -1, -0.21631999175659788, 0.3641894689038139, -0.40542417028690236, 0.4872855842207944, -0.595950986327294, 0.6512728680929376, 0.7672827975486307, 0.5157562353757252, -0.030639249843362748, -0.563083420345635, -0.8185103026063425, -0.329863856458273, 0.6899923505075427, 0.6214953626639905, 0.3263913134594352, 0.9239266817527445, -0.528651042800399, 0.9610253170044301, -0.3316063789501711, 0.8367759362879408, 0.7934823066101848, -0.4865185901050961]
-19.067552383057773	(8, 12, 2)	[-0.007700071745575077, -0.14394456609833295, 0.9015151632838911, -0.7839394884907476, 0.6725500285051251, 0.26292013476936066, 0.6298034026738271, 0.39671500191753084, -0.4650647169077804, -0.07288690996365421, 0.8266792484417662, 0.4302163262799374, 0.024394443132344845, 0.8228508903490916, -0.10823004774138001, -0.5416958033840478, 0.3243193689217527, 0.01593085053380383, -0.08651223004131792, 0.21586873212778568, 0.11495107586766373, 0.17437906703262684, -0.9131734725267324, 0.04391192138675981, -0.28794098350042874, 0.26255881133145825, -0.3080170650606096, 0.038150541449996966, 0.6971455867981694, -1, 0.007886647654131274, -0.060150340473242636, 0.9695078225558975, 0.08290124810039279, -0.5993325500759878, -0.2661395759362928, 0.7771017499413204, 0.4483332750742235, 0.5384197166622016, -0.6636835766010227, 0.4585346250649518, -0.6005804368626401, -0.36626583453220096, -0.35761225597968804, -0.22595944865040818, 0.14503940649710123, 0.19655387666997526, 0.9493836298827554, -0.6826507752618749, 0.2839181854665911, -0.9125830865975408, -0.40204497919115345, 0.823223118483132, -0.5841389407963851, 0.482962104669197, 0.1479272793060347, 0.2141345725663102, 0.07998699549535382, 0.06119348241463762, 0.6707578793130251, -0.3948477166026374, 0.11806897948550565, 0.846369860157963, -0.6353143738432716, -0.9396973861009263, 0.3836062128598201, 0.06080266227257192, 0.3787949983173762, 0.01319559058455022, -0.7733654402717709, 0.8088808593601982, -0.8263436987812796, -0.834965615623912, 0.4593090582141979, -0.7066092794742058, 0.8969722095005521, -0.9423989544907891, 0.825689278769924, 0.4321930660960791, -0.5385296860728921, 0.9376836770124262, -0.7944250329224172, -0.10931174765674578, -0.6874402738984369, 0.2838102566620244, -0.926501412945606, -0.7460566276553201, 0.3729173561964281, -0.4223484669676214, -0.2532793597764293, 0.10965337008469578, -0.6716380569856224, 0.14725752809115755, -0.9326960730917625, -0.8377640526790162, 0.006918676408037561, -0.626419925249531, -1, -0.21631999175659788, 0.3641894689038139, -0.40542417028690236, 0.4979642457427109, -0.595950986327294, 0.6512728680929376, 0.7672827975486307, 0.7234564796485036, -0.030639249843362748, -0.563083420345635, -0.8185103026063425, -0.329863856458273, 0.6899923505075427, 0.6214953626639905, 0.5855284361528118, 0.9239266817527445, -0.6970695529262186, 0.9610253170044301, -0.3316063789501711, 0.8367759362879408, 0.7934823066101848, -0.4865185901050961]
-16.665402241051197	(8, 12, 2)	[-0.007700071745575077, -0.14394456609833295, 0.9015151632838911, -0.7839394884907476, 0.6725500285051251, 0.26292013476936066, 0.6298034026738271, 0.3740847873707147, -0.4650647169077804, -0.07288690996365421, 0.8266792484417662, 0.4302163262799374, 0.024394443132344845, 0.8228508903490916, -0.10823004774138001, -0.5416958033840478, 0.3243193689217527, 0.01593085053380383, -0.08651223004131792, 0.21586873212778568, 0.3386247718111721, 0.17437906703262684, -0.9131734725267324, 0.04391192138675981, -0.28794098350042874, 0.26255881133145825, -0.20815787441945877, 0.038150541449996966, 0.6971455867981694, -1, 0.007886647654131274, -0.060150340473242636, 0.9695078225558975, 0.08290124810039279, -0.5993325500759878, -0.2661395759362928, 0.7771017499413204, 0.4483332750742235, 0.3092498942493589, -0.6636835766010227, 0.4585346250649518, -0.6005804368626401, -0.36626583453220096, -0.35761225597968804, -0.22595944865040818, 0.14503940649710123, 0.19655387666997526, 0.9493836298827554, -0.6826507752618749, 0.2839181854665911, -0.9822902186406948, -0.40204497919115345, 0.823223118483132, -0.5841389407963851, 0.482962104669197, 0.1479272793060347, 0.5676148231307003, 0.008041512750132027, 0.06119348241463762, 0.6707578793130251, -0.3163242539863484, 0.11806897948550565, 0.846369860157963, -0.2915548012904405, -0.9396973861009263, 0.3836062128598201, 0.06080266227257192, 0.3787949983173762, 0.01319559058455022, -0.7733654402717709, 0.8088808593601982, -0.8263436987812796, -0.834965615623912, 0.4593090582141979, -0.7066092794742058, 0.8969722095005521, -0.7890846007507673, 0.9639095134831084, 0.4790183306549666, -0.5385296860728921, 0.9376836770124262, -0.5894334524654343, -0.10931174765674578, -0.6874402738984369, 0.2838102566620244, -0.926501412945606, -0.7460566276553201, 0.3729173561964281, -0.4223484669676214, -0.2532793597764293, 0.10965337008469578, -0.6716380569856224, 0.14725752809115755, -0.9326960730917625, -0.939493855183408, 0.006918676408037561, -0.626419925249531, -1, -0.21631999175659788, 0.3641894689038139, -0.40542417028690236, 0.4872855842207944, -0.595950986327294, 0.6512728680929376, 0.7672827975486307, 0.7234564796485036, -0.030639249843362748, -0.5107937073396668, -0.8185103026063425, -0.329863856458273, 0.6899923505075427, 0.6214953626639905, 0.5855284361528118, 0.9239266817527445, -0.6970695529262186, 0.9610253170044301, -0.3316063789501711, 0.8367759362879408, 0.7934823066101848, -0.4865185901050961]
-28.787723183631897	(8, 12, 2)	[-0.007700071745575077, -0.14394456609833295, 0.9015151632838911, -0.7839394884907476, 0.6725500285051251, 0.26292013476936066, 0.6298034026738271, 0.39671500191753084, -0.4650647169077804, -0.07288690996365421, 0.8266792484417662, 0.4302163262799374, 0.024394443132344845, 0.8228508903490916, -0.10823004774138001, -0.5416958033840478, 0.3243193689217527, 0.01593085053380383, -0.08651223004131792, 0.21586873212778568, 0.3386247718111721, 0.17437906703262684, -0.9131734725267324, 0.04391192138675981, -0.28794098350042874, 0.26255881133145825, -0.3080170650606096, 0.038150541449996966, 0.6971455867981694, -1, 0.007886647654131274, -0.060150340473242636, 0.9695078225558975, 0.08290124810039279, -0.5993325500759878, -0.2661395759362928, 0.7771017499413204, 0.4483332750742235, 0.5384197166622016, -0.6636835766010227, 0.4585346250649518, -0.6005804368626401, -0.36626583453220096, -0.35761225597968804, -0.22595944865040818, 0.14503940649710123, 0.19655387666997526, 0.9493836298827554, -0.6826507752618749, 0.2839181854665911, -0.9125830865975408, -0.40204497919115345, 0.823223118483132, -0.5841389407963851, 0.482962104669197, 0.1479272793060347, 0.2141345725663102, 0.07998699549535382, 0.06119348241463762, 0.6707578793130251, -0.3948477166026374, 0.11806897948550565, 0.846369860157963, -0.6353143738432716, -0.9396973861009263, 0.3836062128598201, 0.06080266227257192, 0.3787949983173762, 0.01319559058455022, -0.7733654402717709, 0.8088808593601982, -0.9044618221216469, -0.834965615623912, 0.4593090582141979, -0.7066092794742058, 0.8969722095005521, -0.9423989544907891, 0.825689278769924, 0.4321930660960791, -0.5385296860728921, 0.9376836770124262, -0.7944250329224172, -0.10931174765674578, -0.6874402738984369, 0.2838102566620244, -0.926501412945606, -0.7460566276553201, 0.3729173561964281, -0.4223484669676214, -0.2532793597764293, 0.10965337008469578, -0.6716380569856224, 0.14725752809115755, -0.7161301338040499, -0.8377640526790162, 0.006918676408037561, -0.626419925249531, -1, -0.21631999175659788, 0.3641894689038139, -0.40542417028690236, 0.4872855842207944, -0.595950986327294, 0.6512728680929376, 0.7672827975486307, 0.7234564796485036, -0.030639249843362748, -0.563083420345635, -0.8185103026063425, -0.329863856458273, 0.6899923505075427, 0.6214953626639905, 0.5855284361528118, 0.9239266817527445, -0.6970695529262186, 0.9610253170044301, -0.3316063789501711, 0.8367759362879408, 0.7934823066101848, -0.4865185901050961]
475.3003429621458	(8, 12, 2)	[-0.007700071745575077, -0.14394456609833295, 0.9015151632838911, -0.7839394884907476, 0.6725500285051251, 0.26292013476936066, 0.6298034026738271, 0.39671500191753084, -0.4650647169077804, -0.21745075743498266, 0.8266792484417662, 0.4302163262799374, 0.024394443132344845, 0.8228508903490916, -0.37312838095780937, -0.5416958033840478, 0.20572434037928997, -0.3203173219369484, -0.05661321168684019, 0.21586873212778568, 0.3386247718111721, 0.22974569480122314, -0.9269317759394657, 0.04391192138675981, -0.28794098350042874, -0.012523677805232891, -0.35233170003541425, 0.038150541449996966, 0.6307375911589648, -0.896269077936376, 0.007886647654131274, -0.13928750395190298, 0.9695078225558975, 0.08290124810039279, -0.5993325500759878, -0.2661395759362928, 1, 0.4483332750742235, 0.3092498942493589, -0.6636835766010227, 0.4585346250649518, -0.5279860975547152, -0.36626583453220096, -0.35761225597968804, -0.22595944865040818, 0.22285579651762877, -0.28238804341474644, 0.9493836298827554, -0.6826507752618749, 0.2839181854665911, -0.9822902186406948, -0.40204497919115345, 0.823223118483132, -0.5841389407963851, 0.3645834589930592, 0.1479272793060347, 0.2141345725663102, 0.07998699549535382, 0.06119348241463762, 0.6707578793130251, -0.3948477166026374, 0.11806897948550565, 0.846369860157963, -0.6353143738432716, -0.9396973861009263, 0.3836062128598201, 0.06080266227257192, 0.3787949983173762, 0.01319559058455022, -0.7733654402717709, 0.8088808593601982, -0.8263436987812796, -0.834965615623912, 0.4593090582141979, -0.7066092794742058, 1, -0.9423989544907891, 1, 0.4321930660960791, -0.6107952842902122, 0.9384808865440246, -0.7944250329224172, -0.10931174765674578, -0.6874402738984369, 0.2838102566620244, -0.926501412945606, -0.7460566276553201, 0.3729173561964281, -0.4223484669676214, -0.2532793597764293, 0.10965337008469578, -0.6716380569856224, 0.14725752809115755, -0.9326960730917625, -0.8377640526790162, 0.006918676408037561, -0.626419925249531, -1, -0.21631999175659788, 0.3641894689038139, -0.40542417028690236, 0.4872855842207944, -0.595950986327294, 0.6512728680929376, 0.7672827975486307, 0.7234564796485036, -0.030639249843362748, -0.563083420345635, -0.8185103026063425, -0.329863856458273, 0.6899923505075427, 0.6214953626639905, 0.3263913134594352, 0.9239266817527445, -0.6466778365277253, 0.9610253170044301, -0.3316063789501711, 0.8367759362879408, 0.5792889494227891, -0.4865185901050961]
-21.281412849202752	(8, 12, 2)	[-0.007700071745575077, -0.14394456609833295, 0.9015151632838911, -0.7839394884907476, 0.6725500285051251, 0.26292013476936066, 0.6298034026738271, 0.39671500191753084, -0.4650647169077804, -0.07288690996365421, 0.8266792484417662, 0.4302163262799374, 0.024394443132344845, 0.8228508903490916, -0.37312838095780937, -0.5416958033840478, 0.3243193689217527, 0.01593085053380383, -0.08651223004131792, 0.21586873212778568, 0.11495107586766373, 0.17437906703262684, -0.9131734725267324, 0.04391192138675981, -0.28794098350042874, 0.26255881133145825, -0.3080170650606096, 0.038150541449996966, 0.6971455867981694, -1, 0.007886647654131274, -0.060150340473242636, 0.9695078225558975, 0.08290124810039279, -0.5993325500759878, -0.2661395759362928, 0.5514735393593068, 0.4483332750742235, 0.5384197166622016, -0.6636835766010227, 0.4585346250649518, -0.6005804368626401, -0.36626583453220096, -0.35761225597968804, -0.22595944865040818, 0.14503940649710123, 0.19655387666997526, 0.9493836298827554, -0.6826507752618749, 0.2839181854665911, -0.9125830865975408, -0.40204497919115345, 0.823223118483132, -0.5841389407963851, 0.482962104669197, 0.1479272793060347, 0.2141345725663102, 0.07998699549535382, 0.06119348241463762, 0.6707578793130251, -0.3948477166026374, 0.11806897948550565, 0.846369860157963, -0.6353143738432716, -0.9396973861009263, 0.3836062128598201, 0.06080266227257192, 0.3787949983173762, 0.01319559058455022, -0.7733654402717709, 0.8088808593601982, -0.8263436987812796, -0.834965615623912, 0.4593090582141979, -0.7066092794742058, 0.8969722095005521, -0.9423989544907891, 0.825689278769924, 0.4321930660960791, -0.5385296860728921, 0.9376836770124262, -0.7944250329224172, -0.10931174765674578, -0.6874402738984369, 0.2838102566620244, -0.926501412945606, -0.7460566276553201, 0.25911592991954147, -0.4223484669676214, -0.2532793597764293, 0.10965337008469578, -0.6716380569856224, 0.14725752809115755, -0.7161301338040499, -0.8377640526790162, 0.006918676408037561, -0.626419925249531, -1, -0.21631999175659788, 0.3641894689038139, -0.40542417028690236, 0.5185448446920391, -0.595950986327294, 0.6512728680929376, 0.7672827975486307, 0.7234564796485036, -0.030639249843362748, -0.563083420345635, -0.8185103026063425, -0.329863856458273, 0.6899923505075427, 0.6214953626639905, 0.5855284361528118, 0.9239266817527445, -0.6970695529262186, 0.9610253170044301, -0.3316063789501711, 0.8367759362879408, 0.7934823066101848, -0.4865185901050961]
488.88330017216504	(8, 12, 2)	[-0.007700071745575077, -0.14394456609833295, 0.9015151632838911, -0.7839394884907476, 0.6721028220318017, 0.26292013476936066, 0.6298034026738271, 0.39671500191753084, -0.4650647169077804, -0.07288690996365421, 0.8266792484417662, 0.4302163262799374, 0.024394443132344845, 0.8228508903490916, -0.10823004774138001, -0.5416958033840478, 0.3243193689217527, 0.01593085053380383, -0.08651223004131792, 0.21586873212778568, 0.3386247718111721, 0.17437906703262684, -0.9131734725267324, 0.04391192138675981, -0.28794098350042874, 0.26255881133145825, -0.3080170650606096, 0.038150541449996966, 0.6971455867981694, -1, 0.007886647654131274, -0.060150340473242636, 0.9695078225558975, 0.08290124810039279, -0.5993325500759878, -0.2661395759362928, 0.7771017499413204, 0.4483332750742235, 0.5384197166622016, -0.6636835766010227, 0.4585346250649518, -0.6005804368626401, -0.36626583453220096, -0.35761225597968804, -0.22595944865040818, 0.14503940649710123, 0.19655387666997526, 0.9493836298827554, -0.6826507752618749, 0.2839181854665911, -0.9125830865975408, -0.40204497919115345, 0.823223118483132, -0.5841389407963851, 0.482962104669197, 0.1479272793060347, 0.2141345725663102, -0.09643201467810461, 0.06119348241463762, 0.6707578793130251, -0.3948477166026374, 0.11806897948550565, 0.846369860157963, -0.6353143738432716, -0.9396973861009263, 0.3836062128598201, 0.06080266227257192, 0.3787949983173762, 0.01319559058455022, -0.7733654402717709, 0.8088808593601982, -0.8263436987812796, -0.834965615623912, 0.4593090582141979, -0.7066092794742058, 0.8969722095005521, -0.9423989544907891, 0.825689278769924, 0.4321930660960791, -0.5385296860728921, 0.7951109874037989, -0.7944250329224172, -0.10931174765674578, -0.6874402738984369, 0.2838102566620244, -0.926501412945606, -0.7460566276553201, 0.3729173561964281, -0.4223484669676214, -0.2532793597764293, 0.10965337008469578, -0.6716380569856224, 0.14725752809115755, -0.7161301338040499, -0.8377640526790162, 0.006918676408037561, -0.626419925249531, -1, -0.21631999175659788, 0.3641894689038139, -0.40542417028690236, 0.4872855842207944, -0.595950986327294, 0.6512728680929376, 0.7672827975486307, 0.7234564796485036, -0.030639249843362748, -0.563083420345635, -0.8185103026063425, -0.329863856458273, 0.6899923505075427, 0.6214953626639905, 0.5855284361528118, 0.9239266817527445, -0.6970695529262186, 0.9610253170044301, -0.14205088969663232, 0.8367759362879408, 0.7934823066101848, -0.4865185901050961]
-14.09231685101986	(8, 12, 2)	[-0.007700071745575077, -0.14394456609833295, 0.9015151632838911, -0.7839394884907476, 0.6725500285051251, 0.26292013476936066, 0.6298034026738271, 0.39671500191753084, -0.4650647169077804, -0.21745075743498266, 0.8266792484417662, 0.4302163262799374, 0.024394443132344845, 0.8228508903490916, -0.37312838095780937, -0.5416958033840478, 0.3243193689217527, 0.01593085053380383, -0.08651223004131792, 0.21586873212778568, 0.11495107586766373, 0.17437906703262684, -0.9131734725267324, 0.04391192138675981, -0.28794098350042874, 0.43283525724243366, -0.3080170650606096, 0.038150541449996966, 0.6971455867981694, -1, 0.007886647654131274, -0.060150340473242636, 0.9695078225558975, 0.08290124810039279, -0.5993325500759878, -0.2661395759362928, 0.5514735393593068, 0.4483332750742235, 0.5384197166622016, -0.6636835766010227, 0.4585346250649518, -0.6005804368626401, -0.36626583453220096, -0.35761225597968804, -0.22595944865040818, 0.14503940649710123, 0.19655387666997526, 0.9493836298827554, -0.6826507752618749, 0.2839181854665911, -0.9125830865975408, -0.40204497919115345, 0.823223118483132, -0.5841389407963851, 0.482962104669197, 0.1479272793060347, 0.2141345725663102, 0.07998699549535382, 0.5853002339910018, 0.6707578793130251, -0.3948477166026374, 0.11806897948550565, 0.846369860157963, -0.7700735200947766, -0.9396973861009263, 0.3836062128598201, 0.06080266227257192, 0.3787949983173762, 0.01319559058455022, -0.7733654402717709, 0.8088808593601982, -0.8263436987812796, -0.834965615623912, 0.4593090582141979, -0.7066092794742058, 0.8969722095005521, -1, 0.825689278769924, 0.4321930660960791, -0.5385296860728921, 0.9376836770124262, -0.7944250329224172, -0.10931174765674578, -0.6874402738984369, 0.2838102566620244, -0.926501412945606, -0.7460566276553201, 0.3729173561964281, -0.4223484669676214, -0.2532793597764293, 0.10965337008469578, -0.6716380569856224, 0.14725752809115755, -0.7793601823416197, -0.8377640526790162, 0.006918676408037561, -0.626419925249531, -1, -0.21631999175659788, 0.3641894689038139, -0.40542417028690236, 0.4872855842207944, -0.595950986327294, 0.6512728680929376, 0.7672827975486307, 0.7234564796485036, -0.030639249843362748, -0.563083420345635, -0.8185103026063425, -0.329863856458273, 0.6899923505075427, 0.6214953626639905, 0.5855284361528118, 0.8946660325384419, -0.6970695529262186, 0.9610253170044301, -0.3316063789501711, 0.8367759362879408, 0.7934823066101848, -0.4865185901050961]
487.9177402704954	(8, 12, 2)	[-0.007700071745575077, -0.14394456609833295, 0.9015151632838911, -0.7839394884907476, 0.4472332584077551, 0.26292013476936066, 0.6298034026738271, 0.39671500191753084, -0.4650647169077804, -0.07288690996365421, 0.8266792484417662, 0.4302163262799374, 0.024394443132344845, 0.8228508903490916, -0.37312838095780937, -0.5416958033840478, 0.3243193689217527, 0.01593085053380383, -0.08651223004131792, 0.21170238839028785, 0.11495107586766373, 0.17437906703262684, -0.9131734725267324, 0.04391192138675981, -0.28794098350042874, 0.26255881133145825, -0.3080170650606096, 0.038150541449996966, 0.6971455867981694, -1, 0.007886647654131274, -0.060150340473242636, 0.9695078225558975, 0.03384113974996014, -0.5993325500759878, -0.2661395759362928, 0.7771017499413204, 0.4483332750742235, 0.5384197166622016, -0.6636835766010227, 0.4585346250649518, -0.6005804368626401, -0.36626583453220096, -0.35761225597968804, -0.22595944865040818, -0.004558944196658088, 0.19655387666997526, 0.9493836298827554, -0.6826507752618749, 0.2839181854665911, -0.9125830865975408, -0.40204497919115345, 0.823223118483132, -0.5841389407963851, 0.482962104669197, 0.1479272793060347, 0.2141345725663102, 0.07998699549535382, 0.06119348241463762, 0.6707578793130251, -0.3948477166026374, 0.11806897948550565, 0.846369860157963, -0.6353143738432716, -0.9396973861009263, 0.3836062128598201, 0.06080266227257192, 0.3787949983173762, 0.01319559058455022, -0.7733654402717709, 0.8088808593601982, -0.8263436987812796, -0.834965615623912, 0.4593090582141979, -0.7066092794742058, 0.8969722095005521, -1, 0.825689278769924, 0.4321930660960791, -0.5385296860728921, 0.9376836770124262, -0.7944250329224172, -0.10931174765674578, -0.6874402738984369, 0.2838102566620244, -0.926501412945606, -0.7460566276553201, 0.3729173561964281, -0.4223484669676214, -0.2532793597764293, 0.10965337008469578, -0.6716380569856224, 0.14725752809115755, -0.7161301338040499, -0.8377640526790162, 0.06978405794010498, -0.626419925249531, -1, -0.21631999175659788, 0.21455483707951242, -0.40542417028690236, 0.4872855842207944, -0.595950986327294, 0.6512728680929376, 0.7672827975486307, 0.7234564796485036, -0.030639249843362748, -0.563083420345635, -0.8185103026063425, -0.329863856458273, 0.6899923505075427, 0.6214953626639905, 0.5855284361528118, 0.9239266817527445, -0.6970695529262186, 0.9610253170044301, -0.3316063789501711, 0.8367759362879408, 0.7934823066101848, -0.4865185901050961]
485.8087142929435	(8, 12, 2)	[-0.007700071745575077, -0.14394456609833295, 0.9015151632838911, -0.7839394884907476, 0.6725500285051251, 0.26292013476936066, 0.6298034026738271, 0.39671500191753084, -0.4650647169077804, -0.21745075743498266, 0.8266792484417662, 0.4302163262799374, 0.024394443132344845, 0.8228508903490916, -0.37312838095780937, -0.5416958033840478, 0.3243193689217527, 0.01593085053380383, -0.08651223004131792, 0.21586873212778568, 0.11495107586766373, 0.17437906703262684, -0.9131734725267324, 0.04391192138675981, -0.28794098350042874, 0.43283525724243366, -0.3080170650606096, 0.038150541449996966, 0.6971455867981694, -1, 0.007886647654131274, -0.060150340473242636, 0.9695078225558975, 0.03384113974996014, -0.5993325500759878, -0.2661395759362928, 0.7771017499413204, 0.4483332750742235, 0.5384197166622016, -0.6636835766010227, 0.4585346250649518, -0.6005804368626401, -0.36626583453220096, -0.35761225597968804, -0.22595944865040818, 0.14503940649710123, 0.19655387666997526, 0.9493836298827554, -0.6826507752618749, 0.32341692957050255, -0.9125830865975408, -0.40204497919115345, 0.823223118483132, -0.5841389407963851, 0.482962104669197, 0.1479272793060347, 0.2141345725663102, 0.07998699549535382, 0.06119348241463762, 0.6707578793130251, -0.3948477166026374, 0.11806897948550565, 0.846369860157963, -0.6353143738432716, -0.9396973861009263, 0.3836062128598201, 0.06080266227257192, 0.3787949983173762, 0.01319559058455022, -0.7733654402717709, 0.8088808593601982, -0.9044618221216469, -0.834965615623912, 0.4593090582141979, -0.7066092794742058, 0.8969722095005521, -0.9423989544907891, 1, 0.5941897065264616, -0.5385296860728921, 0.9376836770124262, -0.7944250329224172, -0.10931174765674578, -0.6874402738984369, 0.2838102566620244, -0.926501412945606, -0.7460566276553201, 0.3729173561964281, -0.4223484669676214, -0.2532793597764293, 0.10965337008469578, -0.6716380569856224, 0.14725752809115755, -0.7161301338040499, -0.8377640526790162, 0.006918676408037561, -0.626419925249531, -1, -0.21631999175659788, 0.3641894689038139, -0.40542417028690236, 0.4872855842207944, -0.595950986327294, 0.6512728680929376, 0.7672827975486307, 0.7234564796485036, -0.030639249843362748, -0.563083420345635, -0.8185103026063425, -0.29484047382608775, 0.6899923505075427, 0.6214953626639905, 0.5855284361528118, 0.9239266817527445, -0.6970695529262186, 0.9610253170044301, -0.14205088969663232, 0.8367759362879408, 0.7934823066101848, -0.4865185901050961]
489.2551885917783	(8, 12, 2)	[-0.007700071745575077, -0.14394456609833295, 0.9015151632838911, -0.7839394884907476, 0.6725500285051251, 0.26292013476936066, 0.41656806041537536, 0.39671500191753084, -0.4650647169077804, -0.21745075743498266, 0.8266792484417662, 0.4302163262799374, 0.024394443132344845, 0.8228508903490916, -0.37312838095780937, -0.5416958033840478, 0.3243193689217527, 0.01593085053380383, -0.08651223004131792, 0.21586873212778568, 0.11495107586766373, 0.17437906703262684, -0.9131734725267324, 0.04391192138675981, -0.28794098350042874, 0.43283525724243366, -0.3080170650606096, 0.038150541449996966, 0.6971455867981694, -1, 0.007886647654131274, -0.060150340473242636, 0.9695078225558975, 0.03384113974996014, -0.5993325500759878, -0.2661395759362928, 0.7771017499413204, 0.4483332750742235, 0.5384197166622016, -0.6636835766010227, 0.4585346250649518, -0.6005804368626401, -0.36626583453220096, -0.35761225597968804, -0.22595944865040818, 0.14503940649710123, 0.19655387666997526, 0.9493836298827554, -0.6826507752618749, 0.32341692957050255, -0.9125830865975408, -0.40204497919115345, 0.823223118483132, -0.5841389407963851, 0.482962104669197, 0.1479272793060347, 0.2141345725663102, 0.07998699549535382, 0.06119348241463762, 0.6707578793130251, -0.3948477166026374, 0.11806897948550565, 0.846369860157963, -0.6353143738432716, -0.9396973861009263, 0.3836062128598201, 0.06080266227257192, 0.3787949983173762, 0.01319559058455022, -0.7733654402717709, 0.8088808593601982, -0.9044618221216469, -0.834965615623912, 0.4593090582141979, -0.589408738268757, 0.8969722095005521, -0.9423989544907891, 1, 0.5941897065264616, -0.5385296860728921, 0.9376836770124262, -0.7944250329224172, -0.10931174765674578, -0.6874402738984369, 0.2838102566620244, -0.926501412945606, -0.7460566276553201, 0.3729173561964281, -0.4223484669676214, -0.2532793597764293, 0.10965337008469578, -0.6716380569856224, 0.14725752809115755, -0.7161301338040499, -0.8377640526790162, 0.006918676408037561, -0.626419925249531, -1, -0.21631999175659788, 0.3641894689038139, -0.40542417028690236, 0.4872855842207944, -0.595950986327294, 0.6512728680929376, 0.7672827975486307, 0.7234564796485036, -0.030639249843362748, -0.563083420345635, -0.8185103026063425, -0.29484047382608775, 0.6899923505075427, 0.6214953626639905, 0.5855284361528118, 0.8711929003315962, -0.6970695529262186, 0.9610253170044301, -0.14205088969663232, 0.8367759362879408, 0.7934823066101848, -0.4865185901050961]
484.06465761363506	(8, 12, 2)	[-0.007700071745575077, -0.14394456609833295, 0.9015151632838911, -0.7839394884907476, 0.6725500285051251, 0.26292013476936066, 0.6298034026738271, 0.39671500191753084, -0.4650647169077804, -0.21745075743498266, 0.8266792484417662, 0.4302163262799374, 0.024394443132344845, 0.8228508903490916, -0.37312838095780937, -0.5416958033840478, 0.3243193689217527, 0.01593085053380383, -0.08651223004131792, 0.21586873212778568, 0.11495107586766373, 0.17437906703262684, -0.9131734725267324, 0.04391192138675981, -0.28794098350042874, 0.43283525724243366, -0.3080170650606096, 0.038150541449996966, 0.6971455867981694, -1, 0.007886647654131274, -0.060150340473242636, 0.9695078225558975, 0.03384113974996014, -0.5993325500759878, -0.2661395759362928, 0.7771017499413204, 0.4483332750742235, 0.5384197166622016, -0.6636835766010227, 0.4585346250649518, -0.6005804368626401, -0.36626583453220096, -0.35761225597968804, -0.22595944865040818, 0.14503940649710123, 0.19655387666997526, 0.9493836298827554, -0.6826507752618749, 0.32341692957050255, -0.9125830865975408, -0.40204497919115345, 0.823223118483132, -0.5841389407963851, 0.482962104669197, 0.1479272793060347, 0.2141345725663102, 0.07998699549535382, 0.06119348241463762, 0.6707578793130251, -0.3948477166026374, 0.11806897948550565, 0.846369860157963, -0.6353143738432716, -0.9396973861009263, 0.374265957488849, 0.06080266227257192, 0.3787949983173762, 0.01319559058455022, -0.7733654402717709, 0.8088808593601982, -0.9044618221216469, -0.834965615623912, 0.4593090582141979, -0.7066092794742058, 0.8969722095005521, -0.9423989544907891, 1, 0.5941897065264616, -0.5385296860728921, 0.9376836770124262, -0.7944250329224172, -0.10931174765674578, -0.6874402738984369, 0.2838102566620244, -0.926501412945606, -0.7460566276553201, 0.3729173561964281, -0.4223484669676214, -0.2532793597764293, 0.10965337008469578, -0.6716380569856224, 0.14725752809115755, -0.7161301338040499, -0.8377640526790162, 0.006918676408037561, -0.626419925249531, -1, -0.21631999175659788, 0.3641894689038139, -0.40542417028690236, 0.4872855842207944, -0.8959289920512115, 0.6512728680929376, 0.7672827975486307, 0.7234564796485036, -0.030639249843362748, -0.563083420345635, -0.8185103026063425, -0.29484047382608775, 0.6899923505075427, 0.6214953626639905, 0.5855284361528118, 0.9239266817527445, -0.6970695529262186, 0.9610253170044301, -0.14205088969663232, 0.8367759362879408, 0.7934823066101848, -0.4865185901050961]
478.0289374291897	(8, 12, 2)	[-0.2008765995069791, -0.14394456609833295, 0.9015151632838911, -0.7839394884907476, 0.6725500285051251, 0.26292013476936066, 0.6298034026738271, 0.39671500191753084, -0.4650647169077804, -0.45208530841070643, 0.8266792484417662, 0.4302163262799374, 0.024394443132344845, 0.8228508903490916, -0.37312838095780937, -0.5416958033840478, 0.3243193689217527, 0.01593085053380383, -0.08651223004131792, 0.21586873212778568, 0.11495107586766373, 0.17437906703262684, -0.9131734725267324, 0.04391192138675981, -0.28794098350042874, 0.43283525724243366, -0.3080170650606096, 0.038150541449996966, 0.6971455867981694, -1, 0.007886647654131274, -0.060150340473242636, 0.9695078225558975, 0.03384113974996014, -0.5993325500759878, -0.2661395759362928, 0.7771017499413204, 0.4483332750742235, 0.5384197166622016, -0.6636835766010227, 0.4585346250649518, -0.6005804368626401, -0.36626583453220096, -0.35761225597968804, -0.22595944865040818, 0.14503940649710123, 0.19655387666997526, 0.9493836298827554, -0.6826507752618749, 0.32341692957050255, -0.9125830865975408, -0.40204497919115345, 0.823223118483132, -0.5841389407963851, 0.482962104669197, 0.1479272793060347, 0.2141345725663102, 0.07998699549535382, 0.06119348241463762, 0.6707578793130251, -0.3948477166026374, 0.11806897948550565, 0.846369860157963, -0.6353143738432716, -0.9396973861009263, 0.3836062128598201, 0.06080266227257192, 0.3787949983173762, 0.01319559058455022, -0.7733654402717709, 0.8088808593601982, -0.8263436987812796, -0.834965615623912, 0.690496600737206, -0.7066092794742058, 0.8969722095005521, -0.9423989544907891, 0.825689278769924, 0.4321930660960791, -0.5385296860728921, 0.9376836770124262, -0.7944250329224172, -0.10931174765674578, -0.6874402738984369, 0.2838102566620244, -0.926501412945606, -0.7460566276553201, 0.3729173561964281, -0.4223484669676214, -0.2532793597764293, 0.10965337008469578, -0.6716380569856224, 0.14725752809115755, -0.7922498853775424, -0.8377640526790162, 0.006918676408037561, -0.626419925249531, -1, -0.21631999175659788, 0.3641894689038139, -0.40542417028690236, 0.4872855842207944, -0.595950986327294, 0.6512728680929376, 0.7672827975486307, 0.7234564796485036, -0.07746381847148126, -0.563083420345635, -0.7853459008992092, -0.329863856458273, 0.6899923505075427, 0.6214953626639905, 0.5855284361528118, 0.9239266817527445, -0.6970695529262186, 0.9610253170044301, -0.7130529006831445, 0.8367759362879408, 0.7934823066101848, -0.4865185901050961]
490.32304123975337	(8, 12, 2)	[-0.2008765995069791, -0.14394456609833295, 0.9015151632838911, -0.7839394884907476, 0.6725500285051251, 0.26292013476936066, 0.6298034026738271, 0.39671500191753084, -0.4650647169077804, -0.45208530841070643, 0.8266792484417662, 0.4302163262799374, 0.024394443132344845, 0.8228508903490916, -0.37312838095780937, -0.5416958033840478, 0.3243193689217527, 0.01593085053380383, -0.08651223004131792, 0.21586873212778568, 0.11495107586766373, 0.17437906703262684, -0.9131734725267324, 0.04391192138675981, -0.28794098350042874, 0.43283525724243366, -0.3080170650606096, 0.038150541449996966, 0.6971455867981694, -1, 0.007886647654131274, -0.060150340473242636, 0.9695078225558975, 0.03384113974996014, -0.5993325500759878, -0.2661395759362928, 0.7771017499413204, 0.4483332750742235, 0.5384197166622016, -0.6636835766010227, 0.4585346250649518, -0.6005804368626401, -0.36626583453220096, -0.35761225597968804, -0.22595944865040818, 0.14503940649710123, 0.19655387666997526, 0.9493836298827554, -0.6826507752618749, 0.32341692957050255, -0.9125830865975408, -0.40204497919115345, 0.823223118483132, -0.5841389407963851, 0.482962104669197, 0.1479272793060347, 0.2141345725663102, 0.07998699549535382, 0.06119348241463762, 0.6707578793130251, -0.3948477166026374, 0.11806897948550565, 0.846369860157963, -0.6353143738432716, -0.9396973861009263, 0.3836062128598201, 0.06080266227257192, 0.3787949983173762, 0.01319559058455022, -0.7733654402717709, 0.8088808593601982, -0.8263436987812796, -0.834965615623912, 0.690496600737206, -0.7066092794742058, 0.8969722095005521, -0.9423989544907891, 0.825689278769924, 0.4321930660960791, -0.5385296860728921, 0.9376836770124262, -0.7944250329224172, -0.10931174765674578, -0.6874402738984369, 0.2838102566620244, -0.926501412945606, -0.7460566276553201, 0.3729173561964281, -0.4223484669676214, -0.2532793597764293, 0.10965337008469578, -0.6716380569856224, 0.14725752809115755, -0.7161301338040499, -0.8377640526790162, 0.006918676408037561, -0.626419925249531, -1, -0.21631999175659788, 0.3641894689038139, -0.40542417028690236, 0.4872855842207944, -0.595950986327294, 0.6512728680929376, 0.7672827975486307, 0.7234564796485036, -0.07746381847148126, -0.563083420345635, -0.7853459008992092, -0.329863856458273, 0.6899923505075427, 0.6214953626639905, 0.5855284361528118, 0.9239266817527445, -0.6970695529262186, 0.9610253170044301, -0.7130529006831445, 0.8367759362879408, 0.7934823066101848, -0.4865185901050961]
491.72258436938824	(8, 12, 2)	[-0.007700071745575077, -0.14394456609833295, 0.9015151632838911, -0.7839394884907476, 0.6725500285051251, 0.26292013476936066, 0.41656806041537536, 0.39671500191753084, -0.4650647169077804, -0.21745075743498266, 0.8266792484417662, 0.4302163262799374, 0.024394443132344845, 0.8228508903490916, -0.37312838095780937, -0.5416958033840478, 0.3243193689217527, 0.01593085053380383, -0.08651223004131792, 0.21586873212778568, 0.11495107586766373, 0.17437906703262684, -0.9131734725267324, 0.04391192138675981, -0.28794098350042874, 0.43283525724243366, -0.3080170650606096, 0.038150541449996966, 0.6971455867981694, -1, 0.007886647654131274, -0.060150340473242636, 0.9695078225558975, 0.03384113974996014, -0.5993325500759878, -0.2661395759362928, 0.7771017499413204, 0.4483332750742235, 0.5384197166622016, -0.6636835766010227, 0.4585346250649518, -0.6005804368626401, -0.36626583453220096, -0.35761225597968804, -0.22595944865040818, 0.14503940649710123, 0.19655387666997526, 0.9493836298827554, -0.6826507752618749, 0.32341692957050255, -0.9125830865975408, -0.40204497919115345, 0.823223118483132, -0.5841389407963851, 0.482962104669197, 0.1479272793060347, 0.2141345725663102, 0.07998699549535382, 0.06119348241463762, 0.6707578793130251, -0.3948477166026374, 0.11806897948550565, 0.6938244315938479, -0.6353143738432716, -0.9396973861009263, 0.20339303158375122, 0.06080266227257192, 0.3787949983173762, 0.01319559058455022, -0.7733654402717709, 0.8088808593601982, -0.6605465339598021, -0.834965615623912, 0.4593090582141979, -0.7066092794742058, 0.8969722095005521, -0.9423989544907891, 1, 0.5941897065264616, -0.5385296860728921, 0.9376836770124262, -0.7944250329224172, -0.10931174765674578, -0.6874402738984369, 0.2838102566620244, -0.926501412945606, -0.7460566276553201, 0.3729173561964281, -0.4223484669676214, -0.2532793597764293, 0.10965337008469578, -0.6716380569856224, 0.14725752809115755, -0.7161301338040499, -0.8377640526790162, 0.006918676408037561, -0.626419925249531, -1, -0.21631999175659788, 0.1375557778551522, -0.40542417028690236, 0.4872855842207944, -0.595950986327294, 0.6512728680929376, 0.7672827975486307, 0.7234564796485036, -0.030639249843362748, -0.563083420345635, -0.8185103026063425, -0.29484047382608775, 0.6899923505075427, 0.6214953626639905, 0.5656806850366204, 0.8711929003315962, -0.6970695529262186, 0.9610253170044301, -0.14205088969663232, 0.8367759362879408, 0.7934823066101848, -0.4865185901050961]
489.6244639530778	(8, 12, 2)	[-0.2008765995069791, -0.14394456609833295, 0.9015151632838911, -0.7839394884907476, 0.6725500285051251, 0.26292013476936066, 0.6298034026738271, 0.39671500191753084, -0.4650647169077804, -0.45208530841070643, 0.8266792484417662, 0.4302163262799374, 0.024394443132344845, 0.8228508903490916, -0.37312838095780937, -0.5416958033840478, 0.3243193689217527, 0.01593085053380383, -0.08651223004131792, 0.21586873212778568, 0.11495107586766373, 0.17437906703262684, -0.9131734725267324, 0.04391192138675981, -0.28794098350042874, 0.43283525724243366, -0.3080170650606096, 0.038150541449996966, 0.6971455867981694, -1, 0.007886647654131274, -0.060150340473242636, 0.9695078225558975, 0.03384113974996014, -0.5993325500759878, -0.2661395759362928, 0.7771017499413204, 0.4483332750742235, 0.5384197166622016, -0.6636835766010227, 0.4585346250649518, -0.6005804368626401, -0.36626583453220096, -0.35761225597968804, -0.22595944865040818, 0.14503940649710123, 0.19655387666997526, 0.9493836298827554, -0.6826507752618749, 0.32341692957050255, -0.9125830865975408, -0.40204497919115345, 0.823223118483132, -0.5841389407963851, 0.482962104669197, 0.1479272793060347, 0.2141345725663102, 0.07998699549535382, 0.06119348241463762, 0.6707578793130251, -0.3948477166026374, 0.11806897948550565, 0.846369860157963, -0.6353143738432716, -0.9396973861009263, 0.3836062128598201, 0.06080266227257192, 0.3787949983173762, 0.01319559058455022, -0.7733654402717709, 0.8088808593601982, -0.8263436987812796, -0.834965615623912, 0.690496600737206, -0.7066092794742058, 0.8969722095005521, -0.9423989544907891, 0.825689278769924, 0.4321930660960791, -0.5385296860728921, 1, -0.7944250329224172, -0.10931174765674578, -0.6874402738984369, 0.2838102566620244, -0.926501412945606, -0.7460566276553201, 0.3729173561964281, -0.4223484669676214, -0.2532793597764293, 0.10965337008469578, -0.6716380569856224, 0.14725752809115755, -0.7161301338040499, -0.8377640526790162, 0.006918676408037561, -0.626419925249531, -1, -0.21631999175659788, 0.3641894689038139, -0.40542417028690236, 0.4872855842207944, -0.595950986327294, 0.6512728680929376, 0.7672827975486307, 0.7234564796485036, -0.07746381847148126, -0.563083420345635, -0.7853459008992092, -0.329863856458273, 0.6899923505075427, 0.6214953626639905, 0.5855284361528118, 0.9239266817527445, -0.6970695529262186, 0.9610253170044301, -0.7130529006831445, 0.8367759362879408, 0.7934823066101848, -0.4865185901050961]
494.13015730679035	(8, 12, 2)	[-0.2008765995069791, -0.14394456609833295, 0.9015151632838911, -0.7839394884907476, 0.6725500285051251, 0.26292013476936066, 0.6298034026738271, 0.39671500191753084, -0.4650647169077804, -0.45208530841070643, 0.8266792484417662, 0.4302163262799374, 0.024394443132344845, 0.8228508903490916, -0.37312838095780937, -0.5416958033840478, 0.3243193689217527, 0.01593085053380383, -0.08651223004131792, 0.21586873212778568, 0.11495107586766373, 0.17437906703262684, -0.9131734725267324, 0.04391192138675981, -0.28794098350042874, 0.43283525724243366, -0.3080170650606096, 0.038150541449996966, 0.6971455867981694, -1, 0.007886647654131274, -0.060150340473242636, 0.9695078225558975, 0.03384113974996014, -0.5993325500759878, -0.2661395759362928, 0.7771017499413204, 0.4483332750742235, 0.5384197166622016, -0.6636835766010227, 0.4585346250649518, -0.6005804368626401, -0.36626583453220096, -0.35761225597968804, -0.22595944865040818, 0.14503940649710123, 0.19655387666997526, 0.9493836298827554, -0.6826507752618749, 0.32341692957050255, -0.9125830865975408, -0.40204497919115345, 0.823223118483132, -0.5841389407963851, 0.482962104669197, 0.1479272793060347, 0.2141345725663102, 0.07998699549535382, 0.06119348241463762, 0.6707578793130251, -0.3948477166026374, 0.11806897948550565, 0.846369860157963, -0.6353143738432716, -0.9396973861009263, 0.3836062128598201, 0.06080266227257192, 0.3787949983173762, 0.01319559058455022, -0.7733654402717709, 0.8088808593601982, -0.8263436987812796, -0.834965615623912, 0.690496600737206, -0.7066092794742058, 0.8969722095005521, -0.9423989544907891, 0.825689278769924, 0.4321930660960791, -0.5385296860728921, 1, -0.7944250329224172, -0.10931174765674578, -0.6874402738984369, 0.2838102566620244, -0.926501412945606, -0.7460566276553201, 0.3729173561964281, -0.4223484669676214, -0.2532793597764293, 0.10965337008469578, -0.6716380569856224, 0.14725752809115755, -0.7161301338040499, -0.8377640526790162, 0.006918676408037561, -0.626419925249531, -1, -0.21631999175659788, 0.3641894689038139, -0.40542417028690236, 0.4872855842207944, -0.595950986327294, 0.6512728680929376, 0.7672827975486307, 0.7234564796485036, -0.07746381847148126, -0.563083420345635, -0.7853459008992092, -0.329863856458273, 0.6899923505075427, 0.6214953626639905, 0.5855284361528118, 0.9239266817527445, -0.6970695529262186, 0.9610253170044301, -0.7130529006831445, 0.8367759362879408, 0.7934823066101848, -0.4865185901050961]
477.4563891813159	(8, 12, 2)	[-0.2008765995069791, -0.14394456609833295, 0.9015151632838911, -0.7839394884907476, 0.6725500285051251, 0.26292013476936066, 0.6298034026738271, 0.39671500191753084, -0.4650647169077804, -0.45208530841070643, 0.8266792484417662, 0.4302163262799374, 0.024394443132344845, 0.8228508903490916, -0.37312838095780937, -0.5416958033840478, 0.3243193689217527, 0.01593085053380383, -0.08651223004131792, 0.21586873212778568, 0.11495107586766373, 0.17437906703262684, -0.9131734725267324, 0.04391192138675981, -0.28794098350042874, 0.43283525724243366, -0.3080170650606096, 0.038150541449996966, 0.6971455867981694, -1, 0.007886647654131274, -0.060150340473242636, 0.9695078225558975, 0.03384113974996014, -0.5993325500759878, -0.2661395759362928, 0.7771017499413204, 0.4483332750742235, 0.5384197166622016, -0.6636835766010227, 0.4585346250649518, -0.6005804368626401, -0.36626583453220096, -0.35761225597968804, -0.22595944865040818, 0.14503940649710123, 0.4228841596743243, 0.9493836298827554, -0.6826507752618749, 0.32341692957050255, -0.9125830865975408, -0.40204497919115345, 0.823223118483132, -0.5841389407963851, 0.4172031380629879, 0.1479272793060347, 0.2141345725663102, 0.07998699549535382, 0.06119348241463762, 0.6707578793130251, -0.3948477166026374, 0.11806897948550565, 0.846369860157963, -0.6353143738432716, -0.9396973861009263, 0.20339303158375122, 0.06080266227257192, 0.1710517410063438, 0.01319559058455022, -0.7733654402717709, 0.8088808593601982, -0.6605465339598021, -0.834965615623912, 0.4062221102212451, -0.7066092794742058, 0.8969722095005521, -0.9423989544907891, 1, 0.5941897065264616, -0.5385296860728921, 1, -0.7944250329224172, -0.10931174765674578, -0.6874402738984369, 0.2838102566620244, -0.926501412945606, -1, 0.3729173561964281, -0.4223484669676214, -0.2532793597764293, 0.10965337008469578, -0.6716380569856224, 0.14725752809115755, -0.7161301338040499, -0.8377640526790162, 0.006918676408037561, -0.626419925249531, -1, -0.21631999175659788, 0.3641894689038139, -0.40542417028690236, 0.4872855842207944, -0.595950986327294, 0.6512728680929376, 0.7672827975486307, 0.7234564796485036, -0.07746381847148126, -0.563083420345635, -0.7853459008992092, -0.329863856458273, 0.6899923505075427, 0.6214953626639905, 0.5855284361528118, 0.9239266817527445, -0.6970695529262186, 0.9610253170044301, -0.3316063789501711, 0.8367759362879408, 0.786132806873159, -0.4865185901050961]
487.0710693532601	(8, 12, 2)	[-0.007700071745575077, -0.14394456609833295, 0.9015151632838911, -0.7839394884907476, 0.6725500285051251, 0.26292013476936066, 0.41656806041537536, 0.39671500191753084, -0.4650647169077804, -0.21745075743498266, 0.8266792484417662, 0.4302163262799374, 0.024394443132344845, 0.8228508903490916, -0.37312838095780937, -0.5416958033840478, 0.3243193689217527, 0.01593085053380383, -0.08651223004131792, 0.21586873212778568, 0.11495107586766373, 0.17437906703262684, -0.9131734725267324, 0.04391192138675981, -0.28794098350042874, 0.43283525724243366, -0.3080170650606096, 0.038150541449996966, 0.6971455867981694, -0.9529392473861871, 0.007886647654131274, -0.060150340473242636, 0.9695078225558975, 0.03384113974996014, -0.5993325500759878, -0.2661395759362928, 0.7771017499413204, 0.4483332750742235, 0.5384197166622016, -0.6636835766010227, 0.4585346250649518, -0.6005804368626401, -0.36626583453220096, -0.35761225597968804, -0.2608306030602658, 0.14503940649710123, 0.19655387666997526, 0.9493836298827554, -0.6826507752618749, 0.32341692957050255, -0.9125830865975408, -0.40204497919115345, 0.823223118483132, -0.5841389407963851, 0.482962104669197, 0.1479272793060347, 0.2141345725663102, 0.07998699549535382, 0.06119348241463762, 0.6707578793130251, -0.3948477166026374, 0.11806897948550565, 0.6938244315938479, -0.6353143738432716, -0.9396973861009263, 0.20339303158375122, 0.06080266227257192, 0.3787949983173762, 0.01319559058455022, -0.7733654402717709, 0.8088808593601982, -0.6605465339598021, -0.834965615623912, 0.4593090582141979, -0.5130648417775977, 0.8969722095005521, -0.9423989544907891, 1, 0.5941897065264616, -0.5385296860728921, 0.9376836770124262, -0.7944250329224172, -0.10931174765674578, -0.6874402738984369, 0.3445619779720385, -0.926501412945606, -0.7460566276553201, 0.3729173561964281, -0.4223484669676214, -0.2532793597764293, 0.10965337008469578, -0.6716380569856224, 0.17968641641029895, -0.7161301338040499, -1, 0.006918676408037561, -0.626419925249531, -1, -0.21631999175659788, 0.1375557778551522, -0.40542417028690236, 0.4872855842207944, -0.595950986327294, 0.6512728680929376, 0.7672827975486307, 0.7234564796485036, -0.030639249843362748, -0.563083420345635, -0.8714440089892378, -0.29484047382608775, 0.6899923505075427, 0.6214953626639905, 0.5855284361528118, 0.9239266817527445, -0.6970695529262186, 0.9610253170044301, -0.14205088969663232, 0.8367759362879408, 0.7934823066101848, -0.4865185901050961]
491.7104092426598	(8, 12, 2)	[-0.007700071745575077, -0.14394456609833295, 0.9015151632838911, -0.7839394884907476, 0.6725500285051251, 0.26292013476936066, 0.41656806041537536, 0.39671500191753084, -0.4650647169077804, -0.21745075743498266, 0.8266792484417662, 0.4302163262799374, 0.024394443132344845, 0.8228508903490916, -0.37312838095780937, -0.5416958033840478, 0.3243193689217527, 0.01593085053380383, -0.08651223004131792, 0.21586873212778568, 0.3015028916411917, 0.17437906703262684, -0.9131734725267324, 0.04391192138675981, -0.28794098350042874, 0.43283525724243366, -0.3080170650606096, 0.038150541449996966, 0.6971455867981694, -0.9529392473861871, 0.007886647654131274, -0.060150340473242636, 0.9695078225558975, 0.03384113974996014, -0.5993325500759878, -0.2661395759362928, 0.7771017499413204, 0.4483332750742235, 0.5384197166622016, -0.6636835766010227, 0.4585346250649518, -0.6005804368626401, -0.36626583453220096, -0.35761225597968804, -0.2608306030602658, 0.14503940649710123, 0.19655387666997526, 0.9493836298827554, -0.6826507752618749, 0.32341692957050255, -0.9125830865975408, -0.40204497919115345, 0.823223118483132, -0.5841389407963851, 0.482962104669197, 0.026274498594228327, 0.2141345725663102, 0.07998699549535382, 0.06119348241463762, 0.6707578793130251, -0.3948477166026374, 0.11806897948550565, 0.6938244315938479, -0.6353143738432716, -0.9396973861009263, 0.20339303158375122, 0.06080266227257192, 0.3787949983173762, 0.01319559058455022, -0.7733654402717709, 0.8088808593601982, -0.6605465339598021, -0.6477701724836955, 0.4593090582141979, -0.5130648417775977, 0.8969722095005521, -0.9423989544907891, 1, 0.5941897065264616, -0.5385296860728921, 0.9376836770124262, -0.7944250329224172, -0.10931174765674578, -0.6874402738984369, 0.3445619779720385, -0.926501412945606, -0.7460566276553201, 0.3729173561964281, -0.4223484669676214, -0.2532793597764293, 0.10965337008469578, -0.6716380569856224, 0.17968641641029895, -0.7161301338040499, -0.8377640526790162, 0.006918676408037561, -0.5023496299781659, -1, -0.21631999175659788, 0.3641894689038139, -0.40542417028690236, 0.4872855842207944, -0.595950986327294, 0.6512728680929376, 0.7672827975486307, 0.7234564796485036, -0.07746381847148126, -0.563083420345635, -0.7853459008992092, -0.329863856458273, 0.6899923505075427, 0.6214953626639905, 0.5855284361528118, 0.9239266817527445, -0.6970695529262186, 0.9610253170044301, -0.14205088969663232, 0.8367759362879408, 0.7934823066101848, -0.4865185901050961]
496.5996801678557	(8, 12, 2)	[-0.2008765995069791, -0.14394456609833295, 0.9015151632838911, -0.7839394884907476, 0.6725500285051251, 0.26292013476936066, 0.6298034026738271, 0.39671500191753084, -0.4650647169077804, -0.45208530841070643, 0.8266792484417662, 0.4302163262799374, 0.024394443132344845, 0.8228508903490916, -0.37312838095780937, -0.5416958033840478, 0.3243193689217527, 0.01593085053380383, -0.08651223004131792, 0.21586873212778568, 0.11495107586766373, 0.17437906703262684, -0.9131734725267324, 0.04391192138675981, -0.28794098350042874, 0.43283525724243366, -0.3080170650606096, 0.038150541449996966, 0.6971455867981694, -1, -0.12160742532020338, -0.060150340473242636, 0.9695078225558975, 0.03384113974996014, -0.5993325500759878, -0.2661395759362928, 0.7771017499413204, 0.4483332750742235, 0.5384197166622016, -0.6636835766010227, 0.3082060424840412, -0.6005804368626401, -0.36626583453220096, -0.35761225597968804, -0.22595944865040818, 0.14503940649710123, 0.19655387666997526, 0.9493836298827554, -0.7988060686086571, 0.32341692957050255, -0.9125830865975408, -0.40204497919115345, 0.823223118483132, -0.5841389407963851, 0.482962104669197, 0.17167069723578224, 0.2141345725663102, 0.07998699549535382, 0.06119348241463762, 0.6707578793130251, -0.4053052326726555, 0.11806897948550565, 0.8270490793594054, -0.233707195726798, -0.9396973861009263, 0.3836062128598201, 0.06080266227257192, 0.3787949983173762, 0.01319559058455022, -0.7733654402717709, 0.8088808593601982, -0.6605465339598021, -0.834965615623912, 0.4593090582141979, -0.5130648417775977, 0.8969722095005521, -0.9423989544907891, 1, 0.5941897065264616, -0.5385296860728921, 0.9376836770124262, -0.7944250329224172, -0.10931174765674578, -0.6874402738984369, 0.3445619779720385, -0.926501412945606, -0.7460566276553201, 0.3729173561964281, -0.4223484669676214, -0.2532793597764293, 0.10965337008469578, -0.6716380569856224, 0.17968641641029895, -0.7161301338040499, -1, 0.006918676408037561, -0.626419925249531, -1, -0.21631999175659788, 0.5020244235929743, -0.40542417028690236, 0.4872855842207944, -0.595950986327294, 0.6512728680929376, 0.7672827975486307, 0.7234564796485036, -0.030639249843362748, -0.563083420345635, -0.8714440089892378, -0.29484047382608775, 0.6899923505075427, 0.6214953626639905, 0.5855284361528118, 0.9239266817527445, -0.6970695529262186, 0.9610253170044301, -0.14205088969663232, 0.8367759362879408, 0.7934823066101848, -0.4865185901050961]
497.91708439715904	(8, 12, 2)	[-0.007700071745575077, -0.14394456609833295, 0.9015151632838911, -0.7839394884907476, 0.6725500285051251, 0.26292013476936066, 0.41656806041537536, 0.39671500191753084, -0.4650647169077804, -0.21745075743498266, 0.8266792484417662, 0.4302163262799374, 0.024394443132344845, 0.8228508903490916, -0.37312838095780937, -0.5416958033840478, 0.3243193689217527, 0.01593085053380383, -0.08651223004131792, 0.21586873212778568, 0.3015028916411917, 0.17437906703262684, -0.9131734725267324, 0.04391192138675981, -0.28794098350042874, 0.43283525724243366, -0.3080170650606096, 0.038150541449996966, 0.6971455867981694, -0.9529392473861871, 0.007886647654131274, -0.060150340473242636, 0.9695078225558975, 0.03384113974996014, -0.5993325500759878, -0.2661395759362928, 0.7771017499413204, 0.4483332750742235, 0.5384197166622016, -0.6636835766010227, 0.4585346250649518, -0.6005804368626401, -0.36626583453220096, -0.35761225597968804, -0.2608306030602658, 0.14503940649710123, 0.19655387666997526, 0.9493836298827554, -0.6826507752618749, 0.32341692957050255, -0.9125830865975408, -0.40204497919115345, 0.823223118483132, -0.5841389407963851, 0.482962104669197, 0.026274498594228327, 0.2141345725663102, 0.07998699549535382, 0.06119348241463762, 0.6707578793130251, -0.3948477166026374, 0.11806897948550565, 0.6938244315938479, -0.6353143738432716, -0.9396973861009263, 0.20339303158375122, 0.06080266227257192, 0.3787949983173762, 0.01319559058455022, -0.7733654402717709, 0.8088808593601982, -0.6605465339598021, -0.6477701724836955, 0.4593090582141979, -0.5130648417775977, 0.8969722095005521, -0.9423989544907891, 1, 0.5941897065264616, -0.5385296860728921, 0.9376836770124262, -0.7944250329224172, -0.10931174765674578, -0.6874402738984369, 0.3445619779720385, -0.926501412945606, -0.7460566276553201, 0.3729173561964281, -0.4223484669676214, -0.2532793597764293, 0.10965337008469578, -0.6716380569856224, 0.17968641641029895, -0.7161301338040499, -0.8377640526790162, 0.006918676408037561, -0.5023496299781659, -1, -0.21631999175659788, 0.3641894689038139, -0.40542417028690236, 0.4872855842207944, -0.595950986327294, 0.6512728680929376, 0.7672827975486307, 0.7234564796485036, -0.07746381847148126, -0.563083420345635, -0.7853459008992092, -0.329863856458273, 0.6899923505075427, 0.6214953626639905, 0.5855284361528118, 0.9239266817527445, -0.6970695529262186, 0.9610253170044301, -0.14205088969663232, 0.8367759362879408, 0.7934823066101848, -0.4865185901050961]
484.87373888492584	(8, 12, 2)	[-0.2008765995069791, -0.14394456609833295, 0.9015151632838911, -0.7839394884907476, 0.6725500285051251, 0.26292013476936066, 0.6298034026738271, 0.39671500191753084, -0.4650647169077804, -0.45208530841070643, 0.8266792484417662, 0.4302163262799374, 0.024394443132344845, 0.8228508903490916, -0.37312838095780937, -0.5416958033840478, 0.3243193689217527, 0.01593085053380383, -0.08651223004131792, 0.21586873212778568, 0.11495107586766373, 0.17437906703262684, -0.9131734725267324, 0.04391192138675981, -0.28794098350042874, 0.43283525724243366, -0.3080170650606096, 0.038150541449996966, 0.6971455867981694, -1, 0.007886647654131274, -0.060150340473242636, 0.9695078225558975, 0.03384113974996014, -0.572327333539139, -0.2661395759362928, 0.7771017499413204, 0.4483332750742235, 0.5384197166622016, -0.6636835766010227, 0.4585346250649518, -0.6005804368626401, -0.36626583453220096, -0.35761225597968804, -0.22595944865040818, 0.14503940649710123, 0.4228841596743243, 0.9493836298827554, -0.6826507752618749, 0.32341692957050255, -0.9125830865975408, -0.40204497919115345, 0.823223118483132, -0.5841389407963851, 0.4172031380629879, 0.1479272793060347, 0.2141345725663102, 0.15665167215952724, 0.06119348241463762, 0.6707578793130251, -0.3948477166026374, 0.11806897948550565, 0.846369860157963, -0.6353143738432716, -0.9396973861009263, 0.20339303158375122, 0.06080266227257192, 0.1710517410063438, 0.1548657616861382, -0.7733654402717709, 0.8088808593601982, -0.6605465339598021, -0.834965615623912, 0.4062221102212451, -0.7066092794742058, 0.8969722095005521, -0.9423989544907891, 1, 0.5941897065264616, -0.5385296860728921, 1, -0.7944250329224172, -0.10931174765674578, -0.6874402738984369, 0.2838102566620244, -0.926501412945606, -1, 0.3729173561964281, -0.4223484669676214, -0.2532793597764293, 0.10965337008469578, -0.6716380569856224, 0.14725752809115755, -0.7161301338040499, -0.8377640526790162, 0.006918676408037561, -1, -1, -0.21631999175659788, 0.3641894689038139, -0.40542417028690236, 0.4872855842207944, -0.595950986327294, 0.6512728680929376, 0.7672827975486307, 0.7234564796485036, -0.07746381847148126, -0.44660232332394634, -0.7853459008992092, -0.329863856458273, 0.6899923505075427, 0.6214953626639905, 0.5855284361528118, 0.9239266817527445, -0.6970695529262186, 0.9610253170044301, -0.7130529006831445, 0.8367759362879408, 0.7934823066101848, -0.4865185901050961]
481.5895413979888	(8, 12, 2)	[-0.007700071745575077, -0.14394456609833295, 0.9015151632838911, -0.7839394884907476, 0.6725500285051251, 0.26292013476936066, 0.41656806041537536, 0.39671500191753084, -0.4650647169077804, -0.21745075743498266, 0.8266792484417662, 0.4302163262799374, 0.024394443132344845, 0.8228508903490916, -0.37312838095780937, -0.5416958033840478, 0.3243193689217527, 0.01593085053380383, -0.08651223004131792, 0.21586873212778568, 0.3015028916411917, 0.17437906703262684, -0.9131734725267324, 0.04391192138675981, -0.28794098350042874, 0.43283525724243366, -0.3080170650606096, 0.038150541449996966, 0.6971455867981694, -0.9529392473861871, 0.007886647654131274, -0.060150340473242636, 0.9695078225558975, 0.03384113974996014, -0.5993325500759878, -0.2661395759362928, 0.7771017499413204, 0.4483332750742235, 0.5384197166622016, -0.6636835766010227, 0.4585346250649518, -0.6005804368626401, -0.36626583453220096, -0.35761225597968804, -0.2608306030602658, 0.14503940649710123, 0.19655387666997526, 0.9493836298827554, -0.6826507752618749, 0.32341692957050255, -0.9125830865975408, -0.40204497919115345, 0.823223118483132, -0.5841389407963851, 0.482962104669197, 0.026274498594228327, 0.2141345725663102, 0.07998699549535382, 0.06119348241463762, 0.6707578793130251, -0.3948477166026374, 0.11806897948550565, 0.6938244315938479, -0.6353143738432716, -0.9396973861009263, 0.20339303158375122, 0.06080266227257192, 0.3787949983173762, 0.01319559058455022, -0.7733654402717709, 0.8088808593601982, -0.6605465339598021, -0.6477701724836955, 0.4593090582141979, -0.5130648417775977, 0.8969722095005521, -0.9423989544907891, 1, 0.5941897065264616, -0.5385296860728921, 0.9376836770124262, -0.7944250329224172, -0.10931174765674578, -0.6874402738984369, 0.3445619779720385, -0.926501412945606, -0.7460566276553201, 0.3729173561964281, -0.4223484669676214, -0.2532793597764293, 0.10965337008469578, -0.6716380569856224, 0.17968641641029895, -0.7161301338040499, -0.8377640526790162, 0.006918676408037561, -0.5023496299781659, -1, -0.21631999175659788, 0.3641894689038139, -0.40542417028690236, 0.4872855842207944, -0.595950986327294, 0.6512728680929376, 0.7672827975486307, 0.7234564796485036, -0.07746381847148126, -0.563083420345635, -0.7853459008992092, -0.329863856458273, 0.6899923505075427, 0.6214953626639905, 0.5855284361528118, 0.9239266817527445, -0.6970695529262186, 0.9610253170044301, -0.14205088969663232, 0.8367759362879408, 0.7934823066101848, -0.4865185901050961]
-30.44347409158945	(8, 12, 2)	[-0.007700071745575077, -0.14394456609833295, 0.9015151632838911, -0.7839394884907476, 0.6725500285051251, 0.26292013476936066, 0.41656806041537536, 0.39671500191753084, -0.4650647169077804, -0.21745075743498266, 0.8266792484417662, 0.4302163262799374, 0.024394443132344845, 0.8228508903490916, -0.37312838095780937, -0.5416958033840478, 0.3243193689217527, 0.13579646406555845, -0.08651223004131792, 0.21586873212778568, 0.3015028916411917, 0.17437906703262684, -0.9131734725267324, 0.04391192138675981, -0.28794098350042874, 0.43283525724243366, -0.3080170650606096, 0.038150541449996966, 0.6971455867981694, -0.9529392473861871, 0.007886647654131274, -0.060150340473242636, 0.9695078225558975, 0.03384113974996014, -0.5993325500759878, -0.2661395759362928, 0.7771017499413204, 0.4483332750742235, 0.5384197166622016, -0.6636835766010227, 0.4585346250649518, -0.6005804368626401, -0.36626583453220096, -0.35761225597968804, -0.2608306030602658, 0.14503940649710123, 0.19655387666997526, 0.9493836298827554, -0.6826507752618749, 0.32341692957050255, -0.9125830865975408, -0.40204497919115345, 0.823223118483132, -0.5841389407963851, 0.482962104669197, 0.026274498594228327, 0.2141345725663102, 0.07998699549535382, 0.06119348241463762, 0.6707578793130251, -0.3948477166026374, 0.11806897948550565, 0.6938244315938479, -0.6353143738432716, -0.9396973861009263, 0.20339303158375122, 0.06080266227257192, 0.3787949983173762, 0.01319559058455022, -0.7733654402717709, 0.8088808593601982, -0.6605465339598021, -0.6477701724836955, 0.4593090582141979, -0.5130648417775977, 0.8969722095005521, -0.9423989544907891, 1, 0.5941897065264616, -0.5385296860728921, 0.9376836770124262, -0.7944250329224172, -0.10931174765674578, -0.6874402738984369, 0.3445619779720385, -0.926501412945606, -0.7460566276553201, 0.3729173561964281, -0.4223484669676214, -0.2532793597764293, 0.10965337008469578, -0.6716380569856224, 0.17968641641029895, -0.7161301338040499, -0.8377640526790162, 0.006918676408037561, -0.5023496299781659, -1, -0.21631999175659788, 0.3641894689038139, -0.40542417028690236, 0.4872855842207944, -0.595950986327294, 0.6512728680929376, 0.7672827975486307, 0.7234564796485036, -0.07746381847148126, -0.563083420345635, -0.7853459008992092, -0.329863856458273, 0.6899923505075427, 0.6214953626639905, 0.5855284361528118, 0.9239266817527445, -0.6970695529262186, 0.9610253170044301, -0.14205088969663232, 0.8367759362879408, 0.7934823066101848, -0.4865185901050961]
492.88543038907784	(8, 12, 2)	[-0.007700071745575077, -0.14394456609833295, 0.9015151632838911, -0.7839394884907476, 0.6725500285051251, 0.26292013476936066, 0.41656806041537536, 0.39671500191753084, -0.4650647169077804, -0.21745075743498266, 0.8266792484417662, 0.4302163262799374, 0.024394443132344845, 0.8228508903490916, -0.37312838095780937, -0.5416958033840478, 0.3243193689217527, 0.13579646406555845, -0.08651223004131792, 0.21586873212778568, 0.3015028916411917, 0.17437906703262684, -0.9131734725267324, 0.04391192138675981, -0.28794098350042874, 0.43283525724243366, -0.3080170650606096, 0.038150541449996966, 0.6971455867981694, -0.9529392473861871, 0.007886647654131274, -0.060150340473242636, 0.9695078225558975, 0.03384113974996014, -0.5993325500759878, -0.2661395759362928, 0.7771017499413204, 0.4483332750742235, 0.5384197166622016, -0.6636835766010227, 0.4585346250649518, -0.6005804368626401, -0.36626583453220096, -0.35761225597968804, -0.2608306030602658, 0.14503940649710123, 0.19655387666997526, 0.9493836298827554, -0.6826507752618749, 0.32341692957050255, -0.9125830865975408, -0.40204497919115345, 0.823223118483132, -0.5841389407963851, 0.482962104669197, 0.026274498594228327, 0.2141345725663102, 0.07998699549535382, 0.5381182646175247, 0.6707578793130251, -0.3948477166026374, 0.11806897948550565, 0.6938244315938479, -0.6353143738432716, -0.9396973861009263, 0.20339303158375122, 0.06080266227257192, 0.3787949983173762, 0.01319559058455022, -0.7733654402717709, 0.8088808593601982, -0.6605465339598021, -0.6477701724836955, 0.4593090582141979, -0.5130648417775977, 0.8969722095005521, -0.9423989544907891, 1, 0.5941897065264616, -0.5385296860728921, 0.9376836770124262, -0.7944250329224172, -0.10931174765674578, -0.6874402738984369, 0.3445619779720385, -0.926501412945606, -0.7460566276553201, 0.3729173561964281, -0.4223484669676214, -0.2532793597764293, 0.10965337008469578, -0.6716380569856224, 0.17968641641029895, -0.7161301338040499, -0.8377640526790162, 0.006918676408037561, -0.5023496299781659, -1, -0.21631999175659788, 0.3641894689038139, -0.40542417028690236, 0.4872855842207944, -0.595950986327294, 0.6512728680929376, 0.7672827975486307, 0.7234564796485036, -0.07746381847148126, -0.563083420345635, -0.7853459008992092, -0.329863856458273, 0.6899923505075427, 0.6214953626639905, 0.5855284361528118, 0.9239266817527445, -0.6970695529262186, 0.9610253170044301, -0.14205088969663232, 0.8367759362879408, 0.7934823066101848, -0.4865185901050961]
-13.619442842900753	(8, 12, 2)	[-0.007700071745575077, -0.14394456609833295, 0.9015151632838911, -0.7839394884907476, 0.7467868353265206, 0.26292013476936066, 0.41656806041537536, 0.39671500191753084, -0.4650647169077804, -0.21745075743498266, 0.8266792484417662, 0.4302163262799374, 0.024394443132344845, 0.8228508903490916, -0.37312838095780937, -0.5416958033840478, 0.3243193689217527, 0.01593085053380383, -0.08651223004131792, 0.21586873212778568, 0.3015028916411917, 0.17437906703262684, -0.9131734725267324, 0.04391192138675981, -0.28794098350042874, 0.43283525724243366, -0.3080170650606096, 0.038150541449996966, 0.6971455867981694, -0.9529392473861871, 0.007886647654131274, -0.060150340473242636, 0.9695078225558975, 0.03384113974996014, -0.5993325500759878, -0.2661395759362928, 0.7771017499413204, 0.4483332750742235, 0.5384197166622016, -0.6636835766010227, 0.4585346250649518, -0.6005804368626401, -0.36626583453220096, -0.35761225597968804, -0.2608306030602658, 0.14503940649710123, 0.19655387666997526, 0.9493836298827554, -0.6778802826820733, 0.32341692957050255, -0.9125830865975408, -0.40204497919115345, 0.823223118483132, -0.5841389407963851, 0.482962104669197, 0.1479272793060347, 0.2141345725663102, 0.07998699549535382, 0.06119348241463762, 0.6707578793130251, -0.3948477166026374, 0.11806897948550565, 0.6938244315938479, -0.6353143738432716, -0.9396973861009263, 0.20339303158375122, 0.06080266227257192, 0.2306390100757322, 0.01319559058455022, -0.7733654402717709, 0.8088808593601982, -0.6605465339598021, -0.834965615623912, 0.4593090582141979, -0.7066092794742058, 0.8969722095005521, -0.9423989544907891, 1, 0.5941897065264616, -0.5385296860728921, 0.9376836770124262, -0.7944250329224172, -0.10931174765674578, -0.6874402738984369, 0.2838102566620244, -0.926501412945606, -1, 0.3729173561964281, -0.4223484669676214, -0.2532793597764293, 0.10965337008469578, -0.6716380569856224, 0.14725752809115755, -0.7161301338040499, -0.8377640526790162, 0.006918676408037561, -0.626419925249531, -1, -0.21631999175659788, 0.3641894689038139, -0.40542417028690236, 0.4872855842207944, -0.40907261144737017, 0.6512728680929376, 0.7672827975486307, 0.7234564796485036, -0.07746381847148126, -0.563083420345635, -0.7853459008992092, -0.329863856458273, 0.6899923505075427, 0.6214953626639905, 0.5855284361528118, 0.6499601030954407, -0.6970695529262186, 0.9610253170044301, -0.14205088969663232, 0.8367759362879408, 0.7934823066101848, -0.4865185901050961]
485.73141656816006	(8, 12, 2)	[-0.007700071745575077, -0.14394456609833295, 0.9015151632838911, -0.9043803215344964, 0.7467868353265206, 0.26292013476936066, 0.41656806041537536, 0.39671500191753084, -0.4650647169077804, -0.21745075743498266, 0.8266792484417662, 0.4302163262799374, 0.024394443132344845, 0.8228508903490916, -0.37312838095780937, -0.5416958033840478, 0.3243193689217527, 0.01593085053380383, -0.08651223004131792, 0.21586873212778568, 0.3015028916411917, 0.17437906703262684, -0.9131734725267324, 0.04391192138675981, -0.28794098350042874, 0.43283525724243366, -0.3080170650606096, 0.038150541449996966, 0.6971455867981694, -0.9529392473861871, 0.007886647654131274, -0.060150340473242636, 0.9695078225558975, 0.03384113974996014, -0.5993325500759878, -0.2661395759362928, 0.7771017499413204, 0.4483332750742235, 0.5384197166622016, -0.6636835766010227, -0.20530610943557825, -0.6005804368626401, -0.36626583453220096, -0.35761225597968804, -0.2608306030602658, 0.14503940649710123, 0.19655387666997526, 0.9493836298827554, -0.6778802826820733, 0.32341692957050255, -0.9125830865975408, -0.40204497919115345, 0.823223118483132, -0.5841389407963851, 0.482962104669197, 0.1479272793060347, 0.2141345725663102, 0.07998699549535382, 0.06119348241463762, 0.6707578793130251, -0.3948477166026374, 0.11806897948550565, 0.6938244315938479, -0.6353143738432716, -0.9396973861009263, 0.20339303158375122, 0.06080266227257192, 0.3787949983173762, 0.01319559058455022, -0.7733654402717709, 0.8088808593601982, -0.6605465339598021, -0.834965615623912, 0.4062221102212451, -0.7066092794742058, 0.8969722095005521, -0.9423989544907891, 1, 0.5941897065264616, -0.5385296860728921, 1, -0.7944250329224172, -0.10931174765674578, -0.6874402738984369, 0.2838102566620244, -0.926501412945606, -0.7460566276553201, 0.3729173561964281, -0.4223484669676214, -0.2532793597764293, 0.10965337008469578, -0.6716380569856224, 0.17968641641029895, -0.7161301338040499, -0.8377640526790162, 0.006918676408037561, -0.5023496299781659, -1, -0.21631999175659788, 0.3641894689038139, -0.40542417028690236, 0.4872855842207944, -0.595950986327294, 0.6512728680929376, 0.7672827975486307, 0.7234564796485036, -0.07746381847148126, -0.563083420345635, -0.7853459008992092, -0.329863856458273, 0.6899923505075427, 0.6214953626639905, 0.5855284361528118, 0.9239266817527445, -0.6970695529262186, 0.9610253170044301, -0.2855061608321108, 0.8367759362879408, 0.7934823066101848, -0.4865185901050961]
488.76782413572073	(8, 12, 2)	[-0.007700071745575077, -0.2093870910880431, 0.5602508058924003, -0.7839394884907476, 0.7467868353265206, 0.26292013476936066, 0.41656806041537536, 0.39671500191753084, -0.4650647169077804, -0.21745075743498266, 0.8266792484417662, 0.4302163262799374, 0.024394443132344845, 0.8228508903490916, -0.37312838095780937, -0.5416958033840478, 0.3243193689217527, 0.01593085053380383, -0.03281306298534213, 0.21586873212778568, 0.3015028916411917, 0.17437906703262684, -0.9131734725267324, 0.04391192138675981, -0.28794098350042874, 0.43283525724243366, -0.3080170650606096, 0.24206857309335095, 0.6971455867981694, -0.9529392473861871, 0.007886647654131274, -0.060150340473242636, 0.9695078225558975, 0.03384113974996014, -0.5993325500759878, -0.2661395759362928, 0.7771017499413204, 0.4483332750742235, 0.5384197166622016, -0.6636835766010227, 0.4585346250649518, -0.6005804368626401, -0.36626583453220096, -0.35761225597968804, -0.2608306030602658, 0.14503940649710123, 0.19655387666997526, 0.9493836298827554, -0.6826507752618749, 0.32341692957050255, -0.9125830865975408, -0.40204497919115345, 0.823223118483132, -0.5841389407963851, 0.482962104669197, 0.026274498594228327, 0.2141345725663102, 0.07998699549535382, 0.06119348241463762, 0.6707578793130251, -0.3948477166026374, 0.11806897948550565, 0.6938244315938479, -0.6353143738432716, -0.9396973861009263, 0.20339303158375122, 0.06080266227257192, 0.22428010368383183, 0.01319559058455022, -0.7733654402717709, 0.8088808593601982, -0.6605465339598021, -0.6477701724836955, 0.4593090582141979, -0.5130648417775977, 0.8969722095005521, -0.9423989544907891, 1, 0.5941897065264616, -0.5385296860728921, 0.9376836770124262, -0.9057066869905088, -0.10931174765674578, -0.6874402738984369, 0.3445619779720385, -0.926501412945606, -0.7460566276553201, 0.3729173561964281, -0.4223484669676214, -0.2532793597764293, 0.10965337008469578, -0.6716380569856224, 0.14725752809115755, -0.7161301338040499, -0.8377640526790162, 0.006918676408037561, -0.626419925249531, -1, -0.21631999175659788, 0.3641894689038139, -0.40542417028690236, 0.4872855842207944, -0.40907261144737017, 0.6512728680929376, 0.7672827975486307, 0.7234564796485036, -0.07746381847148126, -0.563083420345635, -0.7853459008992092, -0.329863856458273, 0.6899923505075427, 0.6214953626639905, 0.5855284361528118, 0.9239266817527445, -0.6970695529262186, 0.9610253170044301, -0.14205088969663232, 0.8367759362879408, 0.7934823066101848, -0.4865185901050961]
483.3961585070938	(8, 12, 2)	[-0.007700071745575077, -0.14394456609833295, 0.5602508058924003, -0.7839394884907476, 0.7467868353265206, 0.26292013476936066, 0.41656806041537536, 0.39671500191753084, -0.4650647169077804, -0.21745075743498266, 0.8266792484417662, 0.4302163262799374, 0.024394443132344845, 0.8228508903490916, -0.37312838095780937, -0.5416958033840478, 0.3243193689217527, 0.01593085053380383, -0.08651223004131792, 0.21586873212778568, 0.3015028916411917, 0.17437906703262684, -0.9131734725267324, 0.5025248585526851, -0.28794098350042874, 0.43283525724243366, -0.3080170650606096, 0.038150541449996966, 0.6971455867981694, -0.9529392473861871, 0.007886647654131274, -0.060150340473242636, 0.9695078225558975, 0.03384113974996014, -0.5993325500759878, -0.2661395759362928, 0.7771017499413204, 0.4483332750742235, 0.5384197166622016, -0.6636835766010227, 0.4585346250649518, -0.6005804368626401, -0.36626583453220096, -0.35761225597968804, -0.43006597324570883, 0.14503940649710123, 0.19655387666997526, 0.9493836298827554, -0.6826507752618749, 0.32341692957050255, -0.7821186404196068, -0.40204497919115345, 0.823223118483132, -0.5841389407963851, 0.482962104669197, 0.026274498594228327, 0.2141345725663102, 0.07998699549535382, 0.06119348241463762, 0.6707578793130251, -0.3948477166026374, 0.11806897948550565, 0.6938244315938479, -0.6353143738432716, -0.9396973861009263, 0.20339303158375122, 0.06080266227257192, 0.3787949983173762, 0.01319559058455022, -0.7733654402717709, 0.8088808593601982, -0.6605465339598021, -0.834965615623912, 0.4593090582141979, -0.5130648417775977, 0.8969722095005521, -0.9423989544907891, 1, 0.5941897065264616, -0.5385296860728921, 0.9376836770124262, -0.7944250329224172, -0.10931174765674578, -0.6874402738984369, 0.3445619779720385, -0.926501412945606, -0.7460566276553201, 0.3729173561964281, -0.4223484669676214, -0.2532793597764293, 0.10965337008469578, -0.6716380569856224, 0.17968641641029895, -0.7161301338040499, -0.8377640526790162, 0.006918676408037561, -0.626419925249531, -1, -0.21631999175659788, 0.3641894689038139, -0.40542417028690236, 0.4872855842207944, -0.40907261144737017, 0.6512728680929376, 0.7672827975486307, 0.7234564796485036, -0.07746381847148126, -0.563083420345635, -0.7853459008992092, -0.329863856458273, 0.6899923505075427, 0.6214953626639905, 0.5855284361528118, 0.9239266817527445, -0.6970695529262186, 0.9610253170044301, -0.14205088969663232, 0.8367759362879408, 0.7934823066101848, -0.4865185901050961]
472.181752207689	(8, 12, 2)	[-0.007700071745575077, -0.14394456609833295, 0.5602508058924003, -0.7839394884907476, 0.7467868353265206, 0.26292013476936066, 0.41656806041537536, 0.39671500191753084, -0.4650647169077804, -0.21745075743498266, 0.8266792484417662, 0.4302163262799374, 0.024394443132344845, 0.8228508903490916, -0.37312838095780937, -0.5416958033840478, 0.3243193689217527, 0.01593085053380383, -0.03281306298534213, 0.21586873212778568, 0.3015028916411917, 0.17437906703262684, -0.9131734725267324, 0.5025248585526851, -0.28794098350042874, 0.43283525724243366, -0.3080170650606096, 0.038150541449996966, 0.6971455867981694, -0.9529392473861871, 0.007886647654131274, -0.060150340473242636, 0.9695078225558975, 0.03384113974996014, -0.5993325500759878, -0.2661395759362928, 0.7771017499413204, 0.4483332750742235, 0.5384197166622016, -0.6636835766010227, 0.4585346250649518, -0.6005804368626401, -0.36626583453220096, -0.35761225597968804, -0.2608306030602658, 0.14503940649710123, 0.19655387666997526, 0.9493836298827554, -0.6826507752618749, 0.32341692957050255, -0.9125830865975408, -0.40204497919115345, 0.823223118483132, -0.5841389407963851, 0.482962104669197, 0.026274498594228327, 0.2141345725663102, 0.07998699549535382, 0.06119348241463762, 0.6707578793130251, -0.3948477166026374, 0.11806897948550565, 0.9258504958297025, -0.6353143738432716, -0.9396973861009263, 0.20339303158375122, 0.06080266227257192, 0.3787949983173762, 0.01319559058455022, -0.7733654402717709, 0.8088808593601982, -0.6605465339598021, -0.834965615623912, 0.4593090582141979, -0.5130648417775977, 0.8969722095005521, -0.9423989544907891, 1, 0.5941897065264616, -0.5695052878593484, 0.9376836770124262, -0.7944250329224172, -0.10931174765674578, -0.6874402738984369, 0.3445619779720385, -0.926501412945606, -0.7460566276553201, 0.3729173561964281, -0.4223484669676214, -0.2532793597764293, 0.10965337008469578, -0.6716380569856224, 0.17968641641029895, -0.7161301338040499, -1, 0.006918676408037561, -0.5023496299781659, -1, -0.21631999175659788, 0.3641894689038139, -0.40542417028690236, 0.4872855842207944, -0.595950986327294, 0.6512728680929376, 0.7672827975486307, 0.7234564796485036, -0.07746381847148126, -0.563083420345635, -0.5931833994946127, -0.329863856458273, 0.6899923505075427, 0.6214953626639905, 0.5855284361528118, 0.9239266817527445, -0.6970695529262186, 0.9610253170044301, -0.14205088969663232, 0.8367759362879408, 0.7934823066101848, -0.4865185901050961]
498.75197653074906	(8, 12, 2)	[-0.007700071745575077, -0.14394456609833295, 0.5602508058924003, -0.7839394884907476, 0.7467868353265206, 0.26292013476936066, 0.41656806041537536, 0.39671500191753084, -0.4650647169077804, -0.21745075743498266, 0.8266792484417662, 0.4302163262799374, 0.024394443132344845, 0.8228508903490916, -0.37312838095780937, -0.5416958033840478, 0.2126030126369392, 0.01593085053380383, -0.03281306298534213, 0.21586873212778568, 0.3015028916411917, 0.12758589313915006, -0.9131734725267324, 0.5025248585526851, -0.28794098350042874, 0.43283525724243366, -0.3080170650606096, 0.038150541449996966, 0.6971455867981694, -0.9529392473861871, 0.007886647654131274, -0.060150340473242636, 0.9695078225558975, 0.03384113974996014, -0.5993325500759878, -0.2661395759362928, 0.7771017499413204, 0.4483332750742235, 0.5384197166622016, -0.6636835766010227, 0.4585346250649518, -0.6005804368626401, -0.36626583453220096, -0.35761225597968804, -0.2608306030602658, 0.14503940649710123, 0.19655387666997526, 0.9493836298827554, -0.6826507752618749, 0.32341692957050255, -0.9125830865975408, -0.40204497919115345, 0.823223118483132, -0.5841389407963851, 0.482962104669197, 0.026274498594228327, 0.2141345725663102, 0.07998699549535382, 0.06119348241463762, 0.6707578793130251, -0.3948477166026374, 0.11806897948550565, 0.6938244315938479, -0.6353143738432716, -0.9396973861009263, 0.20339303158375122, 0.06080266227257192, 0.3787949983173762, 0.01319559058455022, -0.7733654402717709, 0.8088808593601982, -0.6605465339598021, -0.834965615623912, 0.4593090582141979, -0.5130648417775977, 0.8969722095005521, -0.9423989544907891, 1, 0.5941897065264616, -0.5695052878593484, 0.9376836770124262, -0.7944250329224172, -0.10931174765674578, -0.6874402738984369, 0.3445619779720385, -0.926501412945606, -0.7460566276553201, 0.3729173561964281, -0.4223484669676214, -0.2532793597764293, 0.10965337008469578, -0.6716380569856224, 0.17968641641029895, -0.7161301338040499, -1, 0.006918676408037561, -0.5023496299781659, -1, -0.21631999175659788, 0.3641894689038139, -0.40542417028690236, 0.4872855842207944, -0.595950986327294, 0.6512728680929376, 0.7672827975486307, 0.7234564796485036, -0.07746381847148126, -0.563083420345635, -0.5931833994946127, -0.329863856458273, 0.6899923505075427, 0.6214953626639905, 0.6184079099745997, 0.9239266817527445, -0.6970695529262186, 0.9610253170044301, -0.14205088969663232, 0.8367759362879408, 0.7934823066101848, -0.4865185901050961]
487.2965104645118	(8, 12, 2)	[-0.007700071745575077, -0.14394456609833295, 0.5602508058924003, -0.7839394884907476, 0.7467868353265206, 0.26292013476936066, 0.41656806041537536, 0.39671500191753084, -0.4650647169077804, -0.21745075743498266, 0.8266792484417662, 0.4302163262799374, 0.024394443132344845, 0.8228508903490916, -0.37312838095780937, -0.5416958033840478, 0.3243193689217527, 0.01593085053380383, -0.08651223004131792, 0.21586873212778568, 0.3015028916411917, 0.17437906703262684, -0.9131734725267324, 0.5025248585526851, -0.28794098350042874, 0.43283525724243366, -0.3080170650606096, 0.038150541449996966, 0.6971455867981694, -0.8656534279781503, 0.007886647654131274, -0.060150340473242636, 0.9695078225558975, 0.14058407198547768, -0.5993325500759878, -0.2661395759362928, 0.7771017499413204, 0.4483332750742235, 0.5384197166622016, -0.6636835766010227, 0.4585346250649518, -0.6005804368626401, -0.36626583453220096, -0.35761225597968804, -0.43006597324570883, 0.14503940649710123, 0.19655387666997526, 0.9493836298827554, -0.6826507752618749, 0.32341692957050255, -0.7821186404196068, -0.40204497919115345, 0.823223118483132, -0.5841389407963851, 0.482962104669197, 0.026274498594228327, 0.2141345725663102, 0.07998699549535382, 0.06119348241463762, 0.7332786857192853, -0.3948477166026374, 0.11806897948550565, 0.6938244315938479, -0.6353143738432716, -0.9396973861009263, 0.20339303158375122, 0.06080266227257192, 0.3787949983173762, 0.01319559058455022, -0.7733654402717709, 0.8088808593601982, -0.6605465339598021, -0.834965615623912, 0.4593090582141979, -0.5130648417775977, 0.8969722095005521, -0.9423989544907891, 1, 0.5941897065264616, -0.43023197035936883, 0.9376836770124262, -0.7944250329224172, -0.10931174765674578, -0.6874402738984369, 0.3445619779720385, -0.926501412945606, -0.7460566276553201, 0.3729173561964281, -0.4223484669676214, -0.2532793597764293, 0.10965337008469578, -0.6716380569856224, 0.17968641641029895, -0.7161301338040499, -0.6405729232433396, 0.006918676408037561, -0.626419925249531, -1, -0.21631999175659788, 0.3641894689038139, -0.40542417028690236, 0.4872855842207944, -0.40907261144737017, 0.6512728680929376, 0.7672827975486307, 0.7234564796485036, -0.07746381847148126, -0.563083420345635, -0.7853459008992092, -0.329863856458273, 0.7417188638647291, 0.6214953626639905, 0.5855284361528118, 0.9239266817527445, -0.6970695529262186, 0.9610253170044301, -0.14205088969663232, 0.8367759362879408, 0.7934823066101848, -0.4865185901050961]
487.85308755468577	(8, 12, 2)	[-0.007700071745575077, -0.14394456609833295, 0.5602508058924003, -0.7839394884907476, 0.7467868353265206, 0.26292013476936066, 0.41656806041537536, 0.39671500191753084, -0.22313822161269947, -0.21745075743498266, 0.8266792484417662, 0.4302163262799374, 0.024394443132344845, 0.8228508903490916, -0.37312838095780937, -0.5416958033840478, 0.3243193689217527, 0.01593085053380383, -0.08651223004131792, 0.21586873212778568, 0.3015028916411917, 0.17437906703262684, -0.9131734725267324, 0.5025248585526851, -0.28794098350042874, 0.43283525724243366, -0.3080170650606096, 0.038150541449996966, 0.6971455867981694, -0.8656534279781503, 0.007886647654131274, -0.060150340473242636, 0.9695078225558975, 0.14058407198547768, -0.5993325500759878, -0.2661395759362928, 0.7771017499413204, 0.4483332750742235, 0.5384197166622016, -0.6636835766010227, 0.4585346250649518, -0.6005804368626401, -0.36626583453220096, -0.35761225597968804, -0.43006597324570883, 0.14503940649710123, 0.19655387666997526, 0.9493836298827554, -0.6826507752618749, 0.32341692957050255, -0.7821186404196068, -0.40204497919115345, 0.823223118483132, -0.5841389407963851, 0.482962104669197, 0.026274498594228327, 0.2141345725663102, 0.07998699549535382, 0.06119348241463762, 0.7332786857192853, -0.3948477166026374, 0.11806897948550565, 0.6938244315938479, -0.6353143738432716, -0.9396973861009263, 0.20339303158375122, 0.06080266227257192, 0.3787949983173762, 0.01319559058455022, -0.7733654402717709, 0.8088808593601982, -0.6605465339598021, -0.834965615623912, 0.4593090582141979, -0.5130648417775977, 0.8969722095005521, -0.9423989544907891, 1, 0.5941897065264616, -0.43023197035936883, 0.9376836770124262, -0.7944250329224172, -0.10931174765674578, -0.6874402738984369, 0.3445619779720385, -0.926501412945606, -0.7460566276553201, 0.3729173561964281, -0.4223484669676214, -0.2532793597764293, 0.10965337008469578, -0.6716380569856224, 0.17968641641029895, -0.7161301338040499, -0.6405729232433396, 0.006918676408037561, -0.626419925249531, -1, -0.21631999175659788, 0.3641894689038139, -0.40542417028690236, 0.4872855842207944, -0.40907261144737017, 0.6512728680929376, 0.7672827975486307, 0.7234564796485036, -0.07746381847148126, -0.563083420345635, -0.7853459008992092, -0.329863856458273, 0.7417188638647291, 0.6214953626639905, 0.5855284361528118, 0.9239266817527445, -0.6970695529262186, 0.9610253170044301, -0.14205088969663232, 0.8367759362879408, 0.7934823066101848, -0.4865185901050961]
499.0860672375656	(8, 12, 2)	[-0.007700071745575077, -0.14394456609833295, 0.5602508058924003, -0.7839394884907476, 0.7467868353265206, 0.26292013476936066, 0.41656806041537536, 0.39671500191753084, -0.4650647169077804, -0.21745075743498266, 0.8266792484417662, 0.6580807180785637, 0.024394443132344845, 0.8228508903490916, -0.37312838095780937, -0.5416958033840478, 0.3243193689217527, 0.01593085053380383, -0.03281306298534213, 0.21586873212778568, 0.3015028916411917, 0.17437906703262684, -0.9131734725267324, 0.5025248585526851, -0.28794098350042874, 0.43283525724243366, -0.3080170650606096, 0.038150541449996966, 0.6971455867981694, -0.8656534279781503, 0.007886647654131274, -0.060150340473242636, 0.9695078225558975, 0.14058407198547768, -0.5993325500759878, -0.2661395759362928, 0.7771017499413204, 0.4483332750742235, 0.5384197166622016, -0.6636835766010227, 0.4585346250649518, -0.6005804368626401, -0.36626583453220096, -0.35761225597968804, -0.43006597324570883, 0.14503940649710123, 0.19655387666997526, 0.9493836298827554, -0.6826507752618749, 0.32341692957050255, -0.7821186404196068, -0.40204497919115345, 0.823223118483132, -0.5841389407963851, 0.482962104669197, 0.026274498594228327, 0.2141345725663102, 0.07998699549535382, 0.06119348241463762, 0.7332786857192853, -0.3948477166026374, 0.11806897948550565, 0.6938244315938479, -0.6353143738432716, -0.9396973861009263, 0.20339303158375122, 0.06080266227257192, 0.3787949983173762, 0.01319559058455022, -0.7733654402717709, 0.8088808593601982, -0.6605465339598021, -0.834965615623912, 0.4593090582141979, -0.5130648417775977, 0.8969722095005521, -0.9423989544907891, 1, 0.5941897065264616, -0.43023197035936883, 0.9376836770124262, -0.7944250329224172, -0.10931174765674578, -0.6874402738984369, 0.3445619779720385, -0.926501412945606, -0.7460566276553201, 0.3729173561964281, -0.4223484669676214, -0.2532793597764293, 0.10965337008469578, -0.6716380569856224, 0.17968641641029895, -0.7161301338040499, -0.6405729232433396, 0.006918676408037561, -0.626419925249531, -1, -0.21631999175659788, 0.3641894689038139, -0.40542417028690236, 0.4872855842207944, -0.40907261144737017, 0.6512728680929376, 0.7672827975486307, 0.7234564796485036, -0.07746381847148126, -0.563083420345635, -0.7853459008992092, -0.329863856458273, 0.7417188638647291, 0.6214953626639905, 0.5855284361528118, 0.9239266817527445, -0.6970695529262186, 0.9610253170044301, -0.14205088969663232, 0.8367759362879408, 0.7934823066101848, -0.4865185901050961]
487.26698495447636	(8, 12, 2)	[-0.007700071745575077, -0.14394456609833295, 0.5602508058924003, -0.7839394884907476, 0.7467868353265206, 0.26292013476936066, 0.41656806041537536, 0.39671500191753084, -0.4650647169077804, -0.21745075743498266, 0.8266792484417662, 0.6580807180785637, 0.024394443132344845, 0.8228508903490916, -0.37312838095780937, -0.5416958033840478, 0.3243193689217527, 0.01593085053380383, -0.03281306298534213, 0.21586873212778568, 0.3015028916411917, 0.17437906703262684, -0.9131734725267324, 0.5025248585526851, -0.28794098350042874, 0.43283525724243366, -0.3080170650606096, 0.038150541449996966, 0.6971455867981694, -0.8656534279781503, 0.007886647654131274, -0.060150340473242636, 0.9695078225558975, 0.14058407198547768, -0.5993325500759878, -0.2661395759362928, 0.7771017499413204, 0.4483332750742235, 0.5384197166622016, -0.6636835766010227, 0.4585346250649518, -0.6005804368626401, -0.36626583453220096, -0.35761225597968804, -0.43006597324570883, 0.14503940649710123, 0.19655387666997526, 0.9493836298827554, -0.6826507752618749, 0.32341692957050255, -0.7821186404196068, -0.40204497919115345, 0.823223118483132, -0.5841389407963851, 0.482962104669197, 0.026274498594228327, 0.2141345725663102, 0.07998699549535382, 0.06119348241463762, 0.7332786857192853, -0.3948477166026374, 0.11806897948550565, 0.6938244315938479, -0.6353143738432716, -0.9396973861009263, 0.20339303158375122, 0.06080266227257192, 0.3787949983173762, 0.01319559058455022, -0.7733654402717709, 0.8088808593601982, -0.6605465339598021, -0.834965615623912, 0.4593090582141979, -0.5130648417775977, 0.8969722095005521, -0.9423989544907891, 1, 0.5941897065264616, -0.43023197035936883, 0.9376836770124262, -0.7944250329224172, -0.10931174765674578, -0.6874402738984369, 0.3445619779720385, -0.926501412945606, -0.7460566276553201, 0.3729173561964281, -0.4223484669676214, -0.2532793597764293, 0.10965337008469578, -0.6716380569856224, 0.17968641641029895, -0.7161301338040499, -0.6405729232433396, 0.006918676408037561, -0.626419925249531, -1, -0.21631999175659788, 0.3641894689038139, -0.40542417028690236, 0.4872855842207944, -0.40907261144737017, 0.6512728680929376, 0.7672827975486307, 0.7234564796485036, -0.07746381847148126, -0.563083420345635, -0.7853459008992092, -0.329863856458273, 0.7417188638647291, 0.6214953626639905, 0.5855284361528118, 0.9239266817527445, -0.6970695529262186, 0.9610253170044301, -0.14205088969663232, 0.8367759362879408, 0.7934823066101848, -0.4865185901050961]
491.49824418127537	(8, 12, 2)	[-0.007700071745575077, -0.14394456609833295, 0.5602508058924003, -0.7839394884907476, 0.7467868353265206, 0.26292013476936066, 0.41656806041537536, 0.39671500191753084, -0.7341826149070798, -0.21745075743498266, 0.8266792484417662, 0.4302163262799374, 0.024394443132344845, 0.8228508903490916, -0.37312838095780937, -0.5416958033840478, 0.3243193689217527, 0.01593085053380383, -0.08651223004131792, 0.21586873212778568, 0.3015028916411917, 0.17437906703262684, -0.9131734725267324, 0.5025248585526851, -0.28794098350042874, 0.43283525724243366, -0.3080170650606096, 0.038150541449996966, 0.6971455867981694, -0.8656534279781503, 0.007886647654131274, -0.060150340473242636, 0.9695078225558975, 0.14058407198547768, -0.5993325500759878, -0.2661395759362928, 0.7771017499413204, 0.4483332750742235, 0.5384197166622016, -0.6636835766010227, 0.4585346250649518, -0.6005804368626401, -0.36626583453220096, -0.35761225597968804, -0.43006597324570883, 0.14503940649710123, 0.19655387666997526, 0.9493836298827554, -0.7648778854962568, 0.32341692957050255, -0.7821186404196068, -0.40204497919115345, 0.823223118483132, -0.5841389407963851, 0.482962104669197, 0.026274498594228327, 0.2141345725663102, 0.07998699549535382, 0.06119348241463762, 0.7332786857192853, -0.3948477166026374, 0.11806897948550565, 0.6938244315938479, -0.6353143738432716, -0.9396973861009263, 0.20339303158375122, 0.06080266227257192, 0.3787949983173762, 0.01319559058455022, -0.7733654402717709, 0.8088808593601982, -0.6605465339598021, -0.834965615623912, 0.4593090582141979, -0.5130648417775977, 0.8969722095005521, -0.9423989544907891, 1, 0.5941897065264616, -0.43023197035936883, 0.9376836770124262, -0.7944250329224172, -0.10931174765674578, -0.6874402738984369, 0.3445619779720385, -0.926501412945606, -0.7460566276553201, 0.3729173561964281, -0.4223484669676214, -0.2532793597764293, 0.10965337008469578, -0.6716380569856224, 0.17968641641029895, -0.7161301338040499, -0.6405729232433396, -0.009243836421286206, -0.5023496299781659, -1, -0.21631999175659788, 0.3641894689038139, -0.40542417028690236, 0.4872855842207944, -0.40907261144737017, 0.6512728680929376, 0.7672827975486307, 0.7234564796485036, -0.07746381847148126, -0.563083420345635, -0.7853459008992092, -0.329863856458273, 0.7417188638647291, 0.6214953626639905, 0.5855284361528118, 0.9239266817527445, -0.6970695529262186, 0.9610253170044301, -0.14205088969663232, 0.8367759362879408, 0.7934823066101848, -0.4865185901050961]
483.4726026572753	(8, 12, 2)	[-0.007700071745575077, -0.14394456609833295, 0.5602508058924003, -0.7839394884907476, 0.7467868353265206, 0.26292013476936066, 0.41656806041537536, 0.39671500191753084, -0.7341826149070798, -0.21745075743498266, 0.8266792484417662, 0.4302163262799374, 0.024394443132344845, 0.8228508903490916, -0.37312838095780937, -0.5416958033840478, 0.3243193689217527, 0.01593085053380383, -0.08651223004131792, 0.21586873212778568, 0.3015028916411917, 0.17437906703262684, -0.9131734725267324, 0.5025248585526851, -0.28794098350042874, 0.43283525724243366, -0.3080170650606096, 0.038150541449996966, 0.6971455867981694, -0.8656534279781503, 0.007886647654131274, -0.060150340473242636, 0.9695078225558975, 0.14058407198547768, -0.5993325500759878, -0.2661395759362928, 0.7771017499413204, 0.4483332750742235, 0.5384197166622016, -0.6636835766010227, 0.4585346250649518, -0.6005804368626401, -0.36626583453220096, -0.35761225597968804, -0.43006597324570883, 0.14503940649710123, 0.19655387666997526, 0.9493836298827554, -0.7648778854962568, 0.32341692957050255, -0.7821186404196068, -0.40204497919115345, 0.823223118483132, -0.5841389407963851, 0.482962104669197, 0.026274498594228327, 0.2141345725663102, 0.07998699549535382, 0.06119348241463762, 0.7332786857192853, -0.3948477166026374, 0.11806897948550565, 0.6938244315938479, -0.6353143738432716, -0.9396973861009263, 0.20339303158375122, 0.06080266227257192, 0.3787949983173762, 0.01319559058455022, -0.7733654402717709, 0.8088808593601982, -0.6605465339598021, -0.834965615623912, 0.4593090582141979, -0.5130648417775977, 0.8969722095005521, -0.9423989544907891, 1, 0.5941897065264616, -0.5695052878593484, 0.9376836770124262, -0.7944250329224172, -0.10931174765674578, -0.6874402738984369, 0.3445619779720385, -0.926501412945606, -0.5316974654565243, 0.3729173561964281, -0.4223484669676214, -0.2532793597764293, 0.10965337008469578, -0.6716380569856224, 0.17968641641029895, -0.7161301338040499, -1, 0.006918676408037561, -0.5023496299781659, -1, -0.21631999175659788, 0.3641894689038139, -0.40542417028690236, 0.4872855842207944, -0.595950986327294, 0.6512728680929376, 0.7672827975486307, 0.7234564796485036, -0.07746381847148126, -0.563083420345635, -0.5931833994946127, -0.329863856458273, 0.6899923505075427, 0.6214953626639905, 0.5855284361528118, 0.9239266817527445, -0.6970695529262186, 0.9610253170044301, -0.14205088969663232, 0.8367759362879408, 0.7934823066101848, -0.4865185901050961]
488.07870177552104	(8, 12, 2)	[-0.007700071745575077, -0.14394456609833295, 0.5602508058924003, -0.7839394884907476, 0.7467868353265206, 0.26292013476936066, 0.41656806041537536, 0.39671500191753084, -0.7341826149070798, -0.21745075743498266, 0.8266792484417662, 0.4302163262799374, 0.024394443132344845, 0.8228508903490916, -0.37312838095780937, -0.5416958033840478, 0.3243193689217527, 0.01593085053380383, -0.08651223004131792, 0.21586873212778568, 0.3015028916411917, 0.17437906703262684, -0.9131734725267324, 0.5025248585526851, -0.28794098350042874, 0.43283525724243366, -0.3080170650606096, 0.038150541449996966, 0.6971455867981694, -0.8656534279781503, 0.007886647654131274, -0.060150340473242636, 0.9695078225558975, 0.14058407198547768, -0.5993325500759878, -0.2661395759362928, 0.7771017499413204, 0.4483332750742235, 0.5384197166622016, -0.6636835766010227, 0.4585346250649518, -0.6005804368626401, -0.36626583453220096, -0.35761225597968804, -0.43006597324570883, 0.14503940649710123, 0.19655387666997526, 0.9493836298827554, -0.7648778854962568, 0.32341692957050255, -0.7821186404196068, -0.40204497919115345, 0.823223118483132, -0.5841389407963851, 0.482962104669197, 0.026274498594228327, 0.2141345725663102, 0.07998699549535382, 0.06119348241463762, 0.7332786857192853, -0.3948477166026374, 0.11806897948550565, 0.6938244315938479, -0.6353143738432716, -0.9396973861009263, 0.20339303158375122, 0.06080266227257192, 0.3787949983173762, 0.01319559058455022, -0.7733654402717709, 0.8088808593601982, -0.6605465339598021, -0.834965615623912, 0.4593090582141979, -0.5130648417775977, 0.8969722095005521, -0.9423989544907891, 1, 0.5941897065264616, -0.5695052878593484, 0.9376836770124262, -0.7944250329224172, -0.10931174765674578, -0.6874402738984369, 0.3445619779720385, -0.926501412945606, -0.5316974654565243, 0.3729173561964281, -0.4223484669676214, -0.2532793597764293, 0.10965337008469578, -0.6716380569856224, 0.17968641641029895, -0.7161301338040499, -1, 0.006918676408037561, -0.5023496299781659, -1, -0.21631999175659788, 0.3641894689038139, -0.40542417028690236, 0.4872855842207944, -0.595950986327294, 0.6512728680929376, 0.7672827975486307, 0.7234564796485036, -0.07746381847148126, -0.563083420345635, -0.5931833994946127, -0.329863856458273, 0.6899923505075427, 0.6214953626639905, 0.5855284361528118, 0.9239266817527445, -0.6970695529262186, 0.9610253170044301, -0.14205088969663232, 0.8367759362879408, 0.7934823066101848, -0.4865185901050961]
481.1942148953676	(8, 12, 2)	[-0.007700071745575077, -0.14394456609833295, 0.5602508058924003, -0.7839394884907476, 0.7467868353265206, 0.26292013476936066, 0.41656806041537536, 0.39671500191753084, -0.7341826149070798, -0.21745075743498266, 0.8266792484417662, 0.4302163262799374, 0.024394443132344845, 0.8228508903490916, -0.37312838095780937, -0.5416958033840478, 0.3243193689217527, 0.01593085053380383, -0.08651223004131792, 0.21586873212778568, 0.3015028916411917, 0.17437906703262684, -0.9131734725267324, 0.5025248585526851, -0.28794098350042874, 0.43283525724243366, -0.3080170650606096, 0.038150541449996966, 0.6971455867981694, -0.8656534279781503, 0.007886647654131274, -0.060150340473242636, 0.9695078225558975, 0.14058407198547768, -0.5993325500759878, -0.2661395759362928, 0.7771017499413204, 0.4483332750742235, 0.5384197166622016, -0.6636835766010227, 0.4585346250649518, -0.6005804368626401, -0.36626583453220096, -0.35761225597968804, -0.43006597324570883, 0.14503940649710123, 0.19655387666997526, 0.9493836298827554, -0.7648778854962568, 0.32341692957050255, -0.7821186404196068, -0.40204497919115345, 0.823223118483132, -0.5841389407963851, 0.482962104669197, 0.026274498594228327, 0.2141345725663102, 0.07998699549535382, 0.06119348241463762, 0.7332786857192853, -0.3948477166026374, 0.3182746393425562, 0.6938244315938479, -0.6353143738432716, -0.9396973861009263, 0.20339303158375122, 0.06080266227257192, 0.3787949983173762, 0.01319559058455022, -0.7733654402717709, 0.8088808593601982, -0.6605465339598021, -0.834965615623912, 0.4593090582141979, -0.5130648417775977, 0.8969722095005521, -0.9423989544907891, 1, 0.5941897065264616, -0.5695052878593484, 0.9376836770124262, -0.7944250329224172, -0.10931174765674578, -0.6874402738984369, 0.3445619779720385, -0.926501412945606, -0.5316974654565243, 0.3729173561964281, -0.4223484669676214, -0.2532793597764293, 0.10965337008469578, -0.6716380569856224, 0.17968641641029895, -0.7161301338040499, -1, 0.006918676408037561, -0.5023496299781659, -1, -0.21631999175659788, 0.3641894689038139, -0.40542417028690236, 0.4872855842207944, -0.40907261144737017, 0.7275732339450323, 0.7672827975486307, 0.7234564796485036, -0.07746381847148126, -0.563083420345635, -0.7853459008992092, -0.329863856458273, 0.6899923505075427, 0.6214953626639905, 0.5855284361528118, 0.9239266817527445, -0.6970695529262186, 0.9610253170044301, -0.14205088969663232, 0.8367759362879408, 0.7934823066101848, -0.4865185901050961]
494.9495814256355	(8, 12, 2)	[-0.007700071745575077, -0.14394456609833295, 0.5602508058924003, -0.7839394884907476, 0.7467868353265206, 0.26292013476936066, 0.41656806041537536, 0.39671500191753084, -0.7341826149070798, -0.21745075743498266, 0.8266792484417662, 0.4302163262799374, 0.024394443132344845, 0.8228508903490916, -0.37312838095780937, -0.5416958033840478, 0.3243193689217527, 0.01593085053380383, -0.08651223004131792, 0.21586873212778568, 0.3015028916411917, 0.17437906703262684, -0.9131734725267324, 0.5025248585526851, -0.28794098350042874, 0.43283525724243366, -0.3080170650606096, 0.038150541449996966, 0.6971455867981694, -0.8656534279781503, 0.007886647654131274, -0.060150340473242636, 0.9695078225558975, 0.14058407198547768, -0.5993325500759878, -0.2661395759362928, 0.7771017499413204, 0.4483332750742235, 0.5384197166622016, -0.6636835766010227, 0.4585346250649518, -0.6005804368626401, -0.36626583453220096, -0.35761225597968804, -0.43006597324570883, 0.14503940649710123, 0.19655387666997526, 0.9493836298827554, -0.6826507752618749, 0.32341692957050255, -0.7821186404196068, -0.40204497919115345, 0.823223118483132, -0.5841389407963851, 0.482962104669197, 0.026274498594228327, 0.2141345725663102, 0.07998699549535382, -0.2509936662453405, 0.7332786857192853, -0.3948477166026374, 0.11806897948550565, 0.6938244315938479, -0.6353143738432716, -0.9396973861009263, 0.20339303158375122, 0.06080266227257192, 0.3787949983173762, 0.01319559058455022, -0.7733654402717709, 0.8088808593601982, -0.6605465339598021, -0.9208606085593618, 0.8244308836918104, -0.5130648417775977, 0.8969722095005521, -0.9423989544907891, 1, 0.5941897065264616, -0.43023197035936883, 0.9376836770124262, -0.7944250329224172, -0.10931174765674578, -0.6874402738984369, 0.3445619779720385, -0.926501412945606, -0.7460566276553201, 0.3729173561964281, -0.4223484669676214, -0.2532793597764293, 0.10965337008469578, -0.6716380569856224, 0.17968641641029895, -0.7161301338040499, -0.6405729232433396, 0.006918676408037561, -0.626419925249531, -1, -0.21631999175659788, 0.3641894689038139, -0.40542417028690236, 0.4872855842207944, -0.595950986327294, 0.6512728680929376, 0.7672827975486307, 0.7234564796485036, -0.07746381847148126, -0.563083420345635, -0.5931833994946127, -0.329863856458273, 0.6899923505075427, 0.6214953626639905, 0.6184079099745997, 0.9239266817527445, -0.6970695529262186, 0.9610253170044301, -0.14205088969663232, 0.8367759362879408, 0.7934823066101848, -0.4865185901050961]
488.8321313308552	(8, 12, 2)	[-0.007700071745575077, -0.14394456609833295, 0.5602508058924003, -0.7839394884907476, 0.7467868353265206, 0.26292013476936066, 0.41656806041537536, 0.39671500191753084, -0.7341826149070798, -0.21745075743498266, 0.8266792484417662, 0.4302163262799374, 0.024394443132344845, 0.8228508903490916, -0.37312838095780937, -0.5416958033840478, 0.3243193689217527, 0.01593085053380383, -0.08651223004131792, 0.21586873212778568, 0.3015028916411917, 0.17437906703262684, -0.9131734725267324, 0.5025248585526851, -0.28794098350042874, 0.43283525724243366, -0.6856549827691276, 0.038150541449996966, 0.6971455867981694, -0.8656534279781503, 0.007886647654131274, -0.060150340473242636, 0.9695078225558975, 0.14058407198547768, -0.5993325500759878, -0.2661395759362928, 0.7771017499413204, 0.4483332750742235, 0.5384197166622016, -0.6636835766010227, 0.4585346250649518, -0.6005804368626401, -0.36626583453220096, -0.35761225597968804, -0.43006597324570883, 0.14503940649710123, 0.19655387666997526, 0.9493836298827554, -0.7648778854962568, 0.32341692957050255, -0.7821186404196068, -0.40204497919115345, 0.823223118483132, -0.5841389407963851, 0.482962104669197, 0.026274498594228327, 0.2141345725663102, 0.07998699549535382, 0.06119348241463762, 0.7332786857192853, -0.3948477166026374, 0.3182746393425562, 0.6938244315938479, -0.6353143738432716, -0.9396973861009263, 0.20339303158375122, 0.06080266227257192, 0.3787949983173762, 0.01319559058455022, -0.7733654402717709, 0.8088808593601982, -0.6605465339598021, -0.834965615623912, 0.4593090582141979, -0.5130648417775977, 0.8969722095005521, -0.9423989544907891, 1, 0.5941897065264616, -0.5695052878593484, 0.9376836770124262, -0.7944250329224172, -0.10931174765674578, -0.6874402738984369, 0.3445619779720385, -0.926501412945606, -0.5316974654565243, 0.3729173561964281, -0.4223484669676214, -0.2532793597764293, 0.10965337008469578, -0.6716380569856224, 0.17968641641029895, -0.7161301338040499, -1, 0.006918676408037561, -0.5023496299781659, -0.7369282669050727, -0.21631999175659788, 0.3641894689038139, -0.40542417028690236, 0.4872855842207944, -0.40907261144737017, 0.7275732339450323, 0.7672827975486307, 0.7234564796485036, -0.07746381847148126, -0.563083420345635, -0.7853459008992092, -0.329863856458273, 0.7615940319208634, 0.6214953626639905, 0.5855284361528118, 0.9239266817527445, -0.6970695529262186, 0.9610253170044301, -0.14205088969663232, 0.8367759362879408, 0.7934823066101848, -0.4865185901050961]
498.6201131081202	(8, 12, 2)	[-0.007700071745575077, -0.14394456609833295, 0.9015151632838911, -0.7839394884907476, 1, 0.26292013476936066, 0.41656806041537536, 0.39671500191753084, -0.7341826149070798, -0.21745075743498266, 0.8266792484417662, 0.4302163262799374, 0.024394443132344845, 0.8228508903490916, -0.37312838095780937, -0.5416958033840478, 0.3243193689217527, 0.01593085053380383, -0.08651223004131792, 0.21586873212778568, 0.3015028916411917, 0.17437906703262684, -0.9131734725267324, 0.5025248585526851, -0.28794098350042874, 0.43283525724243366, -0.3080170650606096, 0.038150541449996966, 0.6971455867981694, -0.8656534279781503, 0.007886647654131274, -0.060150340473242636, 0.9695078225558975, 0.2950487678496215, -0.5993325500759878, -0.2661395759362928, 0.7771017499413204, 0.4483332750742235, 0.5384197166622016, -0.6636835766010227, 0.4585346250649518, -0.6005804368626401, -0.36626583453220096, -0.35761225597968804, -0.43006597324570883, 0.14503940649710123, 0.19655387666997526, 0.9493836298827554, -0.7648778854962568, 0.32341692957050255, -0.7821186404196068, -0.40204497919115345, 0.823223118483132, -0.5841389407963851, 0.482962104669197, 0.026274498594228327, 0.2141345725663102, 0.07998699549535382, 0.06119348241463762, 0.7332786857192853, -0.3948477166026374, 0.3182746393425562, 0.6938244315938479, -0.6353143738432716, -0.9396973861009263, 0.20339303158375122, 0.06080266227257192, 0.3787949983173762, 0.01319559058455022, -0.7733654402717709, 0.8088808593601982, -0.6605465339598021, -0.834965615623912, 0.4593090582141979, -0.5130648417775977, 0.8969722095005521, -0.9423989544907891, 1, 0.5941897065264616, -0.43023197035936883, 0.9376836770124262, -0.7944250329224172, -0.10931174765674578, -0.6874402738984369, 0.3445619779720385, -0.926501412945606, -0.5316974654565243, 0.3729173561964281, -0.4223484669676214, -0.2532793597764293, 0.10965337008469578, -0.6716380569856224, 0.17968641641029895, -0.7161301338040499, -1, 0.006918676408037561, -0.5023496299781659, -0.7369282669050727, -0.21631999175659788, 0.3641894689038139, -0.40542417028690236, 0.4872855842207944, -0.40907261144737017, 0.7275732339450323, 0.7672827975486307, 0.7234564796485036, -0.07746381847148126, -0.563083420345635, -0.7853459008992092, -0.329863856458273, 0.7615940319208634, 0.6214953626639905, 0.5855284361528118, 0.9239266817527445, -0.6970695529262186, 0.9610253170044301, -0.14205088969663232, 0.8367759362879408, 0.7934823066101848, -0.4865185901050961]
497.00074716515417	(8, 12, 2)	[-0.007700071745575077, -0.14394456609833295, 0.5602508058924003, -0.7839394884907476, 0.7467868353265206, 0.26292013476936066, 0.41656806041537536, 0.39671500191753084, -0.7341826149070798, -0.21745075743498266, 0.8266792484417662, 0.4302163262799374, 0.024394443132344845, 0.7415137221864817, -0.37312838095780937, -0.5416958033840478, 0.3243193689217527, 0.01593085053380383, -0.08651223004131792, 0.21586873212778568, 0.23526639828574752, 0.17437906703262684, -0.9131734725267324, 0.5025248585526851, -0.28794098350042874, 0.37194039489753167, -0.3080170650606096, 0.038150541449996966, 0.6971455867981694, -0.8656534279781503, 0.007886647654131274, -0.060150340473242636, 0.9695078225558975, 0.14058407198547768, -0.5993325500759878, -0.2661395759362928, 0.7771017499413204, 0.4483332750742235, 0.5384197166622016, -0.6636835766010227, 0.4585346250649518, -0.6005804368626401, -0.36626583453220096, -0.35761225597968804, 0.021734797230197778, 0.14503940649710123, 0.19655387666997526, 0.9493836298827554, -0.7648778854962568, 0.32341692957050255, -0.7821186404196068, -0.40204497919115345, 0.823223118483132, -0.5841389407963851, 0.482962104669197, 0.026274498594228327, 0.2141345725663102, 0.07998699549535382, 0.0336877503082931, 0.7332786857192853, -0.3948477166026374, 0.11806897948550565, 0.6938244315938479, -0.6353143738432716, -0.9396973861009263, 0.20339303158375122, 0.06080266227257192, 0.3787949983173762, 0.01319559058455022, -0.7733654402717709, 0.8088808593601982, -0.6605465339598021, -0.834965615623912, 0.4593090582141979, -0.739909482442141, 0.8969722095005521, -0.9423989544907891, 1, 0.5941897065264616, -0.5695052878593484, 1, -0.7944250329224172, -0.10931174765674578, -0.6874402738984369, 0.3445619779720385, -0.926501412945606, -0.5316974654565243, 0.3729173561964281, -0.4223484669676214, -0.2532793597764293, 0.10965337008469578, -0.6716380569856224, 0.17968641641029895, -0.7161301338040499, -1, 0.006918676408037561, -0.5023496299781659, -1, -0.21631999175659788, 0.3641894689038139, -0.40542417028690236, 0.4872855842207944, -0.595950986327294, 0.6512728680929376, 0.7672827975486307, 0.7234564796485036, -0.07746381847148126, -0.563083420345635, -0.5931833994946127, -0.329863856458273, 0.6899923505075427, 0.6214953626639905, 0.5855284361528118, 0.9239266817527445, -0.6970695529262186, 0.9610253170044301, -0.14205088969663232, 0.8367759362879408, 0.7934823066101848, -0.4865185901050961]
490.36026261746883	(8, 12, 2)	[-0.007700071745575077, -0.14394456609833295, 0.9015151632838911, -0.7839394884907476, 1, 0.26292013476936066, 0.41656806041537536, 0.39671500191753084, -0.7341826149070798, -0.21745075743498266, 0.8266792484417662, 0.4302163262799374, 0.024394443132344845, 0.7415137221864817, -0.37312838095780937, -0.5416958033840478, 0.3243193689217527, 0.01593085053380383, -0.08651223004131792, 0.21586873212778568, 0.23526639828574752, 0.17437906703262684, -0.9131734725267324, 0.5025248585526851, -0.28794098350042874, 0.43283525724243366, -0.3080170650606096, 0.038150541449996966, 0.6971455867981694, -0.8656534279781503, 0.007886647654131274, -0.060150340473242636, 0.9695078225558975, 0.14058407198547768, -0.5993325500759878, -0.2661395759362928, 0.8366612571337855, 0.4483332750742235, 0.5384197166622016, -0.6636835766010227, 0.4585346250649518, -0.6005804368626401, -0.36626583453220096, -0.35761225597968804, -0.43006597324570883, 0.14503940649710123, 0.19655387666997526, 0.9493836298827554, -0.7648778854962568, 0.32341692957050255, -0.7821186404196068, -0.40204497919115345, 0.823223118483132, -0.5841389407963851, 0.482962104669197, 0.026274498594228327, 0.2141345725663102, 0.07998699549535382, 0.06119348241463762, 0.7332786857192853, -0.3948477166026374, 0.11806897948550565, 0.6938244315938479, -0.6353143738432716, -0.9396973861009263, 0.20339303158375122, 0.06080266227257192, 0.3787949983173762, 0.01319559058455022, -0.7733654402717709, 0.8088808593601982, -0.6605465339598021, -0.834965615623912, 0.4593090582141979, -0.5130648417775977, 0.8969722095005521, -0.9423989544907891, 1, 0.5941897065264616, -0.5695052878593484, 0.9376836770124262, -0.7944250329224172, -0.10931174765674578, -0.6874402738984369, 0.3445619779720385, -0.926501412945606, -0.5316974654565243, 0.3729173561964281, -0.4223484669676214, -0.2532793597764293, 0.10965337008469578, -0.6716380569856224, 0.17968641641029895, -0.7161301338040499, -1, 0.006918676408037561, -0.6258432577974328, -1, -0.21631999175659788, 0.3641894689038139, -0.40542417028690236, 0.4872855842207944, -0.595950986327294, 0.6512728680929376, 0.7672827975486307, 0.7234564796485036, -0.07746381847148126, -0.563083420345635, -0.5931833994946127, -0.329863856458273, 0.6899923505075427, 0.6214953626639905, 0.6184079099745997, 0.9239266817527445, -0.6970695529262186, 0.9610253170044301, -0.14205088969663232, 0.8367759362879408, 0.7934823066101848, -0.4865185901050961]
492.1531315077802	(8, 12, 2)	[-0.007700071745575077, -0.14394456609833295, 0.9015151632838911, -0.7839394884907476, 1, 0.26292013476936066, 0.41656806041537536, 0.39671500191753084, -0.7341826149070798, -0.21745075743498266, 0.8266792484417662, 0.4302163262799374, 0.024394443132344845, 0.7415137221864817, -0.37312838095780937, -0.5416958033840478, 0.3243193689217527, 0.01593085053380383, -0.08651223004131792, 0.21586873212778568, 0.23526639828574752, 0.17437906703262684, -0.9131734725267324, 0.5025248585526851, -0.28794098350042874, 0.43283525724243366, -0.3080170650606096, 0.038150541449996966, 0.6971455867981694, -0.8656534279781503, 0.007886647654131274, -0.060150340473242636, 0.9695078225558975, 0.14058407198547768, -0.5993325500759878, -0.2661395759362928, 0.8366612571337855, 0.4483332750742235, 0.5384197166622016, -0.6636835766010227, 0.4585346250649518, -0.6005804368626401, -0.36626583453220096, -0.35761225597968804, -0.43006597324570883, 0.14503940649710123, 0.19655387666997526, 0.9493836298827554, -0.7648778854962568, 0.32341692957050255, -0.7821186404196068, -0.40204497919115345, 0.823223118483132, -0.5841389407963851, 0.482962104669197, 0.026274498594228327, 0.2141345725663102, 0.07998699549535382, 0.06119348241463762, 0.7332786857192853, -0.3948477166026374, 0.11806897948550565, 0.6938244315938479, -0.6353143738432716, -0.9396973861009263, 0.20339303158375122, 0.06080266227257192, 0.3787949983173762, 0.01319559058455022, -0.7733654402717709, 0.8088808593601982, -0.6605465339598021, -0.834965615623912, 0.4593090582141979, -0.5130648417775977, 0.8969722095005521, -0.9423989544907891, 1, 0.5941897065264616, -0.5695052878593484, 0.9376836770124262, -0.7944250329224172, -0.10931174765674578, -0.6874402738984369, 0.3445619779720385, -0.926501412945606, -0.5316974654565243, 0.3729173561964281, -0.4223484669676214, -0.2532793597764293, 0.10965337008469578, -0.6716380569856224, 0.17968641641029895, -0.7161301338040499, -1, 0.006918676408037561, -0.6258432577974328, -1, -0.21631999175659788, 0.3641894689038139, -0.40542417028690236, 0.4872855842207944, -0.595950986327294, 0.6512728680929376, 0.7672827975486307, 0.7234564796485036, -0.07746381847148126, -0.563083420345635, -0.5931833994946127, -0.329863856458273, 0.6899923505075427, 0.6214953626639905, 0.6184079099745997, 0.9239266817527445, -0.6970695529262186, 0.9610253170044301, -0.14205088969663232, 0.8367759362879408, 0.7934823066101848, -0.4865185901050961]
483.9143106713891	(8, 12, 2)	[-0.007700071745575077, -0.14394456609833295, 0.9015151632838911, -0.7839394884907476, 1, 0.26292013476936066, 0.41656806041537536, 0.39671500191753084, -0.7341826149070798, -0.21745075743498266, 0.8266792484417662, 0.4302163262799374, 0.024394443132344845, 0.7415137221864817, -0.37312838095780937, -0.5416958033840478, 0.3243193689217527, 0.01593085053380383, -0.08651223004131792, 0.21586873212778568, 0.23526639828574752, 0.17437906703262684, -0.9131734725267324, 0.5025248585526851, -0.28794098350042874, 0.43283525724243366, -0.3080170650606096, 0.038150541449996966, 0.6971455867981694, -0.8656534279781503, 0.007886647654131274, -0.060150340473242636, 0.9695078225558975, 0.14058407198547768, -0.5993325500759878, -0.2661395759362928, 0.8366612571337855, 0.4483332750742235, 0.5384197166622016, -0.6636835766010227, 0.4585346250649518, -0.6005804368626401, -0.36626583453220096, -0.35761225597968804, -0.43006597324570883, 0.14503940649710123, 0.19655387666997526, 0.9493836298827554, -0.7648778854962568, 0.32341692957050255, -0.7821186404196068, -0.40204497919115345, 0.823223118483132, -0.5841389407963851, 0.482962104669197, 0.026274498594228327, 0.2141345725663102, 0.07998699549535382, 0.06119348241463762, 0.7332786857192853, -0.3948477166026374, 0.11806897948550565, 0.6938244315938479, -0.5315815672814943, -0.9396973861009263, 0.20339303158375122, 0.06080266227257192, 0.3787949983173762, 0.01319559058455022, -0.7733654402717709, 0.8088808593601982, -0.6605465339598021, -0.834965615623912, 0.4593090582141979, -0.5130648417775977, 0.8969722095005521, -0.9423989544907891, 1, 0.5941897065264616, -0.5695052878593484, 0.9376836770124262, -0.7944250329224172, -0.10931174765674578, -0.6874402738984369, 0.3445619779720385, -0.926501412945606, -0.5316974654565243, 0.3729173561964281, -0.4223484669676214, -0.2532793597764293, 0.10965337008469578, -0.6716380569856224, 0.17968641641029895, -0.7161301338040499, -1, 0.006918676408037561, -0.6258432577974328, -1, -0.21631999175659788, 0.3641894689038139, -0.40542417028690236, 0.4872855842207944, -0.595950986327294, 0.6512728680929376, 0.7672827975486307, 0.7234564796485036, -0.07746381847148126, -0.563083420345635, -0.5931833994946127, -0.329863856458273, 0.6899923505075427, 0.6214953626639905, 0.6184079099745997, 0.9239266817527445, -0.6970695529262186, 0.9610253170044301, -0.14205088969663232, 0.8367759362879408, 0.7934823066101848, -0.4865185901050961]
482.5796112418175	(8, 12, 2)	[0.0956893393910907, -0.14394456609833295, 0.9015151632838911, -0.7839394884907476, 1, 0.25766738271843326, 0.41656806041537536, 0.39671500191753084, -0.49120143516411674, -0.21745075743498266, 0.7955111288004045, 0.4302163262799374, 0.024394443132344845, 0.8228508903490916, -0.37312838095780937, -0.5416958033840478, 0.3243193689217527, 0.01593085053380383, -0.08651223004131792, 0.21586873212778568, 0.3015028916411917, 0.17437906703262684, -0.9131734725267324, 0.5025248585526851, -0.28794098350042874, 0.6126330183023391, -0.3080170650606096, 0.038150541449996966, 0.6971455867981694, -0.8656534279781503, -0.0011154789125569272, -0.060150340473242636, 0.9695078225558975, 0.14058407198547768, -0.5993325500759878, -0.2661395759362928, 0.7771017499413204, 0.4483332750742235, 0.5384197166622016, -0.6636835766010227, 0.4585346250649518, -0.6005804368626401, -0.36626583453220096, -0.35761225597968804, -0.43006597324570883, 0.14503940649710123, 0.19655387666997526, 0.9493836298827554, -0.7648778854962568, 0.32341692957050255, -0.7821186404196068, -0.40204497919115345, 0.823223118483132, -0.5841389407963851, 0.482962104669197, 0.026274498594228327, 0.2141345725663102, 0.07998699549535382, 0.06119348241463762, 0.7332786857192853, -0.3948477166026374, 0.11806897948550565, 0.6938244315938479, -0.6353143738432716, -0.9396973861009263, 0.20339303158375122, 0.06080266227257192, 0.3787949983173762, 0.01319559058455022, -0.7733654402717709, 0.8088808593601982, -0.6605465339598021, -0.834965615623912, 0.4593090582141979, -0.5130648417775977, 0.8969722095005521, -0.9423989544907891, 1, 0.5941897065264616, -0.5695052878593484, 0.9376836770124262, -0.7944250329224172, -0.10931174765674578, -0.6874402738984369, 0.3445619779720385, -0.926501412945606, -0.5316974654565243, 0.3729173561964281, -0.4223484669676214, -0.2532793597764293, 0.10965337008469578, -0.6716380569856224, 0.17968641641029895, -0.7161301338040499, -1, 0.006918676408037561, -0.5023496299781659, -0.7369282669050727, -0.21631999175659788, 0.3641894689038139, -0.40542417028690236, 0.4872855842207944, -0.40907261144737017, 0.7275732339450323, 0.7672827975486307, 0.7234564796485036, -0.07746381847148126, -0.563083420345635, -0.7853459008992092, -0.329863856458273, 0.7417188638647291, 0.6214953626639905, 0.5855284361528118, 0.9239266817527445, -0.6970695529262186, 0.9610253170044301, -0.14205088969663232, 0.8367759362879408, 0.7934823066101848, -0.4865185901050961]
480.9359051287174	(8, 12, 2)	[-0.007700071745575077, -0.14394456609833295, 0.9015151632838911, -0.7839394884907476, 1, 0.25766738271843326, 0.41656806041537536, 0.39671500191753084, -0.49120143516411674, -0.21745075743498266, 0.7955111288004045, 0.4302163262799374, 0.024394443132344845, 0.8228508903490916, -0.37312838095780937, -0.5416958033840478, 0.3243193689217527, 0.01593085053380383, -0.08651223004131792, 0.21586873212778568, 0.3015028916411917, 0.17437906703262684, -0.9131734725267324, 0.5025248585526851, -0.28794098350042874, 0.6126330183023391, -0.3080170650606096, 0.2607738057960163, 0.6971455867981694, -0.8656534279781503, -0.0011154789125569272, -0.060150340473242636, 0.9695078225558975, 0.14058407198547768, -0.5993325500759878, -0.2661395759362928, 0.7771017499413204, 0.4483332750742235, 0.5384197166622016, -0.6636835766010227, 0.4585346250649518, -0.6005804368626401, -0.36626583453220096, -0.35761225597968804, -0.43006597324570883, 0.14503940649710123, 0.19655387666997526, 0.9493836298827554, -0.7648778854962568, 0.32341692957050255, -0.7821186404196068, -0.40204497919115345, 0.823223118483132, -0.5841389407963851, 0.482962104669197, 0.026274498594228327, 0.2141345725663102, 0.07998699549535382, 0.06119348241463762, 0.7332786857192853, -0.3948477166026374, 0.11806897948550565, 0.6938244315938479, -0.6353143738432716, -0.9396973861009263, 0.20339303158375122, 0.06080266227257192, 0.3787949983173762, 0.01319559058455022, -0.7733654402717709, 0.8088808593601982, -0.6605465339598021, -0.834965615623912, 0.4593090582141979, -0.5130648417775977, 0.8969722095005521, -0.9423989544907891, 1, 0.5941897065264616, -0.5695052878593484, 0.9376836770124262, -0.7944250329224172, -0.10931174765674578, -0.6874402738984369, 0.3445619779720385, -0.926501412945606, -0.5316974654565243, 0.3729173561964281, -0.4223484669676214, -0.2532793597764293, 0.10965337008469578, -0.6716380569856224, 0.17968641641029895, -0.7161301338040499, -1, 0.006918676408037561, -0.5023496299781659, -0.7369282669050727, -0.21631999175659788, 0.36052378616941666, -0.40542417028690236, 0.4872855842207944, -0.40907261144737017, 0.7275732339450323, 0.7672827975486307, 0.48223701241753086, -0.07746381847148126, -0.563083420345635, -0.7853459008992092, -0.329863856458273, 0.7417188638647291, 0.6214953626639905, 0.5855284361528118, 0.9239266817527445, -0.6970695529262186, 0.9610253170044301, -0.14205088969663232, 0.8367759362879408, 0.7934823066101848, -0.4865185901050961]
486.5458071231842	(8, 12, 2)	[0.0956893393910907, -0.14394456609833295, 0.9015151632838911, -0.7839394884907476, 1, 0.25766738271843326, 0.18649121679552902, 0.39671500191753084, -0.49120143516411674, -0.21745075743498266, 0.7955111288004045, 0.4302163262799374, 0.024394443132344845, 0.276113423026079, -0.37312838095780937, -0.5416958033840478, 0.3243193689217527, 0.01593085053380383, -0.08651223004131792, 0.21586873212778568, 0.3015028916411917, 0.17437906703262684, -0.9131734725267324, 0.5025248585526851, -0.28794098350042874, 0.6126330183023391, -0.3080170650606096, 0.2607738057960163, 0.6971455867981694, -0.8656534279781503, -0.0011154789125569272, -0.060150340473242636, 0.9695078225558975, 0.14058407198547768, -0.5993325500759878, -0.2661395759362928, 0.7771017499413204, 0.4483332750742235, 0.5384197166622016, -0.9775443552549692, 0.4585346250649518, -0.6005804368626401, -0.36626583453220096, -0.35761225597968804, -0.43006597324570883, 0.14503940649710123, 0.19655387666997526, 0.9493836298827554, -0.7648778854962568, 0.32341692957050255, -0.7821186404196068, -0.40204497919115345, 0.823223118483132, -0.5841389407963851, 0.482962104669197, 0.026274498594228327, 0.2141345725663102, 0.07998699549535382, 0.06119348241463762, 0.7332786857192853, -0.3948477166026374, 0.11806897948550565, 0.6938244315938479, -0.6353143738432716, -0.9396973861009263, 0.20339303158375122, 0.06080266227257192, 0.3787949983173762, 0.01319559058455022, -0.7733654402717709, 0.8088808593601982, -0.6605465339598021, -0.834965615623912, 0.4593090582141979, -0.5130648417775977, 0.8969722095005521, -0.9423989544907891, 1, 0.5941897065264616, -0.5695052878593484, 0.9376836770124262, -0.7944250329224172, -0.10931174765674578, -0.6874402738984369, 0.3445619779720385, -0.926501412945606, -0.5316974654565243, 0.3729173561964281, -0.4223484669676214, -0.2532793597764293, 0.10965337008469578, -0.6716380569856224, 0.17968641641029895, -0.7161301338040499, -1, 0.006918676408037561, -0.5023496299781659, -0.7369282669050727, -0.21631999175659788, 0.3641894689038139, -0.40542417028690236, 0.4872855842207944, -0.40907261144737017, 0.7275732339450323, 0.7672827975486307, 0.7234564796485036, -0.07746381847148126, -0.563083420345635, -0.7853459008992092, -0.329863856458273, 0.7417188638647291, 0.6214953626639905, 0.5855284361528118, 0.9239266817527445, -0.6970695529262186, 0.9610253170044301, -0.14205088969663232, 0.8367759362879408, 0.7934823066101848, -0.4865185901050961]
474.6745079755783	(8, 12, 2)	[0.0956893393910907, -0.14394456609833295, 0.9015151632838911, -0.7839394884907476, 1, 0.25766738271843326, 0.18649121679552902, 0.39671500191753084, -0.49120143516411674, -0.21745075743498266, 0.7955111288004045, 0.4302163262799374, 0.024394443132344845, 0.276113423026079, -0.37312838095780937, -0.5416958033840478, 0.3243193689217527, 0.01593085053380383, -0.08651223004131792, 0.21586873212778568, 0.3015028916411917, 0.17437906703262684, -0.9131734725267324, 0.5025248585526851, -0.28794098350042874, 0.6126330183023391, -0.3080170650606096, 0.2607738057960163, 0.5116990346057879, -0.8656534279781503, -0.0011154789125569272, -0.060150340473242636, 0.9695078225558975, 0.14058407198547768, -0.5993325500759878, -0.2661395759362928, 0.7771017499413204, 0.4483332750742235, 0.5384197166622016, -0.9775443552549692, 0.4585346250649518, -0.6005804368626401, -0.36626583453220096, -0.35761225597968804, -0.43006597324570883, 0.14503940649710123, 0.19655387666997526, 0.9493836298827554, -0.7648778854962568, 0.32341692957050255, -0.7821186404196068, -0.40204497919115345, 0.823223118483132, -0.5841389407963851, 0.482962104669197, 0.026274498594228327, 0.2141345725663102, 0.07998699549535382, 0.06119348241463762, 0.7332786857192853, 0.02605158439434596, 0.11806897948550565, 0.6938244315938479, -0.6353143738432716, -0.9396973861009263, 0.20339303158375122, 0.06080266227257192, 0.3787949983173762, 0.01319559058455022, -0.7733654402717709, 0.8088808593601982, -0.6605465339598021, -0.834965615623912, 0.4593090582141979, -0.5130648417775977, 0.8969722095005521, -0.9423989544907891, 1, 0.5941897065264616, -0.5695052878593484, 0.9376836770124262, -0.7944250329224172, -0.10931174765674578, -0.6874402738984369, 0.3445619779720385, -0.926501412945606, -0.5316974654565243, 0.3729173561964281, -0.4223484669676214, -0.2532793597764293, 0.10965337008469578, -0.6716380569856224, 0.17968641641029895, -0.7161301338040499, -1, 0.006918676408037561, -0.5023496299781659, -0.7369282669050727, -0.21631999175659788, 0.3641894689038139, -0.40542417028690236, 0.4872855842207944, -0.40907261144737017, 0.7275732339450323, 0.7672827975486307, 0.7234564796485036, -0.07746381847148126, -0.563083420345635, -0.7853459008992092, -0.329863856458273, 0.7417188638647291, 0.6214953626639905, 0.5855284361528118, 0.9239266817527445, -0.6970695529262186, 0.9610253170044301, -0.14205088969663232, 0.8367759362879408, 0.7934823066101848, -0.4865185901050961]
477.5939265266061	(8, 12, 2)	[0.0956893393910907, -0.14394456609833295, 0.9015151632838911, -0.7839394884907476, 1, 0.25766738271843326, 0.18649121679552902, 0.39671500191753084, -0.49120143516411674, -0.21745075743498266, 0.7955111288004045, 0.4302163262799374, 0.024394443132344845, 0.276113423026079, -0.37312838095780937, -0.5416958033840478, 0.3243193689217527, 0.01593085053380383, -0.08651223004131792, 0.21586873212778568, 0.3015028916411917, 0.17437906703262684, -0.9131734725267324, 0.5025248585526851, -0.28794098350042874, 0.6126330183023391, -0.3080170650606096, 0.2607738057960163, 0.6971455867981694, -0.8656534279781503, -0.0011154789125569272, -0.060150340473242636, 0.9695078225558975, 0.14058407198547768, -0.3926690459686779, -0.2661395759362928, 0.7771017499413204, 0.4483332750742235, 0.5384197166622016, -0.6636835766010227, 0.4585346250649518, -0.6005804368626401, -0.36626583453220096, -0.35761225597968804, -0.43006597324570883, 0.14503940649710123, 0.19655387666997526, 0.9493836298827554, -0.7648778854962568, 0.32341692957050255, -0.7821186404196068, -0.40204497919115345, 0.564298804806521, -0.5841389407963851, 0.482962104669197, 0.026274498594228327, 0.2141345725663102, 0.07998699549535382, 0.06119348241463762, 0.7332786857192853, -0.3948477166026374, 0.11806897948550565, 0.6938244315938479, -0.6353143738432716, -0.9396973861009263, 0.20339303158375122, 0.06080266227257192, 0.3787949983173762, 0.01319559058455022, -0.7733654402717709, 0.8088808593601982, -0.6367722512815581, -0.834965615623912, 0.4593090582141979, -0.5130648417775977, 0.8969722095005521, -0.9423989544907891, 1, 0.5941897065264616, -0.5695052878593484, 0.9376836770124262, -0.7944250329224172, -0.10931174765674578, -0.6874402738984369, 0.3445619779720385, -0.926501412945606, -0.5316974654565243, 0.3729173561964281, -0.4223484669676214, -0.2532793597764293, 0.10965337008469578, -0.6716380569856224, 0.17968641641029895, -0.7161301338040499, -1, 0.006918676408037561, -0.5023496299781659, -0.7369282669050727, -0.21631999175659788, 0.3641894689038139, -0.40542417028690236, 0.4872855842207944, -0.40907261144737017, 0.7275732339450323, 0.7672827975486307, 0.7234564796485036, -0.07746381847148126, -0.563083420345635, -0.7853459008992092, -0.329863856458273, 0.7417188638647291, 0.6214953626639905, 0.5855284361528118, 0.9239266817527445, -0.6970695529262186, 0.9610253170044301, -0.14205088969663232, 0.8367759362879408, 0.7934823066101848, -0.4865185901050961]
478.8805665448308	(8, 12, 2)	[-0.007700071745575077, -0.01825586345325278, 0.5602508058924003, -0.7839394884907476, 1, 0.25766738271843326, 0.41656806041537536, 0.39671500191753084, -0.49120143516411674, -0.21745075743498266, 0.7955111288004045, 0.4302163262799374, 0.024394443132344845, 0.8228508903490916, -0.37098359093176525, -0.5416958033840478, 0.3243193689217527, 0.01593085053380383, -0.08651223004131792, 0.21586873212778568, 0.3015028916411917, 0.17437906703262684, -0.9131734725267324, 0.5025248585526851, -0.28794098350042874, 0.43283525724243366, -0.3080170650606096, 0.038150541449996966, 0.6971455867981694, -0.8656534279781503, 0.062466801542646645, -0.060150340473242636, 0.9695078225558975, 0.14058407198547768, -0.5993325500759878, -0.2661395759362928, 0.7771017499413204, 0.5844867059931984, 0.5384197166622016, -0.6636835766010227, 0.4585346250649518, -0.6005804368626401, -0.36626583453220096, -0.35761225597968804, -0.43006597324570883, 0.14503940649710123, 0.19655387666997526, 0.9493836298827554, -0.7648778854962568, 0.07282826129015108, -0.7821186404196068, -0.40204497919115345, 0.823223118483132, -0.5841389407963851, 0.482962104669197, 0.026274498594228327, 0.2141345725663102, 0.07998699549535382, 0.06119348241463762, 0.7332786857192853, -0.3948477166026374, 0.11806897948550565, 0.6938244315938479, -0.6353143738432716, -0.9396973861009263, 0.20339303158375122, 0.06080266227257192, 0.3787949983173762, 0.01319559058455022, -0.7733654402717709, 0.8088808593601982, -0.6605465339598021, -0.834965615623912, 0.4593090582141979, -0.5130648417775977, 0.8969722095005521, -0.9423989544907891, 1, 0.5941897065264616, -0.5579958567855196, 0.9723471956259165, -0.7944250329224172, -0.10931174765674578, -0.6874402738984369, 0.3445619779720385, -0.926501412945606, -0.5316974654565243, 0.3729173561964281, -0.4223484669676214, -0.2532793597764293, 0.10965337008469578, -0.6716380569856224, 0.17968641641029895, -0.7161301338040499, -1, 0.006918676408037561, -0.6258432577974328, -1, -0.21631999175659788, 0.3641894689038139, -0.40542417028690236, 0.4872855842207944, -0.595950986327294, 0.6512728680929376, 0.7672827975486307, 0.7234564796485036, -0.07746381847148126, -0.563083420345635, -0.5931833994946127, -0.329863856458273, 0.6899923505075427, 0.6214953626639905, 0.5166228521015774, 0.9239266817527445, -0.6970695529262186, 0.9610253170044301, -0.14205088969663232, 0.8367759362879408, 0.7934823066101848, -0.4865185901050961]
488.67386044585146	(8, 12, 2)	[0.0956893393910907, -0.14394456609833295, 0.9015151632838911, -0.7839394884907476, 1, 0.25766738271843326, 0.18649121679552902, 0.39671500191753084, -0.49120143516411674, -0.21745075743498266, 0.7955111288004045, 0.4302163262799374, 0.024394443132344845, 0.276113423026079, -0.37312838095780937, -0.5416958033840478, 0.3243193689217527, 0.01593085053380383, -0.08651223004131792, 0.21586873212778568, 0.3015028916411917, 0.17437906703262684, -0.9131734725267324, 0.5025248585526851, -0.28794098350042874, 0.6126330183023391, -0.3080170650606096, 0.2607738057960163, 0.6971455867981694, -0.8085979181041674, -0.0011154789125569272, -0.060150340473242636, 0.9695078225558975, 0.14058407198547768, -0.5993325500759878, -0.2661395759362928, 0.7771017499413204, 0.4483332750742235, 0.5384197166622016, -0.6636835766010227, 0.4585346250649518, -0.6005804368626401, -0.36626583453220096, -0.35761225597968804, -0.43006597324570883, 0.14503940649710123, 0.19655387666997526, 0.9493836298827554, -0.7648778854962568, 0.07282826129015108, -0.7821186404196068, -0.40204497919115345, 0.823223118483132, -0.5841389407963851, 0.482962104669197, 0.026274498594228327, 0.2141345725663102, 0.07998699549535382, 0.06119348241463762, 0.7332786857192853, -0.3948477166026374, 0.11806897948550565, 0.6938244315938479, -0.6353143738432716, -0.9396973861009263, 0.20339303158375122, 0.06080266227257192, 0.3787949983173762, 0.01319559058455022, -0.7733654402717709, 0.8088808593601982, -0.6605465339598021, -0.834965615623912, 0.4593090582141979, -0.5130648417775977, 0.8969722095005521, -0.9423989544907891, 1, 0.5941897065264616, -0.5695052878593484, 0.9376836770124262, -0.7944250329224172, -0.10931174765674578, -0.6874402738984369, 0.3445619779720385, -0.926501412945606, -0.5316974654565243, 0.3729173561964281, -0.4223484669676214, -0.2532793597764293, 0.10965337008469578, -0.6716380569856224, 0.17968641641029895, -0.7161301338040499, -1, 0.33469988035037246, -0.5023496299781659, -0.7369282669050727, -0.21631999175659788, 0.3641894689038139, -0.40542417028690236, 0.4872855842207944, -0.40907261144737017, 0.7275732339450323, 0.7672827975486307, 0.7234564796485036, -0.07746381847148126, -0.563083420345635, -0.7853459008992092, -0.329863856458273, 0.7417188638647291, 0.6214953626639905, 0.49339250280858843, 0.9239266817527445, -0.6970695529262186, 0.9610253170044301, -0.14205088969663232, 0.8367759362879408, 0.7934823066101848, -0.4865185901050961]
482.241031806916	(8, 12, 2)	[-0.007700071745575077, -0.01825586345325278, 0.5602508058924003, -0.7839394884907476, 1, 0.25766738271843326, 0.41656806041537536, 0.39671500191753084, -0.49120143516411674, -0.21745075743498266, 0.7955111288004045, 0.4302163262799374, 0.024394443132344845, 0.8228508903490916, -0.37098359093176525, -0.5416958033840478, 0.3243193689217527, 0.01593085053380383, -0.08651223004131792, 0.21586873212778568, 0.3015028916411917, 0.17437906703262684, -0.9131734725267324, 0.5025248585526851, -0.28794098350042874, 0.6126330183023391, -0.3080170650606096, 0.2607738057960163, 0.6971455867981694, -0.8085979181041674, -0.0011154789125569272, -0.060150340473242636, 0.9695078225558975, 0.14058407198547768, -0.5993325500759878, -0.2661395759362928, 0.7771017499413204, 0.4483332750742235, 0.5384197166622016, -0.6636835766010227, 0.4585346250649518, -0.6005804368626401, -0.36626583453220096, -0.35761225597968804, -0.43006597324570883, 0.14503940649710123, 0.19655387666997526, 0.9493836298827554, -0.7648778854962568, 0.07282826129015108, -0.7821186404196068, -0.40204497919115345, 0.823223118483132, -0.5841389407963851, 0.482962104669197, 0.026274498594228327, 0.2141345725663102, 0.07998699549535382, 0.06119348241463762, 0.7332786857192853, -0.3948477166026374, 0.11806897948550565, 0.6938244315938479, -0.6353143738432716, -0.9396973861009263, 0.20339303158375122, 0.06080266227257192, 0.3787949983173762, 0.01319559058455022, -0.7733654402717709, 0.8088808593601982, -0.6605465339598021, -0.834965615623912, 0.4593090582141979, -0.4364037743175119, 0.8969722095005521, -0.9423989544907891, 0.8659595556151733, 0.5941897065264616, -0.5579958567855196, 0.9723471956259165, -0.7944250329224172, -0.10931174765674578, -0.6874402738984369, 0.3445619779720385, -0.926501412945606, -0.5316974654565243, 0.3729173561964281, -0.4223484669676214, -0.2532793597764293, 0.10965337008469578, -0.6716380569856224, 0.17968641641029895, -0.7161301338040499, -1, 0.006918676408037561, -0.6258432577974328, -1, -0.21631999175659788, 0.3641894689038139, -0.40542417028690236, 0.4872855842207944, -0.595950986327294, 0.6512728680929376, 0.7672827975486307, 0.7234564796485036, -0.07746381847148126, -0.563083420345635, -0.5931833994946127, -0.329863856458273, 0.6403633056091551, 0.6214953626639905, 0.5166228521015774, 0.9239266817527445, -0.6970695529262186, 0.9610253170044301, -0.14205088969663232, 0.8367759362879408, 0.7934823066101848, -0.4865185901050961]
475.54620523005724	(8, 12, 2)	[-0.007700071745575077, -0.01825586345325278, 0.5602508058924003, -0.7839394884907476, 1, 0.25766738271843326, 0.41656806041537536, 0.39671500191753084, -0.49120143516411674, -0.21745075743498266, 0.7955111288004045, 0.4302163262799374, 0.024394443132344845, 0.8228508903490916, -0.37098359093176525, -0.5416958033840478, 0.3243193689217527, 0.01593085053380383, -0.1745959278392264, 0.21586873212778568, 0.3015028916411917, 0.17437906703262684, -0.9131734725267324, 0.5025248585526851, -0.28794098350042874, 0.6126330183023391, -0.3080170650606096, 0.2607738057960163, 0.6971455867981694, -0.8336660748192842, -0.0011154789125569272, -0.060150340473242636, 0.9695078225558975, 0.14058407198547768, -0.5993325500759878, -0.2661395759362928, 0.7771017499413204, 0.4483332750742235, 0.5384197166622016, -0.6636835766010227, 0.4585346250649518, -0.6005804368626401, -0.36626583453220096, -0.35761225597968804, -0.43006597324570883, 0.14503940649710123, 0.19655387666997526, 0.9493836298827554, -0.7648778854962568, 0.07282826129015108, -0.7821186404196068, -0.40204497919115345, 0.823223118483132, -0.5841389407963851, 0.482962104669197, 0.026274498594228327, 0.2141345725663102, 0.07998699549535382, 0.06119348241463762, 0.7332786857192853, -0.3948477166026374, 0.11806897948550565, 0.6938244315938479, -0.6353143738432716, -0.9396973861009263, 0.20339303158375122, 0.06080266227257192, 0.3787949983173762, 0.01319559058455022, -0.7733654402717709, 0.8088808593601982, -0.6605465339598021, -0.834965615623912, 0.4593090582141979, -0.4364037743175119, 0.8969722095005521, -0.9423989544907891, 0.8659595556151733, 0.5941897065264616, -0.5579958567855196, 0.9723471956259165, -0.7944250329224172, -0.10931174765674578, -0.6874402738984369, 0.3445619779720385, -0.926501412945606, -0.5316974654565243, 0.3729173561964281, -0.4223484669676214, -0.2532793597764293, 0.10965337008469578, -0.6716380569856224, 0.17968641641029895, -0.7161301338040499, -1, 0.20855374550254938, -0.6258432577974328, -1, -0.21631999175659788, 0.3641894689038139, -0.40542417028690236, 0.4872855842207944, -0.595950986327294, 0.6512728680929376, 0.7672827975486307, 0.7234564796485036, -0.07746381847148126, -0.563083420345635, -0.5931833994946127, -0.329863856458273, 0.6403633056091551, 0.6214953626639905, 0.5166228521015774, 0.9239266817527445, -0.6970695529262186, 0.9610253170044301, -0.001436248772363008, 0.8367759362879408, 0.7934823066101848, -0.4865185901050961]
-14.203083701431751	(8, 12, 2)	[-0.007700071745575077, -0.01825586345325278, 0.5602508058924003, -0.7839394884907476, 1, 0.25766738271843326, 0.41656806041537536, 0.39671500191753084, -0.49120143516411674, -0.21745075743498266, 0.7955111288004045, 0.4302163262799374, 0.024394443132344845, 0.8228508903490916, -0.37098359093176525, -0.5416958033840478, 0.3243193689217527, 0.01593085053380383, -0.08651223004131792, 0.21586873212778568, 0.3015028916411917, 0.17437906703262684, -0.9131734725267324, 0.5025248585526851, -0.28794098350042874, 0.43283525724243366, -0.3080170650606096, 0.038150541449996966, 0.6971455867981694, -0.8656534279781503, 0.062466801542646645, -0.060150340473242636, 0.9695078225558975, 0.14058407198547768, -0.5993325500759878, -0.2661395759362928, 0.7771017499413204, 0.5844867059931984, 0.5384197166622016, -0.6636835766010227, 0.4585346250649518, -0.6005804368626401, -0.36626583453220096, -0.35761225597968804, -0.43006597324570883, 0.14503940649710123, 0.19655387666997526, 0.9493836298827554, -0.9263168093162405, 0.07282826129015108, -0.7821186404196068, -0.40204497919115345, 0.823223118483132, -0.5841389407963851, 0.482962104669197, -0.08699451136277117, 0.2141345725663102, 0.07998699549535382, 0.06119348241463762, 0.7332786857192853, -0.3948477166026374, 0.11806897948550565, 0.6938244315938479, -0.6353143738432716, -0.9396973861009263, 0.20339303158375122, -0.11281435549069269, 0.3787949983173762, 0.01319559058455022, -0.7733654402717709, 0.8088808593601982, -0.6605465339598021, -0.834965615623912, 0.4593090582141979, -0.5130648417775977, 0.8969722095005521, -0.9423989544907891, 1, 0.5941897065264616, -0.5579958567855196, 0.9723471956259165, -0.7944250329224172, -0.10931174765674578, -0.6874402738984369, 0.3445619779720385, -0.926501412945606, -0.5316974654565243, 0.3729173561964281, -0.4223484669676214, -0.2532793597764293, 0.10965337008469578, -0.6716380569856224, 0.17968641641029895, -0.7161301338040499, -1, 0.006918676408037561, -0.6258432577974328, -1, 0.07137170936365339, 0.3641894689038139, -0.40542417028690236, 0.4872855842207944, -0.595950986327294, 0.5525042290758213, 0.7672827975486307, 0.7234564796485036, -0.07746381847148126, -0.563083420345635, -0.5931833994946127, -0.329863856458273, 0.6899923505075427, 0.6214953626639905, 0.5166228521015774, 0.9239266817527445, -0.6970695529262186, 0.9610253170044301, -0.14205088969663232, 0.8367759362879408, 0.7934823066101848, -0.4865185901050961]
485.74816193431616	(8, 12, 2)	[-0.007700071745575077, -0.21079467942762845, 0.5602508058924003, -0.7839394884907476, 0.9615319525364965, 0.25766738271843326, 0.41656806041537536, 0.39671500191753084, -0.5405867368707021, -0.21745075743498266, 0.7955111288004045, 0.4302163262799374, 0.024394443132344845, 0.8228508903490916, -0.37312838095780937, -0.5416958033840478, 0.3243193689217527, 0.01593085053380383, -0.08651223004131792, 0.21586873212778568, 0.3015028916411917, 0.17437906703262684, -0.9131734725267324, 0.5025248585526851, -0.4562381177079944, 0.43283525724243366, -0.18113161239248218, 0.038150541449996966, 0.6971455867981694, -0.8656534279781503, 0.062466801542646645, -0.060150340473242636, 0.9695078225558975, 0.14058407198547768, -0.5993325500759878, -0.2661395759362928, 0.7771017499413204, 0.5844867059931984, 0.5384197166622016, -0.6636835766010227, 0.4585346250649518, -0.6005804368626401, -0.36626583453220096, -0.35761225597968804, -0.43006597324570883, 0.14503940649710123, 0.19655387666997526, 0.9493836298827554, -0.7648778854962568, 0.07282826129015108, -0.7821186404196068, -0.40204497919115345, 0.823223118483132, -0.5841389407963851, 0.482962104669197, 0.026274498594228327, 0.2141345725663102, 0.07998699549535382, 0.06119348241463762, 0.7332786857192853, -0.3948477166026374, 0.11806897948550565, 0.6938244315938479, -0.6353143738432716, -0.9396973861009263, 0.20339303158375122, 0.06080266227257192, 0.3787949983173762, 0.01319559058455022, -0.7733654402717709, 0.8088808593601982, -0.6605465339598021, -0.834965615623912, 0.4593090582141979, -0.5130648417775977, 0.8969722095005521, -0.9423989544907891, 1, 0.5941897065264616, -0.5695052878593484, 0.9723471956259165, -0.7944250329224172, -0.10931174765674578, -0.6874402738984369, 0.3445619779720385, -0.926501412945606, -0.5316974654565243, 0.3729173561964281, -0.4223484669676214, -0.2532793597764293, 0.10965337008469578, -0.6716380569856224, 0.17968641641029895, -0.7161301338040499, -1, 0.006918676408037561, -0.6258432577974328, -1, -0.21631999175659788, 0.3641894689038139, -0.40542417028690236, 0.4872855842207944, -0.595950986327294, 0.7275732339450323, 0.7672827975486307, 0.48223701241753086, -0.07746381847148126, -0.563083420345635, -0.7853459008992092, -0.329863856458273, 0.7417188638647291, 0.6214953626639905, 0.5855284361528118, 0.9239266817527445, -0.6970695529262186, 0.9610253170044301, -0.14205088969663232, 0.8367759362879408, 0.7934823066101848, -0.4865185901050961]
482.1719801053405	(8, 12, 2)	[-0.007700071745575077, -0.21079467942762845, 0.5602508058924003, -0.7839394884907476, 0.9615319525364965, 0.25766738271843326, 0.41656806041537536, 0.39671500191753084, -0.5405867368707021, -0.21745075743498266, 0.7955111288004045, 0.4302163262799374, 0.024394443132344845, 0.8228508903490916, -0.37312838095780937, -0.5416958033840478, 0.3243193689217527, 0.01593085053380383, -0.08651223004131792, 0.21586873212778568, 0.3015028916411917, 0.17437906703262684, -0.9131734725267324, 0.5025248585526851, -0.4562381177079944, 0.43283525724243366, -0.18113161239248218, 0.038150541449996966, 0.6971455867981694, -0.8656534279781503, 0.062466801542646645, -0.060150340473242636, 0.9695078225558975, 0.14058407198547768, -0.5993325500759878, -0.2661395759362928, 0.7771017499413204, 0.5844867059931984, 0.5384197166622016, -0.6636835766010227, 0.4585346250649518, -0.6005804368626401, -0.36626583453220096, -0.35761225597968804, -0.43006597324570883, 0.14503940649710123, 0.19655387666997526, 0.9493836298827554, -0.7648778854962568, 0.07282826129015108, -0.7821186404196068, -0.40204497919115345, 0.823223118483132, -0.5841389407963851, 0.482962104669197, -0.08699451136277117, 0.2141345725663102, 0.07998699549535382, 0.06119348241463762, 0.7332786857192853, -0.3948477166026374, 0.11806897948550565, 0.6938244315938479, -0.6353143738432716, -0.9396973861009263, 0.20339303158375122, -0.11281435549069269, 0.3787949983173762, 0.01319559058455022, -0.7733654402717709, 0.8088808593601982, -0.6605465339598021, -0.834965615623912, 0.4593090582141979, -0.5130648417775977, 0.8969722095005521, -0.9423989544907891, 1, 0.5941897065264616, -0.5579958567855196, 0.9723471956259165, -0.7944250329224172, -0.10931174765674578, -0.6874402738984369, 0.3445619779720385, -0.926501412945606, -0.5316974654565243, 0.3729173561964281, -0.4223484669676214, -0.2532793597764293, 0.10965337008469578, -0.6716380569856224, 0.17968641641029895, -0.7161301338040499, -1, 0.006918676408037561, -0.6258432577974328, -1, -0.21631999175659788, 0.3641894689038139, -0.40542417028690236, 0.4872855842207944, -0.595950986327294, 0.7275732339450323, 0.7672827975486307, 0.48223701241753086, -0.07746381847148126, -0.563083420345635, -0.7853459008992092, -0.329863856458273, 0.7417188638647291, 0.6214953626639905, 0.5855284361528118, 0.9239266817527445, -0.6970695529262186, 0.9610253170044301, -0.14205088969663232, 0.8367759362879408, 0.7934823066101848, -0.4865185901050961]
488.477317802608	(8, 12, 2)	[-0.007700071745575077, -0.01825586345325278, 0.5602508058924003, -0.7839394884907476, 1, 0.25766738271843326, 0.41656806041537536, 0.39671500191753084, -0.49120143516411674, -0.21745075743498266, 0.7955111288004045, 0.4302163262799374, 0.024394443132344845, 0.8228508903490916, -0.37098359093176525, -0.5416958033840478, 0.3243193689217527, -0.11939188433366602, -0.08651223004131792, 0.21586873212778568, 0.3015028916411917, 0.17437906703262684, -0.9131734725267324, 0.5025248585526851, -0.28794098350042874, 0.6126330183023391, -0.3080170650606096, 0.31236816738789186, 0.6971455867981694, -0.8085979181041674, -0.0011154789125569272, -0.060150340473242636, 0.9695078225558975, 0.08162802480526271, -0.5993325500759878, -0.2661395759362928, 0.7771017499413204, 0.4483332750742235, 0.5384197166622016, -0.6636835766010227, 0.4585346250649518, -0.6005804368626401, -0.36626583453220096, -0.35761225597968804, -0.43006597324570883, 0.14503940649710123, 0.19655387666997526, 0.9493836298827554, -0.9744630058789182, 0.07282826129015108, -0.7821186404196068, -0.40204497919115345, 0.823223118483132, -0.5841389407963851, 0.482962104669197, 0.026274498594228327, 0.2141345725663102, 0.07998699549535382, 0.06119348241463762, 0.7332786857192853, -0.3948477166026374, 0.11806897948550565, 0.6938244315938479, -0.6353143738432716, -0.9396973861009263, 0.12686419042478905, -0.11281435549069269, 0.3787949983173762, 0.01319559058455022, -0.7733654402717709, 0.8088808593601982, -0.6605465339598021, -0.834965615623912, 0.4593090582141979, -0.5130648417775977, 0.8969722095005521, -0.9423989544907891, 1, 0.5941897065264616, -0.5579958567855196, 0.9723471956259165, -0.7944250329224172, -0.10931174765674578, -0.6874402738984369, 0.3445619779720385, -0.926501412945606, -0.5316974654565243, 0.3729173561964281, -0.4223484669676214, -0.2532793597764293, 0.10965337008469578, -0.6716380569856224, 0.17968641641029895, -0.7161301338040499, -1, 0.20855374550254938, -0.6258432577974328, -1, -0.21631999175659788, 0.3641894689038139, -0.40542417028690236, 0.4872855842207944, -0.595950986327294, 0.6512728680929376, 0.7672827975486307, 0.7234564796485036, -0.07746381847148126, -0.563083420345635, -0.5931833994946127, -0.329863856458273, 0.6899923505075427, 0.6214953626639905, 0.5166228521015774, 0.9239266817527445, -0.6970695529262186, 0.9610253170044301, -0.14205088969663232, 0.8367759362879408, 0.7934823066101848, -0.4865185901050961]
485.94996109604836	(8, 12, 2)	[-0.007700071745575077, -0.01825586345325278, 0.5602508058924003, -0.7839394884907476, 1, 0.25766738271843326, 0.41656806041537536, 0.39671500191753084, -0.49120143516411674, -0.21745075743498266, 0.7955111288004045, 0.4302163262799374, 0.024394443132344845, 0.8228508903490916, -0.37098359093176525, -0.5416958033840478, 0.3243193689217527, 0.01593085053380383, -0.08651223004131792, 0.21586873212778568, 0.3015028916411917, 0.17437906703262684, -0.9131734725267324, 0.5025248585526851, -0.28794098350042874, 0.43283525724243366, -0.3080170650606096, 0.038150541449996966, 0.6971455867981694, -0.8656534279781503, 0.062466801542646645, -0.060150340473242636, 0.9695078225558975, 0.14058407198547768, -0.5993325500759878, -0.2661395759362928, 0.7771017499413204, 0.5844867059931984, 0.5384197166622016, -0.6304514568423439, 0.4585346250649518, -0.6005804368626401, -0.36626583453220096, -0.35761225597968804, -0.43006597324570883, 0.14503940649710123, 0.19655387666997526, 0.9493836298827554, -0.9263168093162405, 0.07282826129015108, -0.7821186404196068, -0.40204497919115345, 0.823223118483132, -0.5841389407963851, 0.482962104669197, 0.026274498594228327, 0.2141345725663102, 0.07998699549535382, 0.06119348241463762, 0.7332786857192853, -0.3948477166026374, 0.11806897948550565, 0.6938244315938479, -0.6353143738432716, -0.9396973861009263, 0.20339303158375122, 0.06080266227257192, 0.3787949983173762, -0.08897598152547037, -0.7733654402717709, 0.8088808593601982, -0.6605465339598021, -0.834965615623912, 0.4593090582141979, -0.5130648417775977, 0.8969722095005521, -0.9423989544907891, 1, 0.5941897065264616, -0.5695052878593484, 0.9376836770124262, -0.7944250329224172, -0.16319305856395203, -0.6874402738984369, 0.3445619779720385, -0.926501412945606, -0.5316974654565243, 0.3729173561964281, -0.4223484669676214, -0.2532793597764293, 0.10965337008469578, -0.6716380569856224, 0.17968641641029895, -0.7161301338040499, -1, 0.006918676408037561, -0.6258432577974328, -0.8647502901405744, -0.21631999175659788, 0.3641894689038139, -0.40542417028690236, 0.4872855842207944, -0.595950986327294, 0.5525042290758213, 0.7672827975486307, 0.7234564796485036, -0.07746381847148126, -0.563083420345635, -0.7853459008992092, -0.329863856458273, 0.7417188638647291, 0.6214953626639905, 0.2339159574357247, 0.9239266817527445, -0.6970695529262186, 0.9610253170044301, -0.14205088969663232, 0.8367759362879408, 0.7934823066101848, -0.4865185901050961]
