-61.004937905818224	(8, 12, 2)	[-0.9536063057662507, -0.006221851668933853, -0.9810242596175109, -0.9308567732854718, 0.5886251382301249, -0.8673728821981455, -0.8924464650815556, 0.31127473417848894, -0.9093093858609806, -0.8912853393220401, 0.07623963538363943, 0.8329656201474005, -0.8433300626514739, -0.5068619323386008, 0.8133958530782865, 0.8491782917806898, 0.9925798215788122, 0.2997493525480057, -0.37709354506959514, 0.28217235313305933, -0.8922717962225177, 0.5974693314425705, -0.8875001776896052, 0.6008923018649128, 0.46794172540524026, -0.11699347968116558, 0.9554257394280057, 0.6804441443942604, 0.27183313840453427, 0.28961216790682753, -0.7269638114132415, -0.8642534292450019, 0.48870721649613347, 0.21214693404837814, 0.3826132191025895, -0.7697559645943599, -0.34528533844718745, -0.9872661721894029, 0.028106808272989836, -0.701736352292627, -0.3132495775873583, 0.4255885958164054, -0.8540163416829258, 0.9609804598772531, 0.492004513855963, 0.499578787966652, -0.3958758936004967, -0.5436393174788154, 0.21736705860712568, -0.11781413532427543, 0.6810694626531428, -0.7965085897749349, 0.15170964808769982, 0.9757763713103953, -0.04097787239777029, -0.6472083308181675, -0.12290773158059021, -0.8101228844330606, -0.16025434013182016, -0.35132379823753546, 0.8881109771014553, -0.9161393053299149, -0.6670944250116673, -0.7831475156794183, 0.30642290424449525, 0.9885003980590981, 0.17939306712110414, 0.07909454930487225, -0.14796073196520299, -0.74638487057445, 0.4047082868733989, 0.4504410526419911, -0.6730316945099954, -0.17423152806119568, 0.25195393414325995, -0.7226825761615543, -0.10805381006612702, -0.553841430628091, 0.5710075892715121, 0.6114122448961539, 0.14577673193060336, -0.0785808872776581, 0.5037337343389652, 0.9905301627063725, 0.8926085680677405, -0.7017998562217573, -0.12140245436362274, -0.5466019262091888, -0.13616544445594592, -0.6206645367895309, -0.3847956566226103, -0.06045971445123621, 0.7806192173030404, 0.36645261420236985, -0.04021241456511282, 0.04149588653389702, 0.9840076428422484, -0.04944760279374161, -0.7385809690506433, 0.3966502163969443, 0.4923141953527881, -0.3141141993178713, -0.5227957035104509, 0.9728674801996522, -0.20423303920713387, 0.5680658929622173, 0.48091636574595986, -0.7000222311336475, 0.032296531724197, -0.44257207493404316, 0.4826993690728272, -0.1112876556437219, -0.09932151269014011, 0.4773284760835903, -0.4349649770255679, -0.6976252351748333, -0.28136994901463175, -0.5520673085234513, -0.8794367909460201, 0.4004192039263146]
-12.557856686180457	(8, 12, 2)	[-0.9536063057662507, -0.006221851668933853, -0.9810242596175109, -0.9308567732854718, 0.5886251382301249, -0.8673728821981455, -0.8924464650815556, 0.8202372811548901, 0.3788452680344687, 0.3078294338413101, -0.524187814522695, 0.7724661725944943, 0.40702060237029714, -0.5386183487033382, 0.0512736856905025, 0.12883284268949025, 0.31395642111324507, 0.5173647021137189, -0.37709354506959514, 0.28217235313305933, -0.8922717962225177, 0.5974693314425705, -0.8875001776896052, 0.6008923018649128, 0.46794172540524026, -0.11699347968116558, 0.9554257394280057, 0.6804441443942604, 0.27183313840453427, 0.28961216790682753, -0.7269638114132415, -0.8642534292450019, 0.48870721649613347, 0.21214693404837814, 0.3826132191025895, -0.7697559645943599, -0.34528533844718745, -0.9872661721894029, 0.028106808272989836, -0.701736352292627, -0.3132495775873583, 0.4255885958164054, -0.8540163416829258, 0.9609804598772531, 0.492004513855963, 0.499578787966652, -0.3958758936004967, -0.5436393174788154, 0.21736705860712568, -0.11781413532427543, 0.6810694626531428, -0.7965085897749349, 0.15170964808769982, 0.9757763713103953, -0.04097787239777029, -0.6472083308181675, -0.12290773158059021, -0.8101228844330606, -0.16025434013182016, -0.35132379823753546, 0.8881109771014553, -0.9161393053299149, -0.6670944250116673, -0.7831475156794183, 0.30642290424449525, 0.9885003980590981, 0.17939306712110414, 0.07909454930487225, -0.14796073196520299, -0.74638487057445, 0.4047082868733989, 0.4504410526419911, -0.6730316945099954, -0.17423152806119568, 0.25195393414325995, -0.7226825761615543, -0.10805381006612702, -0.553841430628091, 0.5710075892715121, 0.6114122448961539, 0.14577673193060336, -0.0785808872776581, 0.5037337343389652, 0.9905301627063725, 0.8926085680677405, -0.7017998562217573, -0.12140245436362274, -0.5466019262091888, -0.13616544445594592, -0.6206645367895309, -0.3847956566226103, -0.06045971445123621, 0.7806192173030404, 0.36645261420236985, -0.04021241456511282, 0.04149588653389702, 0.9840076428422484, -0.04944760279374161, -0.7385809690506433, 0.3966502163969443, 0.4923141953527881, -0.3141141993178713, -0.5227957035104509, 0.9728674801996522, -0.20423303920713387, 0.5680658929622173, 0.48091636574595986, -0.7000222311336475, 0.032296531724197, -0.44257207493404316, 0.4826993690728272, -0.1112876556437219, -0.09932151269014011, 0.4773284760835903, -0.4349649770255679, -0.6976252351748333, -0.28136994901463175, -0.5520673085234513, -0.8794367909460201, 0.4004192039263146]
483.936626650393	(8, 12, 2)	[-0.618589983643838, 0.2846692636912407, -0.9136681807714873, -0.10670538835550403, 0.5899760117727768, 0.7281842921796011, -0.28710764979768855, -0.45752647163938764, 0.25886068842152365, -0.5931269775119508, -0.4739816935301435, -0.5284541021212659, 0.9125055846024845, 0.11687577708381025, 0.017161127424577094, -0.05266530813512493, -0.06842247204823271, 0.18883579657615068, -0.5006329130362883, 0.2863611810446385, -0.5776065762148654, 0.9640725914041934, 0.9200000467976748, 0.8153504741266246, -0.056726321614256614, -0.060300684933243476, -0.18083968312506227, 0.6826655092690301, -0.9973304492470143, -0.2000975626466881, -0.583193120904792, 0.8169528080293982, -0.3068319004293998, 0.17574180894735925, -0.7963749855394715, 0.16902922034671208, 0.6196780928821506, 0.44776692406161644, -0.7114778673440048, -0.8262261112666129, -0.05896697845968246, 0.7959938622821106, 0.6418127840824244, -0.9669550114566599, -0.7407743170052312, 0.43306918101445, -0.6751180868884112, -0.7505171373566051, -0.27641113379681426, 0.45601982815778475, 0.6198226402934446, -0.7537606792949392, -0.62520034711424, 0.8757681323280786, -0.23481143148115002, 0.27869740570115575, 0.2869249589771359, 0.583650724152728, 0.6490853781374881, -0.7587515789088752, 0.35771889108293253, 0.40363640399349343, -0.8232007918425959, -0.9748937262579946, -0.3780055640299411, 0.952818621482342, -0.32924500559010417, -0.13247018092268692, -0.9665477148307944, 0.12594077969012707, -0.4683781290955751, -0.8462293181281286, -0.5078739784426718, 0.5777373642943722, -0.13637646340812704, 0.854911828420168, 0.6875673937487887, 0.09856029890325088, 0.9954749563798932, 0.22541879131961706, -0.5493682436968645, 0.6389349634465431, 0.01082677436743995, 0.8766541154879337, 0.2308097847273094, 0.3289425213541868, 0.7397404599210409, -0.37330679728328375, 0.9526787392713674, -0.8267714236411847, 0.486343610970126, -0.09626327429159787, -0.19151538633929444, 0.03240411437760704, 0.9363272008033823, -0.04197397400849989, 0.14445245965864073, -0.479071651764831, -0.9626079585718874, 0.9288105973265861, 0.35139508665815766, -0.8961874913878254, -0.16596820887971098, 0.7034949300052076, -0.5958277752381722, 0.585541028970179, -0.04971992948151316, 0.12768396471739418, -0.7764583229775344, 0.10719940356231406, 0.9518845507920306, -0.36298795437057985, -0.056463771562202725, -0.509601744815807, 0.8562889669214571, -0.7073870835406708, 0.2173121278021548, -0.8437776227102836, -0.2455393411728919, 0.22584949026273393]
485.6904447078705	(8, 12, 2)	[-0.618589983643838, 0.2846692636912407, -0.9136681807714873, -0.10670538835550403, 0.5899760117727768, 0.7281842921796011, -0.28710764979768855, -0.45752647163938764, 0.25886068842152365, -0.5931269775119508, -0.4739816935301435, -0.5284541021212659, 0.9125055846024845, 0.11687577708381025, 0.017161127424577094, -0.05266530813512493, -0.06842247204823271, 0.18883579657615068, -0.5006329130362883, 0.2863611810446385, -0.5776065762148654, 0.9640725914041934, 0.9200000467976748, 0.8153504741266246, -0.056726321614256614, -0.060300684933243476, -0.18083968312506227, 0.650646757345583, -0.9973304492470143, -0.2000975626466881, -0.583193120904792, 0.8169528080293982, -0.3068319004293998, 0.17574180894735925, -0.7963749855394715, 0.16902922034671208, 0.6196780928821506, 0.44776692406161644, -0.7114778673440048, -0.8262261112666129, -0.05896697845968246, 0.7959938622821106, 0.6418127840824244, -0.9669550114566599, -0.7407743170052312, 0.43306918101445, -0.6751180868884112, -0.7505171373566051, -0.27641113379681426, 0.45601982815778475, 0.6198226402934446, -0.7537606792949392, -0.62520034711424, 0.8757681323280786, -0.23481143148115002, 0.27869740570115575, 0.2869249589771359, 0.583650724152728, 0.6490853781374881, -0.7587515789088752, 0.35771889108293253, 0.40363640399349343, -0.8232007918425959, -0.9748937262579946, -0.3780055640299411, 0.952818621482342, -0.32924500559010417, -0.13247018092268692, -0.9665477148307944, 0.12594077969012707, -0.4683781290955751, -0.8462293181281286, -0.5078739784426718, 0.5777373642943722, -0.13637646340812704, 0.854911828420168, 0.6875673937487887, -0.03315735200724368, 0.9954749563798932, 0.22541879131961706, -0.5493682436968645, 0.6389349634465431, -0.07924137411546361, 0.8766541154879337, 0.2308097847273094, 0.3289425213541868, 0.7397404599210409, -0.37330679728328375, 0.9526787392713674, -0.8267714236411847, 0.486343610970126, -0.09626327429159787, -0.1840317769959107, 0.03240411437760704, 0.9363272008033823, -0.04197397400849989, 0.14445245965864073, -0.479071651764831, -0.9626079585718874, 0.9288105973265861, 0.35139508665815766, -0.8961874913878254, -0.16596820887971098, 0.7034949300052076, -0.5958277752381722, 0.585541028970179, -0.04971992948151316, 0.12768396471739418, -0.7764583229775344, 0.10719940356231406, 0.9518845507920306, -0.36298795437057985, -0.056463771562202725, -0.3085796222430409, 0.8562889669214571, -0.7073870835406708, 0.2173121278021548, -0.8437776227102836, -0.2455393411728919, 0.22584949026273393]
488.34450896829367	(8, 12, 2)	[-0.618589983643838, 0.2846692636912407, -0.9136681807714873, -0.10670538835550403, 0.5899760117727768, 0.7281842921796011, -0.28710764979768855, -0.45752647163938764, 0.25886068842152365, -0.5931269775119508, -0.4739816935301435, -0.5284541021212659, 0.9125055846024845, 0.11687577708381025, 0.017161127424577094, -0.05266530813512493, -0.06842247204823271, 0.18883579657615068, -0.5006329130362883, 0.2863611810446385, -0.5776065762148654, 0.9640725914041934, 0.9200000467976748, 0.8153504741266246, -0.056726321614256614, -0.060300684933243476, -0.18083968312506227, 0.6826655092690301, -0.9973304492470143, -0.2000975626466881, -0.583193120904792, 0.8169528080293982, -0.3068319004293998, 0.17574180894735925, -0.7963749855394715, 0.16902922034671208, 0.6196780928821506, 0.44776692406161644, -0.7114778673440048, -0.8262261112666129, -0.05896697845968246, 0.7959938622821106, 0.6418127840824244, -0.9669550114566599, -0.7407743170052312, 0.43306918101445, -0.6751180868884112, -0.7505171373566051, -0.27641113379681426, 0.45601982815778475, 0.6198226402934446, -0.7537606792949392, -0.62520034711424, 0.8757681323280786, -0.23481143148115002, 0.27869740570115575, 0.2869249589771359, 0.583650724152728, 0.6490853781374881, -0.7587515789088752, 0.35771889108293253, 0.40363640399349343, -0.8232007918425959, -0.9748937262579946, -0.3780055640299411, 0.952818621482342, -0.32924500559010417, -0.13247018092268692, -0.9665477148307944, 0.12594077969012707, -0.4683781290955751, -0.8462293181281286, -0.5078739784426718, 0.5777373642943722, -0.13637646340812704, 0.854911828420168, 0.6875673937487887, 0.1277979117880239, 0.9954749563798932, 0.22541879131961706, -0.5493682436968645, 0.6389349634465431, 0.01082677436743995, 0.8766541154879337, 0.2308097847273094, 0.3289425213541868, 0.7397404599210409, -0.37330679728328375, 0.9526787392713674, -0.8267714236411847, 0.486343610970126, -0.09626327429159787, -0.19151538633929444, 0.03240411437760704, 0.9363272008033823, -0.04197397400849989, 0.14445245965864073, -0.479071651764831, -0.9626079585718874, 0.9288105973265861, 0.35139508665815766, -0.8961874913878254, -0.16596820887971098, 0.7034949300052076, -0.5958277752381722, 0.585541028970179, -0.04971992948151316, 0.12768396471739418, -0.7764583229775344, 0.10719940356231406, 0.9518845507920306, -0.36298795437057985, -0.056463771562202725, -0.509601744815807, 0.8562889669214571, -0.7073870835406708, 0.2173121278021548, -0.8437776227102836, -0.2455393411728919, 0.22584949026273393]
487.7543197345858	(8, 12, 2)	[-0.618589983643838, 0.2846692636912407, -0.9136681807714873, -0.10670538835550403, 0.5899760117727768, 0.7281842921796011, -0.28710764979768855, -0.45752647163938764, 0.25886068842152365, -0.5931269775119508, -0.4739816935301435, -0.5284541021212659, 0.9125055846024845, 0.11687577708381025, 0.017161127424577094, -0.05266530813512493, -0.06842247204823271, 0.18883579657615068, -0.5006329130362883, 0.2863611810446385, -0.5776065762148654, 0.9640725914041934, 0.9200000467976748, 0.8153504741266246, -0.056726321614256614, -0.060300684933243476, -0.18083968312506227, 0.6826655092690301, -0.9973304492470143, -0.2000975626466881, -0.583193120904792, 0.8169528080293982, -0.3068319004293998, 0.17574180894735925, -0.7963749855394715, 0.16902922034671208, 0.6196780928821506, 0.44776692406161644, -0.7114778673440048, -0.8262261112666129, -0.05896697845968246, 0.7959938622821106, 0.6418127840824244, -0.9669550114566599, -0.7407743170052312, 0.43306918101445, -0.6751180868884112, -0.7505171373566051, -0.27641113379681426, 0.45601982815778475, 0.6198226402934446, -0.7537606792949392, -0.62520034711424, 0.8757681323280786, -0.23481143148115002, 0.27869740570115575, 0.2869249589771359, 0.583650724152728, 0.6490853781374881, -0.7587515789088752, 0.35771889108293253, 0.40363640399349343, -0.8232007918425959, -0.9748937262579946, -0.3780055640299411, 0.952818621482342, -0.32924500559010417, -0.13247018092268692, -0.9665477148307944, 0.12594077969012707, -0.4683781290955751, -0.8462293181281286, -0.5078739784426718, 0.5777373642943722, -0.13637646340812704, 0.854911828420168, 0.6875673937487887, 0.1277979117880239, 0.9954749563798932, 0.22541879131961706, -0.5493682436968645, 0.6389349634465431, 0.01082677436743995, 0.8766541154879337, 0.2308097847273094, 0.3289425213541868, 0.7397404599210409, -0.37330679728328375, 0.9526787392713674, -0.8267714236411847, 0.486343610970126, -0.09626327429159787, -0.19151538633929444, 0.03240411437760704, 0.9363272008033823, -0.04197397400849989, 0.14445245965864073, -0.479071651764831, -0.9626079585718874, 0.9288105973265861, 0.35139508665815766, -0.8961874913878254, -0.16596820887971098, 0.7034949300052076, -0.5958277752381722, 0.585541028970179, -0.04971992948151316, 0.12768396471739418, -0.7764583229775344, 0.10719940356231406, 0.9518845507920306, -0.36298795437057985, -0.056463771562202725, -0.509601744815807, 0.8562889669214571, -0.7073870835406708, 0.2173121278021548, -0.8437776227102836, -0.2455393411728919, 0.22584949026273393]
491.5454860776663	(8, 12, 2)	[-0.618589983643838, 0.2846692636912407, -0.9136681807714873, -0.10670538835550403, 0.5899760117727768, 0.7281842921796011, -0.28710764979768855, -0.45752647163938764, 0.25886068842152365, -0.5931269775119508, -0.4739816935301435, -0.5284541021212659, 0.9125055846024845, 0.11687577708381025, 0.017161127424577094, -0.05266530813512493, -0.06842247204823271, 0.18883579657615068, -0.5006329130362883, 0.2863611810446385, -0.5776065762148654, 0.9640725914041934, 0.9200000467976748, 0.8153504741266246, -0.056726321614256614, -0.060300684933243476, -0.18083968312506227, 0.650646757345583, -0.9973304492470143, -0.2000975626466881, -0.583193120904792, 0.8169528080293982, -0.3068319004293998, 0.17574180894735925, -0.7963749855394715, 0.16902922034671208, 0.6196780928821506, 0.44776692406161644, -0.7114778673440048, -0.8262261112666129, -0.05896697845968246, 0.7959938622821106, 0.6418127840824244, -0.9669550114566599, -0.7407743170052312, 0.43306918101445, -0.6751180868884112, -1, -0.27641113379681426, 0.45601982815778475, 0.6198226402934446, -0.7537606792949392, -0.62520034711424, 0.8757681323280786, -0.23481143148115002, 0.27869740570115575, 0.2869249589771359, 0.583650724152728, 0.6490853781374881, -0.7587515789088752, 0.35771889108293253, 0.40363640399349343, -0.8232007918425959, -0.9748937262579946, -0.40126015423089756, 0.952818621482342, -0.32924500559010417, -0.13247018092268692, -0.9665477148307944, 0.12594077969012707, -0.4683781290955751, -0.8462293181281286, -0.5078739784426718, 0.5777373642943722, -0.13637646340812704, 0.854911828420168, 0.6875673937487887, -0.03315735200724368, 0.9954749563798932, 0.22541879131961706, -0.5493682436968645, 0.6389349634465431, -0.07924137411546361, 0.8766541154879337, 0.2308097847273094, 0.3289425213541868, 0.7397404599210409, -0.37330679728328375, 0.9526787392713674, -0.8267714236411847, 0.486343610970126, -0.09626327429159787, -0.19151538633929444, 0.03240411437760704, 0.9363272008033823, -0.04197397400849989, 0.14445245965864073, -0.479071651764831, -0.9626079585718874, 0.9288105973265861, 0.35139508665815766, -0.8961874913878254, -0.16596820887971098, 0.7034949300052076, -0.5958277752381722, 0.585541028970179, -0.04971992948151316, 0.12768396471739418, -0.7764583229775344, 0.10719940356231406, 0.9518845507920306, -0.36298795437057985, -0.056463771562202725, -0.509601744815807, 0.8562889669214571, -0.7073870835406708, 0.2173121278021548, -0.8437776227102836, -0.2455393411728919, 0.22584949026273393]
486.1200722400099	(8, 12, 2)	[-0.618589983643838, 0.2846692636912407, -0.9136681807714873, -0.10670538835550403, 0.5899760117727768, 0.7281842921796011, -0.28710764979768855, -0.45752647163938764, 0.25886068842152365, -0.5931269775119508, -0.4739816935301435, -0.5284541021212659, 0.9125055846024845, 0.11687577708381025, 0.017161127424577094, -0.05266530813512493, -0.06842247204823271, 0.18883579657615068, -0.5006329130362883, 0.2863611810446385, -0.5776065762148654, 0.9640725914041934, 0.9200000467976748, 0.8153504741266246, -0.056726321614256614, -0.060300684933243476, -0.18083968312506227, 0.6826655092690301, -0.9973304492470143, -0.2000975626466881, -0.583193120904792, 0.8169528080293982, -0.3068319004293998, 0.17574180894735925, -0.7963749855394715, 0.16902922034671208, 0.6196780928821506, 0.44776692406161644, -0.7114778673440048, -0.8262261112666129, -0.05896697845968246, 0.7959938622821106, 0.6418127840824244, -0.9669550114566599, -0.7407743170052312, 0.43306918101445, -0.6751180868884112, -0.7505171373566051, -0.27641113379681426, 0.45601982815778475, 0.6198226402934446, -0.7537606792949392, -0.62520034711424, 0.8757681323280786, -0.23481143148115002, 0.27869740570115575, 0.2869249589771359, 0.583650724152728, 0.6490853781374881, -0.7587515789088752, 0.5351373999820174, 0.40363640399349343, -0.8232007918425959, -0.9748937262579946, -0.3780055640299411, 0.952818621482342, -0.32924500559010417, -0.13247018092268692, -0.9665477148307944, 0.12594077969012707, -0.4683781290955751, -0.8462293181281286, -0.5078739784426718, 0.5777373642943722, -0.13637646340812704, 0.854911828420168, 0.6875673937487887, 0.09856029890325088, 0.9954749563798932, 0.22541879131961706, -0.5493682436968645, 0.6389349634465431, 0.01082677436743995, 0.8766541154879337, 0.2308097847273094, 0.3289425213541868, 0.7397404599210409, -0.37330679728328375, 0.9526787392713674, -0.8267714236411847, 0.486343610970126, -0.09626327429159787, -0.12833544972287309, 0.03240411437760704, 0.9848269672933266, -0.04197397400849989, 0.14445245965864073, -0.479071651764831, -0.9626079585718874, 1, 0.35139508665815766, -0.8961874913878254, -0.16596820887971098, 0.7034949300052076, -0.5958277752381722, 0.585541028970179, -0.04971992948151316, 0.12768396471739418, -0.7764583229775344, 0.10719940356231406, 0.9518845507920306, -0.36298795437057985, -0.056463771562202725, -0.509601744815807, 0.8562889669214571, -0.7073870835406708, 0.2173121278021548, -0.8437776227102836, -0.2455393411728919, 0.22584949026273393]
484.55443903803825	(8, 12, 2)	[-0.618589983643838, 0.2846692636912407, -0.9136681807714873, -0.10670538835550403, 0.5899760117727768, 0.7281842921796011, -0.28710764979768855, -0.45752647163938764, 0.25886068842152365, -0.5931269775119508, -0.4739816935301435, -0.5284541021212659, 0.9125055846024845, 0.11687577708381025, 0.017161127424577094, -0.05266530813512493, -0.06842247204823271, 0.18883579657615068, -0.5006329130362883, 0.2863611810446385, -0.5776065762148654, 0.9640725914041934, 0.9200000467976748, 0.8153504741266246, -0.056726321614256614, -0.060300684933243476, -0.18083968312506227, 0.6826655092690301, -0.9973304492470143, -0.2000975626466881, -0.583193120904792, 0.8169528080293982, -0.3068319004293998, 0.17574180894735925, -0.7963749855394715, 0.16902922034671208, 0.6196780928821506, 0.44776692406161644, -0.7114778673440048, -0.8262261112666129, -0.05896697845968246, 0.7959938622821106, 0.6784634070573303, -0.9669550114566599, -0.7407743170052312, 0.43306918101445, -0.6751180868884112, -0.7505171373566051, -0.3088648900629247, 0.45601982815778475, 0.6198226402934446, -0.7537606792949392, -0.62520034711424, 0.8757681323280786, -0.23481143148115002, 0.27869740570115575, 0.2869249589771359, 0.583650724152728, 0.6490853781374881, -0.7587515789088752, 0.35771889108293253, 0.40363640399349343, -0.8232007918425959, -0.9748937262579946, -0.3780055640299411, 0.8566844229426177, -0.32924500559010417, -0.13247018092268692, -0.9665477148307944, 0.12594077969012707, -0.4683781290955751, -0.8462293181281286, -0.5078739784426718, 0.5777373642943722, -0.13637646340812704, 0.854911828420168, 0.6875673937487887, 0.1277979117880239, 0.9954749563798932, 0.22541879131961706, -0.5493682436968645, 0.6389349634465431, 0.01082677436743995, 0.8766541154879337, 0.2308097847273094, 0.3289425213541868, 0.7397404599210409, -0.37330679728328375, 0.9526787392713674, -0.8267714236411847, 0.486343610970126, -0.09626327429159787, -0.19151538633929444, 0.03240411437760704, 0.9363272008033823, -0.04197397400849989, 0.14445245965864073, -0.479071651764831, -0.9626079585718874, 1, 0.1649742075316632, -0.8961874913878254, -0.16596820887971098, 0.7034949300052076, -0.5958277752381722, 0.585541028970179, -0.04971992948151316, 0.12768396471739418, -0.7764583229775344, 0.10719940356231406, 0.9518845507920306, -0.36298795437057985, -0.056463771562202725, -0.509601744815807, 0.8562889669214571, -0.7073870835406708, 0.2173121278021548, -0.8437776227102836, -0.2455393411728919, 0.22584949026273393]
488.72697595506907	(8, 12, 2)	[-0.618589983643838, 0.2846692636912407, -0.9136681807714873, -0.10670538835550403, 0.5899760117727768, 0.7281842921796011, -0.28710764979768855, -0.45752647163938764, 0.25886068842152365, -0.5931269775119508, -0.4739816935301435, -0.5284541021212659, 0.9125055846024845, 0.11687577708381025, 0.017161127424577094, -0.05266530813512493, -0.06842247204823271, 0.18883579657615068, -0.5006329130362883, 0.2863611810446385, -0.5776065762148654, 0.9640725914041934, 0.9200000467976748, 0.8153504741266246, -0.056726321614256614, -0.060300684933243476, -0.18083968312506227, 0.6826655092690301, -0.9973304492470143, -0.2000975626466881, -0.583193120904792, 0.8169528080293982, -0.3068319004293998, 0.17574180894735925, -0.7963749855394715, 0.16902922034671208, 0.6196780928821506, 0.44776692406161644, -0.7114778673440048, -0.8262261112666129, -0.05896697845968246, 0.7959938622821106, 0.6784634070573303, -0.9669550114566599, -0.7407743170052312, 0.43306918101445, -0.6751180868884112, -0.7505171373566051, -0.3088648900629247, 0.45601982815778475, 0.6198226402934446, -0.7537606792949392, -0.62520034711424, 0.8757681323280786, -0.23481143148115002, 0.27869740570115575, 0.2869249589771359, 0.583650724152728, 0.6490853781374881, -0.7587515789088752, 0.35771889108293253, 0.40363640399349343, -0.8232007918425959, -0.9748937262579946, -0.3780055640299411, 0.8566844229426177, -0.32924500559010417, -0.13247018092268692, -0.9665477148307944, 0.12594077969012707, -0.4683781290955751, -0.8462293181281286, -0.5078739784426718, 0.5777373642943722, -0.13637646340812704, 0.854911828420168, 0.6875673937487887, 0.1277979117880239, 0.9954749563798932, 0.22541879131961706, -0.5493682436968645, 0.6389349634465431, 0.01082677436743995, 0.8766541154879337, 0.2308097847273094, 0.3289425213541868, 0.7397404599210409, -0.37330679728328375, 0.9526787392713674, -0.8267714236411847, 0.486343610970126, -0.09626327429159787, -0.19151538633929444, 0.03240411437760704, 0.9363272008033823, -0.04197397400849989, 0.14445245965864073, -0.479071651764831, -0.9626079585718874, 1, 0.1649742075316632, -0.8961874913878254, -0.16596820887971098, 0.7034949300052076, -0.5958277752381722, 0.585541028970179, -0.04971992948151316, 0.12768396471739418, -0.7764583229775344, 0.10719940356231406, 0.9518845507920306, -0.36298795437057985, -0.056463771562202725, -0.509601744815807, 0.8562889669214571, -0.7073870835406708, 0.2173121278021548, -0.8437776227102836, -0.2455393411728919, 0.22584949026273393]
490.8563071861863	(8, 12, 2)	[-0.618589983643838, 0.2846692636912407, -0.9136681807714873, -0.10670538835550403, 0.5899760117727768, 0.7281842921796011, -0.28710764979768855, -0.45752647163938764, 0.25886068842152365, -0.5931269775119508, -0.4739816935301435, -0.5284541021212659, 0.9125055846024845, 0.11687577708381025, 0.017161127424577094, -0.05266530813512493, -0.06842247204823271, 0.18883579657615068, -0.5006329130362883, 0.2863611810446385, -0.5776065762148654, 0.9640725914041934, 0.9200000467976748, 0.8153504741266246, -0.056726321614256614, -0.060300684933243476, -0.18083968312506227, 0.6826655092690301, -0.9973304492470143, -0.2000975626466881, -0.583193120904792, 0.8169528080293982, -0.3068319004293998, 0.17574180894735925, -0.7963749855394715, 0.16902922034671208, 0.6196780928821506, 0.44776692406161644, -0.7114778673440048, -0.8262261112666129, -0.05896697845968246, 0.7959938622821106, 0.6418127840824244, -0.9669550114566599, -0.7407743170052312, 0.43306918101445, -0.6751180868884112, -0.7505171373566051, -0.27641113379681426, 0.45601982815778475, 0.6198226402934446, -0.7537606792949392, -0.62520034711424, 0.8757681323280786, -0.23481143148115002, 0.27869740570115575, 0.2869249589771359, 0.583650724152728, 0.6490853781374881, -0.7587515789088752, 0.35771889108293253, 0.40363640399349343, -0.8232007918425959, -0.9748937262579946, -0.3780055640299411, 0.952818621482342, -0.32924500559010417, -0.13247018092268692, -0.9665477148307944, 0.12594077969012707, -0.4683781290955751, -0.8462293181281286, -0.5078739784426718, 0.5777373642943722, 0.14963613182327018, 0.854911828420168, 0.6875673937487887, 0.09856029890325088, 1, 0.22541879131961706, -0.5493682436968645, 0.6389349634465431, 0.01082677436743995, 0.8766541154879337, 0.2308097847273094, 0.3289425213541868, 0.7397404599210409, -0.37330679728328375, 0.9526787392713674, -0.8267714236411847, 0.486343610970126, -0.09626327429159787, -0.19151538633929444, 0.03240411437760704, 0.9363272008033823, -0.04197397400849989, 0.14445245965864073, -0.479071651764831, -0.9626079585718874, 0.9288105973265861, 0.35139508665815766, -0.8961874913878254, -0.16596820887971098, 0.7034949300052076, -0.5958277752381722, 0.585541028970179, -0.04971992948151316, 0.12768396471739418, -0.7764583229775344, -0.17552120345435646, 0.9518845507920306, -0.36298795437057985, -0.056463771562202725, -0.3085796222430409, 0.8562889669214571, -0.7073870835406708, 0.2173121278021548, -0.8437776227102836, -0.2455393411728919, 0.22584949026273393]
488.2044730708003	(8, 12, 2)	[-0.618589983643838, 0.2846692636912407, -0.9136681807714873, -0.10670538835550403, 0.5899760117727768, 0.7281842921796011, -0.28710764979768855, -0.45752647163938764, 0.25886068842152365, -0.5931269775119508, -0.4739816935301435, -0.5284541021212659, 0.9125055846024845, 0.11687577708381025, 0.017161127424577094, -0.05266530813512493, -0.06842247204823271, 0.18883579657615068, -0.5006329130362883, 0.2863611810446385, -0.5776065762148654, 0.9640725914041934, 0.9200000467976748, 0.8153504741266246, -0.056726321614256614, -0.060300684933243476, -0.18083968312506227, 0.6826655092690301, -0.9973304492470143, -0.0443793719167247, -0.583193120904792, 0.8169528080293982, -0.3068319004293998, 0.17574180894735925, -0.7963749855394715, 0.16902922034671208, 0.6196780928821506, 0.44776692406161644, -0.7114778673440048, -0.8262261112666129, -0.05896697845968246, 0.7959938622821106, 0.6418127840824244, -0.9669550114566599, -0.7407743170052312, 0.43306918101445, -0.6751180868884112, -0.7505171373566051, -0.27641113379681426, 0.45601982815778475, 0.6198226402934446, -0.7537606792949392, -0.62520034711424, 0.8757681323280786, -0.23481143148115002, 0.27869740570115575, 0.03814915278834097, 0.583650724152728, 0.6490853781374881, -0.7587515789088752, 0.35771889108293253, 0.40363640399349343, -0.8232007918425959, -0.9748937262579946, -0.3780055640299411, 0.952818621482342, -0.32924500559010417, -0.13247018092268692, -0.9665477148307944, 0.12594077969012707, -0.4683781290955751, -0.8462293181281286, -0.5078739784426718, 0.5777373642943722, 0.14963613182327018, 0.854911828420168, 0.6875673937487887, 0.09856029890325088, 1, 0.22541879131961706, -0.5493682436968645, 0.6389349634465431, 0.01082677436743995, 0.8766541154879337, 0.2308097847273094, 0.3289425213541868, 0.7397404599210409, -0.37330679728328375, 0.9526787392713674, -0.8267714236411847, 0.486343610970126, -0.09626327429159787, -0.19151538633929444, 0.03240411437760704, 0.9363272008033823, -0.04197397400849989, 0.14445245965864073, -0.479071651764831, -0.9626079585718874, 0.9288105973265861, 0.35139508665815766, -0.8961874913878254, -0.16596820887971098, 0.7034949300052076, -0.5958277752381722, 0.585541028970179, -0.04971992948151316, 0.12768396471739418, -0.7764583229775344, -0.17552120345435646, 0.9518845507920306, -0.36298795437057985, -0.056463771562202725, -0.3085796222430409, 0.8562889669214571, -0.7073870835406708, 0.2173121278021548, -0.8437776227102836, -0.2455393411728919, 0.22584949026273393]
487.25246004760265	(8, 12, 2)	[-0.618589983643838, 0.2846692636912407, -0.9136681807714873, -0.10670538835550403, 0.5899760117727768, 0.7281842921796011, -0.28710764979768855, -0.488954704865606, 0.25886068842152365, -0.5931269775119508, -0.4739816935301435, -0.5284541021212659, 0.9125055846024845, 0.11687577708381025, 0.017161127424577094, -0.05266530813512493, -0.06842247204823271, 0.18883579657615068, -0.4921568338339354, 0.2863611810446385, -0.5776065762148654, 0.9640725914041934, 0.9200000467976748, 0.8153504741266246, -0.056726321614256614, -0.060300684933243476, -0.18083968312506227, 0.6826655092690301, -0.9973304492470143, -0.2000975626466881, -0.583193120904792, 0.8169528080293982, -0.3068319004293998, 0.17574180894735925, -0.7963749855394715, 0.16902922034671208, 0.6196780928821506, 0.44776692406161644, -0.7114778673440048, -0.8262261112666129, -0.05896697845968246, 0.7959938622821106, 0.6418127840824244, -0.9669550114566599, -0.7407743170052312, 0.43306918101445, -0.6751180868884112, -0.7505171373566051, -0.27641113379681426, 0.45601982815778475, 0.6198226402934446, -0.7537606792949392, -0.62520034711424, 0.5377771855569357, -0.23481143148115002, 0.27869740570115575, 0.03814915278834097, 0.583650724152728, 0.6490853781374881, -0.7587515789088752, 0.35771889108293253, 0.40363640399349343, -0.8232007918425959, -0.9748937262579946, -0.3780055640299411, 0.952818621482342, -0.32924500559010417, -0.13247018092268692, -0.9665477148307944, 0.12594077969012707, -0.4683781290955751, -0.8462293181281286, -0.5078739784426718, 0.5777373642943722, 0.14963613182327018, 0.854911828420168, 0.6875673937487887, 0.09856029890325088, 1, 0.22541879131961706, -0.5493682436968645, 0.6389349634465431, 0.01082677436743995, 0.8766541154879337, 0.2308097847273094, 0.3289425213541868, 0.7397404599210409, -0.37330679728328375, 0.9526787392713674, -0.8267714236411847, 0.486343610970126, -0.09626327429159787, -0.19151538633929444, 0.03240411437760704, 0.9363272008033823, -0.04197397400849989, 0.14445245965864073, -0.479071651764831, -0.9626079585718874, 0.9288105973265861, 0.35139508665815766, -0.8961874913878254, -0.16596820887971098, 0.7034949300052076, -0.5958277752381722, 0.585541028970179, -0.04971992948151316, 0.12768396471739418, -0.7764583229775344, -0.17552120345435646, 0.9518845507920306, -0.36298795437057985, -0.056463771562202725, -0.3085796222430409, 0.8562889669214571, -0.7073870835406708, 0.2173121278021548, -0.8437776227102836, -0.2455393411728919, 0.22584949026273393]
494.0015075568226	(8, 12, 2)	[-0.618589983643838, 0.2846692636912407, -0.9136681807714873, -0.10670538835550403, 0.5899760117727768, 0.7281842921796011, -0.28710764979768855, -0.45752647163938764, 0.25886068842152365, -0.5931269775119508, -0.4739816935301435, -0.5284541021212659, 0.9125055846024845, 0.11687577708381025, 0.017161127424577094, -0.05266530813512493, -0.06842247204823271, 0.18883579657615068, -0.5006329130362883, 0.2863611810446385, -0.5776065762148654, 0.9640725914041934, 0.9200000467976748, 0.8153504741266246, -0.056726321614256614, -0.060300684933243476, -0.21744278001591005, 0.6826655092690301, -0.9973304492470143, -0.2000975626466881, -0.583193120904792, 0.8169528080293982, -0.3068319004293998, 0.17574180894735925, -0.7963749855394715, 0.16902922034671208, 0.6196780928821506, 0.44776692406161644, -0.7114778673440048, -0.8262261112666129, -0.05896697845968246, 0.7959938622821106, 0.6784634070573303, -0.9669550114566599, -0.7407743170052312, 0.43306918101445, -0.6751180868884112, -0.7505171373566051, -0.27641113379681426, 0.45601982815778475, 0.6198226402934446, -0.7537606792949392, -0.62520034711424, 0.8757681323280786, -0.23481143148115002, 0.27869740570115575, 0.2869249589771359, 0.583650724152728, 0.6490853781374881, -0.7587515789088752, 0.35771889108293253, 0.40363640399349343, -0.8232007918425959, -0.9748937262579946, -0.3780055640299411, 0.952818621482342, -0.32924500559010417, 0.07968221390798688, -0.9665477148307944, 0.12594077969012707, -0.4683781290955751, -0.8462293181281286, -0.5078739784426718, 0.5777373642943722, -0.13637646340812704, 0.854911828420168, 0.6875673937487887, 0.1277979117880239, 0.9954749563798932, 0.22541879131961706, -0.5493682436968645, 0.6389349634465431, 0.01082677436743995, 0.8766541154879337, 0.2308097847273094, 0.27519835733033926, 0.7397404599210409, -0.37330679728328375, 0.9816298392122439, -0.8267714236411847, 0.486343610970126, -0.09626327429159787, -0.19151538633929444, 0.03240411437760704, 0.9363272008033823, -0.04197397400849989, 0.14445245965864073, -0.479071651764831, -0.9626079585718874, 1, 0.1649742075316632, -0.8961874913878254, -0.16596820887971098, 0.7034949300052076, -0.5958277752381722, 0.585541028970179, -0.04971992948151316, 0.17658031662837165, -0.7764583229775344, 0.10719940356231406, 0.9518845507920306, -0.36298795437057985, -0.056463771562202725, -0.3085796222430409, 0.8562889669214571, -0.7073870835406708, 0.2173121278021548, -0.8437776227102836, -0.2455393411728919, 0.22584949026273393]
485.8063642750494	(8, 12, 2)	[-0.618589983643838, 0.2846692636912407, -0.9136681807714873, -0.10670538835550403, 0.5899760117727768, 0.7281842921796011, -0.28710764979768855, -0.45752647163938764, 0.25886068842152365, -0.5931269775119508, -0.4739816935301435, -0.5284541021212659, 0.9125055846024845, 0.11687577708381025, 0.017161127424577094, -0.02501459843003831, -0.06842247204823271, 0.18883579657615068, -0.5006329130362883, 0.2863611810446385, -0.5776065762148654, 0.9640725914041934, 0.9200000467976748, 0.8153504741266246, -0.056726321614256614, -0.060300684933243476, -0.18083968312506227, 0.6826655092690301, -0.9973304492470143, -0.0443793719167247, -0.583193120904792, 0.8169528080293982, -0.3068319004293998, 0.17574180894735925, -0.7963749855394715, 0.16902922034671208, 0.6196780928821506, 0.44776692406161644, -0.7114778673440048, -0.8262261112666129, -0.05896697845968246, 0.7959938622821106, 0.6418127840824244, -0.9669550114566599, -0.7407743170052312, 0.43306918101445, -0.6751180868884112, -0.7505171373566051, -0.27641113379681426, 0.45601982815778475, 0.6198226402934446, -0.7537606792949392, -0.62520034711424, 0.8757681323280786, -0.23481143148115002, 0.27869740570115575, 0.03814915278834097, 0.583650724152728, 0.6490853781374881, -0.7587515789088752, 0.35771889108293253, 0.40363640399349343, -0.8232007918425959, -0.9748937262579946, -0.3780055640299411, 0.952818621482342, -0.32924500559010417, -0.13247018092268692, -0.9665477148307944, 0.12594077969012707, -0.4683781290955751, -0.8462293181281286, -0.5078739784426718, 0.5777373642943722, 0.14963613182327018, 0.854911828420168, 0.6875673937487887, 0.09856029890325088, 1, 0.22541879131961706, -0.5493682436968645, 0.6389349634465431, 0.01082677436743995, 0.8766541154879337, 0.2308097847273094, 0.38109239013423696, 0.7397404599210409, -0.37330679728328375, 0.9526787392713674, -0.8267714236411847, 0.486343610970126, -0.09626327429159787, -0.12833544972287309, 0.03240411437760704, 0.9848269672933266, -0.04197397400849989, -0.05884050328148316, -0.479071651764831, -0.9626079585718874, 1, 0.35139508665815766, -0.8961874913878254, -0.16596820887971098, 0.7034949300052076, -0.5958277752381722, 0.585541028970179, -0.04971992948151316, 0.12768396471739418, -0.7764583229775344, -0.17552120345435646, 0.9518845507920306, -0.36298795437057985, -0.056463771562202725, -0.3085796222430409, 0.8562889669214571, -0.7928253226899578, 0.2173121278021548, -0.8437776227102836, -0.2455393411728919, 0.22584949026273393]
492.02530523762107	(8, 12, 2)	[-0.618589983643838, 0.2846692636912407, -0.9136681807714873, -0.10670538835550403, 0.5899760117727768, 0.7281842921796011, -0.28710764979768855, -0.45752647163938764, 0.25886068842152365, -0.5931269775119508, -0.4739816935301435, -0.5284541021212659, 0.9125055846024845, 0.11687577708381025, 0.017161127424577094, -0.05266530813512493, -0.06842247204823271, 0.18883579657615068, -0.5006329130362883, 0.2863611810446385, -0.5776065762148654, 0.9640725914041934, 0.9200000467976748, 0.8153504741266246, -0.056726321614256614, -0.060300684933243476, -0.18083968312506227, 0.6826655092690301, -0.9973304492470143, -0.3855251421512678, -0.583193120904792, 0.8169528080293982, -0.3068319004293998, 0.17574180894735925, -0.7963749855394715, 0.16902922034671208, 0.6196780928821506, 0.44776692406161644, -0.7114778673440048, -0.8262261112666129, -0.05896697845968246, 0.7959938622821106, 0.6784634070573303, -0.9669550114566599, -0.7407743170052312, 0.43306918101445, -0.6751180868884112, -0.7505171373566051, -0.3088648900629247, 0.45601982815778475, 0.6198226402934446, -0.7181085326290471, -0.62520034711424, 0.8757681323280786, -0.23481143148115002, 0.27869740570115575, 0.2869249589771359, 0.583650724152728, 0.6490853781374881, -0.7587515789088752, 0.35771889108293253, 0.40363640399349343, -0.8232007918425959, -0.8189179414357564, -0.3780055640299411, 0.8566844229426177, -0.32924500559010417, -0.13247018092268692, -0.9665477148307944, -0.15142195778837625, -0.4683781290955751, -0.8462293181281286, -0.5078739784426718, 0.5777373642943722, -0.13637646340812704, 0.854911828420168, 0.6875673937487887, 0.1277979117880239, 0.9954749563798932, 0.6745636859412789, -0.5493682436968645, 0.6389349634465431, 0.01082677436743995, 0.8766541154879337, 0.2308097847273094, 0.3289425213541868, 0.7397404599210409, -0.37330679728328375, 0.9526787392713674, -0.8267714236411847, 0.486343610970126, -0.09626327429159787, -0.19151538633929444, 0.03240411437760704, 0.9363272008033823, -0.04197397400849989, 0.05267338109482722, -0.479071651764831, -0.42018983786254804, 0.9288105973265861, 0.35139508665815766, -0.8961874913878254, -0.16596820887971098, 0.7034949300052076, -0.5958277752381722, 0.585541028970179, -0.04971992948151316, 0.12768396471739418, -0.7764583229775344, 0.10719940356231406, 0.9518845507920306, -0.36298795437057985, -0.056463771562202725, -0.2854753331282479, 0.8562889669214571, -0.7073870835406708, 0.2173121278021548, -0.8437776227102836, -0.2455393411728919, 0.22584949026273393]
486.5350065054372	(8, 12, 2)	[-0.618589983643838, 0.2846692636912407, -0.9136681807714873, -0.10670538835550403, 0.5899760117727768, 0.7281842921796011, -0.28710764979768855, -0.45752647163938764, 0.25886068842152365, -0.5931269775119508, -0.4739816935301435, -0.5284541021212659, 0.9125055846024845, 0.11687577708381025, 0.017161127424577094, -0.02501459843003831, -0.06842247204823271, 0.18883579657615068, -0.5006329130362883, 0.2863611810446385, -0.5776065762148654, 0.9640725914041934, 0.9200000467976748, 0.8153504741266246, -0.056726321614256614, -0.060300684933243476, -0.21744278001591005, 0.6826655092690301, -0.9973304492470143, -0.2000975626466881, -0.583193120904792, 0.8169528080293982, -0.3068319004293998, 0.17574180894735925, -0.7963749855394715, 0.16902922034671208, 0.6196780928821506, -0.0697432209520013, -0.7114778673440048, -0.8262261112666129, -0.05896697845968246, 0.7959938622821106, 0.6784634070573303, -0.9669550114566599, -0.7407743170052312, 0.43306918101445, -0.6751180868884112, -0.7505171373566051, -0.27641113379681426, 0.45601982815778475, 0.6198226402934446, -0.7537606792949392, -0.62520034711424, 0.8757681323280786, -0.23481143148115002, 0.27869740570115575, 0.2869249589771359, 0.583650724152728, 0.6490853781374881, -0.7587515789088752, 0.35771889108293253, 0.40363640399349343, -0.8232007918425959, -0.9748937262579946, -0.3780055640299411, 0.952818621482342, -0.32924500559010417, 0.07968221390798688, -0.9665477148307944, 0.12594077969012707, -0.4683781290955751, -0.8462293181281286, -0.5078739784426718, 0.5777373642943722, -0.13637646340812704, 0.854911828420168, 0.6875673937487887, 0.1277979117880239, 0.9954749563798932, 0.22541879131961706, -0.5493682436968645, 0.6389349634465431, 0.01082677436743995, 0.8766541154879337, 0.2308097847273094, 0.27519835733033926, 0.7397404599210409, -0.37330679728328375, 0.9816298392122439, -0.8267714236411847, 0.486343610970126, -0.09626327429159787, -0.19151538633929444, 0.03240411437760704, 0.9363272008033823, -0.04197397400849989, 0.14445245965864073, -0.479071651764831, -0.9626079585718874, 0.9288105973265861, 0.35139508665815766, -0.8961874913878254, -0.16596820887971098, 0.7034949300052076, -0.5958277752381722, 0.585541028970179, -0.04971992948151316, 0.12768396471739418, -0.7764583229775344, -0.17552120345435646, 0.9518845507920306, -0.36298795437057985, -0.056463771562202725, -0.3085796222430409, 0.8562889669214571, -0.7073870835406708, 0.2173121278021548, -0.8437776227102836, -0.2455393411728919, 0.22584949026273393]
491.53533693170175	(8, 12, 2)	[-0.618589983643838, 0.2846692636912407, -0.9136681807714873, -0.10670538835550403, 0.5899760117727768, 0.7281842921796011, -0.28710764979768855, -0.45752647163938764, 0.25886068842152365, -0.5931269775119508, -0.4739816935301435, -0.5284541021212659, 0.9125055846024845, 0.11687577708381025, 0.017161127424577094, -0.02501459843003831, -0.06842247204823271, 0.18883579657615068, -0.5006329130362883, 0.2863611810446385, -0.5776065762148654, 0.9640725914041934, 0.9200000467976748, 0.8153504741266246, -0.056726321614256614, -0.060300684933243476, -0.21744278001591005, 0.6826655092690301, -0.9973304492470143, -0.2000975626466881, -0.583193120904792, 0.8169528080293982, -0.3068319004293998, 0.17574180894735925, -0.7963749855394715, 0.16902922034671208, 0.6196780928821506, -0.0697432209520013, -0.7114778673440048, -0.8262261112666129, -0.05896697845968246, 0.7959938622821106, 0.6784634070573303, -0.9669550114566599, -0.7407743170052312, 0.43306918101445, -0.6751180868884112, -0.7505171373566051, -0.27641113379681426, 0.45601982815778475, 0.6198226402934446, -0.7537606792949392, -0.62520034711424, 0.8757681323280786, -0.23481143148115002, 0.27869740570115575, 0.2869249589771359, 0.583650724152728, 0.6490853781374881, -0.7587515789088752, 0.35771889108293253, 0.40363640399349343, -0.8232007918425959, -0.9748937262579946, -0.3780055640299411, 0.952818621482342, -0.32924500559010417, 0.07968221390798688, -0.9665477148307944, 0.12594077969012707, -0.4683781290955751, -0.8462293181281286, -0.5078739784426718, 0.5777373642943722, -0.13637646340812704, 0.854911828420168, 0.6875673937487887, 0.1277979117880239, 0.9954749563798932, 0.22541879131961706, -0.5493682436968645, 0.6389349634465431, 0.01082677436743995, 0.8766541154879337, 0.2308097847273094, 0.27519835733033926, 0.7397404599210409, -0.37330679728328375, 0.9816298392122439, -0.8267714236411847, 0.486343610970126, -0.09626327429159787, -0.19151538633929444, 0.03240411437760704, 0.9363272008033823, -0.04197397400849989, 0.14445245965864073, -0.479071651764831, -0.9626079585718874, 0.9288105973265861, 0.35139508665815766, -0.8961874913878254, -0.16596820887971098, 0.7034949300052076, -0.5958277752381722, 0.585541028970179, -0.04971992948151316, 0.12768396471739418, -0.7764583229775344, -0.17552120345435646, 0.9518845507920306, -0.36298795437057985, -0.056463771562202725, -0.3085796222430409, 0.8562889669214571, -0.7073870835406708, 0.2173121278021548, -0.8437776227102836, -0.2455393411728919, 0.22584949026273393]
488.4051320608705	(8, 12, 2)	[-0.618589983643838, 0.2846692636912407, -0.9136681807714873, -0.10670538835550403, 0.5899760117727768, 0.7281842921796011, -0.28710764979768855, -0.45752647163938764, 0.25886068842152365, -0.5931269775119508, -0.4739816935301435, -0.5284541021212659, 0.9125055846024845, 0.11687577708381025, 0.017161127424577094, -0.02501459843003831, -0.06842247204823271, 0.18883579657615068, -0.5006329130362883, 0.2863611810446385, -0.5776065762148654, 0.9640725914041934, 0.9200000467976748, 0.8153504741266246, -0.056726321614256614, -0.060300684933243476, -0.18083968312506227, 0.6826655092690301, -0.9973304492470143, -0.0443793719167247, -0.583193120904792, 0.8169528080293982, -0.3068319004293998, 0.17574180894735925, -0.7963749855394715, 0.16902922034671208, 0.6196780928821506, 0.44776692406161644, -0.5545220586249958, -0.8262261112666129, -0.05896697845968246, 0.7959938622821106, 0.6418127840824244, -0.9669550114566599, -0.7407743170052312, 0.43306918101445, -0.6751180868884112, -0.7505171373566051, -0.27641113379681426, 0.45601982815778475, 0.6198226402934446, -0.7537606792949392, -0.62520034711424, 0.8757681323280786, -0.23481143148115002, 0.27869740570115575, 0.03814915278834097, 0.583650724152728, 0.6490853781374881, -0.7587515789088752, 0.35771889108293253, 0.3920709019333566, -0.8232007918425959, -0.9748937262579946, -0.3780055640299411, 0.952818621482342, -0.32924500559010417, -0.13247018092268692, -0.9665477148307944, 0.12594077969012707, -0.4683781290955751, -0.8462293181281286, -0.5078739784426718, 0.5777373642943722, 0.14963613182327018, 0.854911828420168, 0.6875673937487887, 0.1277979117880239, 0.9954749563798932, 0.6745636859412789, -0.5524204011326427, 0.6389349634465431, 0.01082677436743995, 0.8766541154879337, 0.2308097847273094, 0.3289425213541868, 0.7419014882913797, -0.37330679728328375, 0.9526787392713674, -0.8267714236411847, 0.486343610970126, -0.09626327429159787, -0.1784728712143869, 0.03240411437760704, 0.9848269672933266, -0.04197397400849989, 0.14445245965864073, -0.479071651764831, -0.9626079585718874, 0.9288105973265861, 0.35139508665815766, -0.8961874913878254, -0.16596820887971098, 0.7034949300052076, -0.5958277752381722, 0.585541028970179, -0.04971992948151316, 0.12768396471739418, -0.7764583229775344, -0.17552120345435646, 0.9518845507920306, -0.33306704841584567, -0.056463771562202725, -0.3085796222430409, 0.8562889669214571, -0.7073870835406708, 0.2173121278021548, -0.8437776227102836, -0.2455393411728919, 0.22584949026273393]
489.78970325551927	(8, 12, 2)	[-0.618589983643838, 0.2846692636912407, -0.9136681807714873, -0.10670538835550403, 0.5899760117727768, 0.7281842921796011, -0.28710764979768855, -0.45752647163938764, 0.25886068842152365, -0.5931269775119508, -0.4739816935301435, -0.5284541021212659, 0.9125055846024845, 0.11687577708381025, 0.017161127424577094, -0.02501459843003831, -0.06842247204823271, 0.18883579657615068, -0.5006329130362883, 0.2863611810446385, -0.5776065762148654, 0.9640725914041934, 0.9200000467976748, 0.8153504741266246, -0.056726321614256614, -0.060300684933243476, -0.18083968312506227, 0.6826655092690301, -0.9973304492470143, -0.0443793719167247, -0.583193120904792, 0.8169528080293982, -0.3068319004293998, 0.17574180894735925, -0.7963749855394715, 0.16902922034671208, 0.6196780928821506, 0.44776692406161644, -0.5545220586249958, -0.8262261112666129, -0.05896697845968246, 0.7959938622821106, 0.6418127840824244, -0.9669550114566599, -0.7407743170052312, 0.43306918101445, -0.6751180868884112, -0.7505171373566051, -0.27641113379681426, 0.45601982815778475, 0.6198226402934446, -0.7537606792949392, -0.62520034711424, 0.8757681323280786, -0.23481143148115002, 0.27869740570115575, 0.03814915278834097, 0.583650724152728, 0.6490853781374881, -0.7587515789088752, 0.35771889108293253, 0.3920709019333566, -0.8232007918425959, -0.9748937262579946, -0.3780055640299411, 0.952818621482342, -0.32924500559010417, -0.13247018092268692, -0.9665477148307944, 0.12594077969012707, -0.4683781290955751, -0.8462293181281286, -0.5078739784426718, 0.5777373642943722, 0.14963613182327018, 0.854911828420168, 0.6875673937487887, 0.1277979117880239, 0.9954749563798932, 0.6745636859412789, -0.5524204011326427, 0.6389349634465431, 0.01082677436743995, 0.8766541154879337, 0.2308097847273094, 0.3289425213541868, 0.7419014882913797, -0.37330679728328375, 0.9526787392713674, -0.8267714236411847, 0.486343610970126, -0.09626327429159787, -0.1784728712143869, 0.03240411437760704, 0.9848269672933266, -0.04197397400849989, 0.14445245965864073, -0.479071651764831, -0.9626079585718874, 0.9288105973265861, 0.35139508665815766, -0.8961874913878254, -0.16596820887971098, 0.7034949300052076, -0.5958277752381722, 0.585541028970179, -0.04971992948151316, 0.12768396471739418, -0.7764583229775344, -0.17552120345435646, 0.9518845507920306, -0.33306704841584567, -0.056463771562202725, -0.3085796222430409, 0.8562889669214571, -0.7073870835406708, 0.2173121278021548, -0.8437776227102836, -0.2455393411728919, 0.22584949026273393]
492.3471455462277	(8, 12, 2)	[-0.618589983643838, 0.2846692636912407, -0.9136681807714873, -0.10670538835550403, 0.5899760117727768, 0.7281842921796011, -0.28710764979768855, -0.45752647163938764, 0.25886068842152365, -0.5931269775119508, -0.4739816935301435, -0.5284541021212659, 0.9125055846024845, 0.11687577708381025, 0.017161127424577094, -0.02501459843003831, -0.06842247204823271, 0.18883579657615068, -0.5006329130362883, 0.2863611810446385, -0.5776065762148654, 0.9640725914041934, 0.9200000467976748, 0.8153504741266246, -0.056726321614256614, -0.060300684933243476, -0.21744278001591005, 0.6826655092690301, -0.9973304492470143, -0.2000975626466881, -0.583193120904792, 0.8169528080293982, -0.3068319004293998, 0.17574180894735925, -0.7963749855394715, 0.16902922034671208, 0.6196780928821506, -0.0697432209520013, -0.6439312495028067, -0.8262261112666129, -0.05896697845968246, 0.7959938622821106, 0.6784634070573303, -0.9669550114566599, -0.7407743170052312, 0.43306918101445, -0.6751180868884112, -0.7505171373566051, -0.27641113379681426, 0.45601982815778475, 0.6198226402934446, -0.7537606792949392, -0.62520034711424, 0.8757681323280786, -0.23481143148115002, 0.27869740570115575, 0.2869249589771359, 0.583650724152728, 0.6490853781374881, -0.7587515789088752, 0.35771889108293253, 0.40363640399349343, -0.8232007918425959, -0.9748937262579946, -0.3780055640299411, 0.8818458697945788, -0.32924500559010417, 0.07968221390798688, -0.9665477148307944, 0.12594077969012707, -0.602169669042854, -0.8462293181281286, -0.5078739784426718, 0.5777373642943722, -0.13637646340812704, 0.854911828420168, 0.6875673937487887, 0.1277979117880239, 0.9954749563798932, 0.22541879131961706, -0.5493682436968645, 0.6389349634465431, 0.01082677436743995, 0.8766541154879337, 0.2308097847273094, 0.27519835733033926, 0.7397404599210409, -0.37330679728328375, 0.9816298392122439, -0.8267714236411847, 0.486343610970126, -0.09626327429159787, -0.19151538633929444, 0.03240411437760704, 0.9363272008033823, -0.04197397400849989, 0.14445245965864073, -0.479071651764831, -0.9626079585718874, 0.9288105973265861, 0.35139508665815766, -0.8961874913878254, -0.16596820887971098, 0.7034949300052076, -0.5958277752381722, 0.585541028970179, -0.04971992948151316, 0.12768396471739418, -0.7764583229775344, -0.17552120345435646, 0.9518845507920306, -0.36298795437057985, -0.056463771562202725, -0.3085796222430409, 0.8562889669214571, -0.7073870835406708, 0.2173121278021548, -0.8437776227102836, -0.2455393411728919, 0.22584949026273393]
493.39627769513754	(8, 12, 2)	[-0.618589983643838, 0.2846692636912407, -0.9136681807714873, -0.10670538835550403, 0.5899760117727768, 0.7281842921796011, -0.28710764979768855, -0.45752647163938764, 0.25886068842152365, -0.5931269775119508, -0.4739816935301435, -0.5284541021212659, 0.9125055846024845, 0.11687577708381025, 0.017161127424577094, -0.02501459843003831, -0.06842247204823271, 0.18883579657615068, -0.5006329130362883, 0.2863611810446385, -0.5776065762148654, 0.9640725914041934, 0.9200000467976748, 0.8153504741266246, -0.056726321614256614, -0.060300684933243476, -0.21744278001591005, 0.6826655092690301, -0.9973304492470143, -0.2000975626466881, -0.583193120904792, 0.8169528080293982, -0.3068319004293998, 0.17574180894735925, -0.7963749855394715, 0.16902922034671208, 0.6196780928821506, -0.0697432209520013, -0.6439312495028067, -0.8262261112666129, -0.05896697845968246, 0.7959938622821106, 0.6784634070573303, -0.9669550114566599, -0.7407743170052312, 0.43306918101445, -0.6751180868884112, -0.7505171373566051, -0.27641113379681426, 0.45601982815778475, 0.6198226402934446, -0.7537606792949392, -0.62520034711424, 0.8757681323280786, -0.23481143148115002, 0.27869740570115575, 0.2869249589771359, 0.583650724152728, 0.6490853781374881, -0.7587515789088752, 0.35771889108293253, 0.40363640399349343, -0.8232007918425959, -0.9748937262579946, -0.3780055640299411, 0.952818621482342, -0.32924500559010417, 0.07968221390798688, -0.9665477148307944, 0.12594077969012707, -0.4683781290955751, -0.8462293181281286, -0.5078739784426718, 0.5777373642943722, -0.13637646340812704, 0.854911828420168, 0.6875673937487887, 0.30381692759705714, 0.9954749563798932, 0.22541879131961706, -0.5493682436968645, 0.6389349634465431, 0.01082677436743995, 0.8766541154879337, 0.2308097847273094, 0.27519835733033926, 0.7397404599210409, -0.37330679728328375, 0.9816298392122439, -0.8267714236411847, 0.486343610970126, -0.09626327429159787, -0.19151538633929444, 0.03240411437760704, 0.9363272008033823, -0.04197397400849989, 0.14445245965864073, -0.479071651764831, -0.9626079585718874, 0.9288105973265861, 0.35139508665815766, -0.8961874913878254, -0.16596820887971098, 0.7034949300052076, -0.5958277752381722, 0.585541028970179, -0.04971992948151316, 0.12768396471739418, -0.7764583229775344, -0.17552120345435646, 0.9518845507920306, -0.36298795437057985, -0.056463771562202725, -0.3085796222430409, 0.8562889669214571, -0.7073870835406708, 0.2173121278021548, -0.8437776227102836, -0.2455393411728919, 0.22584949026273393]
489.15308453142643	(8, 12, 2)	[-0.618589983643838, 0.2846692636912407, -0.9136681807714873, -0.10670538835550403, 0.5899760117727768, 0.7281842921796011, -0.28710764979768855, -0.45752647163938764, 0.25886068842152365, -0.5931269775119508, -0.4739816935301435, -0.5284541021212659, 0.9125055846024845, 0.11687577708381025, 0.017161127424577094, -0.02501459843003831, -0.06842247204823271, 0.18883579657615068, -0.5006329130362883, 0.2863611810446385, -0.5776065762148654, 0.9613401122539781, 0.9200000467976748, 0.8153504741266246, -0.056726321614256614, -0.060300684933243476, -0.21744278001591005, 0.6826655092690301, -0.9973304492470143, -0.2000975626466881, -0.583193120904792, 0.8169528080293982, -0.3068319004293998, 0.17574180894735925, -0.7963749855394715, 0.2419883858685367, 0.6196780928821506, -0.0697432209520013, -0.6439312495028067, -0.8262261112666129, -0.05896697845968246, 0.7959938622821106, 0.6784634070573303, -0.9669550114566599, -0.7407743170052312, 0.43306918101445, -0.6751180868884112, -0.7505171373566051, -0.27641113379681426, 0.45601982815778475, 0.6198226402934446, -0.7537606792949392, -0.62520034711424, 0.8757681323280786, -0.23481143148115002, 0.27869740570115575, 0.2869249589771359, 0.583650724152728, 0.6490853781374881, -0.7587515789088752, 0.35771889108293253, 0.40363640399349343, -0.8232007918425959, -0.9748937262579946, -0.3780055640299411, 0.952818621482342, -0.32924500559010417, 0.07968221390798688, -0.9665477148307944, 0.12594077969012707, -0.4683781290955751, -0.8462293181281286, -0.5078739784426718, 0.5777373642943722, -0.13637646340812704, 0.854911828420168, 0.6875673937487887, 0.30381692759705714, 0.9954749563798932, 0.22541879131961706, -0.5493682436968645, 0.6389349634465431, 0.01082677436743995, 0.8766541154879337, 0.2308097847273094, 0.27519835733033926, 0.7397404599210409, -0.37330679728328375, 0.9816298392122439, -0.8267714236411847, 0.486343610970126, -0.09626327429159787, -0.19151538633929444, 0.03240411437760704, 0.9363272008033823, -0.04197397400849989, 0.14445245965864073, -0.479071651764831, -0.9626079585718874, 0.9288105973265861, 0.35139508665815766, -0.8961874913878254, -0.16596820887971098, 0.7034949300052076, -0.5958277752381722, 0.585541028970179, -0.04971992948151316, 0.12768396471739418, -0.7764583229775344, -0.17552120345435646, 0.9518845507920306, -0.36298795437057985, -0.056463771562202725, -0.3085796222430409, 0.8562889669214571, -1, 0.2173121278021548, -0.8437776227102836, -0.2455393411728919, 0.22584949026273393]
493.9151977421716	(8, 12, 2)	[-0.618589983643838, 0.2846692636912407, -0.9136681807714873, -0.10670538835550403, 0.5899760117727768, 0.7281842921796011, -0.28710764979768855, -0.45752647163938764, 0.25886068842152365, -0.5931269775119508, -0.4739816935301435, -0.5284541021212659, 0.9125055846024845, 0.11687577708381025, 0.017161127424577094, -0.02501459843003831, -0.06842247204823271, 0.18883579657615068, -0.5006329130362883, 0.2863611810446385, -0.5776065762148654, 0.9640725914041934, 0.9200000467976748, 0.8153504741266246, -0.056726321614256614, -0.060300684933243476, -0.21744278001591005, 0.6826655092690301, -0.9973304492470143, -0.2000975626466881, -0.583193120904792, 0.8169528080293982, -0.3068319004293998, 0.17574180894735925, -0.7963749855394715, 0.16902922034671208, 0.6196780928821506, -0.0697432209520013, -0.6439312495028067, -0.8262261112666129, -0.05896697845968246, 0.7959938622821106, 0.6784634070573303, -0.9669550114566599, -0.7407743170052312, 0.43306918101445, -0.6751180868884112, -0.7505171373566051, -0.27641113379681426, 0.45601982815778475, 0.6198226402934446, -0.7537606792949392, -0.62520034711424, 0.8757681323280786, -0.23481143148115002, 0.27869740570115575, 0.2869249589771359, 0.583650724152728, 0.6490853781374881, -0.7587515789088752, 0.35771889108293253, 0.40363640399349343, -0.8232007918425959, -0.9748937262579946, -0.3780055640299411, 0.952818621482342, -0.32924500559010417, 0.07968221390798688, -0.9665477148307944, 0.12594077969012707, -0.4683781290955751, -0.8462293181281286, -0.5078739784426718, 0.5777373642943722, -0.13637646340812704, 0.854911828420168, 0.6875673937487887, 0.30381692759705714, 0.9954749563798932, 0.22541879131961706, -0.5493682436968645, 0.6389349634465431, 0.01082677436743995, 0.8766541154879337, 0.2308097847273094, 0.27519835733033926, 0.7397404599210409, -0.21848989588061407, 0.9816298392122439, -0.8267714236411847, 0.486343610970126, -0.09626327429159787, -0.19151538633929444, 0.03240411437760704, 0.9363272008033823, -0.04197397400849989, 0.14445245965864073, -0.7305961808614078, -0.9626079585718874, 0.9288105973265861, 0.35139508665815766, -0.8961874913878254, -0.16596820887971098, 0.7034949300052076, -0.5958277752381722, 0.585541028970179, -0.04971992948151316, 0.12768396471739418, -0.7764583229775344, -0.17552120345435646, 0.9518845507920306, -0.36298795437057985, -0.056463771562202725, -0.3085796222430409, 0.8562889669214571, -1, 0.2173121278021548, -0.8437776227102836, -0.2455393411728919, 0.22584949026273393]
492.22877668216825	(8, 12, 2)	[-0.618589983643838, 0.2846692636912407, -0.9136681807714873, -0.10670538835550403, 0.5899760117727768, 0.7281842921796011, -0.28710764979768855, -0.45752647163938764, 0.25886068842152365, -0.5931269775119508, -0.4739816935301435, -0.5284541021212659, 0.9125055846024845, 0.11687577708381025, 0.017161127424577094, -0.02501459843003831, -0.06842247204823271, 0.18883579657615068, -0.5006329130362883, 0.2863611810446385, -0.5776065762148654, 0.9640725914041934, 0.9200000467976748, 0.8153504741266246, -0.056726321614256614, -0.060300684933243476, -0.21744278001591005, 0.6826655092690301, -0.9973304492470143, -0.2000975626466881, -0.583193120904792, 0.8169528080293982, -0.3068319004293998, 0.17574180894735925, -0.7963749855394715, 0.16902922034671208, 0.6196780928821506, -0.0697432209520013, -0.6439312495028067, -0.8262261112666129, -0.05896697845968246, 0.7959938622821106, 0.6784634070573303, -0.9669550114566599, -0.7407743170052312, 0.43306918101445, -0.6751180868884112, -0.7505171373566051, -0.27641113379681426, 0.45601982815778475, 0.6198226402934446, -0.7537606792949392, -0.62520034711424, 0.8757681323280786, -0.23481143148115002, 0.27869740570115575, 0.2869249589771359, 0.583650724152728, 0.6490853781374881, -0.7587515789088752, 0.35771889108293253, 0.40363640399349343, -0.9876768188461416, -0.9748937262579946, -0.3780055640299411, 0.952818621482342, -0.32924500559010417, 0.07968221390798688, -0.9665477148307944, 0.12594077969012707, -0.4683781290955751, -0.8462293181281286, -0.5078739784426718, 0.5777373642943722, -0.13637646340812704, 0.854911828420168, 0.6875673937487887, 0.30381692759705714, 0.9954749563798932, 0.22541879131961706, -0.5493682436968645, 0.6389349634465431, 0.01082677436743995, 0.8766541154879337, 0.2308097847273094, 0.27519835733033926, 0.7397404599210409, -0.37330679728328375, 0.9816298392122439, -0.8267714236411847, 0.486343610970126, -0.09626327429159787, -0.19151538633929444, 0.03240411437760704, 0.9363272008033823, -0.04197397400849989, 0.14445245965864073, -0.479071651764831, -0.9626079585718874, 0.9288105973265861, 0.35139508665815766, -0.8961874913878254, -0.16596820887971098, 0.7034949300052076, -0.5958277752381722, 0.585541028970179, -0.04971992948151316, 0.12768396471739418, -0.7764583229775344, -0.17552120345435646, 0.9518845507920306, -0.36298795437057985, -0.056463771562202725, -0.3085796222430409, 0.7679883999578654, -0.7073870835406708, 0.2173121278021548, -0.8437776227102836, -0.2455393411728919, 0.22584949026273393]
488.841671589762	(8, 12, 2)	[-0.618589983643838, 0.2846692636912407, -0.9136681807714873, -0.10670538835550403, 0.5899760117727768, 0.7281842921796011, -0.28710764979768855, -0.45752647163938764, 0.25886068842152365, -0.5931269775119508, -0.4739816935301435, -0.5284541021212659, 1, 0.11687577708381025, 0.017161127424577094, -0.02501459843003831, -0.06842247204823271, 0.18883579657615068, -0.5006329130362883, 0.2863611810446385, -0.5776065762148654, 0.9613401122539781, 0.9200000467976748, 0.8153504741266246, -0.056726321614256614, -0.060300684933243476, -0.21744278001591005, 0.6826655092690301, -0.9973304492470143, -0.2000975626466881, -0.583193120904792, 0.8169528080293982, -0.3068319004293998, 0.17574180894735925, -0.7963749855394715, 0.2419883858685367, 0.6196780928821506, -0.0697432209520013, -0.6439312495028067, -0.8262261112666129, -0.05896697845968246, 0.7959938622821106, 0.6784634070573303, -0.9669550114566599, -0.7407743170052312, 0.43306918101445, -0.6751180868884112, -0.7505171373566051, -0.27641113379681426, 0.45601982815778475, 0.6198226402934446, -0.7537606792949392, -0.62520034711424, 0.8757681323280786, -0.23481143148115002, 0.27869740570115575, 0.2869249589771359, 0.583650724152728, 0.6490853781374881, -0.7587515789088752, 0.35771889108293253, 0.40363640399349343, -0.8232007918425959, -0.9748937262579946, -0.3780055640299411, 0.952818621482342, -0.32924500559010417, 0.07968221390798688, -0.9665477148307944, 0.12594077969012707, -0.4683781290955751, -0.8462293181281286, -0.5078739784426718, 0.5777373642943722, -0.13637646340812704, 0.854911828420168, 0.6875673937487887, 0.30381692759705714, 0.9954749563798932, 0.22541879131961706, -0.5493682436968645, 0.6389349634465431, 0.01082677436743995, 0.8766541154879337, 0.29272236297662246, 0.27519835733033926, 0.7397404599210409, -0.37330679728328375, 0.9816298392122439, -0.8267714236411847, 0.486343610970126, -0.09626327429159787, -0.19151538633929444, 0.03240411437760704, 0.9363272008033823, -0.04197397400849989, 0.14445245965864073, -0.479071651764831, -0.9626079585718874, 0.9288105973265861, 0.35139508665815766, -0.8961874913878254, -0.16596820887971098, 0.7034949300052076, -0.5958277752381722, 0.585541028970179, -0.04971992948151316, 0.12768396471739418, -0.7764583229775344, -0.17552120345435646, 0.9518845507920306, -0.36298795437057985, -0.056463771562202725, -0.3085796222430409, 0.8562889669214571, -1, 0.2173121278021548, -0.8437776227102836, -0.2455393411728919, 0.22584949026273393]
484.4544807448983	(8, 12, 2)	[-0.618589983643838, 0.2846692636912407, -0.9136681807714873, -0.10670538835550403, 0.5899760117727768, 0.7281842921796011, -0.28710764979768855, -0.45752647163938764, 0.25886068842152365, -0.5931269775119508, -0.4739816935301435, -0.5284541021212659, 0.9125055846024845, 0.11687577708381025, 0.017161127424577094, -0.02501459843003831, -0.06842247204823271, 0.18883579657615068, -0.5006329130362883, 0.2863611810446385, -0.5776065762148654, 0.9640725914041934, 0.9200000467976748, 0.8153504741266246, -0.056726321614256614, -0.060300684933243476, -0.21744278001591005, 0.6826655092690301, -0.9973304492470143, -0.2000975626466881, -0.583193120904792, 0.8169528080293982, -0.3068319004293998, 0.17574180894735925, -0.7963749855394715, 0.16902922034671208, 0.6196780928821506, -0.0697432209520013, -0.6439312495028067, -0.8262261112666129, -0.05896697845968246, 0.7959938622821106, 0.6784634070573303, -0.9669550114566599, -0.7407743170052312, 0.43306918101445, -0.6751180868884112, -0.7505171373566051, -0.27641113379681426, 0.45601982815778475, 0.6198226402934446, -0.7537606792949392, -0.62520034711424, 0.8757681323280786, -0.23481143148115002, 0.27869740570115575, 0.2869249589771359, 0.583650724152728, 0.6490853781374881, -0.7587515789088752, 0.35771889108293253, 0.40363640399349343, -0.9876768188461416, -0.9748937262579946, -0.3780055640299411, 0.952818621482342, -0.32924500559010417, 0.07968221390798688, -0.9665477148307944, 0.12594077969012707, -0.4683781290955751, -0.8462293181281286, -0.5078739784426718, 0.5777373642943722, -0.13637646340812704, 0.854911828420168, 0.6875673937487887, 0.30381692759705714, 0.9954749563798932, 0.22541879131961706, -0.5493682436968645, 0.6389349634465431, 0.01082677436743995, 0.8766541154879337, 0.2308097847273094, 0.27519835733033926, 0.7397404599210409, -0.37330679728328375, 0.9816298392122439, -0.8267714236411847, 0.486343610970126, -0.09626327429159787, -0.19151538633929444, 0.03240411437760704, 0.9363272008033823, -0.04197397400849989, 0.14445245965864073, -0.479071651764831, -0.9626079585718874, 0.9288105973265861, 0.35139508665815766, -0.8961874913878254, -0.16596820887971098, 0.7034949300052076, -0.5958277752381722, 0.585541028970179, -0.04971992948151316, 0.12768396471739418, -0.7764583229775344, -0.17552120345435646, 0.9518845507920306, -0.36298795437057985, -0.056463771562202725, -0.3085796222430409, 0.8562889669214571, -1, 0.2173121278021548, -0.8437776227102836, -0.07204035360236793, 0.22584949026273393]
490.88693680241704	(8, 12, 2)	[-0.618589983643838, 0.2846692636912407, -0.9136681807714873, -0.10670538835550403, 0.5899760117727768, 0.7281842921796011, -0.28710764979768855, -0.45752647163938764, 0.25886068842152365, -0.5931269775119508, -0.4739816935301435, -0.5284541021212659, 0.9125055846024845, 0.11687577708381025, 0.017161127424577094, -0.02501459843003831, -0.06842247204823271, 0.18883579657615068, -0.5006329130362883, 0.2863611810446385, -0.5776065762148654, 0.9640725914041934, 0.9200000467976748, 0.8153504741266246, -0.056726321614256614, -0.060300684933243476, -0.21744278001591005, 0.6826655092690301, -0.9973304492470143, -0.2000975626466881, -0.583193120904792, 0.8169528080293982, -0.3068319004293998, 0.17574180894735925, -0.7963749855394715, 0.16902922034671208, 0.6196780928821506, -0.0697432209520013, -0.6439312495028067, -0.8262261112666129, -0.05896697845968246, 0.7959938622821106, 0.6784634070573303, -0.9669550114566599, -0.7407743170052312, 0.43306918101445, -0.6751180868884112, -0.7505171373566051, -0.27641113379681426, 0.45601982815778475, 0.6198226402934446, -0.7537606792949392, -0.62520034711424, 0.8757681323280786, -0.23481143148115002, 0.27869740570115575, 0.2869249589771359, 0.583650724152728, 0.6490853781374881, -0.7587515789088752, 0.35771889108293253, 0.40363640399349343, -0.8232007918425959, -0.9748937262579946, -0.3780055640299411, 0.952818621482342, -0.32924500559010417, 0.07968221390798688, -0.9665477148307944, 0.12594077969012707, -0.4683781290955751, -0.8462293181281286, -0.5078739784426718, 0.5777373642943722, -0.13637646340812704, 0.854911828420168, 0.6875673937487887, 0.30381692759705714, 0.9954749563798932, 0.22541879131961706, -0.5493682436968645, 0.6389349634465431, 0.01082677436743995, 0.8766541154879337, 0.2308097847273094, 0.27519835733033926, 0.7397404599210409, -0.37330679728328375, 0.9816298392122439, -0.8267714236411847, 0.486343610970126, -0.09626327429159787, -0.19151538633929444, 0.03240411437760704, 0.9363272008033823, -0.04197397400849989, 0.14445245965864073, -0.479071651764831, -0.9626079585718874, 0.9288105973265861, 0.35139508665815766, -0.8961874913878254, -0.16596820887971098, 0.7034949300052076, -0.5958277752381722, 0.585541028970179, -0.04971992948151316, 0.12768396471739418, -0.7764583229775344, -0.17552120345435646, 0.9518845507920306, -0.36298795437057985, -0.056463771562202725, -0.3085796222430409, 0.8562889669214571, -0.9384058860181446, 0.2173121278021548, -0.8437776227102836, -0.07204035360236793, 0.22584949026273393]
489.3304754921701	(8, 12, 2)	[-0.618589983643838, 0.2846692636912407, -0.9136681807714873, -0.10670538835550403, 0.5899760117727768, 0.7281842921796011, -0.28710764979768855, -0.45752647163938764, 0.25886068842152365, -0.5931269775119508, -0.4739816935301435, -0.5284541021212659, 1, 0.11687577708381025, 0.017161127424577094, -0.02501459843003831, -0.06842247204823271, 0.18883579657615068, -0.5006329130362883, 0.2863611810446385, -0.5776065762148654, 0.9640725914041934, 0.9200000467976748, 0.8153504741266246, -0.056726321614256614, -0.060300684933243476, -0.21744278001591005, 0.6826655092690301, -1, -0.2000975626466881, -0.583193120904792, 0.8169528080293982, -0.3068319004293998, 0.17574180894735925, -0.7963749855394715, 0.16902922034671208, 0.6196780928821506, -0.0697432209520013, -0.6439312495028067, -0.8262261112666129, -0.05896697845968246, 0.7959938622821106, 0.6784634070573303, -0.9669550114566599, -0.7407743170052312, 0.43306918101445, -0.4956978900507172, -0.7505171373566051, -0.27641113379681426, 0.45601982815778475, 0.6198226402934446, -0.7537606792949392, -0.62520034711424, 0.8757681323280786, -0.23481143148115002, 0.27869740570115575, 0.2869249589771359, 0.583650724152728, 0.6490853781374881, -0.7587515789088752, 0.35771889108293253, 0.40363640399349343, -0.8232007918425959, -0.9748937262579946, -0.3780055640299411, 0.952818621482342, -0.32924500559010417, 0.07968221390798688, -0.9665477148307944, 0.2065575435760694, -0.4683781290955751, -0.8462293181281286, -0.5078739784426718, 0.5777373642943722, -0.13637646340812704, 0.854911828420168, 0.6875673937487887, 0.30381692759705714, 0.9954749563798932, 0.22541879131961706, -0.5493682436968645, 0.6389349634465431, 0.01082677436743995, 0.8766541154879337, 0.2308097847273094, 0.27519835733033926, 0.7397404599210409, -0.37330679728328375, 0.9816298392122439, -0.8267714236411847, 0.486343610970126, -0.09626327429159787, -0.19151538633929444, 0.03240411437760704, 0.9363272008033823, -0.04197397400849989, 0.14445245965864073, -0.479071651764831, -0.9626079585718874, 0.9288105973265861, 0.35139508665815766, -0.8961874913878254, -0.16596820887971098, 0.7034949300052076, -0.5958277752381722, 0.585541028970179, -0.04971992948151316, 0.12768396471739418, -0.7764583229775344, -0.17552120345435646, 0.9518845507920306, -0.36298795437057985, -0.056463771562202725, -0.3085796222430409, 0.8562889669214571, -1, 0.2173121278021548, -0.8437776227102836, -0.07204035360236793, 0.22584949026273393]
487.1582645922899	(8, 12, 2)	[-0.618589983643838, 0.2846692636912407, -0.9136681807714873, -0.10670538835550403, 0.5899760117727768, 0.7281842921796011, -0.28710764979768855, -0.45752647163938764, 0.25886068842152365, -0.5931269775119508, -0.4739816935301435, -0.5284541021212659, 0.9125055846024845, 0.11687577708381025, 0.017161127424577094, -0.02501459843003831, -0.06842247204823271, 0.18883579657615068, -0.5006329130362883, 0.2863611810446385, -0.5776065762148654, 0.9640725914041934, 0.9200000467976748, 0.8153504741266246, -0.056726321614256614, -0.060300684933243476, -0.3356440613743036, 0.6826655092690301, -0.9973304492470143, -0.2000975626466881, -0.5320386944164794, 0.8169528080293982, -0.3068319004293998, 0.17574180894735925, -0.7963749855394715, 0.16902922034671208, 0.6196780928821506, -0.0697432209520013, -0.7114778673440048, -0.8262261112666129, -0.05896697845968246, 0.7959938622821106, 0.6784634070573303, -0.9669550114566599, -0.7407743170052312, 0.43306918101445, -0.6751180868884112, -0.7505171373566051, -0.27641113379681426, 0.45601982815778475, 0.6198226402934446, -0.7537606792949392, -0.62520034711424, 0.8757681323280786, -0.23481143148115002, 0.27869740570115575, 0.2869249589771359, 0.583650724152728, 0.6490853781374881, -0.7587515789088752, 0.46539317266827596, 0.40363640399349343, -0.9876768188461416, -0.8031683071058514, -0.3780055640299411, 0.952818621482342, -0.32924500559010417, 0.07968221390798688, -0.9665477148307944, 0.12594077969012707, -0.4683781290955751, -0.8462293181281286, -0.5078739784426718, 0.5777373642943722, -0.13637646340812704, 0.854911828420168, 0.6875673937487887, 0.30381692759705714, 0.9954749563798932, 0.22541879131961706, -0.5493682436968645, 0.6458949446108563, 0.01082677436743995, 0.8766541154879337, 0.2308097847273094, 0.27519835733033926, 0.7397404599210409, -0.37330679728328375, 0.9816298392122439, -0.8267714236411847, 0.486343610970126, -0.09626327429159787, -0.19151538633929444, 0.03240411437760704, 0.9363272008033823, -0.04197397400849989, 0.14445245965864073, -0.479071651764831, -0.9626079585718874, 0.9288105973265861, 0.35139508665815766, -0.8961874913878254, -0.16596820887971098, 0.7034949300052076, -0.5958277752381722, 0.585541028970179, -0.04971992948151316, 0.12768396471739418, -0.7764583229775344, -0.17552120345435646, 0.9518845507920306, -0.36298795437057985, -0.056463771562202725, -0.16007862798710726, 0.7679883999578654, -0.7073870835406708, 0.3815033292550617, -0.8320839398704245, -0.2455393411728919, 0.22584949026273393]
495.74850127100945	(8, 12, 2)	[-0.618589983643838, 0.2846692636912407, -0.9136681807714873, -0.10670538835550403, 0.5899760117727768, 0.7281842921796011, -0.28710764979768855, -0.45752647163938764, 0.25886068842152365, -0.5931269775119508, -0.5956099333806752, -0.5284541021212659, 0.9125055846024845, 0.11687577708381025, 0.017161127424577094, -0.02501459843003831, -0.06842247204823271, 0.18883579657615068, -0.5006329130362883, 0.2863611810446385, -0.5776065762148654, 0.9640725914041934, 0.9200000467976748, 0.8153504741266246, -0.056726321614256614, -0.060300684933243476, -0.3356440613743036, 0.6826655092690301, -0.9973304492470143, -0.2000975626466881, -0.5320386944164794, 0.8169528080293982, -0.3068319004293998, 0.17574180894735925, -0.7963749855394715, 0.16902922034671208, 0.6196780928821506, -0.0697432209520013, -0.6439312495028067, -0.8262261112666129, -0.05896697845968246, 0.7959938622821106, 0.6784634070573303, -0.9669550114566599, -0.7407743170052312, 0.43306918101445, -0.6751180868884112, -0.7505171373566051, -0.27641113379681426, 0.45601982815778475, 0.6198226402934446, -0.7537606792949392, -0.62520034711424, 0.8757681323280786, -0.23481143148115002, 0.27869740570115575, 0.2869249589771359, 0.583650724152728, 0.6490853781374881, -0.7587515789088752, 0.4186215619208532, 0.40363640399349343, -0.9876768188461416, -0.9748937262579946, -0.3780055640299411, 0.952818621482342, -0.32924500559010417, 0.07968221390798688, -0.9665477148307944, 0.12594077969012707, -0.4683781290955751, -0.8462293181281286, -0.5078739784426718, 0.5777373642943722, -0.13637646340812704, 0.854911828420168, 0.6875673937487887, 0.30381692759705714, 0.9954749563798932, 0.22541879131961706, -0.5493682436968645, 0.6389349634465431, 0.01082677436743995, 0.8766541154879337, 0.2308097847273094, 0.27519835733033926, 0.6298004450382111, -0.37330679728328375, 0.9816298392122439, -0.8267714236411847, 0.486343610970126, -0.09626327429159787, -0.19151538633929444, 0.03240411437760704, 0.9363272008033823, -0.04197397400849989, 0.14445245965864073, -0.479071651764831, -0.9626079585718874, 0.9288105973265861, 0.35139508665815766, -0.8961874913878254, -0.16596820887971098, 0.7034949300052076, -0.6149919661665744, 0.585541028970179, -0.04971992948151316, 0.12768396471739418, -0.7764583229775344, -0.17552120345435646, 0.9518845507920306, -0.36298795437057985, -0.056463771562202725, -0.3085796222430409, 0.7679883999578654, -0.7073870835406708, 0.2173121278021548, -0.8437776227102836, -0.2455393411728919, 0.22584949026273393]
493.0013693636283	(8, 12, 2)	[-0.618589983643838, 0.2846692636912407, -0.9136681807714873, -0.10670538835550403, 0.5899760117727768, 0.9453990513624332, -0.28710764979768855, -0.45752647163938764, 0.25886068842152365, -0.5931269775119508, -0.4739816935301435, -0.5284541021212659, 1, 0.11687577708381025, 0.017161127424577094, -0.02501459843003831, -0.06842247204823271, 0.18883579657615068, -0.5006329130362883, 0.2863611810446385, -0.5776065762148654, 0.9640725914041934, 0.9200000467976748, 0.8153504741266246, -0.056726321614256614, -0.060300684933243476, -0.21744278001591005, 0.6826655092690301, -1, -0.2000975626466881, -0.583193120904792, 0.8169528080293982, -0.3068319004293998, 0.17574180894735925, -0.7963749855394715, 0.16902922034671208, 0.6196780928821506, -0.0697432209520013, -0.6439312495028067, -0.8262261112666129, -0.05896697845968246, 0.7959938622821106, 0.6784634070573303, -0.9669550114566599, -0.7407743170052312, 0.43306918101445, -0.4956978900507172, -0.7505171373566051, -0.27641113379681426, 0.45601982815778475, 0.6198226402934446, -0.7537606792949392, -0.62520034711424, 0.8757681323280786, -0.23481143148115002, 0.27869740570115575, 0.2869249589771359, 0.583650724152728, 0.6490853781374881, -0.7587515789088752, 0.35771889108293253, 0.40363640399349343, -0.8232007918425959, -0.9748937262579946, -0.3780055640299411, 0.952818621482342, -0.32924500559010417, 0.07968221390798688, -0.9665477148307944, 0.2065575435760694, -0.4683781290955751, -0.8462293181281286, -0.5078739784426718, 0.5777373642943722, -0.13637646340812704, 0.854911828420168, 0.6875673937487887, 0.1277979117880239, 0.9954749563798932, 0.22541879131961706, -0.5493682436968645, 0.6389349634465431, -0.03886243364903896, 0.8766541154879337, 0.2308097847273094, 0.27519835733033926, 0.7397404599210409, -0.37330679728328375, 0.9816298392122439, -0.8267714236411847, 0.486343610970126, -0.09626327429159787, -0.19151538633929444, 0.03240411437760704, 0.9363272008033823, 0.1301963845779133, 0.14445245965864073, -0.479071651764831, -0.9626079585718874, 0.951811848740941, 0.5266294359287387, -1, -0.16596820887971098, 0.7034949300052076, -0.578439002029134, 0.585541028970179, -0.04971992948151316, 0.12768396471739418, -0.7764583229775344, -0.17552120345435646, 0.9518845507920306, -0.36298795437057985, -0.056463771562202725, -0.3085796222430409, 1, -0.7073870835406708, 0.2173121278021548, -0.8437776227102836, -0.2455393411728919, 0.22584949026273393]
490.285088121891	(8, 12, 2)	[-0.618589983643838, 0.2846692636912407, -0.9136681807714873, -0.10670538835550403, 0.5899760117727768, 0.7281842921796011, -0.28710764979768855, -0.45752647163938764, 0.25886068842152365, -0.5931269775119508, -0.4739816935301435, -0.5284541021212659, 0.9125055846024845, 0.11687577708381025, 0.017161127424577094, -0.02501459843003831, -0.06842247204823271, 0.18883579657615068, -0.5006329130362883, 0.2863611810446385, -0.5776065762148654, 0.9640725914041934, 0.9200000467976748, 0.8153504741266246, -0.056726321614256614, -0.060300684933243476, -0.3356440613743036, 0.6826655092690301, -0.9973304492470143, -0.2000975626466881, -0.583193120904792, 0.8169528080293982, -0.3068319004293998, 0.17574180894735925, -0.7963749855394715, 0.16902922034671208, 0.6196780928821506, -0.0697432209520013, -0.6439312495028067, -0.8262261112666129, -0.05896697845968246, 0.7959938622821106, 0.6784634070573303, -0.9669550114566599, -0.7407743170052312, 0.43306918101445, -0.6751180868884112, -0.7505171373566051, -0.27641113379681426, 0.45601982815778475, 0.6198226402934446, -0.7537606792949392, -0.62520034711424, 0.8757681323280786, -0.23481143148115002, 0.27869740570115575, 0.2869249589771359, 0.583650724152728, 0.6490853781374881, -0.7587515789088752, 0.4186215619208532, 0.40363640399349343, -0.9876768188461416, -0.9748937262579946, -0.3780055640299411, 0.952818621482342, -0.32924500559010417, 0.07968221390798688, -0.9665477148307944, 0.12594077969012707, -0.4683781290955751, -0.8462293181281286, -0.5078739784426718, 0.5777373642943722, -0.13637646340812704, 0.854911828420168, 0.6875673937487887, 0.30381692759705714, 0.9954749563798932, 0.22541879131961706, -0.5493682436968645, 0.6389349634465431, 0.01082677436743995, 0.8766541154879337, 0.2308097847273094, 0.27519835733033926, 0.7397404599210409, -0.37330679728328375, 0.9816298392122439, -0.8267714236411847, 0.486343610970126, -0.09626327429159787, -0.19151538633929444, 0.03240411437760704, 0.9363272008033823, -0.04197397400849989, 0.14445245965864073, -0.479071651764831, -0.9626079585718874, 0.9288105973265861, 0.35139508665815766, -0.8961874913878254, -0.16596820887971098, 0.7034949300052076, -0.7639303837263327, 0.585541028970179, -0.04971992948151316, 0.12768396471739418, -0.7764583229775344, -0.17552120345435646, 0.9518845507920306, -0.36298795437057985, -0.056463771562202725, -0.16007862798710726, 0.7679883999578654, -0.7073870835406708, 0.3815033292550617, -0.8437776227102836, -0.2455393411728919, 0.22584949026273393]
487.48676676186733	(8, 12, 2)	[-0.8142195576970922, 0.2846692636912407, -0.9136681807714873, -0.10670538835550403, 0.5899760117727768, 0.7281842921796011, -0.28710764979768855, -0.45752647163938764, 0.25886068842152365, -0.5931269775119508, -0.4739816935301435, -0.5284541021212659, 0.9125055846024845, 0.11687577708381025, 0.16638883948282115, -0.02501459843003831, -0.06842247204823271, 0.18883579657615068, -0.5006329130362883, 0.2863611810446385, -0.5776065762148654, 0.9640725914041934, 0.9200000467976748, 0.8153504741266246, -0.056726321614256614, -0.060300684933243476, -0.21744278001591005, 0.6826655092690301, -0.9973304492470143, -0.2000975626466881, -0.583193120904792, 0.8169528080293982, -0.3068319004293998, 0.17574180894735925, -0.7963749855394715, 0.16902922034671208, 0.6196780928821506, -0.0697432209520013, -0.6439312495028067, -0.8262261112666129, -0.05896697845968246, 0.7582858622390213, 0.6784634070573303, -0.9669550114566599, -0.7407743170052312, 0.43306918101445, -0.6751180868884112, -0.7505171373566051, -0.27641113379681426, 0.45601982815778475, 0.6198226402934446, -0.7537606792949392, -0.62520034711424, 0.8757681323280786, -0.23481143148115002, 0.27869740570115575, 0.2869249589771359, 0.583650724152728, 0.6490853781374881, -0.7587515789088752, 0.4186215619208532, 0.40363640399349343, -0.9876768188461416, -1, -0.3780055640299411, 0.952818621482342, -0.32924500559010417, 0.07968221390798688, -0.9665477148307944, 0.12594077969012707, -0.4683781290955751, -0.8462293181281286, -0.5078739784426718, 0.5777373642943722, -0.13637646340812704, 0.854911828420168, 0.6875673937487887, 0.30381692759705714, 0.9954749563798932, 0.22541879131961706, -0.5493682436968645, 0.6389349634465431, 0.01082677436743995, 0.8766541154879337, 0.2308097847273094, 0.27519835733033926, 0.7397404599210409, -0.37330679728328375, 0.9816298392122439, -0.8267714236411847, 0.486343610970126, -0.09626327429159787, -0.19151538633929444, 0.03240411437760704, 0.9363272008033823, -0.04197397400849989, 0.14445245965864073, -0.479071651764831, -0.9626079585718874, 0.9288105973265861, 0.35139508665815766, -0.8961874913878254, -0.16596820887971098, 0.7034949300052076, -0.6574212062486546, 0.585541028970179, -0.04971992948151316, 0.12768396471739418, -0.7764583229775344, -0.17552120345435646, 0.9518845507920306, -0.36298795437057985, -0.056463771562202725, -0.16007862798710726, 0.7679883999578654, -0.7073870835406708, 0.3815033292550617, -0.8437776227102836, -0.2455393411728919, 0.22584949026273393]
487.77752104215324	(8, 12, 2)	[-0.618589983643838, 0.2846692636912407, -0.9136681807714873, -0.10670538835550403, 0.5899760117727768, 0.7281842921796011, -0.28710764979768855, -0.45752647163938764, 0.25886068842152365, -0.5931269775119508, -0.4739816935301435, -0.5284541021212659, 0.9125055846024845, 0.11687577708381025, 0.017161127424577094, -0.02501459843003831, -0.06842247204823271, 0.18883579657615068, -0.5006329130362883, 0.2863611810446385, -0.5776065762148654, 0.9640725914041934, 0.9200000467976748, 0.8153504741266246, -0.056726321614256614, -0.060300684933243476, -0.3356440613743036, 0.6826655092690301, -0.9973304492470143, -0.2000975626466881, -0.583193120904792, 0.8169528080293982, -0.3068319004293998, 0.17574180894735925, -0.7963749855394715, -0.09270273830823705, 0.6196780928821506, -0.0697432209520013, -0.6439312495028067, -0.8262261112666129, -0.05896697845968246, 0.7959938622821106, 0.6784634070573303, -0.9669550114566599, -0.7407743170052312, 0.43306918101445, -0.6751180868884112, -0.7505171373566051, -0.27641113379681426, 0.45601982815778475, 0.6198226402934446, -0.7537606792949392, -0.62520034711424, 0.8757681323280786, -0.23481143148115002, 0.27869740570115575, 0.2869249589771359, 0.583650724152728, 0.6490853781374881, -0.7587515789088752, 0.46539317266827596, 0.40363640399349343, -0.9876768188461416, -0.8031683071058514, -0.3780055640299411, 0.952818621482342, -0.32924500559010417, 0.07968221390798688, -0.9665477148307944, 0.12594077969012707, -0.4683781290955751, -0.8462293181281286, -0.5078739784426718, 0.5777373642943722, -0.13637646340812704, 0.854911828420168, 0.6875673937487887, 0.30381692759705714, 0.9954749563798932, 0.22541879131961706, -0.5493682436968645, 0.6389349634465431, 0.01082677436743995, 0.8766541154879337, 0.2308097847273094, 0.27519835733033926, 0.6298004450382111, -0.37330679728328375, 0.9816298392122439, -0.8267714236411847, 0.486343610970126, -0.09626327429159787, -0.19151538633929444, 0.03240411437760704, 0.9363272008033823, -0.04197397400849989, 0.14445245965864073, -0.479071651764831, -0.9626079585718874, 0.9288105973265861, 0.35139508665815766, -0.8961874913878254, -0.16596820887971098, 0.7034949300052076, -0.5958277752381722, 0.585541028970179, -0.04971992948151316, 0.12768396471739418, -0.7764583229775344, -0.17552120345435646, 0.9518845507920306, 0.03326376077860771, -0.056463771562202725, -0.16007862798710726, 0.7679883999578654, -0.7073870835406708, 0.3815033292550617, -0.8320839398704245, -0.2455393411728919, 0.22584949026273393]
487.8400342538953	(8, 12, 2)	[-0.618589983643838, 0.2846692636912407, -0.9136681807714873, -0.10670538835550403, 0.5899760117727768, 0.7281842921796011, -0.28710764979768855, -0.45752647163938764, 0.25886068842152365, -0.5931269775119508, -0.5956099333806752, -0.5284541021212659, 0.9125055846024845, 0.11687577708381025, 0.017161127424577094, -0.02501459843003831, -0.06842247204823271, 0.18883579657615068, -0.5006329130362883, 0.2863611810446385, -0.5276979139170505, 0.9640725914041934, 0.9200000467976748, 0.8153504741266246, -0.056726321614256614, -0.060300684933243476, -0.3356440613743036, 0.6826655092690301, -0.9973304492470143, -0.2000975626466881, -0.5320386944164794, 0.8169528080293982, -0.3068319004293998, 0.17574180894735925, -0.7963749855394715, 0.16902922034671208, 0.6196780928821506, -0.0697432209520013, -0.6439312495028067, -0.8262261112666129, -0.05896697845968246, 0.7959938622821106, 0.6784634070573303, -0.9669550114566599, -0.7407743170052312, 0.43306918101445, -0.7894348620458218, -0.7505171373566051, -0.27641113379681426, 0.45601982815778475, 0.6198226402934446, -0.7537606792949392, -0.62520034711424, 0.8757681323280786, -0.23481143148115002, 0.27869740570115575, 0.2869249589771359, 0.583650724152728, 0.6490853781374881, -0.7587515789088752, 0.4186215619208532, 0.40363640399349343, -0.9876768188461416, -1, -0.3780055640299411, 0.952818621482342, -0.32924500559010417, 0.07968221390798688, -0.9665477148307944, 0.12594077969012707, -0.4683781290955751, -0.8462293181281286, -0.5078739784426718, 0.5777373642943722, -0.13637646340812704, 0.854911828420168, 0.6875673937487887, 0.30381692759705714, 0.9954749563798932, 0.22541879131961706, -0.5493682436968645, 0.6389349634465431, -0.20236885806957808, 0.8766541154879337, 0.2308097847273094, 0.27519835733033926, 0.6298004450382111, -0.37330679728328375, 0.9816298392122439, -0.8267714236411847, 0.486343610970126, -0.09626327429159787, -0.19151538633929444, 0.03240411437760704, 0.9363272008033823, -0.04197397400849989, 0.14445245965864073, -0.479071651764831, -0.9626079585718874, 0.9288105973265861, 0.35139508665815766, -1, -0.16596820887971098, 0.7034949300052076, -0.578439002029134, 0.585541028970179, -0.04971992948151316, 0.12768396471739418, -0.7764583229775344, -0.17552120345435646, 0.9518845507920306, -0.36298795437057985, -0.056463771562202725, -0.16007862798710726, 0.7679883999578654, -0.7073870835406708, 0.5803645417093575, -0.8437776227102836, -0.2455393411728919, 0.22584949026273393]
486.85146498901304	(8, 12, 2)	[-0.618589983643838, 0.2846692636912407, -0.9136681807714873, -0.10670538835550403, 0.5899760117727768, 0.7281842921796011, -0.28710764979768855, -0.45752647163938764, 0.25886068842152365, -0.5931269775119508, -0.5956099333806752, -0.5284541021212659, 0.9125055846024845, 0.11687577708381025, 0.017161127424577094, -0.02501459843003831, -0.06842247204823271, 0.18883579657615068, -0.5006329130362883, 0.2863611810446385, -0.5276979139170505, 0.9640725914041934, 0.9200000467976748, 0.8153504741266246, -0.056726321614256614, -0.060300684933243476, -0.3356440613743036, 0.6826655092690301, -0.9973304492470143, -0.2000975626466881, -0.5320386944164794, 0.8169528080293982, -0.3068319004293998, 0.17574180894735925, -0.7963749855394715, 0.16902922034671208, 0.6196780928821506, -0.0697432209520013, -0.6439312495028067, -0.8262261112666129, -0.05896697845968246, 0.7959938622821106, 0.6784634070573303, -0.9669550114566599, -0.7407743170052312, 0.43306918101445, -0.7894348620458218, -0.7505171373566051, -0.27641113379681426, 0.45601982815778475, 0.6198226402934446, -0.7537606792949392, -0.62520034711424, 0.8757681323280786, -0.23481143148115002, 0.27869740570115575, 0.2869249589771359, 0.583650724152728, 0.6490853781374881, -0.7587515789088752, 0.4186215619208532, 0.40363640399349343, -0.9876768188461416, -1, -0.3780055640299411, 0.952818621482342, -0.32924500559010417, 0.07968221390798688, -0.9665477148307944, 0.12594077969012707, -0.4683781290955751, -0.8462293181281286, -0.5078739784426718, 0.5777373642943722, -0.13637646340812704, 0.854911828420168, 0.6875673937487887, 0.30381692759705714, 0.9954749563798932, 0.22541879131961706, -0.5493682436968645, 0.6389349634465431, -0.20236885806957808, 0.8766541154879337, 0.2308097847273094, 0.27519835733033926, 0.6298004450382111, -0.37330679728328375, 0.9816298392122439, -0.8267714236411847, 0.486343610970126, -0.09626327429159787, -0.19151538633929444, 0.03240411437760704, 0.895698750056594, -0.04197397400849989, 0.14445245965864073, -0.479071651764831, -0.9626079585718874, 0.9288105973265861, 0.35139508665815766, -1, -0.16596820887971098, 0.7034949300052076, -0.578439002029134, 0.585541028970179, -0.04971992948151316, 0.12768396471739418, -0.7764583229775344, -0.17552120345435646, 0.9518845507920306, -0.36298795437057985, -0.056463771562202725, -0.16007862798710726, 0.7679883999578654, -0.7073870835406708, 0.5803645417093575, -0.8437776227102836, -0.2455393411728919, 0.22584949026273393]
491.11418281681836	(8, 12, 2)	[-0.618589983643838, 0.2846692636912407, -1, -0.10670538835550403, 0.5899760117727768, 0.7281842921796011, -0.28710764979768855, -0.45752647163938764, 0.25886068842152365, -0.5931269775119508, -0.5501041683346013, -0.5284541021212659, 1, 0.11687577708381025, 0.017161127424577094, -0.02501459843003831, -0.06842247204823271, 0.18883579657615068, -0.5006329130362883, 0.2863611810446385, -0.39076137663675936, 0.9640725914041934, 0.9200000467976748, 0.8153504741266246, -0.056726321614256614, -0.060300684933243476, -0.21744278001591005, 0.6826655092690301, -0.9973304492470143, -0.2000975626466881, -0.583193120904792, 0.8169528080293982, -0.3068319004293998, 0.17574180894735925, -0.7963749855394715, 0.16902922034671208, 0.6196780928821506, -0.0697432209520013, -0.6439312495028067, -0.8262261112666129, -0.05896697845968246, 0.7959938622821106, 0.6784634070573303, -0.9669550114566599, -0.7407743170052312, 0.43306918101445, -0.6751180868884112, -0.7505171373566051, -0.27641113379681426, 0.45601982815778475, 0.6198226402934446, -0.7537606792949392, -0.62520034711424, 0.8757681323280786, -0.23481143148115002, 0.27869740570115575, 0.2869249589771359, 0.583650724152728, 0.6490853781374881, -0.7587515789088752, 0.4186215619208532, 0.40363640399349343, -0.8085908852345174, -0.9748937262579946, -0.3780055640299411, 0.952818621482342, -0.32924500559010417, 0.07968221390798688, -0.9665477148307944, 0.12594077969012707, -0.4683781290955751, -0.8462293181281286, -0.5078739784426718, 0.5777373642943722, -0.13637646340812704, 0.854911828420168, 0.6875673937487887, 0.1277979117880239, 0.9954749563798932, 0.22541879131961706, -0.5493682436968645, 0.6389349634465431, -0.03886243364903896, 0.8766541154879337, 0.2308097847273094, 0.27519835733033926, 0.7397404599210409, -0.37330679728328375, 0.9816298392122439, -0.8267714236411847, 0.486343610970126, -0.09626327429159787, -0.19151538633929444, 0.03240411437760704, 0.9363272008033823, 0.16766111324620128, 0.14445245965864073, -0.479071651764831, -0.9626079585718874, 0.951811848740941, 0.5266294359287387, -1, -0.16596820887971098, 0.6184754278659518, -0.7222511138803285, 0.585541028970179, -0.04971992948151316, 0.12768396471739418, -0.7764583229775344, -0.17552120345435646, 0.9518845507920306, -0.36298795437057985, -0.056463771562202725, -0.3085796222430409, 0.7679883999578654, -0.7073870835406708, 0.5803645417093575, -0.8437776227102836, -0.2455393411728919, 0.22584949026273393]
487.67845649272203	(8, 12, 2)	[-0.8142195576970922, 0.2846692636912407, -0.9136681807714873, -0.10670538835550403, 0.5899760117727768, 0.7281842921796011, -0.28710764979768855, -0.45752647163938764, 0.25886068842152365, -0.5931269775119508, -0.4739816935301435, -0.5284541021212659, 0.9125055846024845, 0.11687577708381025, 0.017161127424577094, -0.004886718400280019, -0.06842247204823271, 0.18883579657615068, -0.5006329130362883, 0.2863611810446385, -0.5776065762148654, 0.9640725914041934, 0.9200000467976748, 0.8153504741266246, -0.056726321614256614, -0.060300684933243476, -0.3356440613743036, 0.6826655092690301, -0.9973304492470143, -0.2000975626466881, -0.583193120904792, 0.8169528080293982, -0.3068319004293998, 0.17574180894735925, -0.7963749855394715, 0.16902922034671208, 0.6196780928821506, -0.246426625409437, -0.6439312495028067, -0.8262261112666129, -0.05896697845968246, 0.7959938622821106, 0.6784634070573303, -0.9669550114566599, -0.7407743170052312, 0.43306918101445, -0.6751180868884112, -0.7505171373566051, -0.27641113379681426, 0.45601982815778475, 0.6198226402934446, -0.7537606792949392, -0.62520034711424, 0.8757681323280786, -0.23481143148115002, 0.27869740570115575, 0.2869249589771359, 0.583650724152728, 0.6490853781374881, -0.7587515789088752, 0.4186215619208532, 0.40363640399349343, -0.8085908852345174, -1, -0.3780055640299411, 0.952818621482342, -0.32924500559010417, 0.07968221390798688, -0.9665477148307944, 0.12594077969012707, -0.29412853542664186, -0.8462293181281286, -0.5078739784426718, 0.5777373642943722, -0.13637646340812704, 0.854911828420168, 0.6875673937487887, 0.30381692759705714, 0.9954749563798932, 0.22541879131961706, -0.5493682436968645, 0.6389349634465431, 0.01082677436743995, 0.8766541154879337, 0.2308097847273094, 0.27519835733033926, 0.6298004450382111, -0.2421589136202911, 0.9816298392122439, -0.8267714236411847, 0.486343610970126, -0.09626327429159787, -0.19151538633929444, 0.03240411437760704, 0.9363272008033823, -0.04197397400849989, 0.14445245965864073, -0.479071651764831, -0.9626079585718874, 0.9288105973265861, 0.35139508665815766, -1, -0.16596820887971098, 0.7034949300052076, -0.6574212062486546, 0.585541028970179, -0.04971992948151316, 0.12768396471739418, -0.7764583229775344, -0.17552120345435646, 0.9518845507920306, -0.36298795437057985, -0.056463771562202725, -0.16007862798710726, 0.7679883999578654, -0.7073870835406708, 0.3815033292550617, -0.8437776227102836, -0.2455393411728919, 0.22584949026273393]
487.9454751731828	(8, 12, 2)	[-0.5649533670948185, 0.2846692636912407, -1, -0.10670538835550403, 0.5899760117727768, 0.7281842921796011, -0.28710764979768855, -0.45752647163938764, 0.25886068842152365, -0.5931269775119508, -0.5501041683346013, -0.5284541021212659, 1, 0.11687577708381025, 0.017161127424577094, -0.02501459843003831, -0.06842247204823271, 0.18883579657615068, -0.5006329130362883, 0.2863611810446385, -0.39076137663675936, 0.9640725914041934, 0.9200000467976748, 0.8153504741266246, -0.056726321614256614, -0.060300684933243476, -0.21744278001591005, 0.6826655092690301, -0.9973304492470143, -0.2000975626466881, -0.583193120904792, 0.8169528080293982, -0.3068319004293998, 0.17574180894735925, -0.7963749855394715, 0.16902922034671208, 0.6196780928821506, -0.0697432209520013, -0.6439312495028067, -0.8262261112666129, -0.05896697845968246, 0.7959938622821106, 0.6784634070573303, -0.9669550114566599, -0.7407743170052312, 0.43306918101445, -0.6751180868884112, -0.7505171373566051, -0.27641113379681426, 0.45601982815778475, 0.6198226402934446, -0.7537606792949392, -0.62520034711424, 0.8757681323280786, -0.23481143148115002, 0.27869740570115575, 0.2869249589771359, 0.583650724152728, 0.6490853781374881, -0.7587515789088752, 0.4186215619208532, 0.40363640399349343, -0.8085908852345174, -0.9748937262579946, -0.3780055640299411, 0.952818621482342, -0.32924500559010417, 0.07968221390798688, -0.9665477148307944, 0.12594077969012707, -0.4683781290955751, -0.8462293181281286, -0.5078739784426718, 0.5777373642943722, -0.13637646340812704, 0.854911828420168, 0.6875673937487887, 0.1277979117880239, 0.9954749563798932, 0.22541879131961706, -0.5493682436968645, 0.6389349634465431, -0.03886243364903896, 0.8766541154879337, 0.2308097847273094, 0.27519835733033926, 0.7397404599210409, -0.37330679728328375, 0.9816298392122439, -0.8267714236411847, 0.3510129826811529, -0.09626327429159787, -0.19151538633929444, 0.03240411437760704, 0.9363272008033823, -0.22682447839848002, 0.14445245965864073, -0.479071651764831, -0.9626079585718874, 0.951811848740941, 0.5266294359287387, -1, -0.16596820887971098, 0.6184754278659518, -0.7222511138803285, 0.585541028970179, -0.04971992948151316, 0.12768396471739418, -0.7764583229775344, -0.17552120345435646, 0.9518845507920306, -0.36298795437057985, -0.056463771562202725, -0.3085796222430409, 0.7679883999578654, -0.7073870835406708, 0.5803645417093575, -0.8437776227102836, -0.2455393411728919, 0.22584949026273393]
487.7835871429852	(8, 12, 2)	[-0.618589983643838, 0.15654166183717158, -1, -0.10670538835550403, 0.5899760117727768, 0.7281842921796011, -0.28710764979768855, -0.45752647163938764, 0.25886068842152365, -0.5931269775119508, -0.5501041683346013, -0.5284541021212659, 1, 0.11687577708381025, 0.017161127424577094, -0.02501459843003831, -0.06842247204823271, 0.18883579657615068, -0.5006329130362883, 0.2863611810446385, -0.39076137663675936, 0.9640725914041934, 0.9200000467976748, 0.8153504741266246, -0.056726321614256614, -0.060300684933243476, -0.21744278001591005, 0.6826655092690301, -0.9973304492470143, -0.2000975626466881, -0.583193120904792, 0.8169528080293982, -0.3068319004293998, 0.17574180894735925, -0.7963749855394715, 0.16902922034671208, 0.6196780928821506, -0.0697432209520013, -0.6439312495028067, -0.8262261112666129, -0.05896697845968246, 0.7959938622821106, 0.6784634070573303, -0.9669550114566599, -0.7407743170052312, 0.43306918101445, -0.6751180868884112, -0.7505171373566051, -0.27641113379681426, 0.45601982815778475, 0.6198226402934446, -0.7537606792949392, -0.62520034711424, 0.8757681323280786, -0.23481143148115002, 0.27869740570115575, 0.2869249589771359, 0.583650724152728, 0.6490853781374881, -0.7587515789088752, 0.4186215619208532, 0.40363640399349343, -0.8085908852345174, -0.9748937262579946, -0.3780055640299411, 0.952818621482342, -0.32924500559010417, 0.07968221390798688, -0.9665477148307944, 0.12594077969012707, -0.4683781290955751, -0.6818348172319737, -0.5078739784426718, 0.5777373642943722, -0.13637646340812704, 0.854911828420168, 0.6875673937487887, 0.1277979117880239, 0.9954749563798932, 0.22541879131961706, -0.5493682436968645, 0.6389349634465431, -0.03886243364903896, 0.8766541154879337, 0.2308097847273094, 0.27519835733033926, 0.7397404599210409, -0.37330679728328375, 0.9816298392122439, -0.8267714236411847, 0.486343610970126, -0.09626327429159787, -0.19151538633929444, 0.03240411437760704, 0.9363272008033823, -0.04197397400849989, 0.14445245965864073, -0.479071651764831, -0.9626079585718874, 0.9288105973265861, 0.35139508665815766, -1, -0.16596820887971098, 0.7034949300052076, -0.6574212062486546, 0.585541028970179, -0.04971992948151316, 0.12768396471739418, -0.7764583229775344, -0.17552120345435646, 0.9518845507920306, -0.1870908874831373, -0.056463771562202725, -0.16007862798710726, 0.7679883999578654, -0.7073870835406708, 0.2173121278021548, -0.8437776227102836, -0.2455393411728919, 0.22584949026273393]
492.3188156913966	(8, 12, 2)	[-0.8142195576970922, 0.2846692636912407, -0.9136681807714873, -0.10670538835550403, 0.5899760117727768, 0.7281842921796011, -0.28710764979768855, -0.45752647163938764, 0.25886068842152365, -0.5931269775119508, -0.4739816935301435, -0.5284541021212659, 0.9125055846024845, 0.11687577708381025, 0.017161127424577094, -0.004886718400280019, -0.06842247204823271, 0.18883579657615068, -0.5006329130362883, 0.2863611810446385, -0.5776065762148654, 0.9640725914041934, 0.9200000467976748, 0.8153504741266246, -0.056726321614256614, -0.060300684933243476, -0.3356440613743036, 0.6826655092690301, -0.9973304492470143, -0.2000975626466881, -0.583193120904792, 0.8169528080293982, -0.3068319004293998, 0.17574180894735925, -0.7963749855394715, 0.16902922034671208, 0.5064974119575841, -0.246426625409437, -0.6439312495028067, -0.8262261112666129, -0.05896697845968246, 0.7959938622821106, 0.6784634070573303, -0.9669550114566599, -0.7407743170052312, 0.43306918101445, -0.6751180868884112, -0.7505171373566051, -0.27641113379681426, 0.45601982815778475, 0.6198226402934446, -0.7537606792949392, -0.62520034711424, 0.8757681323280786, -0.23481143148115002, 0.27869740570115575, 0.2869249589771359, 0.28936094490110575, 0.6490853781374881, -0.7587515789088752, 0.4186215619208532, 0.40363640399349343, -0.8085908852345174, -0.9748937262579946, -0.3780055640299411, 0.952818621482342, -0.32924500559010417, 0.07968221390798688, -0.9665477148307944, 0.12594077969012707, -0.4683781290955751, -0.6818348172319737, -0.5078739784426718, 0.5777373642943722, -0.13637646340812704, 0.854911828420168, 0.6875673937487887, 0.1277979117880239, 0.9954749563798932, 0.22541879131961706, -0.5493682436968645, 0.6389349634465431, 0.01082677436743995, 0.8766541154879337, 0.2308097847273094, 0.27519835733033926, 0.6298004450382111, -0.2421589136202911, 0.9816298392122439, -0.8267714236411847, 0.486343610970126, -0.09626327429159787, -0.19151538633929444, 0.03240411437760704, 0.9363272008033823, -0.04197397400849989, 0.14445245965864073, -0.479071651764831, -0.9626079585718874, 0.9288105973265861, 0.35139508665815766, -1, -0.16596820887971098, 0.7034949300052076, -0.6574212062486546, 0.585541028970179, -0.04971992948151316, 0.12768396471739418, -0.7764583229775344, -0.17552120345435646, 0.9518845507920306, -0.36298795437057985, -0.056463771562202725, -0.3085796222430409, 0.7679883999578654, -0.7073870835406708, 0.3815033292550617, -0.8437776227102836, -0.2455393411728919, 0.22584949026273393]
484.18289814144373	(8, 12, 2)	[-0.8142195576970922, 0.2846692636912407, -0.9136681807714873, -0.10670538835550403, 0.5899760117727768, 0.7281842921796011, -0.28710764979768855, -0.45752647163938764, 0.25886068842152365, -0.5931269775119508, -0.4739816935301435, -0.5284541021212659, 0.9125055846024845, 0.11687577708381025, 0.017161127424577094, -0.004886718400280019, -0.06842247204823271, 0.18883579657615068, -0.5006329130362883, 0.2863611810446385, -0.5776065762148654, 0.9640725914041934, 0.9200000467976748, 0.8153504741266246, -0.056726321614256614, -0.060300684933243476, -0.3356440613743036, 0.6826655092690301, -0.9973304492470143, -0.2000975626466881, -0.583193120904792, 0.8169528080293982, -0.3068319004293998, 0.17574180894735925, -0.7963749855394715, 0.16902922034671208, 0.6196780928821506, -0.0697432209520013, -0.6439312495028067, -0.8262261112666129, -0.05896697845968246, 0.7959938622821106, 0.6784634070573303, -0.9669550114566599, -0.7407743170052312, 0.43306918101445, -0.6751180868884112, -0.7505171373566051, -0.27641113379681426, 0.45601982815778475, 0.6198226402934446, -0.7537606792949392, -0.62520034711424, 1, -0.23481143148115002, 0.27869740570115575, 0.2869249589771359, 0.583650724152728, 0.6490853781374881, -0.7587515789088752, 0.4186215619208532, 0.40363640399349343, -0.8085908852345174, -0.9748937262579946, -0.3780055640299411, 0.952818621482342, -0.32924500559010417, 0.07968221390798688, -0.9665477148307944, 0.12594077969012707, -0.4683781290955751, -0.8462293181281286, -0.5078739784426718, 0.5777373642943722, -0.13637646340812704, 0.854911828420168, 0.8847530443518363, 0.1277979117880239, 0.9954749563798932, 0.22541879131961706, -0.5493682436968645, 0.6389349634465431, 0.01082677436743995, 0.8766541154879337, 0.2308097847273094, 0.4534936841150352, 0.6298004450382111, -0.2421589136202911, 0.9816298392122439, -0.8267714236411847, 0.486343610970126, -0.09626327429159787, -0.19151538633929444, 0.03240411437760704, 0.9363272008033823, -0.04197397400849989, 0.14445245965864073, -0.479071651764831, -0.9626079585718874, 0.9288105973265861, 0.35139508665815766, -1, -0.16596820887971098, 0.7034949300052076, -0.6574212062486546, 0.585541028970179, -0.04971992948151316, 0.12768396471739418, -0.7764583229775344, -0.17552120345435646, 0.9518845507920306, -0.36298795437057985, -0.056463771562202725, -0.16007862798710726, 0.7679883999578654, -0.7073870835406708, 0.3815033292550617, -0.8437776227102836, -0.2455393411728919, 0.22584949026273393]
485.2138815447688	(8, 12, 2)	[-0.618589983643838, 0.15654166183717158, -1, -0.10670538835550403, 0.5899760117727768, 0.7281842921796011, -0.28710764979768855, -0.45752647163938764, 0.25886068842152365, -0.5931269775119508, -0.5501041683346013, -0.5284541021212659, 1, 0.11687577708381025, 0.017161127424577094, -0.02501459843003831, -0.06842247204823271, 0.18883579657615068, -0.5006329130362883, 0.2863611810446385, -0.39076137663675936, 0.9640725914041934, 0.9200000467976748, 0.8153504741266246, -0.056726321614256614, -0.060300684933243476, -0.21744278001591005, 0.6826655092690301, -0.9973304492470143, -0.2000975626466881, -0.583193120904792, 0.8169528080293982, -0.3068319004293998, 0.17574180894735925, -0.7963749855394715, 0.16902922034671208, 0.6196780928821506, -0.0697432209520013, -0.6439312495028067, -0.8262261112666129, -0.05896697845968246, 0.7959938622821106, 0.6784634070573303, -0.9669550114566599, -0.7407743170052312, 0.5280057449217315, -0.6751180868884112, -0.7505171373566051, -0.27641113379681426, 0.45601982815778475, 0.6198226402934446, -0.7537606792949392, -0.62520034711424, 0.8757681323280786, -0.23481143148115002, 0.27869740570115575, 0.2869249589771359, 0.583650724152728, 0.6490853781374881, -0.7587515789088752, 0.4186215619208532, 0.40363640399349343, -0.8085908852345174, -0.9748937262579946, -0.3780055640299411, 0.952818621482342, -0.32924500559010417, 0.07968221390798688, -0.9665477148307944, 0.12594077969012707, -0.4683781290955751, -0.6818348172319737, -0.5078739784426718, 0.5777373642943722, -0.13637646340812704, 0.854911828420168, 0.6875673937487887, 0.1277979117880239, 0.9954749563798932, 0.22541879131961706, -0.5493682436968645, 0.6389349634465431, -0.03886243364903896, 0.8766541154879337, 0.2308097847273094, 0.27519835733033926, 0.7397404599210409, -0.37330679728328375, 0.9816298392122439, -0.8267714236411847, 0.486343610970126, -0.09626327429159787, -0.19151538633929444, 0.03240411437760704, 0.9363272008033823, -0.04197397400849989, 0.14445245965864073, -0.479071651764831, -0.9626079585718874, 0.9288105973265861, 0.35139508665815766, -1, -0.16596820887971098, 0.7034949300052076, -0.6574212062486546, 0.585541028970179, -0.04971992948151316, 0.12768396471739418, -0.7764583229775344, -0.17552120345435646, 0.9518845507920306, -0.1870908874831373, -0.056463771562202725, -0.16007862798710726, 0.7679883999578654, -0.7073870835406708, 0.2173121278021548, -0.8437776227102836, -0.2455393411728919, 0.22584949026273393]
486.64245028048754	(8, 12, 2)	[-0.8142195576970922, 0.2846692636912407, -0.9136681807714873, -0.10670538835550403, 0.5899760117727768, 0.7630047986459959, -0.28710764979768855, -0.45752647163938764, 0.25886068842152365, -0.5931269775119508, -0.4739816935301435, -0.5284541021212659, 0.9125055846024845, 0.11687577708381025, 0.017161127424577094, -0.004886718400280019, -0.06842247204823271, 0.18883579657615068, -0.5006329130362883, 0.2863611810446385, -0.5776065762148654, 0.9640725914041934, 0.9200000467976748, 0.8153504741266246, -0.056726321614256614, -0.060300684933243476, -0.21744278001591005, 0.5186243422800796, -0.9973304492470143, -0.2000975626466881, -0.583193120904792, 0.8169528080293982, -0.13266239945806974, 0.17574180894735925, -0.7963749855394715, 0.16902922034671208, 0.6196780928821506, -0.0697432209520013, -0.6439312495028067, -0.8262261112666129, -0.05896697845968246, 0.7959938622821106, 0.6784634070573303, -0.9669550114566599, -0.7407743170052312, 0.43306918101445, -0.6751180868884112, -0.7505171373566051, -0.27641113379681426, 0.45601982815778475, 0.6198226402934446, -0.7537606792949392, -0.62520034711424, 0.8757681323280786, -0.23481143148115002, 0.27869740570115575, 0.2869249589771359, 0.583650724152728, 0.6490853781374881, -0.7587515789088752, 0.4186215619208532, 0.40363640399349343, -0.8085908852345174, -0.9748937262579946, -0.3780055640299411, 0.952818621482342, -0.32924500559010417, 0.07968221390798688, -0.9665477148307944, 0.12594077969012707, -0.4683781290955751, -0.6818348172319737, -0.5078739784426718, 0.5777373642943722, 0.14385587251538778, 0.854911828420168, 0.6875673937487887, 0.1277979117880239, 0.9954749563798932, 0.22541879131961706, -0.5493682436968645, 0.680436391109099, -0.03886243364903896, 0.8766541154879337, 0.2308097847273094, 0.27519835733033926, 0.7397404599210409, -0.37330679728328375, 0.9816298392122439, -0.8267714236411847, 0.486343610970126, -0.09626327429159787, -0.19151538633929444, 0.03240411437760704, 0.9363272008033823, -0.04197397400849989, 0.14445245965864073, -0.479071651764831, -0.9626079585718874, 0.9288105973265861, 0.35139508665815766, -1, -0.16596820887971098, 0.7034949300052076, -0.6574212062486546, 0.585541028970179, -0.04971992948151316, 0.12768396471739418, -0.7764583229775344, -0.17552120345435646, 0.9518845507920306, -0.36298795437057985, -0.056463771562202725, -0.3085796222430409, 0.7679883999578654, -0.7073870835406708, 0.3815033292550617, -0.8437776227102836, -0.2455393411728919, 0.22584949026273393]
486.085257306695	(8, 12, 2)	[-0.5649533670948185, 0.2846692636912407, -1, -0.10670538835550403, 0.5899760117727768, 0.7281842921796011, -0.28710764979768855, -0.45752647163938764, 0.25886068842152365, -0.5931269775119508, -0.5501041683346013, -0.5284541021212659, 1, 0.11687577708381025, 0.017161127424577094, -0.02501459843003831, -0.06842247204823271, 0.18883579657615068, -0.5006329130362883, 0.2863611810446385, -0.39076137663675936, 0.9640725914041934, 0.9200000467976748, 0.8153504741266246, -0.056726321614256614, -0.060300684933243476, -0.21744278001591005, 0.6826655092690301, -0.9973304492470143, -0.2000975626466881, -0.583193120904792, 0.8169528080293982, -0.3068319004293998, 0.17574180894735925, -0.7963749855394715, 0.16902922034671208, 0.6196780928821506, -0.0697432209520013, -0.6439312495028067, -0.8262261112666129, -0.05896697845968246, 0.7959938622821106, 0.6784634070573303, -0.9669550114566599, -0.7407743170052312, 0.43306918101445, -0.6751180868884112, -0.7505171373566051, -0.27641113379681426, 0.45601982815778475, 0.6198226402934446, -0.7537606792949392, -0.62520034711424, 0.8757681323280786, -0.3313295424648594, 0.27869740570115575, 0.2869249589771359, 0.583650724152728, 0.6490853781374881, -0.7587515789088752, 0.4186215619208532, 0.40363640399349343, -0.8085908852345174, -0.9748937262579946, -0.3780055640299411, 0.952818621482342, -0.1647289246387318, 0.07968221390798688, -0.9665477148307944, 0.12594077969012707, -0.4683781290955751, -0.6818348172319737, -0.5078739784426718, 0.5777373642943722, -0.13637646340812704, 0.854911828420168, 0.6875673937487887, 0.1277979117880239, 0.9954749563798932, 0.22541879131961706, -0.5493682436968645, 0.6389349634465431, -0.03886243364903896, 0.8766541154879337, 0.2308097847273094, 0.27519835733033926, 0.7397404599210409, -0.37330679728328375, 0.9816298392122439, -0.8267714236411847, 0.486343610970126, -0.09626327429159787, -0.19151538633929444, 0.03240411437760704, 0.9363272008033823, -0.04197397400849989, 0.14445245965864073, -0.479071651764831, -0.9626079585718874, 0.9288105973265861, 0.35139508665815766, -1, -0.16596820887971098, 0.7034949300052076, -0.6574212062486546, 0.585541028970179, -0.04971992948151316, 0.12768396471739418, -0.7764583229775344, -0.17552120345435646, 0.9518845507920306, -0.36298795437057985, -0.056463771562202725, -0.16007862798710726, 0.7679883999578654, -0.7073870835406708, 0.5803645417093575, -0.8437776227102836, -0.2455393411728919, 0.22584949026273393]
489.2428799532354	(8, 12, 2)	[-0.5649533670948185, 0.2846692636912407, -1, -0.10670538835550403, 0.5899760117727768, 0.997702465261306, -0.28710764979768855, -0.45752647163938764, 0.25886068842152365, -0.5931269775119508, -0.5501041683346013, -0.5284541021212659, 1, 0.11687577708381025, 0.017161127424577094, -0.004886718400280019, -0.06842247204823271, 0.18883579657615068, -0.5006329130362883, 0.2863611810446385, -0.5776065762148654, 0.9640725914041934, 0.9200000467976748, 0.8153504741266246, -0.056726321614256614, -0.060300684933243476, -0.21744278001591005, 0.5186243422800796, -0.9973304492470143, -0.2000975626466881, -0.583193120904792, 0.8169528080293982, -0.13266239945806974, 0.17574180894735925, -0.7963749855394715, 0.16902922034671208, 0.6196780928821506, -0.0697432209520013, -0.6439312495028067, -0.8262261112666129, -0.05896697845968246, 0.7959938622821106, 0.6784634070573303, -0.9669550114566599, -0.7407743170052312, 0.43306918101445, -0.6751180868884112, -0.7505171373566051, -0.27641113379681426, 0.45601982815778475, 0.6198226402934446, -0.7537606792949392, -0.62520034711424, 0.8757681323280786, -0.3313295424648594, 0.27869740570115575, 0.2869249589771359, 0.583650724152728, 0.6490853781374881, -0.7587515789088752, 0.4186215619208532, 0.2661399708990215, -0.8085908852345174, -0.9748937262579946, -0.3780055640299411, 0.952818621482342, -0.1647289246387318, 0.07968221390798688, -0.9665477148307944, 0.12594077969012707, -0.4683781290955751, -0.6818348172319737, -0.5078739784426718, 0.5777373642943722, -0.13637646340812704, 0.854911828420168, 0.6875673937487887, 0.1277979117880239, 0.9954749563798932, 0.22541879131961706, -0.5493682436968645, 0.6389349634465431, -0.03886243364903896, 0.8766541154879337, 0.2308097847273094, 0.27519835733033926, 0.7397404599210409, -0.37330679728328375, 0.9816298392122439, -0.8267714236411847, 0.486343610970126, -0.09626327429159787, -0.19151538633929444, 0.03240411437760704, 0.9363272008033823, -0.04197397400849989, 0.14445245965864073, -0.479071651764831, -0.9626079585718874, 0.9288105973265861, 0.35139508665815766, -1, -0.16596820887971098, 0.7034949300052076, -0.6574212062486546, 0.585541028970179, -0.04971992948151316, 0.12768396471739418, -0.7764583229775344, -0.17552120345435646, 0.9518845507920306, -0.1870908874831373, -0.056463771562202725, -0.3085796222430409, 0.7679883999578654, -0.7073870835406708, 0.5803645417093575, -0.8437776227102836, -0.2455393411728919, 0.22584949026273393]
495.21077759563923	(8, 12, 2)	[-0.618589983643838, 0.15654166183717158, -1, -0.10670538835550403, 0.5899760117727768, 0.7281842921796011, -0.28710764979768855, -0.45752647163938764, 0.25886068842152365, -0.5931269775119508, -0.5501041683346013, -0.5284541021212659, 1, 0.11687577708381025, 0.017161127424577094, -0.02501459843003831, -0.06842247204823271, 0.18883579657615068, -0.5006329130362883, 0.2863611810446385, -0.5811333145167485, 0.9640725914041934, 0.9200000467976748, 0.8153504741266246, -0.056726321614256614, -0.060300684933243476, -0.21744278001591005, 0.6826655092690301, -0.9973304492470143, -0.2000975626466881, -0.583193120904792, 0.8169528080293982, -0.3068319004293998, 0.17574180894735925, -0.7963749855394715, 0.16902922034671208, 0.6196780928821506, -0.0697432209520013, -0.6439312495028067, -0.8262261112666129, -0.05896697845968246, 0.7959938622821106, 0.6784634070573303, -0.9669550114566599, -0.7407743170052312, 0.44621874558147273, -0.6751180868884112, -0.7505171373566051, -0.27641113379681426, 0.45601982815778475, 0.6198226402934446, -0.7537606792949392, -0.62520034711424, 0.8757681323280786, -0.23481143148115002, 0.27869740570115575, 0.2869249589771359, 0.583650724152728, 0.6490853781374881, -0.7587515789088752, 0.4186215619208532, 0.40363640399349343, -0.8085908852345174, -0.9748937262579946, -0.3780055640299411, 0.952818621482342, -0.32924500559010417, 0.07968221390798688, -0.9665477148307944, 0.12594077969012707, -0.4683781290955751, -0.6818348172319737, -0.5078739784426718, 0.5777373642943722, -0.13637646340812704, 0.854911828420168, 0.6875673937487887, 0.1277979117880239, 0.9954749563798932, 0.22541879131961706, -0.5493682436968645, 0.6389349634465431, -0.03886243364903896, 0.8766541154879337, 0.2308097847273094, 0.27519835733033926, 0.7397404599210409, -0.37330679728328375, 0.9816298392122439, -0.8267714236411847, 0.486343610970126, -0.09626327429159787, -0.19151538633929444, 0.03240411437760704, 0.9363272008033823, -0.04197397400849989, 0.14445245965864073, -0.479071651764831, -0.9626079585718874, 0.9288105973265861, 0.35139508665815766, -1, -0.16596820887971098, 0.7034949300052076, -0.6574212062486546, 0.585541028970179, -0.04971992948151316, 0.12768396471739418, -0.7764583229775344, -0.17552120345435646, 0.9518845507920306, -0.1870908874831373, -0.056463771562202725, -0.3085796222430409, 0.7679883999578654, -0.7073870835406708, 0.5803645417093575, -0.8437776227102836, -0.2455393411728919, 0.22584949026273393]
485.3827741476948	(8, 12, 2)	[-0.618589983643838, 0.15654166183717158, -1, -0.10670538835550403, 0.5899760117727768, 0.7281842921796011, -0.28710764979768855, -0.45752647163938764, 0.25886068842152365, -0.8204339134402526, -0.5501041683346013, -0.5284541021212659, 1, 0.11687577708381025, 0.017161127424577094, -0.02501459843003831, -0.06842247204823271, 0.18883579657615068, -0.5006329130362883, 0.2863611810446385, -0.5811333145167485, 0.9640725914041934, 0.9200000467976748, 0.8153504741266246, -0.056726321614256614, -0.060300684933243476, -0.21744278001591005, 0.6826655092690301, -0.9973304492470143, -0.2000975626466881, -0.583193120904792, 0.8169528080293982, -0.3068319004293998, 0.17574180894735925, -0.7963749855394715, 0.16902922034671208, 0.6196780928821506, -0.0697432209520013, -0.6439312495028067, -0.8262261112666129, -0.05896697845968246, 0.7959938622821106, 0.5668485491427206, -0.9669550114566599, -0.7407743170052312, 0.44621874558147273, -0.6751180868884112, -0.7505171373566051, -0.27641113379681426, 0.45601982815778475, 0.6198226402934446, -0.7537606792949392, -0.62520034711424, 1, -0.23481143148115002, 0.27869740570115575, 0.2869249589771359, 0.583650724152728, 0.6490853781374881, -0.7587515789088752, 0.4186215619208532, 0.40363640399349343, -0.8085908852345174, -0.9748937262579946, -0.3780055640299411, 0.952818621482342, -0.32924500559010417, 0.07968221390798688, -0.9665477148307944, 0.12594077969012707, -0.4683781290955751, -0.6818348172319737, -0.5078739784426718, 0.5777373642943722, 0.18830256692417252, 0.854911828420168, 0.6875673937487887, 0.1277979117880239, 0.9954749563798932, 0.22541879131961706, -0.5493682436968645, 0.6389349634465431, -0.03886243364903896, 0.8766541154879337, 0.2308097847273094, 0.27519835733033926, 0.7397404599210409, -0.37330679728328375, 0.9816298392122439, -0.8267714236411847, 0.486343610970126, -0.09626327429159787, -0.19151538633929444, 0.03240411437760704, 0.9363272008033823, -0.04197397400849989, 0.14445245965864073, -0.479071651764831, -0.9626079585718874, 0.9288105973265861, 0.35139508665815766, -1, -0.16596820887971098, 0.7034949300052076, -0.6574212062486546, 0.585541028970179, -0.04971992948151316, 0.12768396471739418, -0.7764583229775344, -0.17552120345435646, 0.9518845507920306, -0.1870908874831373, -0.056463771562202725, -0.16007862798710726, 0.7679883999578654, -0.7073870835406708, 0.2173121278021548, -0.8437776227102836, -0.2455393411728919, 0.22584949026273393]
489.8082286119461	(8, 12, 2)	[-0.8142195576970922, 0.2846692636912407, -0.9136681807714873, -0.10670538835550403, 0.5899760117727768, 0.7281842921796011, -0.28710764979768855, -0.45752647163938764, 0.25886068842152365, -0.5931269775119508, -0.4739816935301435, -0.5284541021212659, 0.9125055846024845, 0.11687577708381025, 0.017161127424577094, -0.008535520436296386, -0.06842247204823271, 0.18883579657615068, -0.5006329130362883, 0.2863611810446385, -0.5776065762148654, 0.9640725914041934, 0.9200000467976748, 0.8153504741266246, 0.0157227048715453, -0.060300684933243476, -0.39204384254848745, 0.6826655092690301, -0.9973304492470143, -0.2000975626466881, -0.583193120904792, 0.8169528080293982, -0.3068319004293998, 0.17574180894735925, -0.7963749855394715, 0.16902922034671208, 0.6196780928821506, -0.0697432209520013, -0.48905084894161804, -0.8262261112666129, -0.05896697845968246, 0.7959938622821106, 0.6784634070573303, -0.9669550114566599, -0.7407743170052312, 0.43306918101445, -0.6751180868884112, -0.7505171373566051, -0.27641113379681426, 0.45601982815778475, 0.6198226402934446, -0.7537606792949392, -0.62520034711424, 1, -0.23481143148115002, 0.27869740570115575, 0.2869249589771359, 0.583650724152728, 0.8388583377928837, -0.7587515789088752, 0.4186215619208532, 0.40363640399349343, -0.8085908852345174, -0.9748937262579946, -0.3780055640299411, 0.952818621482342, -0.32924500559010417, 0.07968221390798688, -0.9665477148307944, 0.12594077969012707, -0.4683781290955751, -0.8462293181281286, -0.5078739784426718, 0.5777373642943722, -0.13637646340812704, 0.854911828420168, 0.8847530443518363, 0.1277979117880239, 0.9954749563798932, 0.22541879131961706, -0.5493682436968645, 0.6389349634465431, 0.01082677436743995, 0.8766541154879337, 0.2308097847273094, 0.4534936841150352, 0.6298004450382111, -0.2421589136202911, 0.9816298392122439, -0.8267714236411847, 0.486343610970126, -0.09626327429159787, -0.19151538633929444, 0.03240411437760704, 0.9363272008033823, -0.04197397400849989, 0.14445245965864073, -0.479071651764831, -0.9626079585718874, 0.6069196113701687, 0.35139508665815766, -1, -0.16596820887971098, 0.7034949300052076, -0.6574212062486546, 0.585541028970179, 0.04194077505120808, 0.12768396471739418, -0.7764583229775344, -0.17552120345435646, 0.9518845507920306, -0.36298795437057985, -0.056463771562202725, -0.16007862798710726, 0.7679883999578654, -0.7073870835406708, 0.3815033292550617, -0.8437776227102836, -0.2455393411728919, 0.22584949026273393]
485.8845179630066	(8, 12, 2)	[-0.5649533670948185, 0.4475225562543109, -1, -0.10670538835550403, 0.4412980945785715, 0.997702465261306, -0.28710764979768855, -0.45752647163938764, 0.25886068842152365, -0.5931269775119508, -0.5501041683346013, -0.5284541021212659, 1, 0.11687577708381025, 0.017161127424577094, -0.004886718400280019, -0.06842247204823271, 0.18883579657615068, -0.5006329130362883, 0.2863611810446385, -0.5776065762148654, 0.9640725914041934, 0.9200000467976748, 0.8153504741266246, -0.056726321614256614, -0.060300684933243476, -0.3356440613743036, 0.6826655092690301, -0.9973304492470143, -0.2000975626466881, -0.583193120904792, 1, -0.3068319004293998, 0.17574180894735925, -0.7963749855394715, 0.16902922034671208, 0.6196780928821506, -0.0697432209520013, -0.6439312495028067, -0.8262261112666129, -0.05896697845968246, 0.7959938622821106, 0.6784634070573303, -0.9669550114566599, -0.7407743170052312, 0.43306918101445, -0.6751180868884112, -0.7505171373566051, -0.27641113379681426, 0.45601982815778475, 0.6198226402934446, -0.7537606792949392, -0.62520034711424, 1, -0.23481143148115002, 0.27869740570115575, 0.2869249589771359, 0.583650724152728, 0.7769897092339446, -0.7587515789088752, 0.4186215619208532, 0.40363640399349343, -0.8085908852345174, -0.9748937262579946, -0.3780055640299411, 0.952818621482342, -0.32924500559010417, 0.07968221390798688, -0.9665477148307944, 0.12594077969012707, -0.4683781290955751, -0.8462293181281286, -0.5078739784426718, 0.5777373642943722, -0.13637646340812704, 0.854911828420168, 0.8847530443518363, 0.1277979117880239, 0.9954749563798932, 0.22541879131961706, -0.5493682436968645, 0.6389349634465431, 0.01082677436743995, 0.8766541154879337, 0.2308097847273094, 0.4534936841150352, 0.6298004450382111, -0.38202393920679945, 0.9816298392122439, -0.8267714236411847, 0.486343610970126, -0.09626327429159787, -0.19151538633929444, 0.03240411437760704, 0.9363272008033823, -0.04197397400849989, 0.14445245965864073, -0.479071651764831, -0.9626079585718874, 0.9288105973265861, 0.35139508665815766, -1, -0.16596820887971098, 0.7034949300052076, -0.6574212062486546, 0.585541028970179, -0.04971992948151316, 0.12768396471739418, -0.7764583229775344, -0.17552120345435646, 0.9518845507920306, -0.4323618147051821, -0.056463771562202725, -0.16007862798710726, 0.7679883999578654, -0.7073870835406708, 0.3815033292550617, -0.8437776227102836, -0.2455393411728919, 0.22584949026273393]
493.8585239737179	(8, 12, 2)	[-0.5649533670948185, 0.4475225562543109, -1, -0.10670538835550403, 0.4412980945785715, 0.997702465261306, -0.28710764979768855, -0.45752647163938764, 0.25886068842152365, -0.5931269775119508, -0.5501041683346013, -0.5284541021212659, 1, 0.11687577708381025, 0.017161127424577094, -0.02501459843003831, -0.06842247204823271, 0.18883579657615068, -0.5006329130362883, 0.4345258188581309, -0.39076137663675936, 0.9640725914041934, 0.9200000467976748, 0.8153504741266246, -0.056726321614256614, -0.060300684933243476, -0.21744278001591005, 0.6826655092690301, -0.9973304492470143, -0.2000975626466881, -0.583193120904792, 0.8169528080293982, -0.3068319004293998, 0.17574180894735925, -0.7963749855394715, 0.16902922034671208, 0.6196780928821506, -0.0697432209520013, -0.6439312495028067, -0.8262261112666129, -0.05896697845968246, 0.7959938622821106, 0.5668485491427206, -0.9669550114566599, -0.7407743170052312, 0.44621874558147273, -0.6751180868884112, -0.7505171373566051, -0.27641113379681426, 0.45601982815778475, 0.6198226402934446, -0.7537606792949392, -0.62520034711424, 1, -0.23481143148115002, 0.27869740570115575, 0.2869249589771359, 0.583650724152728, 0.7769897092339446, -0.7587515789088752, 0.4186215619208532, 0.40363640399349343, -0.8085908852345174, -0.9748937262579946, -0.3780055640299411, 0.952818621482342, -0.32924500559010417, 0.07968221390798688, -0.9665477148307944, 0.12594077969012707, -0.4683781290955751, -0.8462293181281286, -0.5078739784426718, 0.5777373642943722, -0.13637646340812704, 0.854911828420168, 0.8847530443518363, 0.1277979117880239, 0.9954749563798932, 0.22541879131961706, -0.5493682436968645, 0.6389349634465431, 0.01082677436743995, 0.8766541154879337, 0.2308097847273094, 0.4534936841150352, 0.6298004450382111, -0.4370335437183624, 0.9816298392122439, -0.8267714236411847, 0.486343610970126, -0.09626327429159787, -0.19151538633929444, 0.03240411437760704, 0.9363272008033823, -0.04197397400849989, 0.14445245965864073, -0.479071651764831, -0.9626079585718874, 0.9288105973265861, 0.35139508665815766, -1, -0.16596820887971098, 0.7034949300052076, -0.6574212062486546, 0.585541028970179, -0.04971992948151316, 0.12768396471739418, -0.7764583229775344, -0.17552120345435646, 0.9518845507920306, -0.4323618147051821, -0.056463771562202725, -0.16007862798710726, 0.7679883999578654, -0.7073870835406708, 0.3815033292550617, -0.8437776227102836, -0.2455393411728919, 0.22584949026273393]
491.00299840793014	(8, 12, 2)	[-0.5649533670948185, 0.4475225562543109, -1, -0.10670538835550403, 0.5899760117727768, 0.997702465261306, -0.28710764979768855, -0.45752647163938764, 0.25886068842152365, -0.5931269775119508, -0.5501041683346013, -0.5284541021212659, 1, 0.11687577708381025, 0.017161127424577094, -0.004886718400280019, -0.06842247204823271, 0.18883579657615068, -0.5006329130362883, 0.2863611810446385, -0.5776065762148654, 0.9640725914041934, 0.9200000467976748, 0.8153504741266246, -0.056726321614256614, -0.060300684933243476, -0.21744278001591005, 0.5186243422800796, -1, -0.2000975626466881, -0.583193120904792, 0.8169528080293982, 0.0724642614720499, 0.17574180894735925, -0.7963749855394715, 0.16902922034671208, 0.6196780928821506, -0.0697432209520013, -0.6439312495028067, -0.8262261112666129, -0.05896697845968246, 0.7959938622821106, 0.6784634070573303, -0.9669550114566599, -0.546470442833142, 0.43306918101445, -0.6751180868884112, -0.6116486282077948, -0.27641113379681426, 0.1968718911353356, 0.6198226402934446, -0.7537606792949392, -0.62520034711424, 0.8757681323280786, -0.3313295424648594, 0.27869740570115575, 0.2869249589771359, 0.583650724152728, 0.6490853781374881, -0.7587515789088752, 0.4186215619208532, 0.40363640399349343, -0.8085908852345174, -0.9748937262579946, -0.5019392356242991, 0.952818621482342, -0.1647289246387318, 0.07968221390798688, -0.9665477148307944, 0.12594077969012707, -0.4683781290955751, -0.8462293181281286, -0.5078739784426718, 0.5777373642943722, -0.13637646340812704, 0.854911828420168, 0.8847530443518363, 0.1277979117880239, 0.9954749563798932, 0.22541879131961706, -0.5493682436968645, 0.6389349634465431, 0.01082677436743995, 0.8766541154879337, 0.2308097847273094, 0.4534936841150352, 0.6298004450382111, -0.2421589136202911, 0.743484954637136, -0.8267714236411847, 0.486343610970126, -0.09626327429159787, -0.19151538633929444, 0.03240411437760704, 0.9363272008033823, -0.04197397400849989, 0.14445245965864073, -0.479071651764831, -0.9626079585718874, 0.9288105973265861, 0.35139508665815766, -1, -0.16596820887971098, 0.7034949300052076, -0.6574212062486546, 0.585541028970179, -0.04971992948151316, 0.12768396471739418, -0.7764583229775344, -0.17552120345435646, 0.9518845507920306, -0.4323618147051821, -0.056463771562202725, -0.16007862798710726, 0.7679883999578654, -0.7073870835406708, 0.3815033292550617, -0.8437776227102836, -0.2455393411728919, 0.22584949026273393]
491.4897158741951	(8, 12, 2)	[-0.5649533670948185, 0.2846692636912407, -1, -0.10670538835550403, 0.5899760117727768, 0.7281842921796011, -0.28710764979768855, -0.45752647163938764, 0.25886068842152365, -0.5931269775119508, -0.5501041683346013, -0.7522263772685694, 1, 0.11687577708381025, 0.017161127424577094, -0.02501459843003831, -0.06842247204823271, 0.18883579657615068, -0.5006329130362883, 0.4345258188581309, -0.39076137663675936, 0.9640725914041934, 0.9200000467976748, 0.8153504741266246, -0.056726321614256614, -0.060300684933243476, -0.21744278001591005, 0.6826655092690301, -0.9973304492470143, -0.2000975626466881, -0.583193120904792, 0.8169528080293982, -0.3068319004293998, 0.17574180894735925, -0.7963749855394715, 0.16902922034671208, 0.6196780928821506, -0.0697432209520013, -0.6439312495028067, -0.8262261112666129, -0.05896697845968246, 0.7959938622821106, 0.6784634070573303, -0.9669550114566599, -0.7407743170052312, 0.43306918101445, -0.6751180868884112, -0.7505171373566051, -0.27641113379681426, 0.45601982815778475, 0.6198226402934446, -0.7537606792949392, -0.7516646234283203, 0.8757681323280786, -0.2813993084253415, -0.2995588074653436, 0.2869249589771359, 0.583650724152728, 0.6490853781374881, -0.7587515789088752, 0.4186215619208532, 0.2661399708990215, -0.8085908852345174, -1, -0.3780055640299411, 0.952818621482342, -0.1647289246387318, 0.07968221390798688, -0.9665477148307944, 0.12594077969012707, -0.4683781290955751, -0.6818348172319737, -0.5078739784426718, 0.5777373642943722, -0.13637646340812704, 0.854911828420168, 0.6875673937487887, 0.1277979117880239, 0.9954749563798932, 0.22541879131961706, -0.5493682436968645, 0.6389349634465431, -0.03886243364903896, 0.8766541154879337, 0.2308097847273094, 0.2065444450674463, 0.7397404599210409, -0.37330679728328375, 0.9816298392122439, -0.8267714236411847, 0.486343610970126, -0.09626327429159787, -0.19151538633929444, 0.03240411437760704, 0.9363272008033823, -0.04197397400849989, 0.14445245965864073, -0.479071651764831, -0.9626079585718874, 0.9288105973265861, 0.35139508665815766, -1, -0.16596820887971098, 0.7034949300052076, -0.6574212062486546, 0.585541028970179, -0.04971992948151316, 0.12768396471739418, -0.7764583229775344, -0.17552120345435646, 0.9518845507920306, -0.4323618147051821, -0.056463771562202725, -0.16007862798710726, 0.7679883999578654, -0.7073870835406708, 0.5803645417093575, -0.8437776227102836, -0.2455393411728919, 0.22584949026273393]
491.69912820545534	(8, 12, 2)	[-0.5649533670948185, 0.4475225562543109, -1, -0.10670538835550403, 0.5899760117727768, 0.997702465261306, -0.28710764979768855, -0.45752647163938764, 0.25886068842152365, -0.5931269775119508, -0.5501041683346013, -0.5284541021212659, 1, 0.11687577708381025, 0.017161127424577094, -0.004886718400280019, -0.06842247204823271, 0.18883579657615068, -0.22838724024143914, 0.2863611810446385, -0.5776065762148654, 0.9640725914041934, 0.9200000467976748, 0.8153504741266246, -0.056726321614256614, -0.060300684933243476, -0.21744278001591005, 0.5186243422800796, -1, -0.2000975626466881, -0.583193120904792, 0.8169528080293982, 0.0724642614720499, 0.17574180894735925, -0.7963749855394715, 0.16902922034671208, 0.6196780928821506, -0.0697432209520013, -0.6439312495028067, -0.8262261112666129, -0.05896697845968246, 0.7959938622821106, 0.6784634070573303, -0.9669550114566599, -0.546470442833142, 0.43306918101445, -0.6751180868884112, -0.6116486282077948, -0.27641113379681426, 0.1968718911353356, 0.6198226402934446, -0.7537606792949392, -0.62520034711424, 0.8757681323280786, -0.23481143148115002, 0.27869740570115575, 0.2869249589771359, 0.583650724152728, 0.7769897092339446, -0.7587515789088752, 0.4186215619208532, 0.40363640399349343, -0.8085908852345174, -0.9748937262579946, -0.3780055640299411, 0.952818621482342, -0.32924500559010417, 0.07968221390798688, -0.9665477148307944, 0.12594077969012707, -0.4683781290955751, -0.8462293181281286, -0.5078739784426718, 0.5777373642943722, -0.13637646340812704, 0.854911828420168, 0.8847530443518363, 0.1277979117880239, 0.9954749563798932, 0.22541879131961706, -0.5493682436968645, 0.6389349634465431, 0.01082677436743995, 0.8766541154879337, 0.2308097847273094, 0.4534936841150352, 0.6298004450382111, -0.4370335437183624, 0.9816298392122439, -0.8267714236411847, 0.486343610970126, -0.09626327429159787, -0.19151538633929444, 0.03240411437760704, 0.9363272008033823, -0.04197397400849989, 0.14445245965864073, -0.479071651764831, -0.9626079585718874, 0.9288105973265861, 0.35139508665815766, -1, -0.16596820887971098, 0.7034949300052076, -0.6574212062486546, 0.585541028970179, -0.04971992948151316, 0.12768396471739418, -0.7764583229775344, -0.17552120345435646, 0.9518845507920306, -0.4323618147051821, -0.056463771562202725, -0.16007862798710726, 0.7689984518039127, -0.7073870835406708, 0.3815033292550617, -0.8437776227102836, -0.2455393411728919, 0.22584949026273393]
486.36317448690534	(8, 12, 2)	[-0.5649533670948185, 0.4475225562543109, -1, -0.10670538835550403, 0.4412980945785715, 0.997702465261306, -0.28710764979768855, -0.45752647163938764, 0.25886068842152365, -0.5931269775119508, -0.5501041683346013, -0.5284541021212659, 1, 0.11687577708381025, 0.017161127424577094, -0.004886718400280019, -0.06842247204823271, 0.18883579657615068, -0.5006329130362883, 0.2863611810446385, -0.5776065762148654, 0.9640725914041934, 0.9200000467976748, 0.8153504741266246, -0.056726321614256614, -0.060300684933243476, -0.3356440613743036, 0.6826655092690301, -0.9973304492470143, 0.020713362960163823, -0.583193120904792, 1, -0.3068319004293998, 0.1084118038986109, -0.7963749855394715, 0.16902922034671208, 0.6196780928821506, -0.0697432209520013, -0.6439312495028067, -0.8262261112666129, -0.05896697845968246, 0.7959938622821106, 0.6784634070573303, -0.9669550114566599, -0.7407743170052312, 0.43306918101445, -0.6751180868884112, -0.7505171373566051, -0.27641113379681426, 0.45601982815778475, 0.6198226402934446, -0.7537606792949392, -0.62520034711424, 1, -0.23481143148115002, 0.27869740570115575, 0.2869249589771359, 0.583650724152728, 0.7769897092339446, -0.7587515789088752, 0.4186215619208532, 0.40363640399349343, -0.8085908852345174, -0.9748937262579946, -0.3780055640299411, 0.952818621482342, -0.32924500559010417, 0.07968221390798688, -0.9665477148307944, 0.12594077969012707, -0.4683781290955751, -0.8462293181281286, -0.5078739784426718, 0.5777373642943722, -0.13637646340812704, 0.854911828420168, 0.8847530443518363, 0.1277979117880239, 0.9954749563798932, 0.22541879131961706, -0.5493682436968645, 0.6389349634465431, 0.01082677436743995, 0.8766541154879337, 0.2308097847273094, 0.4534936841150352, 0.6298004450382111, -0.2421589136202911, 0.9816298392122439, -0.8267714236411847, 0.486343610970126, -0.09626327429159787, -0.19151538633929444, 0.03240411437760704, 0.9363272008033823, -0.04197397400849989, 0.14445245965864073, -0.479071651764831, -0.9626079585718874, 0.9288105973265861, 0.35139508665815766, -1, -0.16596820887971098, 0.7034949300052076, -0.6574212062486546, 0.585541028970179, -0.04971992948151316, 0.12768396471739418, -0.7764583229775344, -0.17552120345435646, 0.9518845507920306, -0.4323618147051821, -0.056463771562202725, -0.16007862798710726, 0.7679883999578654, -0.7073870835406708, 0.3815033292550617, -0.8437776227102836, -0.2455393411728919, 0.22584949026273393]
487.22186107188463	(8, 12, 2)	[-0.5649533670948185, 0.4475225562543109, -1, -0.10670538835550403, 0.5899760117727768, 0.997702465261306, -0.28710764979768855, -0.45752647163938764, 0.25886068842152365, -0.5931269775119508, -0.5501041683346013, -0.5284541021212659, 1, 0.31307174605123467, 0.017161127424577094, -0.004886718400280019, -0.06842247204823271, 0.18883579657615068, -0.22838724024143914, 0.2863611810446385, -0.5776065762148654, 0.9640725914041934, 0.9200000467976748, 0.8153504741266246, -0.056726321614256614, -0.060300684933243476, -0.21744278001591005, 0.5186243422800796, -1, -0.2000975626466881, -0.583193120904792, 0.8169528080293982, 0.0724642614720499, 0.17574180894735925, -0.7963749855394715, 0.16902922034671208, 0.6196780928821506, -0.0697432209520013, -0.6439312495028067, -0.8262261112666129, -0.05896697845968246, 0.7959938622821106, 0.6784634070573303, -0.9669550114566599, -0.546470442833142, 0.43306918101445, -0.6751180868884112, -0.6116486282077948, -0.27641113379681426, -0.08241010224336814, 0.6198226402934446, -0.7537606792949392, -0.62520034711424, 0.8757681323280786, -0.23481143148115002, 0.27869740570115575, 0.2869249589771359, 0.583650724152728, 0.7769897092339446, -0.7587515789088752, 0.4186215619208532, 0.40363640399349343, -0.8085908852345174, -0.9748937262579946, -0.3780055640299411, 0.952818621482342, -0.32924500559010417, 0.07968221390798688, -0.9665477148307944, 0.12594077969012707, -0.4683781290955751, -0.8462293181281286, -0.5078739784426718, 0.5777373642943722, -0.13637646340812704, 0.854911828420168, 0.8847530443518363, 0.1277979117880239, 0.9954749563798932, 0.22541879131961706, -0.5493682436968645, 0.6389349634465431, 0.01082677436743995, 0.8766541154879337, 0.2308097847273094, 0.4534936841150352, 0.6298004450382111, -0.4370335437183624, 0.9816298392122439, -0.8267714236411847, 0.486343610970126, -0.09626327429159787, -0.19151538633929444, 0.03240411437760704, 0.9363272008033823, -0.04197397400849989, 0.14445245965864073, -0.479071651764831, -0.9626079585718874, 0.9288105973265861, 0.35139508665815766, -1, -0.16596820887971098, 0.7034949300052076, -0.6574212062486546, 0.585541028970179, -0.04971992948151316, 0.12768396471739418, -0.7764583229775344, -0.17552120345435646, 0.9518845507920306, -0.4323618147051821, -0.056463771562202725, -0.16007862798710726, 0.7689984518039127, -0.7073870835406708, 0.3815033292550617, -0.8437776227102836, -0.2455393411728919, 0.22584949026273393]
488.8399657017544	(8, 12, 2)	[-0.5649533670948185, 0.4475225562543109, -1, -0.10670538835550403, 0.4412980945785715, 0.997702465261306, -0.28710764979768855, -0.45752647163938764, 0.25886068842152365, -0.5931269775119508, -0.5501041683346013, -0.5284541021212659, 1, 0.11687577708381025, 0.017161127424577094, -0.004886718400280019, -0.06842247204823271, 0.18883579657615068, -0.5006329130362883, 0.2863611810446385, -0.5776065762148654, 0.9640725914041934, 0.9200000467976748, 0.8153504741266246, -0.056726321614256614, -0.060300684933243476, 0.017114624167610448, 0.6826655092690301, -0.9973304492470143, 0.020713362960163823, -0.583193120904792, 1, -0.3068319004293998, 0.1084118038986109, -0.7963749855394715, 0.16902922034671208, 0.6196780928821506, -0.0697432209520013, -0.6439312495028067, -0.8262261112666129, -0.05896697845968246, 0.7959938622821106, 0.6784634070573303, -0.9669550114566599, -0.7407743170052312, 0.43306918101445, -0.6751180868884112, -0.7505171373566051, -0.27641113379681426, 0.45601982815778475, 0.6198226402934446, -0.7537606792949392, -0.62520034711424, 1, -0.23481143148115002, 0.27869740570115575, 0.2869249589771359, 0.583650724152728, 0.7769897092339446, -0.7587515789088752, 0.4186215619208532, 0.40363640399349343, -0.8085908852345174, -0.9748937262579946, -0.3780055640299411, 0.952818621482342, -0.32924500559010417, 0.07968221390798688, -0.9665477148307944, 0.12594077969012707, -0.4683781290955751, -0.8462293181281286, -0.5078739784426718, 0.5777373642943722, -0.13637646340812704, 0.854911828420168, 0.8847530443518363, 0.1277979117880239, 0.9954749563798932, 0.22541879131961706, -0.5493682436968645, 0.6389349634465431, 0.01082677436743995, 0.8766541154879337, 0.2308097847273094, 0.4534936841150352, 0.6298004450382111, -0.2421589136202911, 0.9816298392122439, -0.8267714236411847, 0.486343610970126, -0.09626327429159787, -0.19151538633929444, 0.03240411437760704, 0.9363272008033823, -0.04197397400849989, 0.14445245965864073, -0.479071651764831, -0.9626079585718874, 0.9288105973265861, 0.35139508665815766, -1, -0.16596820887971098, 0.7034949300052076, -0.6574212062486546, 0.585541028970179, -0.04971992948151316, 0.12768396471739418, -0.7764583229775344, -0.17552120345435646, 0.9518845507920306, -0.4323618147051821, -0.056463771562202725, -0.16007862798710726, 0.7679883999578654, -0.7073870835406708, 0.3815033292550617, -0.8437776227102836, -0.2455393411728919, 0.22584949026273393]
484.34496875852346	(8, 12, 2)	[-0.5649533670948185, 0.4475225562543109, -1, -0.10670538835550403, 0.4412980945785715, 0.997702465261306, -0.28710764979768855, -0.45752647163938764, 0.25886068842152365, -0.5931269775119508, -0.5501041683346013, -0.5284541021212659, 1, 0.11687577708381025, 0.017161127424577094, -0.004886718400280019, -0.06842247204823271, 0.18883579657615068, -0.5006329130362883, 0.2863611810446385, -0.5776065762148654, 0.9640725914041934, 0.9200000467976748, 0.8153504741266246, -0.056726321614256614, -0.060300684933243476, 0.017114624167610448, 0.6826655092690301, -0.9973304492470143, 0.020713362960163823, -0.583193120904792, 1, -0.3068319004293998, 0.1084118038986109, -0.7963749855394715, 0.16902922034671208, 0.6196780928821506, -0.0697432209520013, -0.6439312495028067, -0.8262261112666129, -0.05896697845968246, 0.7959938622821106, 0.6784634070573303, -0.9669550114566599, -0.7407743170052312, 0.43306918101445, -0.6751180868884112, -0.7505171373566051, -0.23061112592364288, 0.45601982815778475, 0.6198226402934446, -0.7537606792949392, -0.62520034711424, 1, -0.23481143148115002, 0.27869740570115575, 0.2869249589771359, 0.583650724152728, 0.7769897092339446, -0.7587515789088752, 0.4186215619208532, 0.40363640399349343, -0.8085908852345174, -0.9748937262579946, -0.3780055640299411, 0.952818621482342, -0.32924500559010417, 0.07968221390798688, -0.9665477148307944, 0.12594077969012707, -0.4683781290955751, -0.8462293181281286, -0.5078739784426718, 0.5777373642943722, -0.13637646340812704, 0.854911828420168, 0.8847530443518363, 0.1277979117880239, 0.9954749563798932, 0.22541879131961706, -0.5493682436968645, 0.6389349634465431, 0.01082677436743995, 0.8766541154879337, 0.2308097847273094, 0.4534936841150352, 0.6298004450382111, -0.2421589136202911, 0.9816298392122439, -0.8267714236411847, 0.486343610970126, -0.09626327429159787, -0.19151538633929444, 0.03240411437760704, 0.9363272008033823, -0.04197397400849989, 0.14445245965864073, -0.479071651764831, -0.9626079585718874, 0.9288105973265861, 0.35139508665815766, -1, -0.16596820887971098, 0.7034949300052076, -0.6574212062486546, 0.585541028970179, -0.04971992948151316, 0.12768396471739418, -0.7764583229775344, -0.17552120345435646, 0.9518845507920306, -0.4323618147051821, -0.056463771562202725, -0.21247452714123435, 0.7679883999578654, -0.7073870835406708, 0.3815033292550617, -0.8437776227102836, -0.2455393411728919, 0.22584949026273393]
489.60820147767663	(8, 12, 2)	[-0.5649533670948185, 0.4475225562543109, -1, -0.10670538835550403, 0.4412980945785715, 0.997702465261306, -0.28710764979768855, -0.45752647163938764, 0.25886068842152365, -0.5931269775119508, -0.5501041683346013, -0.5284541021212659, 1, 0.11687577708381025, 0.017161127424577094, -0.004886718400280019, -0.06842247204823271, 0.18883579657615068, -0.5006329130362883, 0.2863611810446385, -0.5776065762148654, 0.9640725914041934, 0.9200000467976748, 0.8153504741266246, -0.056726321614256614, -0.060300684933243476, 0.017114624167610448, 0.6826655092690301, -0.9973304492470143, 0.020713362960163823, -0.583193120904792, 1, -0.3068319004293998, 0.1084118038986109, -0.7963749855394715, 0.16902922034671208, 0.6196780928821506, -0.0697432209520013, -0.6439312495028067, -0.8262261112666129, -0.05896697845968246, 0.7959938622821106, 0.6784634070573303, -0.9669550114566599, -0.7407743170052312, 0.43306918101445, -0.6751180868884112, -0.7505171373566051, -0.27641113379681426, 0.45601982815778475, 0.6198226402934446, -0.7537606792949392, -0.62520034711424, 1, -0.23481143148115002, 0.27869740570115575, 0.2869249589771359, 0.583650724152728, 0.7769897092339446, -0.7587515789088752, 0.4186215619208532, 0.40363640399349343, -0.8085908852345174, -0.9748937262579946, -0.3780055640299411, 0.952818621482342, -0.32924500559010417, 0.03245955917174692, -0.9665477148307944, 0.12594077969012707, -0.4683781290955751, -0.8462293181281286, -0.5078739784426718, 0.5777373642943722, -0.13637646340812704, 0.854911828420168, 0.8847530443518363, 0.1277979117880239, 0.9954749563798932, 0.22541879131961706, -0.5493682436968645, 0.6389349634465431, 0.01082677436743995, 0.8766541154879337, 0.2308097847273094, 0.4534936841150352, 0.6298004450382111, -0.2421589136202911, 0.9816298392122439, -0.8267714236411847, 0.486343610970126, -0.09626327429159787, -0.19151538633929444, 0.03240411437760704, 0.9363272008033823, -0.04197397400849989, 0.14445245965864073, -0.479071651764831, -0.9626079585718874, 0.9288105973265861, 0.35139508665815766, -1, -0.16596820887971098, 0.7034949300052076, -0.6574212062486546, 0.585541028970179, -0.04971992948151316, 0.12768396471739418, -0.7764583229775344, -0.17552120345435646, 0.9518845507920306, -0.4323618147051821, -0.056463771562202725, -0.16007862798710726, 0.7679883999578654, -0.7073870835406708, 0.3815033292550617, -0.8437776227102836, -0.2455393411728919, 0.22584949026273393]
497.5367184295998	(8, 12, 2)	[-0.5649533670948185, 0.4475225562543109, -1, -0.10670538835550403, 0.4412980945785715, 0.997702465261306, -0.28710764979768855, -0.45752647163938764, 0.25886068842152365, -0.5931269775119508, -0.5501041683346013, -0.5284541021212659, 1, 0.11687577708381025, 0.017161127424577094, 0.09233606812689472, -0.06842247204823271, 0.18883579657615068, -0.5006329130362883, 0.2863611810446385, -0.5776065762148654, 0.9640725914041934, 0.9200000467976748, 0.8153504741266246, -0.056726321614256614, -0.060300684933243476, 0.017114624167610448, 0.6826655092690301, -0.9973304492470143, 0.020713362960163823, -0.583193120904792, 1, -0.3068319004293998, 0.1084118038986109, -0.7963749855394715, 0.16902922034671208, 0.6196780928821506, -0.0697432209520013, -0.6439312495028067, -0.8262261112666129, -0.05896697845968246, 0.7959938622821106, 0.6784634070573303, -0.8113284907907015, -0.7407743170052312, 0.43306918101445, -0.6751180868884112, -0.7505171373566051, -0.27641113379681426, 0.45601982815778475, 0.6198226402934446, -0.7537606792949392, -0.62520034711424, 1, -0.23481143148115002, 0.27869740570115575, 0.2869249589771359, 0.583650724152728, 0.7769897092339446, -0.7587515789088752, 0.4186215619208532, 0.40363640399349343, -0.8085908852345174, -0.9748937262579946, -0.3780055640299411, 0.952818621482342, -0.32924500559010417, 0.07968221390798688, -0.9665477148307944, 0.12594077969012707, -0.4683781290955751, -0.8462293181281286, -0.5078739784426718, 0.5777373642943722, -0.13637646340812704, 0.854911828420168, 0.8847530443518363, 0.1277979117880239, 0.9954749563798932, 0.22541879131961706, -0.5493682436968645, 0.6389349634465431, 0.01082677436743995, 0.8766541154879337, 0.2308097847273094, 0.4534936841150352, 0.6298004450382111, -0.2421589136202911, 0.9816298392122439, -0.8267714236411847, 0.486343610970126, -0.09626327429159787, -0.19151538633929444, 0.03240411437760704, 0.9363272008033823, -0.04197397400849989, 0.14445245965864073, -0.479071651764831, -0.9626079585718874, 0.9288105973265861, 0.35139508665815766, -1, -0.16596820887971098, 0.7034949300052076, -0.6574212062486546, 0.585541028970179, -0.04971992948151316, 0.12768396471739418, -0.7764583229775344, -0.17552120345435646, 0.9518845507920306, -0.4323618147051821, -0.056463771562202725, -0.21247452714123435, 0.7679883999578654, -0.7073870835406708, 0.3815033292550617, -0.8437776227102836, -0.2455393411728919, 0.22584949026273393]
487.7332128584385	(8, 12, 2)	[-0.5649533670948185, 0.4475225562543109, -1, -0.10670538835550403, 0.4412980945785715, 0.997702465261306, -0.28710764979768855, -0.45752647163938764, 0.25886068842152365, -0.5931269775119508, -0.5501041683346013, -0.5284541021212659, 1, 0.11687577708381025, 0.017161127424577094, -0.004886718400280019, -0.06842247204823271, 0.18883579657615068, -0.5006329130362883, 0.2863611810446385, -0.5776065762148654, 0.9640725914041934, 0.9200000467976748, 0.8153504741266246, -0.056726321614256614, -0.060300684933243476, 0.017114624167610448, 0.6826655092690301, -0.9973304492470143, 0.020713362960163823, -0.583193120904792, 1, -0.3068319004293998, 0.1084118038986109, -0.7963749855394715, 0.16902922034671208, 0.6196780928821506, -0.0697432209520013, -0.6439312495028067, -0.8262261112666129, -0.05896697845968246, 0.7959938622821106, 0.6784634070573303, -0.9669550114566599, -0.7407743170052312, 0.43306918101445, -0.6751180868884112, -0.7505171373566051, -0.27641113379681426, 0.45601982815778475, 0.6198226402934446, -0.7537606792949392, -0.62520034711424, 1, -0.23481143148115002, 0.27869740570115575, 0.2869249589771359, 0.583650724152728, 0.7769897092339446, -0.7587515789088752, 0.4186215619208532, 0.40363640399349343, -0.8085908852345174, -0.9748937262579946, -0.3780055640299411, 0.952818621482342, -0.32924500559010417, 0.4271087517020833, -0.9665477148307944, 0.12594077969012707, -0.4683781290955751, -0.8462293181281286, -0.5078739784426718, 0.5777373642943722, -0.13637646340812704, 0.854911828420168, 0.8847530443518363, 0.1277979117880239, 0.9954749563798932, 0.22541879131961706, -0.5493682436968645, 0.6389349634465431, 0.01082677436743995, 0.8766541154879337, 0.2308097847273094, 0.4534936841150352, 0.6298004450382111, -0.2421589136202911, 0.9816298392122439, -0.8267714236411847, 0.486343610970126, -0.09626327429159787, -0.19151538633929444, 0.12916950715136297, 0.9363272008033823, -0.04197397400849989, 0.14445245965864073, -0.479071651764831, -0.9626079585718874, 0.9288105973265861, 0.35139508665815766, -1, -0.16596820887971098, 0.7034949300052076, -0.6574212062486546, 0.585541028970179, -0.04971992948151316, 0.12768396471739418, -0.7764583229775344, -0.17552120345435646, 0.9518845507920306, -0.4323618147051821, -0.056463771562202725, -0.16007862798710726, 0.7679883999578654, -0.7073870835406708, 0.3815033292550617, -0.8437776227102836, -0.2455393411728919, 0.22584949026273393]
488.5205658618361	(8, 12, 2)	[-0.5649533670948185, 0.4475225562543109, -1, -0.10670538835550403, 0.4412980945785715, 0.997702465261306, -0.28710764979768855, -0.45752647163938764, 0.25886068842152365, -0.5931269775119508, -0.5501041683346013, -0.5284541021212659, 1, 0.11687577708381025, 0.017161127424577094, -0.004886718400280019, -0.06842247204823271, 0.18883579657615068, -0.5006329130362883, 0.2863611810446385, -0.5776065762148654, 0.9640725914041934, 0.9200000467976748, 0.8153504741266246, -0.056726321614256614, -0.060300684933243476, 0.017114624167610448, 0.6826655092690301, -0.9973304492470143, 0.020713362960163823, -0.583193120904792, 1, -0.3068319004293998, 0.1084118038986109, -0.7963749855394715, 0.16902922034671208, 0.8706536877664225, -0.0697432209520013, -0.6439312495028067, -0.8262261112666129, -0.05896697845968246, 0.7959938622821106, 0.6784634070573303, -0.9669550114566599, -0.7407743170052312, 0.43306918101445, -0.6751180868884112, -0.7505171373566051, -0.27641113379681426, 0.45601982815778475, 0.6198226402934446, -0.7537606792949392, -0.62520034711424, 1, -0.23481143148115002, 0.27869740570115575, 0.2869249589771359, 0.583650724152728, 0.7769897092339446, -0.7587515789088752, 0.4186215619208532, 0.40363640399349343, -0.8085908852345174, -0.9748937262579946, -0.3780055640299411, 0.952818621482342, -0.32924500559010417, 0.07968221390798688, -0.9665477148307944, 0.12594077969012707, -0.4683781290955751, -0.8462293181281286, -0.5078739784426718, 0.5777373642943722, -0.13637646340812704, 0.854911828420168, 0.8847530443518363, 0.1277979117880239, 0.9954749563798932, 0.22541879131961706, -0.5493682436968645, 0.6389349634465431, 0.01082677436743995, 0.8766541154879337, 0.2308097847273094, 0.4534936841150352, 0.6298004450382111, -0.2421589136202911, 0.9816298392122439, -0.8267714236411847, 0.486343610970126, -0.09626327429159787, -0.19151538633929444, 0.03240411437760704, 0.9363272008033823, -0.04197397400849989, 0.14445245965864073, -0.479071651764831, -0.9626079585718874, 0.9288105973265861, 0.35139508665815766, -1, -0.16596820887971098, 0.7034949300052076, -0.6574212062486546, 0.585541028970179, -0.04971992948151316, 0.12768396471739418, -0.7764583229775344, -0.17552120345435646, 0.9518845507920306, -0.4323618147051821, -0.056463771562202725, -0.16007862798710726, 0.7679883999578654, -0.7073870835406708, 0.3815033292550617, -0.8437776227102836, -0.2455393411728919, 0.22584949026273393]
490.61291473917663	(8, 12, 2)	[-0.5649533670948185, 0.4475225562543109, -1, -0.10670538835550403, 0.4412980945785715, 0.997702465261306, -0.28710764979768855, -0.45752647163938764, 0.25886068842152365, -0.5931269775119508, -0.5501041683346013, -0.5284541021212659, 1, 0.11687577708381025, 0.017161127424577094, -0.004886718400280019, -0.06842247204823271, 0.18883579657615068, -0.5006329130362883, 0.2863611810446385, -0.5776065762148654, 0.9640725914041934, 0.9200000467976748, 0.8153504741266246, -0.056726321614256614, -0.13363843943497372, -0.3356440613743036, 0.6826655092690301, -0.9973304492470143, -0.2000975626466881, -0.583193120904792, 1, -0.3068319004293998, 0.1084118038986109, -0.7963749855394715, 0.16902922034671208, 0.6196780928821506, -0.0697432209520013, -0.6439312495028067, -0.8262261112666129, -0.05896697845968246, 0.7959938622821106, 0.6784634070573303, -0.9669550114566599, -0.7407743170052312, 0.43306918101445, -0.6751180868884112, -0.7505171373566051, -0.27641113379681426, 0.45601982815778475, 0.6198226402934446, -0.7537606792949392, -0.62520034711424, 1, -0.23481143148115002, 0.27869740570115575, 0.2869249589771359, 0.583650724152728, 0.7769897092339446, -0.7587515789088752, 0.4186215619208532, 0.38841884833531304, -0.8085908852345174, -0.9748937262579946, -0.3780055640299411, 0.952818621482342, -0.32924500559010417, 0.07968221390798688, -0.9665477148307944, 0.12594077969012707, -0.4683781290955751, -0.8462293181281286, -0.5078739784426718, 0.5777373642943722, -0.13637646340812704, 0.854911828420168, 0.8847530443518363, 0.1277979117880239, 0.9954749563798932, 0.22541879131961706, -0.5493682436968645, 0.6389349634465431, 0.01082677436743995, 0.8766541154879337, 0.2308097847273094, 0.4534936841150352, 0.6298004450382111, -0.2421589136202911, 0.9816298392122439, -0.8267714236411847, 0.486343610970126, -0.09626327429159787, -0.19151538633929444, 0.03240411437760704, 0.9363272008033823, -0.04197397400849989, 0.14445245965864073, -0.479071651764831, -0.9626079585718874, 0.9288105973265861, 0.35139508665815766, -1, -0.16596820887971098, 0.7034949300052076, -0.6574212062486546, 0.585541028970179, -0.04971992948151316, 0.12768396471739418, -0.7764583229775344, -0.17552120345435646, 0.9518845507920306, -0.4323618147051821, -0.056463771562202725, -0.16007862798710726, 0.7679883999578654, -0.7073870835406708, 0.3815033292550617, -0.8437776227102836, -0.2455393411728919, 0.22584949026273393]
487.26896611824486	(8, 12, 2)	[-0.5649533670948185, 0.4475225562543109, -1, -0.10670538835550403, 0.4412980945785715, 0.997702465261306, -0.28710764979768855, -0.45752647163938764, 0.25886068842152365, -0.5931269775119508, -0.5501041683346013, -0.5284541021212659, 1, 0.11687577708381025, 0.017161127424577094, -0.004886718400280019, -0.1715575666371312, 0.18883579657615068, -0.5006329130362883, 0.2863611810446385, -0.5776065762148654, 0.9640725914041934, 0.6229361854459533, 0.8153504741266246, -0.056726321614256614, -0.060300684933243476, 0.017114624167610448, 0.6826655092690301, -0.9973304492470143, 0.020713362960163823, -0.583193120904792, 1, -0.3068319004293998, 0.1084118038986109, -0.7963749855394715, 0.16902922034671208, 0.6196780928821506, -0.0697432209520013, -0.6439312495028067, -0.8262261112666129, -0.05896697845968246, 0.7979526810261983, 0.6784634070573303, -0.9669550114566599, -0.7407743170052312, 0.43306918101445, -0.6751180868884112, -0.7505171373566051, -0.27641113379681426, 0.45601982815778475, 0.6198226402934446, -0.7537606792949392, -0.62520034711424, 1, -0.23481143148115002, 0.27869740570115575, 0.2869249589771359, 0.583650724152728, 0.7769897092339446, -0.7587515789088752, 0.4186215619208532, 0.40363640399349343, -0.8085908852345174, -0.9748937262579946, -0.3780055640299411, 0.952818621482342, -0.5280876116062603, 0.07968221390798688, -0.9665477148307944, 0.12594077969012707, -0.4683781290955751, -0.8462293181281286, -0.5078739784426718, 0.5777373642943722, -0.13637646340812704, 0.854911828420168, 0.8847530443518363, -0.028750304231441065, 0.9954749563798932, 0.22541879131961706, -0.5493682436968645, 0.6389349634465431, 0.01082677436743995, 0.8766541154879337, 0.2308097847273094, 0.4534936841150352, 0.6298004450382111, -0.2421589136202911, 0.9816298392122439, -0.8267714236411847, 0.486343610970126, -0.09626327429159787, -0.19151538633929444, 0.03240411437760704, 0.9363272008033823, -0.04197397400849989, 0.14445245965864073, -0.479071651764831, -0.9626079585718874, 0.9288105973265861, 0.35139508665815766, -1, -0.16596820887971098, 0.7034949300052076, -0.6574212062486546, 0.585541028970179, -0.04971992948151316, 0.12768396471739418, -0.7764583229775344, -0.17552120345435646, 0.9518845507920306, -0.4323618147051821, -0.056463771562202725, -0.16007862798710726, 0.7679883999578654, -0.7073870835406708, 0.3815033292550617, -0.8437776227102836, -0.2455393411728919, 0.22584949026273393]
491.2425142400025	(8, 12, 2)	[-0.4482533388207743, 0.4475225562543109, -1, -0.10670538835550403, 0.4412980945785715, 0.997702465261306, -0.28710764979768855, -0.45752647163938764, 0.25886068842152365, -0.5931269775119508, -0.5501041683346013, -0.5284541021212659, 1, 0.11687577708381025, 0.017161127424577094, -0.004886718400280019, -0.06842247204823271, 0.18883579657615068, -0.5006329130362883, 0.2863611810446385, -0.5776065762148654, 0.9640725914041934, 0.9200000467976748, 0.8153504741266246, -0.056726321614256614, -0.060300684933243476, 0.017114624167610448, 0.6826655092690301, -0.9973304492470143, 0.020713362960163823, -0.583193120904792, 1, -0.3068319004293998, 0.1084118038986109, -0.7963749855394715, 0.16902922034671208, 0.6196780928821506, -0.0697432209520013, -0.6439312495028067, -0.8262261112666129, -0.05896697845968246, 0.7979526810261983, 0.6784634070573303, -0.9669550114566599, -0.7407743170052312, 0.43306918101445, -0.6751180868884112, -0.7505171373566051, -0.27641113379681426, 0.45601982815778475, 0.6198226402934446, -0.7537606792949392, -0.62520034711424, 1, -0.23481143148115002, 0.27869740570115575, 0.2869249589771359, 0.583650724152728, 0.7769897092339446, -0.7587515789088752, 0.4186215619208532, 0.40363640399349343, -0.8085908852345174, -0.9748937262579946, -0.3780055640299411, 0.952818621482342, -0.5280876116062603, 0.07968221390798688, -0.9665477148307944, 0.12594077969012707, -0.4683781290955751, -0.8462293181281286, -0.5078739784426718, 0.5777373642943722, -0.13637646340812704, 0.854911828420168, 0.8847530443518363, 0.1277979117880239, 0.9954749563798932, 0.22541879131961706, -0.5493682436968645, 0.6389349634465431, 0.01082677436743995, 0.8766541154879337, 0.2308097847273094, 0.4534936841150352, 0.6298004450382111, -0.2421589136202911, 0.9816298392122439, -0.8267714236411847, 0.486343610970126, -0.09626327429159787, -0.018674477699895442, 0.12916950715136297, 0.9363272008033823, -0.04197397400849989, 0.14445245965864073, -0.479071651764831, -0.9626079585718874, 0.9288105973265861, 0.35139508665815766, -1, -0.16596820887971098, 0.7034949300052076, -0.6574212062486546, 0.585541028970179, -0.04971992948151316, 0.12768396471739418, -0.7764583229775344, -0.17552120345435646, 0.9518845507920306, -0.4323618147051821, -0.056463771562202725, -0.16007862798710726, 0.7679883999578654, -0.7073870835406708, 0.3815033292550617, -0.8437776227102836, -0.2455393411728919, 0.22584949026273393]
493.8251850195229	(8, 12, 2)	[-0.5649533670948185, 0.4475225562543109, -1, -0.10670538835550403, 0.4412980945785715, 0.997702465261306, -0.28710764979768855, -0.45752647163938764, 0.25886068842152365, -0.5931269775119508, -0.5501041683346013, -0.5284541021212659, 1, 0.11687577708381025, 0.017161127424577094, -0.004886718400280019, -0.06842247204823271, 0.18883579657615068, -0.5006329130362883, 0.2863611810446385, -0.5776065762148654, 0.9640725914041934, 0.9200000467976748, 0.8153504741266246, -0.056726321614256614, -0.13363843943497372, -0.3356440613743036, 0.6826655092690301, -0.9973304492470143, -0.2000975626466881, -0.583193120904792, 1, -0.3068319004293998, 0.1084118038986109, -0.7963749855394715, 0.16902922034671208, 0.6196780928821506, -0.0697432209520013, -0.6439312495028067, -0.8262261112666129, -0.05896697845968246, 0.7959938622821106, 0.6784634070573303, -0.9669550114566599, -0.7407743170052312, 0.43306918101445, -0.6751180868884112, -0.7505171373566051, -0.27641113379681426, 0.45601982815778475, 0.6198226402934446, -0.7537606792949392, -0.62520034711424, 1, -0.23481143148115002, 0.27869740570115575, 0.10385753016911742, 0.583650724152728, 0.7769897092339446, -0.7587515789088752, 0.4186215619208532, 0.38841884833531304, -0.8085908852345174, -0.9748937262579946, -0.3780055640299411, 0.952818621482342, -0.32924500559010417, 0.07968221390798688, -0.9665477148307944, 0.12594077969012707, -0.4683781290955751, -0.8462293181281286, -0.5078739784426718, 0.5777373642943722, -0.13637646340812704, 0.854911828420168, 0.8847530443518363, 0.1277979117880239, 0.9954749563798932, 0.22541879131961706, -0.5493682436968645, 0.6389349634465431, 0.09090159741841677, 0.8766541154879337, 0.2308097847273094, 0.4534936841150352, 0.6298004450382111, -0.2421589136202911, 0.9816298392122439, -0.8267714236411847, 0.486343610970126, -0.09626327429159787, -0.19151538633929444, 0.03240411437760704, 0.9363272008033823, -0.04197397400849989, 0.14445245965864073, -0.479071651764831, -0.9626079585718874, 0.9288105973265861, 0.35139508665815766, -1, -0.16596820887971098, 0.7034949300052076, -0.6574212062486546, 0.585541028970179, -0.04971992948151316, 0.12768396471739418, -0.7764583229775344, -0.17552120345435646, 0.9518845507920306, -0.4323618147051821, -0.056463771562202725, -0.16007862798710726, 0.7679883999578654, -0.7073870835406708, 0.3815033292550617, -0.8437776227102836, -0.2455393411728919, 0.22584949026273393]
491.6474271565676	(8, 12, 2)	[-0.5649533670948185, 0.4475225562543109, -1, -0.10670538835550403, 0.4412980945785715, 0.997702465261306, -0.28710764979768855, -0.723764535388274, 0.25886068842152365, -0.5931269775119508, -0.5501041683346013, -0.5284541021212659, 1, 0.11687577708381025, 0.017161127424577094, -0.004886718400280019, -0.06842247204823271, 0.18883579657615068, -0.5006329130362883, 0.2863611810446385, -0.5776065762148654, 0.9640725914041934, 0.9200000467976748, 0.8153504741266246, -0.056726321614256614, -0.13363843943497372, -0.3356440613743036, 0.6826655092690301, -0.9973304492470143, -0.2000975626466881, -0.583193120904792, 1, -0.3068319004293998, 0.1084118038986109, -0.7963749855394715, 0.16902922034671208, 0.6196780928821506, -0.0697432209520013, -0.6439312495028067, -0.8262261112666129, -0.05896697845968246, 0.7959938622821106, 0.6784634070573303, -0.9669550114566599, -0.7407743170052312, 0.43306918101445, -0.6751180868884112, -0.7505171373566051, -0.27641113379681426, 0.45601982815778475, 0.6198226402934446, -0.7537606792949392, -0.62520034711424, 1, -0.23481143148115002, 0.27869740570115575, 0.2869249589771359, 0.583650724152728, 0.7769897092339446, -0.7587515789088752, 0.4186215619208532, 0.40363640399349343, -0.8085908852345174, -0.9748937262579946, -0.3780055640299411, 0.952818621482342, -0.32924500559010417, 0.07968221390798688, -0.9665477148307944, 0.12594077969012707, -0.4683781290955751, -0.8462293181281286, -0.5078739784426718, 0.5777373642943722, -0.13637646340812704, 0.854911828420168, 0.8847530443518363, 0.1277979117880239, 0.9954749563798932, 0.22541879131961706, -0.5493682436968645, 0.6389349634465431, 0.01082677436743995, 0.8766541154879337, 0.2308097847273094, 0.4534936841150352, 0.6298004450382111, -0.2421589136202911, 0.9816298392122439, -0.8267714236411847, 0.486343610970126, -0.09626327429159787, -0.19151538633929444, 0.12916950715136297, 0.9363272008033823, -0.04197397400849989, 0.14445245965864073, -0.479071651764831, -0.9626079585718874, 0.9288105973265861, 0.35139508665815766, -1, -0.16596820887971098, 0.806105999716998, -0.6574212062486546, 0.585541028970179, -0.04971992948151316, 0.12768396471739418, -0.7764583229775344, -0.17552120345435646, 0.9518845507920306, -0.4323618147051821, -0.056463771562202725, -0.16007862798710726, 0.7679883999578654, -0.7073870835406708, 0.3815033292550617, -0.8437776227102836, -0.2455393411728919, 0.22584949026273393]
487.9796168766916	(8, 12, 2)	[-0.4482533388207743, 0.4475225562543109, -1, -0.10670538835550403, 0.4412980945785715, 0.997702465261306, -0.28710764979768855, -0.45752647163938764, 0.25886068842152365, -0.5931269775119508, -0.5501041683346013, -0.5284541021212659, 1, 0.11687577708381025, 0.017161127424577094, -0.004886718400280019, -0.06842247204823271, 0.18883579657615068, -0.5006329130362883, 0.2863611810446385, -0.5776065762148654, 0.9640725914041934, 0.9200000467976748, 0.8153504741266246, -0.056726321614256614, -0.060300684933243476, 0.017114624167610448, 0.6826655092690301, -0.9973304492470143, 0.020713362960163823, -0.583193120904792, 1, -0.2379148672187458, 0.1084118038986109, -0.7963749855394715, 0.16902922034671208, 0.6196780928821506, -0.0697432209520013, -0.6439312495028067, -0.8262261112666129, -0.05896697845968246, 0.7979526810261983, 0.6784634070573303, -0.9669550114566599, -0.7407743170052312, 0.43306918101445, -0.6751180868884112, -0.7505171373566051, -0.27641113379681426, 0.9031230971924873, 0.6198226402934446, -0.7537606792949392, -0.62520034711424, 1, -0.23481143148115002, 0.27869740570115575, 0.2869249589771359, 0.583650724152728, 0.7769897092339446, -0.7587515789088752, 0.4186215619208532, 0.40363640399349343, -0.8085908852345174, -0.9748937262579946, -0.3780055640299411, 0.952818621482342, -0.5280876116062603, 0.07968221390798688, -0.9665477148307944, 0.12594077969012707, -0.4683781290955751, -0.8462293181281286, -0.5078739784426718, 0.5777373642943722, -0.13637646340812704, 0.854911828420168, 0.8847530443518363, 0.1277979117880239, 0.9954749563798932, 0.22541879131961706, -0.5493682436968645, 0.6389349634465431, 0.01082677436743995, 0.8766541154879337, 0.2308097847273094, 0.4534936841150352, 0.3359167021525171, -0.2421589136202911, 0.9816298392122439, -0.724250261815352, 0.486343610970126, -0.09626327429159787, -0.018674477699895442, 0.12916950715136297, 0.9363272008033823, -0.04197397400849989, -0.09861394357083664, -0.479071651764831, -0.9626079585718874, 0.9288105973265861, 0.35139508665815766, -1, -0.16596820887971098, 0.7034949300052076, -0.6574212062486546, 0.585541028970179, -0.04971992948151316, 0.12768396471739418, -0.7764583229775344, -0.17552120345435646, 0.9518845507920306, -0.4323618147051821, -0.056463771562202725, -0.16007862798710726, 0.7679883999578654, -0.7073870835406708, 0.3815033292550617, -0.8437776227102836, -0.2455393411728919, 0.22584949026273393]
484.7565580159426	(8, 12, 2)	[-0.4482533388207743, 0.4475225562543109, -1, -0.10670538835550403, 0.4412980945785715, 0.997702465261306, -0.28710764979768855, -0.45752647163938764, 0.25886068842152365, -0.5931269775119508, -0.5501041683346013, -0.5284541021212659, 1, 0.11687577708381025, 0.017161127424577094, -0.004886718400280019, -0.06842247204823271, 0.18883579657615068, -0.5006329130362883, 0.2863611810446385, -0.5776065762148654, 0.9640725914041934, 0.9200000467976748, 0.8153504741266246, -0.056726321614256614, -0.060300684933243476, 0.017114624167610448, 0.6826655092690301, -0.9973304492470143, 0.020713362960163823, -0.583193120904792, 1, -0.3068319004293998, 0.1084118038986109, -0.7963749855394715, 0.16902922034671208, 0.6196780928821506, -0.0697432209520013, -0.6439312495028067, -0.8262261112666129, -0.05896697845968246, 0.7979526810261983, 0.6784634070573303, -0.9669550114566599, -0.7407743170052312, 0.43306918101445, -0.6751180868884112, -0.7505171373566051, -0.27641113379681426, 0.9031230971924873, 0.6198226402934446, -0.7537606792949392, -0.62520034711424, 1, -0.23481143148115002, 0.27869740570115575, 0.2869249589771359, 0.583650724152728, 0.7769897092339446, -0.7587515789088752, 0.4186215619208532, 0.40363640399349343, -0.8085908852345174, -0.9748937262579946, -0.3780055640299411, 0.952818621482342, -0.5280876116062603, 0.07968221390798688, -0.9665477148307944, 0.12594077969012707, -0.4683781290955751, -0.8462293181281286, -0.5078739784426718, 0.5777373642943722, -0.13637646340812704, 0.854911828420168, 0.8847530443518363, 0.1277979117880239, 0.9954749563798932, 0.22541879131961706, -0.5493682436968645, 0.6389349634465431, 0.01082677436743995, 0.8766541154879337, 0.2308097847273094, 0.4534936841150352, 0.3359167021525171, -0.2421589136202911, 0.9816298392122439, -0.724250261815352, 0.486343610970126, -0.09626327429159787, -0.018674477699895442, 0.12916950715136297, 0.9363272008033823, -0.04197397400849989, -0.09861394357083664, -0.479071651764831, -0.9626079585718874, 0.9288105973265861, 0.35139508665815766, -1, -0.16596820887971098, 0.7034949300052076, -0.6574212062486546, 0.585541028970179, -0.04971992948151316, 0.12768396471739418, -0.7764583229775344, -0.17552120345435646, 0.9518845507920306, -0.4323618147051821, -0.056463771562202725, -0.16007862798710726, 0.7679883999578654, -0.7073870835406708, 0.3815033292550617, -0.8437776227102836, -0.2455393411728919, 0.22584949026273393]
490.834853425622	(8, 12, 2)	[-0.4482533388207743, 0.4475225562543109, -1, -0.10670538835550403, 0.4412980945785715, 0.997702465261306, -0.28710764979768855, -0.45752647163938764, 0.25886068842152365, -0.5931269775119508, -0.5501041683346013, -0.5284541021212659, 1, 0.11687577708381025, 0.017161127424577094, -0.004886718400280019, -0.06842247204823271, 0.18883579657615068, -0.5006329130362883, 0.2863611810446385, -0.5776065762148654, 0.9640725914041934, 0.9200000467976748, 0.8153504741266246, -0.056726321614256614, -0.060300684933243476, 0.017114624167610448, 0.6826655092690301, -0.9973304492470143, 0.020713362960163823, -0.583193120904792, 1, -0.3068319004293998, 0.1084118038986109, -0.7963749855394715, 0.16902922034671208, 0.6196780928821506, -0.0697432209520013, -0.6439312495028067, -0.8262261112666129, -0.05896697845968246, 0.7979526810261983, 0.6784634070573303, -0.9669550114566599, -0.7407743170052312, 0.43306918101445, -0.8514396386445808, -0.7505171373566051, -0.27641113379681426, 0.9031230971924873, 0.6198226402934446, -0.7537606792949392, -0.62520034711424, 1, -0.23481143148115002, 0.27869740570115575, 0.2869249589771359, 0.583650724152728, 0.7769897092339446, -0.7587515789088752, 0.4186215619208532, 0.40363640399349343, -0.8085908852345174, -0.9748937262579946, -0.3780055640299411, 0.952818621482342, -0.5280876116062603, 0.07968221390798688, -0.9665477148307944, 0.12594077969012707, -0.4683781290955751, -0.8462293181281286, -0.5078739784426718, 0.5777373642943722, -0.13637646340812704, 0.854911828420168, 0.8847530443518363, 0.1277979117880239, 0.9954749563798932, 0.22541879131961706, -0.5493682436968645, 0.6389349634465431, -0.07554403472298857, 0.8766541154879337, 0.2308097847273094, 0.4534936841150352, 0.3359167021525171, -0.2421589136202911, 0.9816298392122439, -0.724250261815352, 0.486343610970126, -0.09626327429159787, -0.018674477699895442, 0.12916950715136297, 0.9363272008033823, -0.04197397400849989, -0.09861394357083664, -0.479071651764831, -0.9626079585718874, 0.9288105973265861, 0.35139508665815766, -1, -0.16596820887971098, 0.7034949300052076, -0.6574212062486546, 0.585541028970179, -0.04971992948151316, 0.12768396471739418, -0.7764583229775344, -0.17552120345435646, 0.9518845507920306, -0.4323618147051821, -0.056463771562202725, -0.16007862798710726, 0.7679883999578654, -0.7073870835406708, 0.3815033292550617, -0.8437776227102836, -0.2455393411728919, 0.22584949026273393]
493.1304087396711	(8, 12, 2)	[-0.4482533388207743, 0.4475225562543109, -1, -0.10670538835550403, 0.4412980945785715, 0.997702465261306, -0.28710764979768855, -0.45752647163938764, 0.25886068842152365, -0.5931269775119508, -0.5501041683346013, -0.5284541021212659, 1, 0.11687577708381025, 0.017161127424577094, -0.004886718400280019, -0.06842247204823271, 0.18883579657615068, -0.5006329130362883, 0.2863611810446385, -0.5776065762148654, 0.9640725914041934, 0.9200000467976748, 0.8153504741266246, -0.056726321614256614, -0.060300684933243476, 0.017114624167610448, 0.6826655092690301, -0.9973304492470143, 0.020713362960163823, -0.583193120904792, 1, -0.3068319004293998, 0.1084118038986109, -0.7963749855394715, 0.16902922034671208, 0.6196780928821506, -0.0697432209520013, -0.6439312495028067, -0.8262261112666129, -0.05896697845968246, 0.7979526810261983, 0.6784634070573303, -0.9669550114566599, -0.7407743170052312, 0.43306918101445, -0.8514396386445808, -0.7505171373566051, -0.27641113379681426, 0.9031230971924873, 0.6198226402934446, -0.7537606792949392, -0.62520034711424, 0.7095213432762721, -0.23481143148115002, 0.27869740570115575, 0.2869249589771359, 0.583650724152728, 0.7769897092339446, -0.7587515789088752, 0.4186215619208532, 0.40363640399349343, -0.8085908852345174, -0.9748937262579946, -0.3780055640299411, 0.952818621482342, -0.5280876116062603, 0.07968221390798688, -0.9665477148307944, 0.12594077969012707, -0.4683781290955751, -0.8462293181281286, -0.5078739784426718, 0.5777373642943722, -0.13637646340812704, 0.854911828420168, 0.8847530443518363, 0.1277979117880239, 0.9954749563798932, 0.22541879131961706, -0.5493682436968645, 0.6389349634465431, -0.07554403472298857, 0.8766541154879337, 0.2308097847273094, 0.4534936841150352, 0.3359167021525171, -0.2421589136202911, 0.9816298392122439, -0.724250261815352, 0.486343610970126, -0.09626327429159787, -0.018674477699895442, 0.12916950715136297, 0.9363272008033823, -0.04197397400849989, -0.09861394357083664, -0.479071651764831, -0.9626079585718874, 0.9288105973265861, 0.35139508665815766, -1, -0.16596820887971098, 0.7034949300052076, -0.6574212062486546, 0.585541028970179, -0.04971992948151316, 0.12768396471739418, -0.7764583229775344, -0.17552120345435646, 0.9518845507920306, -0.4323618147051821, -0.056463771562202725, -0.16007862798710726, 0.7679883999578654, -0.7073870835406708, 0.3815033292550617, -0.8437776227102836, -0.2455393411728919, 0.22584949026273393]
488.1980980719163	(8, 12, 2)	[-0.4482533388207743, 0.4475225562543109, -1, -0.10670538835550403, 0.4412980945785715, 0.997702465261306, -0.28710764979768855, -0.45752647163938764, 0.25886068842152365, -0.5931269775119508, -0.5501041683346013, -0.5284541021212659, 1, 0.11687577708381025, 0.017161127424577094, -0.004886718400280019, -0.06842247204823271, 0.18883579657615068, -0.5006329130362883, 0.2863611810446385, -0.5776065762148654, 0.9640725914041934, 0.9200000467976748, 0.8153504741266246, -0.056726321614256614, -0.060300684933243476, 0.017114624167610448, 0.6826655092690301, -0.9973304492470143, 0.020713362960163823, -0.583193120904792, 1, -0.3068319004293998, 0.1084118038986109, -1, 0.16902922034671208, 0.6196780928821506, -0.0697432209520013, -0.6439312495028067, -0.8262261112666129, -0.05896697845968246, 0.7979526810261983, 0.6784634070573303, -0.9669550114566599, -0.7407743170052312, 0.43306918101445, -0.8514396386445808, -0.7505171373566051, -0.27641113379681426, 0.9031230971924873, 0.6198226402934446, -0.7537606792949392, -0.62520034711424, 1, -0.23481143148115002, 0.27869740570115575, 0.2869249589771359, 0.583650724152728, 0.7769897092339446, -0.7587515789088752, 0.4186215619208532, 0.40363640399349343, -0.8085908852345174, -0.9748937262579946, -0.3780055640299411, 0.952818621482342, -0.5280876116062603, 0.07968221390798688, -0.9665477148307944, 0.12594077969012707, -0.4683781290955751, -0.8462293181281286, -0.5078739784426718, 0.5777373642943722, -0.13637646340812704, 0.854911828420168, 0.8847530443518363, 0.1277979117880239, 0.9954749563798932, 0.22541879131961706, -0.5493682436968645, 0.6389349634465431, -0.07554403472298857, 0.8766541154879337, 0.2308097847273094, 0.4534936841150352, 0.3359167021525171, -0.2421589136202911, 0.9816298392122439, -0.724250261815352, 0.486343610970126, -0.09626327429159787, -0.018674477699895442, 0.12916950715136297, 0.9363272008033823, -0.04197397400849989, -0.09861394357083664, -0.479071651764831, -0.9626079585718874, 0.9288105973265861, 0.35139508665815766, -1, -0.16596820887971098, 0.7034949300052076, -0.6574212062486546, 0.585541028970179, -0.04971992948151316, 0.12768396471739418, -0.7764583229775344, -0.17552120345435646, 0.9518845507920306, -0.4323618147051821, -0.056463771562202725, -0.16007862798710726, 0.7679883999578654, -0.7073870835406708, 0.3815033292550617, -0.8437776227102836, -0.2455393411728919, 0.22584949026273393]
488.9158935732212	(8, 12, 2)	[-0.4482533388207743, 0.4475225562543109, -1, -0.10670538835550403, 0.4412980945785715, 0.997702465261306, -0.28710764979768855, -0.45752647163938764, 0.25886068842152365, -0.5931269775119508, -0.5501041683346013, -0.5284541021212659, 1, 0.11687577708381025, 0.017161127424577094, -0.004886718400280019, -0.06842247204823271, 0.18883579657615068, -0.5006329130362883, 0.2863611810446385, -0.5776065762148654, 0.9640725914041934, 0.9200000467976748, 0.8153504741266246, -0.056726321614256614, -0.060300684933243476, 0.017114624167610448, 0.6826655092690301, -0.9973304492470143, 0.020713362960163823, -0.583193120904792, 0.5919370102462616, -0.3068319004293998, 0.1084118038986109, -0.7963749855394715, 0.16902922034671208, 0.6967394967495397, -0.0697432209520013, -0.6439312495028067, -0.8262261112666129, -0.05896697845968246, 0.7979526810261983, 0.6784634070573303, -0.9669550114566599, -0.7407743170052312, 0.43306918101445, -0.8514396386445808, -0.7505171373566051, -0.27641113379681426, 0.9031230971924873, 0.6198226402934446, -0.7537606792949392, -0.62520034711424, 0.7095213432762721, -0.23481143148115002, 0.27869740570115575, 0.2869249589771359, 0.583650724152728, 0.7769897092339446, -0.7587515789088752, 0.4186215619208532, 0.40363640399349343, -0.8085908852345174, -0.9748937262579946, -0.3780055640299411, 0.952818621482342, -0.5280876116062603, 0.07968221390798688, -0.9665477148307944, 0.12594077969012707, -0.4683781290955751, -0.8462293181281286, -0.5078739784426718, 0.5777373642943722, -0.13637646340812704, 0.854911828420168, 0.8847530443518363, 0.1277979117880239, 0.9954749563798932, 0.22541879131961706, -0.5493682436968645, 0.6389349634465431, -0.07554403472298857, 0.8766541154879337, 0.2308097847273094, 0.4534936841150352, 0.3359167021525171, -0.2421589136202911, 0.9816298392122439, -0.724250261815352, 0.486343610970126, -0.09626327429159787, -0.018674477699895442, 0.12916950715136297, 0.9363272008033823, -0.04197397400849989, -0.09861394357083664, -0.479071651764831, -0.9626079585718874, 0.9288105973265861, 0.35139508665815766, -1, -0.16596820887971098, 0.7034949300052076, -0.6574212062486546, 0.585541028970179, -0.04971992948151316, 0.12768396471739418, -0.7764583229775344, -0.17552120345435646, 0.9518845507920306, -0.4323618147051821, -0.056463771562202725, -0.16007862798710726, 0.7679883999578654, -0.7073870835406708, 0.3815033292550617, -0.8437776227102836, -0.2455393411728919, 0.22584949026273393]
496.2975105503574	(8, 12, 2)	[-0.4482533388207743, 0.4475225562543109, -1, -0.10670538835550403, 0.4412980945785715, 0.997702465261306, -0.28710764979768855, -0.45752647163938764, 0.25886068842152365, -0.5931269775119508, -0.5501041683346013, -0.5284541021212659, 1, 0.11687577708381025, 0.017161127424577094, -0.004886718400280019, -0.06842247204823271, 0.18883579657615068, -0.5006329130362883, 0.2863611810446385, -0.5776065762148654, 0.9640725914041934, 0.9200000467976748, 0.8153504741266246, -0.056726321614256614, -0.060300684933243476, 0.017114624167610448, 0.6826655092690301, -0.9973304492470143, 0.020713362960163823, -0.583193120904792, 0.5919370102462616, -0.3068319004293998, 0.1084118038986109, -0.7963749855394715, 0.16902922034671208, 0.6196780928821506, -0.0697432209520013, -0.6439312495028067, -0.8262261112666129, -0.05896697845968246, 0.7979526810261983, 0.6784634070573303, -0.9669550114566599, -0.7407743170052312, 0.43306918101445, -0.8514396386445808, -0.7505171373566051, -0.27641113379681426, 0.9031230971924873, 0.6198226402934446, -0.7537606792949392, -0.62520034711424, 1, -0.23481143148115002, 0.27869740570115575, 0.2869249589771359, 0.583650724152728, 0.7769897092339446, -0.7587515789088752, 0.4186215619208532, 0.40363640399349343, -0.2493055228988459, -0.9748937262579946, -0.3780055640299411, 0.952818621482342, -0.5280876116062603, 0.07968221390798688, -1, 0.12594077969012707, -0.4683781290955751, -0.8462293181281286, -0.5078739784426718, 0.5777373642943722, -0.13637646340812704, 0.854911828420168, 0.8847530443518363, 0.1277979117880239, 0.9954749563798932, 0.22541879131961706, -0.5493682436968645, 0.6389349634465431, -0.07554403472298857, 0.8766541154879337, 0.2308097847273094, 0.4534936841150352, 0.3359167021525171, -0.2421589136202911, 0.9816298392122439, -0.724250261815352, 0.486343610970126, -0.09626327429159787, -0.018674477699895442, 0.12916950715136297, 0.9363272008033823, -0.04197397400849989, -0.09861394357083664, -0.479071651764831, -0.9626079585718874, 0.9288105973265861, 0.35139508665815766, -1, -0.16596820887971098, 0.7034949300052076, -0.6574212062486546, 0.585541028970179, -0.04971992948151316, 0.12768396471739418, -0.7764583229775344, -0.17552120345435646, 0.9518845507920306, -0.4323618147051821, -0.056463771562202725, -0.16007862798710726, 0.7679883999578654, -0.7073870835406708, 0.3815033292550617, -0.8437776227102836, -0.2455393411728919, 0.22584949026273393]
489.0953681431711	(8, 12, 2)	[-0.4482533388207743, 0.4475225562543109, -1, -0.10670538835550403, 0.4412980945785715, 0.997702465261306, -0.28710764979768855, -0.45752647163938764, 0.25886068842152365, -0.5931269775119508, -0.5501041683346013, -0.5284541021212659, 1, 0.11687577708381025, 0.017161127424577094, -0.004886718400280019, -0.06842247204823271, 0.18883579657615068, -0.5006329130362883, 0.2863611810446385, -0.5776065762148654, 0.9640725914041934, 0.9200000467976748, 0.6585661299733163, -0.056726321614256614, -0.060300684933243476, 0.017114624167610448, 0.6826655092690301, -0.9973304492470143, 0.020713362960163823, -0.583193120904792, 0.5919370102462616, -0.3068319004293998, 0.1084118038986109, -0.7963749855394715, 0.16902922034671208, 0.6196780928821506, -0.0697432209520013, -0.6439312495028067, -0.8262261112666129, -0.05896697845968246, 0.7979526810261983, 0.6784634070573303, -0.9669550114566599, -0.7407743170052312, 0.43306918101445, -0.8514396386445808, -0.7505171373566051, -0.27641113379681426, 0.9031230971924873, 0.6198226402934446, -0.7537606792949392, -0.62520034711424, 1, -0.23481143148115002, 0.27869740570115575, 0.2869249589771359, 0.583650724152728, 0.7769897092339446, -0.7587515789088752, 0.4186215619208532, 0.40363640399349343, -0.2493055228988459, -0.9748937262579946, -0.3780055640299411, 0.952818621482342, -0.5280876116062603, 0.07968221390798688, -1, 0.12594077969012707, -0.4683781290955751, -0.8462293181281286, -0.5078739784426718, 0.5777373642943722, -0.13637646340812704, 0.854911828420168, 0.8847530443518363, 0.1277979117880239, 0.9954749563798932, 0.22541879131961706, -0.5493682436968645, 0.6389349634465431, -0.07554403472298857, 0.8766541154879337, 0.2308097847273094, 0.4534936841150352, 0.3359167021525171, -0.2421589136202911, 0.9816298392122439, -0.724250261815352, 0.486343610970126, -0.09626327429159787, -0.018674477699895442, 0.12916950715136297, 0.9363272008033823, -0.04197397400849989, -0.09861394357083664, -0.479071651764831, -0.9626079585718874, 0.9288105973265861, 0.35139508665815766, -1, -0.16596820887971098, 0.7034949300052076, -0.6574212062486546, 0.585541028970179, -0.04971992948151316, 0.12768396471739418, -0.7764583229775344, -0.17552120345435646, 0.9518845507920306, -0.4323618147051821, -0.056463771562202725, -0.16007862798710726, 0.7679883999578654, -0.7073870835406708, 0.3815033292550617, -0.8437776227102836, -0.2455393411728919, 0.22584949026273393]
488.989242259413	(8, 12, 2)	[-0.4482533388207743, 0.4475225562543109, -1, -0.10670538835550403, 0.4412980945785715, 0.997702465261306, -0.28710764979768855, -0.45752647163938764, 0.25886068842152365, -0.5931269775119508, -0.5501041683346013, -0.5284541021212659, 1, 0.11687577708381025, 0.017161127424577094, -0.004886718400280019, -0.06842247204823271, 0.18883579657615068, -0.5006329130362883, 0.2863611810446385, -0.5776065762148654, 0.9640725914041934, 0.9200000467976748, 0.8153504741266246, -0.056726321614256614, -0.060300684933243476, 0.017114624167610448, 0.6826655092690301, -0.9973304492470143, 0.020713362960163823, -0.583193120904792, 1, -0.3068319004293998, 0.1084118038986109, -1, 0.16902922034671208, 0.6196780928821506, -0.0697432209520013, -0.6439312495028067, -0.8262261112666129, -0.05896697845968246, 0.7979526810261983, 0.6784634070573303, -0.9669550114566599, -1, 0.43306918101445, -0.8514396386445808, -0.7505171373566051, -0.27641113379681426, 0.9031230971924873, 0.6198226402934446, -0.7537606792949392, -0.62520034711424, 1, -0.23481143148115002, 0.27869740570115575, 0.2869249589771359, 0.583650724152728, 0.7769897092339446, -0.7587515789088752, 0.4186215619208532, 0.40363640399349343, -0.2493055228988459, -0.9748937262579946, -0.3780055640299411, 0.952818621482342, -0.5280876116062603, 0.07968221390798688, -0.9665477148307944, 0.12594077969012707, -0.4683781290955751, -0.8462293181281286, -0.5078739784426718, 0.5777373642943722, -0.13637646340812704, 0.854911828420168, 0.8847530443518363, 0.1277979117880239, 0.9954749563798932, 0.22541879131961706, -0.5493682436968645, 0.6389349634465431, -0.07554403472298857, 0.8766541154879337, 0.21392648503641887, 0.43152934507703855, 0.3359167021525171, -0.2421589136202911, 0.9816298392122439, -0.724250261815352, 0.486343610970126, -0.09626327429159787, -0.018674477699895442, 0.12916950715136297, 0.9363272008033823, -0.04197397400849989, -0.09861394357083664, -0.479071651764831, -0.9626079585718874, 0.9288105973265861, 0.35139508665815766, -1, -0.16596820887971098, 0.7034949300052076, -0.6574212062486546, 0.585541028970179, -0.04971992948151316, 0.21220327799734637, -0.7764583229775344, -0.17552120345435646, 0.9518845507920306, -0.4323618147051821, -0.056463771562202725, -0.16007862798710726, 0.7679883999578654, -0.7073870835406708, 0.3815033292550617, -0.8437776227102836, -0.2455393411728919, 0.22584949026273393]
485.53903717547655	(8, 12, 2)	[-0.4482533388207743, 0.4475225562543109, -1, -0.10670538835550403, 0.5169305158220845, 0.997702465261306, -0.28710764979768855, -0.45752647163938764, 0.25886068842152365, -0.5931269775119508, -0.5501041683346013, -0.5284541021212659, 1, 0.11687577708381025, 0.017161127424577094, -0.004886718400280019, -0.06842247204823271, 0.18883579657615068, -0.5006329130362883, 0.2863611810446385, -0.5776065762148654, 0.9640725914041934, 0.9200000467976748, 0.8153504741266246, -0.056726321614256614, -0.060300684933243476, 0.017114624167610448, 0.6826655092690301, -0.9973304492470143, 0.020713362960163823, -0.583193120904792, 1, -0.3068319004293998, 0.1084118038986109, -1, 0.16902922034671208, 0.6196780928821506, -0.0697432209520013, -0.6439312495028067, -0.8262261112666129, -0.05896697845968246, 0.7979526810261983, 0.6784634070573303, -0.9669550114566599, -1, 0.43306918101445, -0.8514396386445808, -0.7505171373566051, -0.27641113379681426, 0.9031230971924873, 0.6198226402934446, -0.7537606792949392, -0.62520034711424, 1, -0.23481143148115002, 0.27869740570115575, 0.2869249589771359, 0.583650724152728, 0.7769897092339446, -0.7587515789088752, 0.4186215619208532, 0.40363640399349343, -0.2493055228988459, -0.9748937262579946, -0.3780055640299411, 0.952818621482342, -0.5280876116062603, 0.07968221390798688, -1, 0.12594077969012707, -0.4683781290955751, -0.8462293181281286, -0.5078739784426718, 0.5777373642943722, -0.13637646340812704, 0.854911828420168, 0.8847530443518363, 0.1277979117880239, 0.9954749563798932, 0.22541879131961706, -0.5493682436968645, 0.6389349634465431, -0.07554403472298857, 0.8766541154879337, 0.2308097847273094, 0.4534936841150352, 0.3359167021525171, -0.2421589136202911, 0.9816298392122439, -0.724250261815352, 0.486343610970126, -0.09626327429159787, -0.018674477699895442, 0.12916950715136297, 0.9363272008033823, -0.04197397400849989, -0.09861394357083664, -0.479071651764831, -0.9626079585718874, 0.9288105973265861, 0.35139508665815766, -1, -0.16596820887971098, 0.7034949300052076, -0.6574212062486546, 0.585541028970179, -0.04971992948151316, 0.12768396471739418, -0.7764583229775344, -0.17552120345435646, 0.9518845507920306, -0.4323618147051821, -0.056463771562202725, -0.16007862798710726, 0.7679883999578654, -0.7073870835406708, 0.3815033292550617, -0.8437776227102836, -0.2455393411728919, 0.22584949026273393]
489.05753675382755	(8, 12, 2)	[-0.4482533388207743, 0.4475225562543109, -1, -0.10670538835550403, 0.4412980945785715, 0.997702465261306, -0.28710764979768855, -0.45752647163938764, 0.25886068842152365, -0.5931269775119508, -0.5501041683346013, -0.5284541021212659, 1, 0.11687577708381025, 0.017161127424577094, -0.004886718400280019, -0.06842247204823271, 0.18883579657615068, -0.5006329130362883, 0.2863611810446385, -0.5776065762148654, 0.9640725914041934, 0.9200000467976748, 0.8153504741266246, -0.056726321614256614, -0.08140111540893433, 0.017114624167610448, 0.6826655092690301, -0.9973304492470143, 0.020713362960163823, -0.583193120904792, 0.5919370102462616, -0.04343794853137145, 0.1084118038986109, -0.7963749855394715, 0.16902922034671208, 0.6196780928821506, -0.0697432209520013, -0.6439312495028067, -0.8262261112666129, -0.05896697845968246, 0.7979526810261983, 0.6784634070573303, -0.9669550114566599, -0.7407743170052312, 0.43306918101445, -0.8514396386445808, -0.7505171373566051, -0.27641113379681426, 0.9031230971924873, 0.6198226402934446, -0.7537606792949392, -0.62520034711424, 1, -0.23481143148115002, 0.27869740570115575, 0.2869249589771359, 0.583650724152728, 0.7769897092339446, -0.7587515789088752, 0.4186215619208532, 0.40363640399349343, -0.2493055228988459, -0.9748937262579946, -0.3780055640299411, 0.952818621482342, -0.5280876116062603, 0.07968221390798688, -1, 0.12594077969012707, -0.4683781290955751, -0.8462293181281286, -0.5078739784426718, 0.5777373642943722, -0.13637646340812704, 0.854911828420168, 0.8847530443518363, 0.1277979117880239, 0.9954749563798932, 0.22541879131961706, -0.5493682436968645, 0.6389349634465431, -0.07554403472298857, 0.8427465932576731, 0.2308097847273094, 0.4534936841150352, 0.3359167021525171, -0.2421589136202911, 0.9816298392122439, -0.724250261815352, 0.486343610970126, -0.09626327429159787, -0.018674477699895442, 0.12916950715136297, 0.9363272008033823, -0.04197397400849989, -0.09861394357083664, -0.479071651764831, -0.9626079585718874, 0.9288105973265861, 0.35139508665815766, -1, -0.16596820887971098, 0.7034949300052076, -0.6574212062486546, 0.585541028970179, -0.04971992948151316, 0.26232167345957635, -0.7764583229775344, -0.17552120345435646, 0.9518845507920306, -0.4323618147051821, -0.056463771562202725, -0.16007862798710726, 0.7679883999578654, -0.7073870835406708, 0.3815033292550617, -0.8437776227102836, -0.2455393411728919, 0.22584949026273393]
495.1082282277184	(8, 12, 2)	[-0.4482533388207743, 0.4475225562543109, -1, -0.10670538835550403, 0.4412980945785715, 0.997702465261306, -0.28710764979768855, -0.45752647163938764, 0.25886068842152365, -0.5931269775119508, -0.5501041683346013, -0.5284541021212659, 1, 0.11687577708381025, 0.017161127424577094, -0.004886718400280019, -0.01477001419449106, 0.18883579657615068, -0.5006329130362883, 0.2863611810446385, -0.5776065762148654, 0.9640725914041934, 0.9200000467976748, 0.43791151940071243, -0.056726321614256614, -0.060300684933243476, 0.017114624167610448, 0.6826655092690301, -0.9973304492470143, 0.020713362960163823, -0.583193120904792, 1, -0.2379148672187458, 0.1084118038986109, -0.7963749855394715, 0.16902922034671208, 0.6196780928821506, -0.0697432209520013, -0.6439312495028067, -0.8262261112666129, -0.05896697845968246, 0.7979526810261983, 0.7768682671069297, -0.9669550114566599, -0.7407743170052312, 0.43306918101445, -0.6751180868884112, -0.7505171373566051, -0.27641113379681426, 0.9031230971924873, 0.6198226402934446, -0.7537606792949392, -0.62520034711424, 0.7095213432762721, -0.23481143148115002, 0.27869740570115575, 0.2869249589771359, 0.583650724152728, 0.7769897092339446, -0.48518319207134264, 0.4186215619208532, 0.40363640399349343, -0.8085908852345174, -0.9748937262579946, -0.3780055640299411, 0.952818621482342, -0.5280876116062603, 0.09949956147628856, -0.9665477148307944, 0.12594077969012707, -0.4683781290955751, -0.8462293181281286, -0.5078739784426718, 0.5777373642943722, -0.13637646340812704, 0.854911828420168, 0.8847530443518363, 0.1277979117880239, 0.9954749563798932, 0.22541879131961706, -0.5493682436968645, 0.6389349634465431, -0.07554403472298857, 0.8427465932576731, 0.2308097847273094, 0.4534936841150352, 0.3359167021525171, -0.2421589136202911, 0.9816298392122439, -0.724250261815352, 0.486343610970126, -0.09626327429159787, -0.018674477699895442, 0.12916950715136297, 0.9363272008033823, -0.04197397400849989, -0.09861394357083664, -0.479071651764831, -0.9626079585718874, 0.9288105973265861, 0.35139508665815766, -1, -0.16596820887971098, 0.7034949300052076, -0.6574212062486546, 0.585541028970179, -0.04971992948151316, 0.12768396471739418, -0.7764583229775344, -0.17552120345435646, 0.9518845507920306, -0.4323618147051821, -0.056463771562202725, -0.16007862798710726, 0.7679883999578654, -0.7073870835406708, 0.3815033292550617, -0.8437776227102836, -0.2455393411728919, 0.22584949026273393]
494.1969448234886	(8, 12, 2)	[-0.4482533388207743, 0.4475225562543109, -1, -0.10670538835550403, 0.4412980945785715, 0.997702465261306, -0.28710764979768855, -0.45752647163938764, 0.3305319024572573, -0.5931269775119508, -0.5501041683346013, -0.5284541021212659, 1, 0.11687577708381025, 0.017161127424577094, -0.004886718400280019, -0.01477001419449106, 0.18883579657615068, -0.5006329130362883, 0.2863611810446385, -0.5776065762148654, 0.9640725914041934, 0.9200000467976748, 0.43791151940071243, -0.056726321614256614, -0.060300684933243476, 0.017114624167610448, 0.6826655092690301, -0.9973304492470143, 0.020713362960163823, -0.583193120904792, 1, -0.2379148672187458, 0.1084118038986109, -0.7963749855394715, 0.16902922034671208, 0.6196780928821506, -0.0697432209520013, -0.6439312495028067, -0.8262261112666129, -0.05896697845968246, 0.7979526810261983, 0.7768682671069297, -0.9669550114566599, -0.7407743170052312, 0.43306918101445, -0.6751180868884112, -0.7505171373566051, -0.27641113379681426, 0.9031230971924873, 0.6198226402934446, -0.7537606792949392, -0.62520034711424, 0.7095213432762721, -0.23481143148115002, 0.27869740570115575, 0.2869249589771359, 0.583650724152728, 0.7769897092339446, -0.48518319207134264, 0.4186215619208532, 0.40363640399349343, -0.8085908852345174, -0.9748937262579946, -0.3780055640299411, 0.952818621482342, -0.5280876116062603, 0.09949956147628856, -0.9665477148307944, 0.12594077969012707, -0.4683781290955751, -0.8462293181281286, -0.5078739784426718, 0.5777373642943722, -0.13637646340812704, 0.854911828420168, 0.8847530443518363, 0.1277979117880239, 0.9954749563798932, 0.22541879131961706, -0.5493682436968645, 0.6389349634465431, -0.07554403472298857, 0.8427465932576731, 0.2308097847273094, 0.4534936841150352, 0.3359167021525171, -0.2421589136202911, 0.9816298392122439, -0.724250261815352, 0.486343610970126, -0.09626327429159787, -0.018674477699895442, 0.12916950715136297, 0.9363272008033823, -0.04197397400849989, -0.09861394357083664, -0.479071651764831, -0.9626079585718874, 0.9288105973265861, 0.35139508665815766, -1, -0.16596820887971098, 0.7034949300052076, -0.6574212062486546, 0.585541028970179, -0.04971992948151316, 0.12768396471739418, -0.7764583229775344, -0.17552120345435646, 0.9518845507920306, -0.4323618147051821, -0.056463771562202725, -0.16007862798710726, 0.7679883999578654, -0.7073870835406708, 0.3815033292550617, -0.8437776227102836, -0.2455393411728919, 0.22584949026273393]
487.96817380934954	(8, 12, 2)	[-0.4482533388207743, 0.4475225562543109, -1, -0.10670538835550403, 0.4412980945785715, 0.997702465261306, -0.28710764979768855, -0.45752647163938764, 0.25886068842152365, -0.5931269775119508, -0.5501041683346013, -0.5284541021212659, 1, 0.11687577708381025, 0.017161127424577094, -0.004886718400280019, -0.01477001419449106, 0.18883579657615068, -0.5006329130362883, 0.2863611810446385, -0.5776065762148654, 0.9640725914041934, 0.9200000467976748, 0.43791151940071243, -0.056726321614256614, -0.060300684933243476, 0.017114624167610448, 0.6826655092690301, -0.9973304492470143, 0.020713362960163823, -0.583193120904792, 1, -0.2379148672187458, 0.1084118038986109, -0.7963749855394715, 0.16902922034671208, 0.6196780928821506, -0.0697432209520013, -0.6439312495028067, -0.8262261112666129, -0.05896697845968246, 0.7979526810261983, 0.7768682671069297, -0.9669550114566599, -0.7407743170052312, 0.43306918101445, -0.6751180868884112, -0.7505171373566051, -0.27641113379681426, 0.9031230971924873, 0.6198226402934446, -0.7537606792949392, -0.62520034711424, 0.7095213432762721, -0.4873717069438876, 0.27869740570115575, 0.2869249589771359, 0.583650724152728, 0.7769897092339446, -0.48518319207134264, 0.4186215619208532, 0.40363640399349343, -0.8085908852345174, -0.9748937262579946, -0.3780055640299411, 0.952818621482342, -0.5280876116062603, 0.09949956147628856, -0.9665477148307944, 0.12594077969012707, -0.4683781290955751, -0.8462293181281286, -0.5078739784426718, 0.5777373642943722, -0.13637646340812704, 0.854911828420168, 0.8847530443518363, 0.1277979117880239, 0.9954749563798932, 0.22541879131961706, -0.5493682436968645, 0.6389349634465431, -0.07554403472298857, 0.8427465932576731, 0.2308097847273094, 0.4534936841150352, 0.3359167021525171, -0.2421589136202911, 0.9816298392122439, -0.724250261815352, 0.486343610970126, -0.09626327429159787, -0.018674477699895442, 0.12916950715136297, 0.9363272008033823, -0.04197397400849989, -0.09861394357083664, -0.479071651764831, -0.9626079585718874, 0.9288105973265861, 0.35139508665815766, -1, -0.16596820887971098, 0.7034949300052076, -0.6574212062486546, 0.585541028970179, -0.04971992948151316, 0.12768396471739418, -0.7764583229775344, -0.17552120345435646, 0.9518845507920306, -0.4323618147051821, -0.056463771562202725, -0.16007862798710726, 0.7679883999578654, -0.7073870835406708, 0.3815033292550617, -0.8437776227102836, -0.2455393411728919, 0.22584949026273393]
492.15223879392977	(8, 12, 2)	[-0.4482533388207743, 0.4475225562543109, -1, -0.10670538835550403, 0.4412980945785715, 0.997702465261306, -0.28710764979768855, -0.45752647163938764, 0.3305319024572573, -0.5931269775119508, -0.5501041683346013, -0.5284541021212659, 1, 0.11687577708381025, 0.017161127424577094, -0.004886718400280019, -0.01477001419449106, 0.18883579657615068, -0.5006329130362883, 0.2863611810446385, -0.5776065762148654, 0.9640725914041934, 0.9200000467976748, 0.43791151940071243, -0.056726321614256614, -0.060300684933243476, 0.017114624167610448, 0.6826655092690301, -0.9973304492470143, 0.020713362960163823, -0.23098430906264333, 1, 0.0188355643033202, 0.1084118038986109, -0.7963749855394715, 0.16902922034671208, 0.6196780928821506, -0.0697432209520013, -0.6439312495028067, -0.8262261112666129, -0.05896697845968246, 0.7979526810261983, 0.7768682671069297, -0.9669550114566599, -0.7407743170052312, 0.43306918101445, -0.6751180868884112, -0.8887935615935604, -0.27641113379681426, 0.9031230971924873, 0.6198226402934446, -0.7537606792949392, -0.62520034711424, 0.7095213432762721, -0.23481143148115002, 0.27869740570115575, 0.2869249589771359, 0.583650724152728, 0.7769897092339446, -0.7587515789088752, 0.4186215619208532, 0.40363640399349343, -0.2493055228988459, -0.9748937262579946, -0.3780055640299411, 0.952818621482342, -0.5280876116062603, 0.09949956147628856, -0.9665477148307944, 0.12594077969012707, -0.4683781290955751, -0.8462293181281286, -0.5078739784426718, 0.5777373642943722, -0.13637646340812704, 0.854911828420168, 0.8847530443518363, 0.1277979117880239, 0.9954749563798932, 0.22541879131961706, -0.5493682436968645, 0.6389349634465431, -0.07554403472298857, 0.8427465932576731, 0.2308097847273094, 0.4534936841150352, 0.3359167021525171, -0.2421589136202911, 0.9816298392122439, -0.724250261815352, 0.486343610970126, -0.09626327429159787, -0.018674477699895442, 0.12916950715136297, 0.9363272008033823, -0.04197397400849989, -0.09861394357083664, -0.479071651764831, -0.9626079585718874, 0.9288105973265861, 0.35139508665815766, -1, -0.16596820887971098, 0.7034949300052076, -0.6574212062486546, 0.585541028970179, -0.04971992948151316, 0.12768396471739418, -0.7764583229775344, -0.17552120345435646, 0.9518845507920306, -0.4323618147051821, -0.056463771562202725, -0.16007862798710726, 0.7679883999578654, -0.7073870835406708, 0.3815033292550617, -0.8437776227102836, -0.2455393411728919, 0.22584949026273393]
498.6558990029465	(8, 12, 2)	[-0.4482533388207743, 0.4475225562543109, -1, -0.10670538835550403, 0.4412980945785715, 0.997702465261306, -0.28710764979768855, -0.45752647163938764, 0.25886068842152365, -0.5931269775119508, -0.5501041683346013, -0.5284541021212659, 1, 0.11687577708381025, 0.017161127424577094, -0.004886718400280019, -0.01477001419449106, 0.18883579657615068, -0.5006329130362883, 0.2863611810446385, -0.5776065762148654, 0.9640725914041934, 0.9200000467976748, 0.43791151940071243, -0.056726321614256614, -0.060300684933243476, 0.017114624167610448, 0.6826655092690301, -0.9973304492470143, 0.020713362960163823, -0.583193120904792, 1, -0.2379148672187458, 0.1084118038986109, -0.7963749855394715, 0.16902922034671208, 0.6196780928821506, -0.0697432209520013, -0.6439312495028067, -0.8262261112666129, -0.05896697845968246, 0.7979526810261983, 0.7768682671069297, -0.9669550114566599, -0.7407743170052312, 0.43306918101445, -0.6751180868884112, -0.7505171373566051, -0.27641113379681426, 0.9031230971924873, 0.6198226402934446, -0.7537606792949392, -0.62520034711424, 0.7095213432762721, -0.23481143148115002, 0.27869740570115575, 0.2869249589771359, 0.583650724152728, 0.7769897092339446, -0.48518319207134264, 0.4186215619208532, 0.40363640399349343, -0.8085908852345174, -0.9748937262579946, -0.3780055640299411, 0.952818621482342, -0.5280876116062603, 0.09949956147628856, -0.9665477148307944, 0.12594077969012707, -0.4683781290955751, -0.8462293181281286, -0.5078739784426718, 0.5777373642943722, -0.13637646340812704, 0.854911828420168, 0.8847530443518363, 0.1277979117880239, 0.9954749563798932, 0.22541879131961706, -0.5493682436968645, 0.6389349634465431, -0.07554403472298857, 0.8427465932576731, 0.2308097847273094, 0.4534936841150352, 0.3359167021525171, -0.2421589136202911, 0.9816298392122439, -0.724250261815352, 0.486343610970126, -0.09626327429159787, -0.018674477699895442, 0.12916950715136297, 0.9363272008033823, -0.04197397400849989, -0.09861394357083664, -0.479071651764831, -0.9626079585718874, 0.9288105973265861, 0.35139508665815766, -1, -0.16596820887971098, 0.7034949300052076, -0.6574212062486546, 0.585541028970179, -0.04971992948151316, 0.12768396471739418, -0.7764583229775344, -0.17552120345435646, 0.9518845507920306, -0.4323618147051821, -0.056463771562202725, -0.16007862798710726, 0.7679883999578654, -0.7073870835406708, 0.3815033292550617, -0.8437776227102836, -0.2455393411728919, 0.22584949026273393]
498.5123513530283	(8, 12, 2)	[-0.4482533388207743, 0.4475225562543109, -1, -0.10670538835550403, 0.4412980945785715, 0.997702465261306, -0.28710764979768855, -0.45752647163938764, 0.3305319024572573, -0.5931269775119508, -0.5501041683346013, -0.5284541021212659, 1, 0.11687577708381025, 0.017161127424577094, -0.004886718400280019, -0.01477001419449106, 0.18883579657615068, -0.5006329130362883, 0.2863611810446385, -0.5776065762148654, 0.9640725914041934, 0.9200000467976748, 0.43791151940071243, -0.056726321614256614, -0.060300684933243476, 0.017114624167610448, 0.6826655092690301, -0.9973304492470143, 0.020713362960163823, -0.583193120904792, 1, -0.2379148672187458, 0.1084118038986109, -0.7963749855394715, 0.16902922034671208, 0.5626239671472058, -0.0697432209520013, -0.6439312495028067, -0.8262261112666129, -0.05896697845968246, 0.7979526810261983, 0.7768682671069297, -0.9669550114566599, -0.7407743170052312, 0.43306918101445, -0.6751180868884112, -0.7505171373566051, -0.27641113379681426, 0.9031230971924873, 0.6198226402934446, -0.7537606792949392, -0.62520034711424, 0.7095213432762721, -0.23481143148115002, 0.27869740570115575, 0.2869249589771359, 0.583650724152728, 0.7769897092339446, -0.48518319207134264, 0.4186215619208532, 0.40363640399349343, -0.8085908852345174, -0.9748937262579946, -0.3780055640299411, 0.952818621482342, -0.5280876116062603, 0.09949956147628856, -0.9665477148307944, 0.12594077969012707, -0.4683781290955751, -0.8462293181281286, -0.5078739784426718, 0.5777373642943722, -0.13637646340812704, 0.854911828420168, 0.8847530443518363, 0.1277979117880239, 0.9954749563798932, 0.22541879131961706, -0.4529594353103953, 0.6389349634465431, -0.07554403472298857, 0.8427465932576731, 0.2308097847273094, 0.4534936841150352, 0.3359167021525171, -0.2421589136202911, 0.9816298392122439, -0.724250261815352, 0.486343610970126, -0.09626327429159787, -0.018674477699895442, 0.12916950715136297, 0.9363272008033823, -0.3147469503510981, -0.09861394357083664, -0.479071651764831, -0.9626079585718874, 0.9288105973265861, 0.35139508665815766, -1, -0.16596820887971098, 0.7034949300052076, -0.6574212062486546, 0.585541028970179, -0.04971992948151316, 0.0021739249328263377, -0.7764583229775344, -0.17552120345435646, 0.9518845507920306, -0.4323618147051821, -0.056463771562202725, -0.16007862798710726, 0.7679883999578654, -0.7073870835406708, 0.3815033292550617, -0.8437776227102836, -0.2455393411728919, 0.22584949026273393]
497.2823724422085	(8, 12, 2)	[-0.4482533388207743, 0.4475225562543109, -1, 0.03435085087555534, 0.4412980945785715, 0.997702465261306, -0.28710764979768855, -0.45752647163938764, 0.3305319024572573, -0.5931269775119508, -0.5501041683346013, -0.5284541021212659, 1, 0.11687577708381025, 0.017161127424577094, -0.004886718400280019, -0.01477001419449106, 0.18883579657615068, -0.5006329130362883, 0.2863611810446385, -0.5776065762148654, 0.9640725914041934, 0.9200000467976748, 0.43791151940071243, -0.056726321614256614, -0.060300684933243476, 0.017114624167610448, 0.6826655092690301, -0.9973304492470143, 0.020713362960163823, -0.583193120904792, 1, -0.2379148672187458, 0.1084118038986109, -0.7963749855394715, 0.16902922034671208, 0.5626239671472058, -0.0697432209520013, -0.6439312495028067, -0.8262261112666129, -0.05896697845968246, 0.7979526810261983, 0.7768682671069297, -0.9669550114566599, -0.7407743170052312, 0.43306918101445, -0.6751180868884112, -0.7505171373566051, -0.27641113379681426, 0.9031230971924873, 0.6198226402934446, -0.7537606792949392, -0.62520034711424, 0.7095213432762721, -0.23481143148115002, 0.27869740570115575, 0.2869249589771359, 0.583650724152728, 0.7769897092339446, -0.48518319207134264, 0.49375890447713366, 0.40363640399349343, -0.8085908852345174, -0.9748937262579946, -0.3780055640299411, 0.952818621482342, -0.5280876116062603, 0.09949956147628856, -0.9665477148307944, 0.12594077969012707, -0.4683781290955751, -0.8462293181281286, -0.5078739784426718, 0.5777373642943722, -0.13637646340812704, 0.854911828420168, 0.8847530443518363, 0.1277979117880239, 0.9954749563798932, 0.22541879131961706, -0.4529594353103953, 0.6389349634465431, -0.07554403472298857, 0.8427465932576731, 0.2308097847273094, 0.4534936841150352, 0.3359167021525171, -0.2421589136202911, 0.9816298392122439, -0.724250261815352, 0.486343610970126, -0.09626327429159787, -0.018674477699895442, 0.12916950715136297, 0.9363272008033823, -0.3147469503510981, -0.09861394357083664, -0.479071651764831, -0.9626079585718874, 0.9288105973265861, 0.35139508665815766, -1, -0.16596820887971098, 0.7034949300052076, -0.6574212062486546, 0.585541028970179, -0.04971992948151316, 0.0021739249328263377, -0.7764583229775344, -0.17552120345435646, 0.9518845507920306, -0.4323618147051821, -0.056463771562202725, -0.16007862798710726, 0.7679883999578654, -0.7073870835406708, 0.3815033292550617, -0.8437776227102836, -0.2455393411728919, 0.22584949026273393]
499.8094602678549	(8, 12, 2)	[-0.4482533388207743, 0.4475225562543109, -1, -0.10670538835550403, 0.4412980945785715, 0.997702465261306, -0.28710764979768855, -0.45752647163938764, 0.3305319024572573, -0.5931269775119508, -0.5501041683346013, -0.5284541021212659, 1, 0.11687577708381025, 0.017161127424577094, -0.004886718400280019, -0.01477001419449106, 0.18883579657615068, -0.5006329130362883, 0.2863611810446385, -0.5776065762148654, 0.9640725914041934, 0.9200000467976748, 0.43791151940071243, -0.056726321614256614, -0.060300684933243476, 0.017114624167610448, 0.6826655092690301, -0.9973304492470143, 0.020713362960163823, -0.583193120904792, 1, -0.2379148672187458, 0.1084118038986109, -0.7963749855394715, 0.16902922034671208, 0.5626239671472058, -0.0697432209520013, -0.6439312495028067, -0.8262261112666129, -0.05896697845968246, 0.7979526810261983, 0.7768682671069297, -0.9669550114566599, -0.7407743170052312, 0.43306918101445, -0.6751180868884112, -0.7505171373566051, -0.27641113379681426, 0.9031230971924873, 0.6198226402934446, -0.7537606792949392, -0.62520034711424, 0.7095213432762721, -0.23481143148115002, 0.27869740570115575, 0.2869249589771359, 0.583650724152728, 0.7769897092339446, -0.7587515789088752, 0.4186215619208532, 0.40363640399349343, -0.2493055228988459, -0.9748937262579946, -0.3780055640299411, 0.952818621482342, -0.5280876116062603, 0.09949956147628856, -0.9665477148307944, 0.12594077969012707, -0.4683781290955751, -0.8462293181281286, -0.5078739784426718, 0.5777373642943722, -0.5435896322082372, 0.854911828420168, 0.8847530443518363, 0.06962801484850095, 0.9954749563798932, 0.01075431818488315, -0.4529594353103953, 0.6389349634465431, -0.07554403472298857, 0.8427465932576731, 0.2308097847273094, 0.4534936841150352, 0.3359167021525171, -0.2421589136202911, 0.9816298392122439, -0.724250261815352, 0.486343610970126, -0.09626327429159787, -0.018674477699895442, 0.12916950715136297, 0.9363272008033823, -0.3147469503510981, -0.09861394357083664, -0.479071651764831, -0.9626079585718874, 0.9288105973265861, 0.35139508665815766, -1, -0.16596820887971098, 0.7034949300052076, -0.6574212062486546, 0.585541028970179, -0.04971992948151316, 0.0021739249328263377, -0.7764583229775344, -0.17552120345435646, 0.9518845507920306, -0.4323618147051821, -0.056463771562202725, -0.16007862798710726, 0.7679883999578654, -0.7073870835406708, 0.3815033292550617, -0.8437776227102836, -0.2455393411728919, 0.22584949026273393]
497.607600292691	(8, 12, 2)	[-0.4482533388207743, 0.4475225562543109, -1, -0.10670538835550403, 0.4412980945785715, 0.997702465261306, -0.28710764979768855, -0.45752647163938764, 0.3305319024572573, -0.5931269775119508, -0.5501041683346013, -0.5284541021212659, 1, 0.11687577708381025, 0.017161127424577094, -0.004886718400280019, -0.01477001419449106, 0.18883579657615068, -0.5006329130362883, 0.2863611810446385, -0.5776065762148654, 0.9640725914041934, 0.9200000467976748, 0.43791151940071243, -0.056726321614256614, -0.060300684933243476, 0.017114624167610448, 0.6826655092690301, -0.9973304492470143, 0.020713362960163823, -0.583193120904792, 1, -0.2379148672187458, 0.1084118038986109, -0.7963749855394715, 0.16902922034671208, 0.5626239671472058, -0.0697432209520013, -0.6439312495028067, -0.8262261112666129, -0.05896697845968246, 0.7979526810261983, 0.7768682671069297, -0.9669550114566599, -0.7407743170052312, 0.43306918101445, -0.6751180868884112, -1, -0.27641113379681426, 0.9031230971924873, 0.6198226402934446, -0.7537606792949392, -0.62520034711424, 0.7095213432762721, -0.23481143148115002, 0.27869740570115575, 0.2869249589771359, 0.583650724152728, 0.7769897092339446, -0.7587515789088752, 0.4186215619208532, 0.5315169833914996, -0.2493055228988459, -0.9748937262579946, -0.3780055640299411, 0.952818621482342, -0.5280876116062603, 0.09949956147628856, -0.9665477148307944, 0.12594077969012707, -0.4683781290955751, -0.8462293181281286, -0.5078739784426718, 0.5777373642943722, -0.5435896322082372, 0.854911828420168, 0.8847530443518363, 0.06962801484850095, 0.9954749563798932, 0.01075431818488315, -0.4529594353103953, 0.6389349634465431, -0.07554403472298857, 0.8427465932576731, 0.2308097847273094, 0.4534936841150352, 0.3359167021525171, -0.2421589136202911, 0.9816298392122439, -0.724250261815352, 0.486343610970126, -0.09626327429159787, -0.018674477699895442, 0.12916950715136297, 0.9363272008033823, -0.3147469503510981, -0.09861394357083664, -0.479071651764831, -0.9626079585718874, 0.9288105973265861, 0.35139508665815766, -1, -0.16596820887971098, 0.7034949300052076, -0.6574212062486546, 0.585541028970179, -0.04971992948151316, 0.0021739249328263377, -0.7764583229775344, -0.17552120345435646, 0.9518845507920306, -0.4323618147051821, -0.056463771562202725, -0.16007862798710726, 0.7679883999578654, -0.7073870835406708, 0.3815033292550617, -0.8437776227102836, -0.2455393411728919, 0.22584949026273393]
497.6509352745092	(8, 12, 2)	[-0.4482533388207743, 0.4475225562543109, -1, -0.10670538835550403, 0.4412980945785715, 0.997702465261306, -0.28710764979768855, -0.45752647163938764, 0.3305319024572573, -0.5931269775119508, -0.5501041683346013, -0.5284541021212659, 1, 0.11687577708381025, 0.017161127424577094, -0.004886718400280019, -0.01477001419449106, 0.18883579657615068, -0.5006329130362883, 0.2863611810446385, -0.5776065762148654, 0.9640725914041934, 0.9200000467976748, 0.43791151940071243, -0.056726321614256614, -0.060300684933243476, 0.017114624167610448, 0.6826655092690301, -0.9973304492470143, 0.020713362960163823, -0.583193120904792, 1, -0.2379148672187458, 0.1084118038986109, -0.7963749855394715, 0.16902922034671208, 0.5626239671472058, -0.0697432209520013, -0.6439312495028067, -0.8262261112666129, -0.05896697845968246, 0.7979526810261983, 0.7768682671069297, -0.9669550114566599, -0.7407743170052312, 0.43306918101445, -0.6751180868884112, -0.7505171373566051, -0.27641113379681426, 0.9031230971924873, 0.6198226402934446, -0.7537606792949392, -0.62520034711424, 0.7095213432762721, -0.23481143148115002, 0.27869740570115575, 0.2869249589771359, 0.583650724152728, 0.7769897092339446, -0.7587515789088752, 0.4186215619208532, 0.40363640399349343, -0.2493055228988459, -0.9748937262579946, -0.3780055640299411, 0.952818621482342, -0.5280876116062603, 0.09949956147628856, -0.9665477148307944, 0.12594077969012707, -0.4683781290955751, -0.8462293181281286, -0.5078739784426718, 0.5777373642943722, -0.5435896322082372, 0.854911828420168, 0.8847530443518363, 0.06962801484850095, 0.9954749563798932, 0.01075431818488315, -0.4529594353103953, 0.6389349634465431, -0.07554403472298857, 0.8427465932576731, 0.2308097847273094, 0.4534936841150352, 0.3359167021525171, -0.2421589136202911, 0.9816298392122439, -0.724250261815352, 0.486343610970126, -0.09626327429159787, -0.018674477699895442, 0.12916950715136297, 0.9363272008033823, -0.3147469503510981, -0.09861394357083664, -0.479071651764831, -0.9626079585718874, 0.9288105973265861, 0.35139508665815766, -1, -0.16596820887971098, 0.7034949300052076, -0.6574212062486546, 0.585541028970179, -0.04971992948151316, 0.0021739249328263377, -0.7764583229775344, -0.17552120345435646, 1, -0.4323618147051821, -0.056463771562202725, -0.16007862798710726, 0.7679883999578654, -0.7073870835406708, 0.3815033292550617, -0.8437776227102836, -0.2455393411728919, 0.22584949026273393]
497.1930201436004	(8, 12, 2)	[-0.4482533388207743, 0.4475225562543109, -1, -0.10670538835550403, 0.4412980945785715, 0.997702465261306, -0.28710764979768855, -0.45752647163938764, 0.3305319024572573, -0.5931269775119508, -0.5501041683346013, -0.5284541021212659, 1, 0.11687577708381025, 0.017161127424577094, -0.004886718400280019, 0.2755337818494994, 0.18883579657615068, -0.5006329130362883, 0.2863611810446385, -0.5776065762148654, 0.8146002771488985, 0.9200000467976748, 0.43791151940071243, -0.056726321614256614, -0.060300684933243476, 0.017114624167610448, 0.6826655092690301, -0.9973304492470143, 0.020713362960163823, -0.583193120904792, 1, -0.2379148672187458, 0.1084118038986109, -0.7963749855394715, 0.16902922034671208, 0.6196780928821506, -0.0697432209520013, -0.6439312495028067, -0.8262261112666129, -0.05896697845968246, 0.7979526810261983, 0.7768682671069297, -0.9669550114566599, -0.7407743170052312, 0.5437684914337346, -0.6751180868884112, -0.7505171373566051, -0.27641113379681426, 0.9031230971924873, 0.6198226402934446, -0.7537606792949392, -0.62520034711424, 0.7095213432762721, -0.23481143148115002, 0.27869740570115575, 0.2869249589771359, 0.583650724152728, 0.7769897092339446, -0.48518319207134264, 0.4186215619208532, 0.40363640399349343, -0.2962987984185212, -0.9748937262579946, -0.3780055640299411, 0.952818621482342, -0.5280876116062603, 0.09949956147628856, -0.9665477148307944, 0.5529273338813547, -0.4683781290955751, -0.8462293181281286, -0.5078739784426718, 0.5777373642943722, -0.13637646340812704, 0.854911828420168, 0.8847530443518363, 0.1277979117880239, 0.9954749563798932, 0.22541879131961706, -0.5493682436968645, 0.6389349634465431, -0.07554403472298857, 0.8427465932576731, 0.2308097847273094, 0.4534936841150352, 0.3359167021525171, -0.2421589136202911, 0.9816298392122439, -0.724250261815352, 0.486343610970126, -0.09626327429159787, -0.018674477699895442, 0.12916950715136297, 0.9363272008033823, -0.04197397400849989, -0.09861394357083664, -0.479071651764831, -0.9626079585718874, 0.9288105973265861, 0.35139508665815766, -1, -0.16596820887971098, 0.7034949300052076, -0.6574212062486546, 0.585541028970179, -0.04971992948151316, 0.12768396471739418, -0.7764583229775344, -0.17552120345435646, 0.9518845507920306, -0.4323618147051821, -0.056463771562202725, -0.16007862798710726, 0.7679883999578654, -0.7073870835406708, 0.3056870803418363, -0.8437776227102836, -0.39826945813546677, 0.22584949026273393]
498.7136577421699	(8, 12, 2)	[-0.4482533388207743, 0.4475225562543109, -1, -0.10670538835550403, 0.4412980945785715, 0.997702465261306, -0.28710764979768855, -0.45752647163938764, 0.3305319024572573, -0.5389976985593109, -0.5501041683346013, -0.5284541021212659, 1, 0.11687577708381025, 0.017161127424577094, -0.004886718400280019, -0.01477001419449106, 0.18883579657615068, -0.5006329130362883, 0.2863611810446385, -0.5776065762148654, 0.9640725914041934, 0.9200000467976748, 0.43791151940071243, -0.056726321614256614, -0.060300684933243476, 0.017114624167610448, 0.6826655092690301, -0.9973304492470143, 0.020713362960163823, -0.583193120904792, 1, -0.2379148672187458, 0.1084118038986109, -0.7963749855394715, 0.16902922034671208, 0.5626239671472058, -0.0697432209520013, -0.6439312495028067, -0.8262261112666129, -0.05896697845968246, 0.7979526810261983, 0.7768682671069297, -0.9669550114566599, -0.7407743170052312, 0.43306918101445, -0.6751180868884112, -0.7505171373566051, -0.27641113379681426, 0.9031230971924873, 0.6198226402934446, -0.7537606792949392, -0.62520034711424, 0.7095213432762721, -0.23481143148115002, 0.27869740570115575, 0.2869249589771359, 0.583650724152728, 0.7769897092339446, -0.7587515789088752, 0.4186215619208532, 0.40363640399349343, -0.2493055228988459, -0.9748937262579946, -0.3780055640299411, 0.952818621482342, -0.5280876116062603, 0.09949956147628856, -0.9665477148307944, 0.12594077969012707, -0.4683781290955751, -0.8462293181281286, -0.5078739784426718, 0.5777373642943722, -0.5435896322082372, 0.854911828420168, 0.8847530443518363, 0.06962801484850095, 0.9954749563798932, 0.01075431818488315, -0.4529594353103953, 0.6389349634465431, -0.07554403472298857, 0.8427465932576731, 0.2308097847273094, 0.4534936841150352, 0.3359167021525171, -0.2421589136202911, 0.9816298392122439, -0.724250261815352, 0.486343610970126, -0.09626327429159787, -0.018674477699895442, 0.12916950715136297, 0.9363272008033823, -0.3147469503510981, -0.09861394357083664, -0.479071651764831, -0.9626079585718874, 0.9288105973265861, 0.35139508665815766, -1, -0.16596820887971098, 0.7034949300052076, -0.6574212062486546, 0.585541028970179, -0.04971992948151316, 0.0021739249328263377, -0.7764583229775344, -0.17552120345435646, 1, -0.4323618147051821, -0.056463771562202725, -0.16007862798710726, 0.7679883999578654, -0.7073870835406708, 0.3815033292550617, -0.8437776227102836, -0.2455393411728919, 0.45659389462959976]
499.88203709929957	(8, 12, 2)	[-0.4482533388207743, 0.4475225562543109, -1, -0.10670538835550403, 0.4412980945785715, 0.997702465261306, -0.28710764979768855, -0.45752647163938764, 0.3305319024572573, -0.5931269775119508, -0.5501041683346013, -0.5284541021212659, 1, 0.11687577708381025, 0.017161127424577094, -0.004886718400280019, -0.01477001419449106, 0.18883579657615068, -0.5006329130362883, 0.2863611810446385, -0.5776065762148654, 0.8146002771488985, 0.9200000467976748, 0.43791151940071243, -0.056726321614256614, -0.060300684933243476, 0.017114624167610448, 0.6826655092690301, -0.9973304492470143, 0.020713362960163823, -0.4889523247389851, 1, -0.2379148672187458, 0.1084118038986109, -0.7963749855394715, 0.16902922034671208, 0.6196780928821506, -0.0697432209520013, -0.6439312495028067, -0.8262261112666129, -0.05896697845968246, 0.7979526810261983, 0.7768682671069297, -0.9669550114566599, -0.7407743170052312, 0.5437684914337346, -0.6751180868884112, -0.7505171373566051, -0.27641113379681426, 0.9031230971924873, 0.6198226402934446, -0.7537606792949392, -0.62520034711424, 0.7095213432762721, -0.23481143148115002, 0.27869740570115575, 0.2869249589771359, 0.583650724152728, 0.7769897092339446, -0.7587515789088752, 0.4186215619208532, 0.5315169833914996, -0.2493055228988459, -0.9748937262579946, -0.3780055640299411, 0.952818621482342, -0.5280876116062603, 0.09949956147628856, -0.9665477148307944, 0.12594077969012707, -0.4683781290955751, -0.8462293181281286, -0.5078739784426718, 0.5777373642943722, -0.5435896322082372, 0.854911828420168, 0.8847530443518363, 0.06962801484850095, 0.9954749563798932, 0.01075431818488315, -0.4529594353103953, 0.6389349634465431, -0.07554403472298857, 0.8427465932576731, 0.2308097847273094, 0.4534936841150352, 0.3359167021525171, -0.2421589136202911, 0.9816298392122439, -0.724250261815352, 0.486343610970126, -0.09626327429159787, -0.018674477699895442, 0.12916950715136297, 0.9363272008033823, -0.32398848556063903, -0.09861394357083664, -0.479071651764831, -0.9626079585718874, 0.9288105973265861, 0.35139508665815766, -1, -0.16596820887971098, 0.7034949300052076, -0.6574212062486546, 0.585541028970179, -0.04971992948151316, 0.0021739249328263377, -0.7764583229775344, -0.17552120345435646, 0.9518845507920306, -0.4323618147051821, -0.056463771562202725, -0.16007862798710726, 0.7679883999578654, -0.9460301602072471, 0.3815033292550617, -0.7900185798956518, -0.2455393411728919, 0.22584949026273393]
499.5795840954779	(8, 12, 2)	[-0.4482533388207743, 0.4475225562543109, -1, -0.10670538835550403, 0.4412980945785715, 0.997702465261306, -0.28710764979768855, -0.45752647163938764, 0.3305319024572573, -0.5931269775119508, -0.5501041683346013, -0.5148230199225295, 1, 0.11687577708381025, 0.017161127424577094, -0.004886718400280019, -0.01477001419449106, 0.18883579657615068, -0.5006329130362883, 0.2863611810446385, -0.5776065762148654, 0.9640725914041934, 0.9200000467976748, 0.43791151940071243, -0.056726321614256614, -0.060300684933243476, 0.017114624167610448, 0.6826655092690301, -0.9973304492470143, 0.020713362960163823, -0.583193120904792, 1, -0.2379148672187458, 0.1084118038986109, -0.7963749855394715, 0.16902922034671208, 0.5626239671472058, -0.0697432209520013, -0.6439312495028067, -0.8262261112666129, -0.05896697845968246, 0.7979526810261983, 0.7768682671069297, -0.9669550114566599, -0.7407743170052312, 0.43306918101445, -0.6751180868884112, -0.7822786014753862, -0.27641113379681426, 0.9031230971924873, 0.6198226402934446, -0.7537606792949392, -0.62520034711424, 0.7095213432762721, 0.05735109261822985, 0.27869740570115575, 0.2869249589771359, 0.583650724152728, 0.7769897092339446, -0.48518319207134264, 0.4186215619208532, 0.40363640399349343, -0.2962987984185212, -0.9748937262579946, -0.3780055640299411, 0.952818621482342, -0.5280876116062603, 0.09949956147628856, -0.9665477148307944, 0.5529273338813547, -0.4683781290955751, -0.8462293181281286, -0.5078739784426718, 0.5777373642943722, -0.433726649732052, 0.854911828420168, 0.8847530443518363, 0.06962801484850095, 0.8909226027989449, 0.01075431818488315, -0.4529594353103953, 0.6389349634465431, -0.07554403472298857, 0.8427465932576731, 0.2308097847273094, 0.4534936841150352, 0.3359167021525171, -0.2421589136202911, 0.9816298392122439, -0.724250261815352, 0.486343610970126, -0.09436875577389746, -0.018674477699895442, 0.12916950715136297, 0.9363272008033823, -0.3147469503510981, -0.09861394357083664, -0.479071651764831, -0.9626079585718874, 0.9543810856574964, 0.35139508665815766, -1, -0.16596820887971098, 0.7034949300052076, -0.6574212062486546, 0.585541028970179, -0.04971992948151316, 0.12768396471739418, -0.7764583229775344, -0.17552120345435646, 0.9518845507920306, -0.4323618147051821, -0.056463771562202725, -0.16007862798710726, 0.7679883999578654, -0.7073870835406708, 0.3056870803418363, -0.8437776227102836, -0.11107274580904716, 0.22584949026273393]
499.74667269350755	(8, 12, 2)	[-0.4482533388207743, 0.4475225562543109, -1, -0.10670538835550403, 0.4412980945785715, 0.997702465261306, -0.28710764979768855, -0.45752647163938764, 0.3305319024572573, -0.5931269775119508, -0.5501041683346013, -0.5284541021212659, 1, 0.11687577708381025, 0.017161127424577094, -0.004886718400280019, 0.2755337818494994, 0.06130430824693772, -0.5006329130362883, 0.2863611810446385, -0.5776065762148654, 0.8146002771488985, 0.9200000467976748, 0.43791151940071243, -0.056726321614256614, -0.060300684933243476, 0.017114624167610448, 0.6826655092690301, -0.9973304492470143, 0.020713362960163823, -0.583193120904792, 1, -0.2379148672187458, 0.1084118038986109, -0.7963749855394715, 0.16902922034671208, 0.6196780928821506, -0.0697432209520013, -0.6439312495028067, -0.8262261112666129, -0.05896697845968246, 0.7979526810261983, 0.7768682671069297, -0.9669550114566599, -0.7407743170052312, 0.5437684914337346, -0.6751180868884112, -0.7505171373566051, -0.27641113379681426, 0.9031230971924873, 0.6198226402934446, -0.7537606792949392, -0.62520034711424, 0.7095213432762721, -0.23481143148115002, 0.27869740570115575, 0.2869249589771359, 0.583650724152728, 0.7769897092339446, -0.48518319207134264, 0.4186215619208532, 0.40363640399349343, -0.2962987984185212, -0.9748937262579946, -0.5420773372091261, 0.952818621482342, -0.5280876116062603, 0.09949956147628856, -0.9665477148307944, 0.5529273338813547, -0.4683781290955751, -0.8462293181281286, -0.5078739784426718, 0.5777373642943722, -0.13637646340812704, 0.854911828420168, 0.8847530443518363, 0.1277979117880239, 0.9954749563798932, 0.22541879131961706, -0.5493682436968645, 0.6389349634465431, -0.07554403472298857, 0.8427465932576731, 0.2308097847273094, 0.4534936841150352, 0.3359167021525171, -0.2421589136202911, 0.9816298392122439, -0.724250261815352, 0.486343610970126, -0.09626327429159787, -0.018674477699895442, 0.12916950715136297, 0.9363272008033823, -0.3147469503510981, -0.09861394357083664, -0.479071651764831, -0.7511152563059997, 0.9288105973265861, 0.35139508665815766, -1, -0.16596820887971098, 0.7034949300052076, -0.6574212062486546, 0.585541028970179, -0.04971992948151316, 0.12768396471739418, -0.7764583229775344, -0.17552120345435646, 1, -0.4323618147051821, -0.056463771562202725, -0.16007862798710726, 0.7679883999578654, -0.7073870835406708, 0.3056870803418363, -0.8437776227102836, -0.39826945813546677, 0.22584949026273393]
499.4962963176456	(8, 12, 2)	[-0.4482533388207743, 0.4475225562543109, -1, -0.10670538835550403, 0.4412980945785715, 0.997702465261306, -0.28710764979768855, -0.45752647163938764, 0.3305319024572573, -0.5931269775119508, -0.5501041683346013, -0.5148230199225295, 1, 0.11687577708381025, 0.017161127424577094, -0.004886718400280019, -0.01477001419449106, 0.18883579657615068, -0.5006329130362883, 0.2863611810446385, -0.5776065762148654, 0.9640725914041934, 0.9200000467976748, 0.43791151940071243, -0.056726321614256614, -0.060300684933243476, 0.017114624167610448, 0.6826655092690301, -0.9973304492470143, 0.020713362960163823, -0.583193120904792, 1, -0.2379148672187458, 0.1084118038986109, -0.7963749855394715, 0.16902922034671208, 0.5626239671472058, -0.0697432209520013, -0.6439312495028067, -0.8262261112666129, -0.05896697845968246, 0.7979526810261983, 0.7768682671069297, -0.9669550114566599, -0.7407743170052312, 0.43306918101445, -0.6751180868884112, -0.7822786014753862, -0.27641113379681426, 0.9031230971924873, 0.6198226402934446, -0.7537606792949392, -0.62520034711424, 0.7095213432762721, 0.05735109261822985, 0.27869740570115575, 0.2869249589771359, 0.583650724152728, 0.7769897092339446, -0.48518319207134264, 0.4186215619208532, 0.40363640399349343, -0.2493055228988459, -0.9748937262579946, -0.3780055640299411, 0.952818621482342, -0.5280876116062603, 0.09949956147628856, -0.9665477148307944, 0.12594077969012707, -0.4683781290955751, -0.8462293181281286, -0.5078739784426718, 0.5777373642943722, -0.5435896322082372, 0.854911828420168, 0.8847530443518363, 0.06962801484850095, 0.9954749563798932, 0.01075431818488315, -0.4529594353103953, 0.6389349634465431, -0.07554403472298857, 0.8427465932576731, 0.2308097847273094, 0.4534936841150352, 0.3359167021525171, -0.2421589136202911, 0.9816298392122439, -0.724250261815352, 0.486343610970126, -0.09626327429159787, -0.018674477699895442, 0.12916950715136297, 0.9363272008033823, -0.3147469503510981, -0.09861394357083664, -0.479071651764831, -0.9626079585718874, 0.9543810856574964, 0.35139508665815766, -1, -0.16596820887971098, 0.7034949300052076, -0.6574212062486546, 0.585541028970179, -0.04971992948151316, 0.12768396471739418, -0.7764583229775344, -0.17552120345435646, 0.9518845507920306, -0.4323618147051821, -0.056463771562202725, -0.16007862798710726, 0.7679883999578654, -0.7073870835406708, 0.3056870803418363, -0.8437776227102836, -0.11107274580904716, 0.22584949026273393]
499.3306212743364	(8, 12, 2)	[-0.4482533388207743, 0.4475225562543109, -1, -0.10670538835550403, 0.4412980945785715, 0.997702465261306, -0.28710764979768855, -0.45752647163938764, 0.3305319024572573, -0.5931269775119508, -0.5501041683346013, -0.5148230199225295, 1, 0.11687577708381025, 0.017161127424577094, -0.004886718400280019, -0.01477001419449106, 0.18883579657615068, -0.5006329130362883, 0.2863611810446385, -0.5776065762148654, 0.9640725914041934, 0.9200000467976748, 0.43791151940071243, -0.056726321614256614, -0.060300684933243476, 0.017114624167610448, 0.6826655092690301, -0.9973304492470143, 0.020713362960163823, -0.583193120904792, 1, -0.2379148672187458, 0.1084118038986109, -0.7963749855394715, 0.16902922034671208, 0.5626239671472058, -0.0697432209520013, -0.6439312495028067, -0.8262261112666129, -0.05896697845968246, 0.7979526810261983, 0.7768682671069297, -0.9669550114566599, -0.7407743170052312, 0.43306918101445, -0.6751180868884112, -0.7822786014753862, -0.27641113379681426, 0.9031230971924873, 0.6198226402934446, -0.7537606792949392, -0.62520034711424, 0.7095213432762721, 0.05735109261822985, 0.27869740570115575, 0.2869249589771359, 0.583650724152728, 0.7769897092339446, -0.48518319207134264, 0.4186215619208532, 0.40363640399349343, -0.2493055228988459, -0.9748937262579946, -0.3780055640299411, 0.952818621482342, -0.5280876116062603, 0.09949956147628856, -0.9665477148307944, 0.12594077969012707, -0.4683781290955751, -0.8462293181281286, -0.5078739784426718, 0.5777373642943722, -0.5435896322082372, 0.854911828420168, 0.8847530443518363, 0.06962801484850095, 0.9954749563798932, 0.01075431818488315, -0.4529594353103953, 0.6389349634465431, -0.07554403472298857, 0.8427465932576731, 0.2308097847273094, 0.4534936841150352, 0.3359167021525171, -0.2421589136202911, 0.9816298392122439, -0.724250261815352, 0.486343610970126, -0.09436875577389746, -0.018674477699895442, 0.12916950715136297, 0.9363272008033823, -0.3147469503510981, -0.09861394357083664, -0.479071651764831, -0.9626079585718874, 0.9288105973265861, 0.35139508665815766, -0.9823679117528723, -0.16596820887971098, 0.7034949300052076, -0.6574212062486546, 0.585541028970179, -0.04971992948151316, 0.12768396471739418, -0.7764583229775344, -0.17552120345435646, 0.9518845507920306, -0.4323618147051821, -0.056463771562202725, -0.16007862798710726, 0.7679883999578654, -0.7073870835406708, 0.3056870803418363, -0.8437776227102836, -0.11107274580904716, 0.22584949026273393]
499.3643352286914	(8, 12, 2)	[-0.4482533388207743, 0.4475225562543109, -1, -0.10670538835550403, 0.4412980945785715, 0.997702465261306, -0.28710764979768855, -0.45752647163938764, 0.3305319024572573, -0.5931269775119508, -0.5501041683346013, -0.5148230199225295, 1, 0.11687577708381025, 0.017161127424577094, -0.004886718400280019, -0.01477001419449106, 0.18883579657615068, -0.5006329130362883, 0.2863611810446385, -0.5776065762148654, 0.9640725914041934, 0.9200000467976748, 0.43791151940071243, -0.056726321614256614, -0.060300684933243476, 0.017114624167610448, 0.6826655092690301, -0.9973304492470143, 0.020713362960163823, -0.583193120904792, 1, -0.2379148672187458, 0.1084118038986109, -0.7963749855394715, 0.16902922034671208, 0.5626239671472058, -0.0697432209520013, -0.6439312495028067, -0.8262261112666129, -0.05896697845968246, 0.7979526810261983, 0.7768682671069297, -0.9669550114566599, -0.7407743170052312, 0.43306918101445, -0.6751180868884112, -0.7822786014753862, -0.27641113379681426, 0.9031230971924873, 0.6198226402934446, -0.7537606792949392, -0.62520034711424, 0.7095213432762721, 0.05735109261822985, 0.27869740570115575, 0.2869249589771359, 0.583650724152728, 0.7769897092339446, -0.48518319207134264, 0.4186215619208532, 0.40363640399349343, -0.2493055228988459, -0.9748937262579946, -0.3780055640299411, 0.952818621482342, -0.5280876116062603, 0.09949956147628856, -0.9665477148307944, 0.12594077969012707, -0.4683781290955751, -0.8462293181281286, -0.5078739784426718, 0.5777373642943722, -0.433726649732052, 0.854911828420168, 0.8847530443518363, 0.06962801484850095, 0.8909226027989449, 0.01075431818488315, -0.4529594353103953, 0.6389349634465431, -0.07554403472298857, 0.8427465932576731, 0.2308097847273094, 0.4534936841150352, 0.3359167021525171, -0.2421589136202911, 0.9816298392122439, -0.724250261815352, 0.486343610970126, -0.09436875577389746, -0.018674477699895442, 0.12916950715136297, 0.9363272008033823, -0.3147469503510981, -0.09861394357083664, -0.479071651764831, -0.9626079585718874, 0.9288105973265861, 0.35139508665815766, -0.9823679117528723, -0.16596820887971098, 0.7034949300052076, -0.6574212062486546, 0.585541028970179, -0.04971992948151316, 0.12768396471739418, -0.7764583229775344, -0.17552120345435646, 0.9518845507920306, -0.4323618147051821, -0.056463771562202725, -0.16007862798710726, 0.7679883999578654, -0.7073870835406708, 0.3056870803418363, -0.8437776227102836, -0.11107274580904716, 0.22584949026273393]
498.2624612354352	(8, 12, 2)	[-0.4482533388207743, 0.4475225562543109, -1, -0.10670538835550403, 0.4412980945785715, 0.997702465261306, -0.28710764979768855, -0.45752647163938764, 0.3305319024572573, -0.5931269775119508, -0.5501041683346013, -0.5148230199225295, 1, 0.11687577708381025, 0.017161127424577094, -0.004886718400280019, -0.01477001419449106, 0.18883579657615068, -0.5006329130362883, 0.2863611810446385, -0.5776065762148654, 0.9640725914041934, 0.9200000467976748, 0.43791151940071243, -0.056726321614256614, -0.060300684933243476, 0.017114624167610448, 0.6826655092690301, -0.9973304492470143, 0.020713362960163823, -0.583193120904792, 1, -0.2379148672187458, 0.1084118038986109, -0.7963749855394715, 0.16902922034671208, 0.5626239671472058, -0.0697432209520013, -0.6439312495028067, -0.8262261112666129, -0.05896697845968246, 0.7979526810261983, 0.7768682671069297, -0.9669550114566599, -0.7407743170052312, 0.43306918101445, -0.6751180868884112, -0.7822786014753862, -0.27641113379681426, 0.9031230971924873, 0.6198226402934446, -0.7537606792949392, -0.62520034711424, 0.7095213432762721, 0.05735109261822985, 0.27869740570115575, 0.2869249589771359, 0.583650724152728, 0.7769897092339446, -0.48518319207134264, 0.4186215619208532, 0.40363640399349343, -0.2493055228988459, -0.9748937262579946, -0.3780055640299411, 0.952818621482342, -0.5280876116062603, 0.09949956147628856, -0.9665477148307944, 0.12594077969012707, -0.4683781290955751, -0.8462293181281286, -0.5078739784426718, 0.5777373642943722, -0.433726649732052, 0.854911828420168, 0.8847530443518363, 0.06962801484850095, 0.8909226027989449, 0.01075431818488315, -0.4529594353103953, 0.6389349634465431, -0.07554403472298857, 0.8427465932576731, 0.2308097847273094, 0.4534936841150352, 0.3359167021525171, -0.2421589136202911, 0.9816298392122439, -0.724250261815352, 0.486343610970126, -0.09436875577389746, -0.018674477699895442, 0.12916950715136297, 0.9363272008033823, -0.3147469503510981, -0.09861394357083664, -0.479071651764831, -0.9626079585718874, 0.9288105973265861, 0.35139508665815766, -0.9823679117528723, -0.16596820887971098, 0.7034949300052076, -0.6574212062486546, 0.585541028970179, -0.04971992948151316, 0.12768396471739418, -0.7764583229775344, -0.17552120345435646, 0.9518845507920306, -0.4323618147051821, -0.056463771562202725, -0.16007862798710726, 0.7679883999578654, -0.7073870835406708, 0.3056870803418363, -0.8437776227102836, -0.11107274580904716, 0.22584949026273393]
499.89094018725075	(8, 12, 2)	[-0.4482533388207743, 0.4475225562543109, -1, -0.10670538835550403, 0.4412980945785715, 1, -0.28710764979768855, -0.45752647163938764, 0.3305319024572573, -0.5931269775119508, -0.5501041683346013, -0.5284541021212659, 1, 0.11687577708381025, 0.017161127424577094, -0.004886718400280019, -0.01477001419449106, 0.18883579657615068, -0.5006329130362883, 0.2863611810446385, -0.5776065762148654, 0.9640725914041934, 0.9200000467976748, 0.43791151940071243, -0.056726321614256614, -0.060300684933243476, 0.017114624167610448, 0.6826655092690301, -0.9973304492470143, 0.020713362960163823, -0.583193120904792, 1, -0.2379148672187458, 0.1084118038986109, -0.7963749855394715, 0.16902922034671208, 0.5626239671472058, -0.0697432209520013, -0.6439312495028067, -0.8262261112666129, -0.05896697845968246, 0.7979526810261983, 0.7768682671069297, -0.9669550114566599, -0.7407743170052312, 0.43306918101445, -0.6751180868884112, -0.7822786014753862, -0.27641113379681426, 0.9031230971924873, 0.6198226402934446, -0.7537606792949392, -0.62520034711424, 0.7095213432762721, 0.05735109261822985, 0.27869740570115575, 0.2869249589771359, 0.583650724152728, 0.7769897092339446, -0.48518319207134264, 0.4186215619208532, 0.40363640399349343, -0.2962987984185212, -0.9748937262579946, -0.3780055640299411, 0.952818621482342, -0.5280876116062603, 0.09949956147628856, -0.9665477148307944, 0.5529273338813547, -0.4683781290955751, -0.8462293181281286, -0.5078739784426718, 0.5777373642943722, -0.433726649732052, 0.854911828420168, 0.8847530443518363, 0.06962801484850095, 0.8909226027989449, 0.01075431818488315, -0.4529594353103953, 0.6389349634465431, -0.07554403472298857, 0.8427465932576731, 0.2308097847273094, 0.4534936841150352, 0.3359167021525171, -0.2421589136202911, 0.9816298392122439, -0.724250261815352, 0.486343610970126, -0.09436875577389746, -0.018674477699895442, 0.12916950715136297, 0.9363272008033823, -0.3147469503510981, -0.09861394357083664, -0.479071651764831, -0.9626079585718874, 0.9288105973265861, 0.35139508665815766, -1, -0.16596820887971098, 0.7034949300052076, -0.6574212062486546, 0.585541028970179, -0.04971992948151316, 0.12768396471739418, -0.7764583229775344, -0.17552120345435646, 1, -0.4323618147051821, -0.056463771562202725, -0.16007862798710726, 0.7679883999578654, -0.7073870835406708, 0.3056870803418363, -0.8437776227102836, -0.39826945813546677, 0.22584949026273393]
499.64435350636353	(8, 12, 2)	[-0.4482533388207743, 0.4475225562543109, -1, -0.10670538835550403, 0.4412980945785715, 0.997702465261306, -0.28710764979768855, -0.45752647163938764, 0.3305319024572573, -0.5931269775119508, -0.5501041683346013, -0.5284541021212659, 1, 0.11687577708381025, 0.017161127424577094, -0.004886718400280019, -0.01477001419449106, 0.18883579657615068, -0.5006329130362883, 0.2863611810446385, -0.5776065762148654, 0.9640725914041934, 0.9200000467976748, 0.43791151940071243, -0.056726321614256614, -0.060300684933243476, 0.017114624167610448, 0.6826655092690301, -0.9973304492470143, 0.020713362960163823, -0.583193120904792, 1, -0.2379148672187458, 0.1084118038986109, -0.7963749855394715, 0.16902922034671208, 0.5626239671472058, -0.0697432209520013, -0.5011787606373438, -0.8262261112666129, -0.05896697845968246, 0.7979526810261983, 0.7768682671069297, -0.9669550114566599, -0.7407743170052312, 0.43306918101445, -0.6751180868884112, -0.7822786014753862, -0.27641113379681426, 0.9031230971924873, 0.6198226402934446, -0.7537606792949392, -0.62520034711424, 0.7095213432762721, 0.05735109261822985, 0.27869740570115575, 0.2869249589771359, 0.583650724152728, 0.7769897092339446, -0.48518319207134264, 0.4186215619208532, 0.40363640399349343, -0.2962987984185212, -0.9748937262579946, -0.3780055640299411, 0.952818621482342, -0.5280876116062603, 0.09949956147628856, -0.9665477148307944, 0.5529273338813547, -0.4683781290955751, -0.8462293181281286, -0.5078739784426718, 0.5777373642943722, -0.433726649732052, 0.854911828420168, 0.8847530443518363, 0.06962801484850095, 0.8909226027989449, 0.01075431818488315, -0.4529594353103953, 0.6389349634465431, -0.07554403472298857, 0.8427465932576731, 0.2308097847273094, 0.4534936841150352, 0.3359167021525171, -0.2421589136202911, 0.9816298392122439, -0.724250261815352, 0.486343610970126, -0.09436875577389746, -0.018674477699895442, 0.12916950715136297, 0.9363272008033823, -0.3147469503510981, -0.09861394357083664, -0.479071651764831, -0.9626079585718874, 0.9543810856574964, 0.35139508665815766, -1, -0.16596820887971098, 0.7034949300052076, -0.6574212062486546, 0.585541028970179, -0.04971992948151316, 0.12768396471739418, -0.7764583229775344, -0.17552120345435646, 1, -0.4323618147051821, -0.056463771562202725, -0.16007862798710726, 0.7679883999578654, -0.7073870835406708, 0.3056870803418363, -0.8437776227102836, -0.39826945813546677, 0.22584949026273393]
499.71326048700524	(8, 12, 2)	[-0.4482533388207743, 0.4475225562543109, -1, -0.10670538835550403, 0.4412980945785715, 1, -0.28710764979768855, -0.45752647163938764, 0.3305319024572573, -0.5931269775119508, -0.5501041683346013, -0.5284541021212659, 1, 0.11687577708381025, 0.017161127424577094, -0.004886718400280019, -0.01477001419449106, 0.18883579657615068, -0.5006329130362883, 0.2863611810446385, -0.5776065762148654, 0.9640725914041934, 0.9200000467976748, 0.43791151940071243, -0.056726321614256614, -0.060300684933243476, 0.017114624167610448, 0.6826655092690301, -0.9973304492470143, 0.020713362960163823, -0.583193120904792, 1, -0.2379148672187458, 0.1084118038986109, -0.7963749855394715, 0.16902922034671208, 0.5626239671472058, -0.0697432209520013, -0.6439312495028067, -0.8262261112666129, -0.05896697845968246, 0.7979526810261983, 0.7768682671069297, -0.9669550114566599, -0.7407743170052312, 0.43306918101445, -0.6751180868884112, -0.7822786014753862, -0.27641113379681426, 0.9031230971924873, 0.6198226402934446, -0.7537606792949392, -0.62520034711424, 0.7095213432762721, 0.05735109261822985, 0.27869740570115575, 0.2869249589771359, 0.583650724152728, 0.7769897092339446, -0.48518319207134264, 0.4186215619208532, 0.40363640399349343, -0.2962987984185212, -0.9748937262579946, -0.3780055640299411, 0.952818621482342, -0.5280876116062603, 0.09949956147628856, -0.9665477148307944, 0.5529273338813547, -0.4683781290955751, -0.8462293181281286, -0.5078739784426718, 0.5777373642943722, -0.433726649732052, 0.854911828420168, 0.8847530443518363, 0.06962801484850095, 0.8909226027989449, 0.01075431818488315, -0.4529594353103953, 0.6389349634465431, -0.07554403472298857, 0.8427465932576731, 0.2308097847273094, 0.4534936841150352, 0.3359167021525171, -0.2421589136202911, 0.9816298392122439, -0.724250261815352, 0.486343610970126, -0.09626327429159787, -0.018674477699895442, 0.12916950715136297, 0.9363272008033823, -0.3147469503510981, -0.09861394357083664, -0.479071651764831, -0.9626079585718874, 0.9543810856574964, 0.35139508665815766, -1, -0.16596820887971098, 0.7034949300052076, -0.6574212062486546, 0.585541028970179, -0.04971992948151316, 0.0021739249328263377, -0.7764583229775344, -0.17552120345435646, 1, -0.4323618147051821, -0.056463771562202725, -0.16007862798710726, 0.7679883999578654, -0.7073870835406708, 0.3056870803418363, -0.8437776227102836, -0.39826945813546677, 0.22584949026273393]
